0,0,-0.8,-0.6,1.0000000000287557,0.0,0.0,1.0000000000287557
0,1,0.51,-0.6,1.0000000000287557,0.0,0.0,1.0000000000287557
0,2,0.0,-0.33,1.0,0.0,0.0,0.9999999999732445
0,3,-0.57,-0.11,1.0000000000287557,0.0,0.0,1.000000000001
0,4,0.8,-0.11,1.0000000000287557,0.0,0.0,1.000000000001
0,5,0.23,0.17,1.000000000001,0.0,0.0,1.000000000001
0,6,-0.29,0.39,0.9999999999732445,0.0,0.0,0.9999999999732445
0,7,-0.8,0.6,1.0000000000287557,0.0,0.0,1.0000000000287557
0,8,0.51,0.6,1.0000000000287557,0.0,0.0,1.0000000000287557
0,9,0.12,-0.49,1.000000000001,0.0,0.0,0.9999999999732445
0,10,-0.61,-0.41,1.0000000000287557,0.0,0.0,0.9999999999732445
1,0,-0.8,-0.6,1.0000000000287557,0.0,0.0,1.0000000000287557
1,1,0.51,-0.6,1.0000000000287557,0.0,0.0,1.0000000000287557
1,2,0.0,-0.33,1.0,0.0,0.0,0.9999999999732445
1,3,-0.57,-0.11,1.0000000000287557,0.0,0.0,1.000000000001
1,4,0.8,-0.11,1.0000000000287557,0.0,0.0,1.000000000001
1,5,0.23,0.17,1.000000000001,0.0,0.0,1.000000000001
1,6,-0.29,0.39,0.9999999999732445,0.0,0.0,0.9999999999732445
1,7,-0.8,0.6,1.0000000000287557,0.0,0.0,1.0000000000287557
1,8,0.51,0.6,1.0000000000287557,0.0,0.0,1.0000000000287557
1,9,0.12,-0.49,1.000000000001,0.0,0.0,0.9999999999732445
1,10,-0.61,-0.41,1.0000000000287557,0.0,0.0,0.9999999999732445
2,0,-0.8,-0.6,0.7263999999840287,-0.11519999998377273,-0.11519999998377273,0.7936000000485777
2,1,0.51,-0.6,0.8631640000533736,0.07343999997022621,0.07344000002573736,0.8391880000346852
2,2,0.0,-0.33,0.98693199999988,0.0,0.0,0.9607959999546889
2,3,-0.57,-0.11,0.881584000023139,-0.015048000012729545,-0.015048000005790652,0.9566560000007218
2,4,0.8,-0.11,0.7681479999854801,0.021119999971119796,0.02111999999887537,0.9188440000043596
2,5,0.23,0.17,0.9774880000146258,-0.009383999993728409,-0.009383999993728409,0.9832480000054877
2,6,-0.29,0.39,0.9514719999659249,0.027144000019907466,0.027144000019907466,0.9351519999756253
2,7,-0.8,0.6,0.7263999999840287,0.11519999998377273,0.11519999998377273,0.7936000000485777
2,8,0.51,0.6,0.8631640000533736,-0.07343999997022621,-0.07344000002573736,0.8391880000346852
2,9,0.12,-0.49,0.9660039999997982,0.014112000006061276,0.01411200001300017,0.9118359999560344
2,10,-0.61,-0.41,0.8458720000548148,-0.06002400004812003,-0.06002399999260888,0.8948319999702026
3,0,-0.8,-0.6,1.284800000000974,0.15359999999686735,0.1535999999413562,1.195200000025931
3,1,0.51,-0.6,1.0823740840271157,-0.06072019193004152,-0.060720191985552674,1.1021974407610102
3,2,0.0,-0.33,1.0009487368000174,0.0,0.0,1.0047436839466517
3,3,-0.57,-0.11,1.0441227360491467,0.006761568027702225,0.006761568006885543,1.0103903840055772
3,4,0.8,-0.11,1.1675688327827949,-0.018363135956267485,-0.018363135990961954,1.0365436840034659
3,5,0.23,0.17,1.0019200095967573,0.001023481591144737,0.001023481591144737,1.001291785596159
3,6,-0.29,0.39,1.0108198495728526,-0.008548550395337529,-0.008548550395337529,1.0159595615621964
3,7,-0.8,0.6,1.284800000000974,-0.15359999999686735,-0.1535999999413562,1.195200000025931
3,8,0.51,0.6,1.0823740840271157,0.06072019193004152,0.060720191985552674,1.1021974407610102
3,9,0.12,-0.49,1.006354356000716,-0.004788671993660731,-0.004788672014477413,1.024735363924778
3,10,-0.61,-0.41,1.0876679776283815,0.04323328639532775,0.04323328639532775,1.0524037215853266
4,0,-0.8,-0.6,0.8063999999974314,-0.11520000003928388,-0.11519999998377273,0.8736000000064692
4,1,0.51,-0.6,0.9664587397040236,0.028239443283784027,0.028239443283784027,0.9572393920298516
4,2,0.0,-0.33,0.9999483412812386,0.0,0.0,0.9996383889265825
4,3,-0.57,-0.11,0.9896134335329876,-0.001708986341331098,-0.0017089863135755223,0.9981392855018534
4,4,0.8,-0.11,0.9235921803463221,0.008980950705339552,0.008980950733095128,0.9876733049266062
4,5,0.23,0.17,0.9998931542881673,-6.279059217018101e-05,-6.279059217018101e-05,0.9999316958331228
4,6,-0.29,0.39,0.9983468176599786,0.0015143756804114616,0.0015143757081670373,0.9974363176790124
4,7,-0.8,0.6,0.8063999999974314,0.11520000003928388,0.11519999998377273,0.8736000000064692
4,8,0.51,0.6,0.9664587397040236,-0.028239443283784027,-0.028239443283784027,0.9572393920298516
4,9,0.12,-0.49,0.9991167928685707,0.0009140377760230578,0.00091403776214527,0.9956083179274433
4,10,-0.61,-0.41,0.9676340994024812,-0.01751596595545024,-0.017515966010961392,0.9819214126516318
5,0,-0.8,-0.6,0.9981999999908453,-0.0023999999765322855,-0.0023999999765322855,0.9946000000260469
5,1,0.51,-0.6,0.9982000000463565,0.0015300000155704652,0.0015300000155704652,0.9946000000260469
5,2,0.0,-0.33,0.99901,0.0,0.0,0.9970299999773058
5,3,-0.57,-0.11,0.9996700000014513,-0.001710000030463732,-0.0017099999957692624,0.9990100000023538
5,4,0.8,-0.11,0.9996700000569625,0.0024000000320434367,0.002400000004287861,0.9990100000023538
5,5,0.23,0.17,1.0005100000015643,0.000689999987701917,0.0006900000015797048,1.0015300000026928
5,6,-0.29,0.39,1.0011699999590284,-0.0008699999887173959,-0.0008700000164729715,1.0035099999861075
5,7,-0.8,0.6,1.001800000066666,-0.0023999999765322855,-0.0023999999765322855,1.0054000000314645
5,8,0.51,0.6,1.0018000000111549,0.0015300000155704652,0.0015300000155704652,1.0054000000314645
5,9,0.12,-0.49,0.9985299999973329,0.00035999999509206404,0.00036000000203095794,0.995589999969182
5,10,-0.61,-0.41,0.9987700000380073,-0.0018299999848814252,-0.0018299999848814252,0.9963099999732439
6,0,-0.8,-0.6,1.009600000045907,0.0023999999765322855,0.0024000000320434367,1.003200000015969
6,1,0.51,-0.6,0.993880000021985,0.0024000000320434367,0.0023999999765322855,0.9979600000264988
6,2,0.0,-0.33,0.9999999999999972,0.0013199999999703683,0.0013199999981949873,0.9999999999732445
6,3,-0.57,-0.11,1.0068400000395883,0.00044000003640576324,0.0004400000017112937,1.002280000002298
6,4,0.8,-0.11,0.9904000000116042,0.00044000003640576324,0.0004400000017112937,0.9967999999999089
6,5,0.23,0.17,0.9972400000085591,-0.000680000000752301,-0.000680000000752301,0.9990800000081457
6,6,-0.29,0.39,1.0034799999836252,-0.0015600000180526763,-0.0015599999902971007,1.0011599999859566
6,7,-0.8,0.6,1.009600000045907,-0.0023999999765322855,-0.0024000000320434367,1.003200000015969
6,8,0.51,0.6,0.993880000021985,-0.0024000000320434367,-0.0023999999765322855,0.9979600000264988
6,9,0.12,-0.49,0.9985599999998152,0.0019599999956376735,0.0019599999956376735,0.9995199999890403
6,10,-0.61,-0.41,1.0073200000237925,0.0016399999691607547,0.0016399999969163304,1.002439999980842
7,0,-0.8,-0.6,0.8417999999843495,-0.06132000002212479,-0.061319999966613636,0.8693199999854073
7,1,0.51,-0.6,0.897255409720854,0.04966680464124629,0.049666804724513014,0.8826942587969455
7,2,0.0,-0.33,0.987633740606145,0.0011219999999619382,0.001121999992914624,0.9636900394904835
7,3,-0.57,-0.11,0.9142283837748622,-0.012171611274425231,-0.01217161125360855,0.9655876501007965
7,4,0.8,-0.11,0.8370748004749018,0.015416318166483478,0.015416318138727902,0.9356175227348551
7,5,0.23,0.17,0.9782446350609098,-0.008192784922700369,-0.008192784936578157,0.9856374953709501
7,6,-0.29,0.39,0.9638130477052087,0.019422884300901444,0.01942288432865702,0.9508195717433665
7,7,-0.8,0.6,0.8446800000005972,0.05748000003746867,0.05747999998195752,0.8779600000341503
7,8,0.51,0.6,0.9001354096815906,-0.047218804671844694,-0.04721880469960027,0.8913342587346662
7,9,0.12,-0.49,0.9690403893272692,0.012977763558241762,0.012977763558241762,0.9251903853313426
7,10,-0.61,-0.41,0.8958355601218493,-0.03968063033710223,-0.03968063039261338,0.9220289106937063
8,0,-0.8,-0.6,1.0000000000287557,0.0,0.0,1.0000000000287557
8,1,0.51,-0.6,1.0000000000287557,0.0,0.0,1.0000000000287557
8,2,0.0,-0.33,1.0,0.0,0.0,0.9999999999732445
8,3,-0.57,-0.11,1.0000000000287557,0.0,0.0,1.000000000001
8,4,0.8,-0.11,1.0000000000287557,0.0,0.0,1.000000000001
8,5,0.23,0.17,1.000000000001,0.0,0.0,1.000000000001
8,6,-0.29,0.39,0.9999999999732445,0.0,0.0,0.9999999999732445
8,7,-0.8,0.6,1.0000000000287557,0.0,0.0,1.0000000000287557
8,8,0.51,0.6,1.0000000000287557,0.0,0.0,1.0000000000287557
8,9,0.12,-0.49,1.000000000001,0.0,0.0,0.9999999999732445
8,10,-0.61,-0.41,1.0000000000287557,0.0,0.0,0.9999999999732445
9,0,-0.8,-0.6,0.8563193292787652,-0.0586950825720578,-0.0586950824610355,0.8905581273532803
9,1,0.51,-0.6,0.9249514970888217,0.03934974932007229,0.03934974934782787,0.912104961281468
9,2,0.0,-0.33,0.9924346705066581,0.0,0.0,0.9774184799582475
9,3,-0.57,-0.11,0.9335400752985556,-0.008378060856184533,-0.008378060807612275,0.9753368443304877
9,4,0.8,-0.11,0.8743977903957756,0.011267835997585962,0.01126783597676928,0.9547963609191079
9,5,0.23,0.17,0.9869846909621449,-0.005411846096259332,-0.00541184611013712,0.9903065402577793
9,6,-0.29,0.39,0.972340821803197,0.015323106616893512,0.015323106589137936,0.9631279902222456
9,7,-0.8,0.6,0.8563193292787652,0.0586950825720578,0.0586950824610355,0.8905581273532803
9,8,0.51,0.6,0.9249514970888217,-0.03934974932007229,-0.03934974934782787,0.912104961281468
9,9,0.12,-0.49,0.980550774375144,0.007946349599163849,0.007946349550591592,0.9500492249570058
9,10,-0.61,-0.41,0.9151968537457478,-0.03250893010342537,-0.032508930131180946,0.9417135339861993
10,0,-0.8,-0.6,1.1527777778463921,0.0833333333449815,0.08333333340049265,1.1041666666544714
10,1,0.51,-0.6,1.0422398543097344,-0.03131602871464523,-0.031316028659134076,1.0524636165909484
10,2,0.0,-0.33,1.0004745935321833,0.0,0.0,1.002373868574935
10,3,-0.57,-0.11,1.0222423557082472,0.003411710747247554,0.0034117107611253417,1.0052218911635324
10,4,0.8,-0.11,1.0864096460228012,-0.009502067355171562,-0.009502067362110456,1.018610235832551
10,5,0.23,0.17,1.0009604472088762,0.0005120148471871033,0.0005120148333093155,1.0006461670097888
10,6,-0.29,0.39,1.0054291492145317,-0.0042934163446695095,-0.0042934163446695095,1.0080105135590323
10,7,-0.8,0.6,1.1527777778463921,-0.0833333333449815,-0.08333333340049265,1.1041666666544714
10,8,0.51,0.6,1.0422398543097344,0.03131602871464523,0.031316028659134076,1.0524636165909484
10,9,0.12,-0.49,1.0031869579138486,-0.0024067909124014797,-0.002406790905462586,1.012425269258932
10,10,-0.61,-0.41,1.0447360179188792,0.022130265231457003,0.022130265259212578,1.026684941896061
11,0,-0.8,-0.6,0.8842355740945607,-0.06853063655443137,-0.06853063649892022,0.9242117787189308
11,1,0.51,-0.6,0.9792493083082832,0.01744109662249471,0.017441096678005863,0.9735553033185518
11,2,0.0,-0.33,0.9999677143431713,0.0,0.0,0.9997740066658434
11,3,-0.57,-0.11,0.9935198870270057,-0.0010660753946289958,-0.001066075380751208,0.9988383619582986
11,4,0.8,-0.11,0.9528530027780313,0.005536071878697868,0.005536071809308929,0.9923541332348962
11,5,0.23,0.17,0.9999332230697933,-3.924305325142541e-05,-3.924305325142541e-05,0.9999573108709914
11,6,-0.29,0.39,0.9989673330212945,0.0009458615002344573,0.0009458615279900329,0.9983986452855032
11,7,-0.8,0.6,0.8842355740945607,0.06853063655443137,0.06853063649892022,0.9242117787189308
11,8,0.51,0.6,0.9792493083082832,-0.01744109662249471,-0.017441096678005863,0.9735553033185518
11,9,0.12,-0.49,0.999448280532278,0.0005708030437201472,0.0005708030714757228,0.9972572899141774
11,10,-0.61,-0.41,0.9799144064515097,-0.010861698651609686,-0.010861698707120837,0.9887740086977903
12,0,-0.8,-0.6,0.7943949998368005,-0.07894927767093662,-0.07894927778195893,0.832782078519223
12,1,0.51,-0.6,0.8708423953340816,0.06188783774341289,0.06188783768790174,0.8522549599931928
12,2,0.0,-0.33,0.9841071580285335,0.0010559999999546106,0.00105600000965822,0.9535235632462946
12,3,-0.57,-0.11,0.8877928844852612,-0.015202847314377266,-0.015202847342132841,0.9550054625440119
12,4,0.8,-0.11,0.7950706946147079,0.01875410809981659,0.01875410809981659,0.9184519181096307
12,5,0.23,0.17,0.9722250717825176,-0.010707346009830587,-0.010707346023708375,0.9809940309940535
12,6,-0.29,0.39,0.9516613336535418,0.02574127697108075,0.025741276998836327,0.9349107693568115
12,7,-0.8,0.6,0.7970349999442128,0.07542927771275743,0.07542927771275743,0.840702078508393
12,8,0.51,0.6,0.8734823953304716,-0.05964383775758364,-0.05964383770207249,0.8601749599823627
12,9,0.12,-0.49,0.9606385712110366,0.016014101156258675,0.0160141011285031,0.9048134924083406
12,10,-0.61,-0.41,0.8650872535542753,-0.050303488041691935,-0.05030348812495866,0.9003860170497813
13,0,-0.8,-0.6,0.9967999999860311,-0.0023999999765322855,0.0,1.0000000000287557
13,1,0.51,-0.6,1.0020400000310126,-0.0023999999765322855,0.0,1.0000000000287557
13,2,0.0,-0.33,0.9999999999999972,-0.0013199999999703683,0.0,0.9999999999732445
13,3,-0.57,-0.11,0.9977200000066411,-0.000439999980894612,0.0,1.000000000001
13,4,0.8,-0.11,1.003200000015969,-0.000439999980894612,0.0,1.000000000001
13,5,0.23,0.17,1.0009200000077323,0.000680000000752301,0.0,1.000000000001
13,6,-0.29,0.39,0.9988399999605324,0.0015599999902971007,0.0,0.9999999999732445
13,7,-0.8,0.6,0.9967999999860311,0.0023999999765322855,0.0,1.0000000000287557
13,8,0.51,0.6,1.0020400000310126,0.0023999999765322855,0.0,1.0000000000287557
13,9,0.12,-0.49,1.000480000006021,-0.0019600000025765674,0.0,0.9999999999732445
13,10,-0.61,-0.41,0.9975600000489138,-0.001640000024671906,0.0,0.9999999999732445
14,0,-0.8,-0.6,1.0048000000373314,0.003599999964798428,0.0,1.0000000000287557
14,1,0.51,-0.6,0.9981024940430849,0.0022323600190610193,0.0,1.0000000000287557
14,2,0.0,-0.33,1.0000000000000007,0.00021562199999633264,0.0,0.9999999999732445
14,3,-0.57,-0.11,1.0011525400366317,0.0002224200268408083,0.0,1.000000000001
14,4,0.8,-0.11,0.996869920000254,0.00043038600461287047,0.0,1.000000000001
14,5,0.23,0.17,0.9998871159933032,-8.343600810256646e-05,0.0,1.000000000001
14,6,-0.29,0.39,1.000410987966882,-0.0005527079904865673,0.0,0.9999999999732445
14,7,-0.8,0.6,1.0048000000373314,-0.003599999964798428,0.0,1.0000000000287557
14,8,0.51,0.6,0.9981024940430849,-0.0022323600190610193,0.0,1.0000000000287557
14,9,0.12,-0.49,0.9998167600014374,0.0007482299987926488,0.0,0.9999999999732445
14,10,-0.61,-0.41,1.0019771320424198,0.001328891996443815,0.0,0.9999999999732445
15,0,-0.8,-0.6,1.0000000000287557,0.0,-0.002720000003009204,0.9979600000820099
15,1,0.51,-0.6,1.0000000000287557,0.0,0.0017339999991428101,0.9979600000264988
15,2,0.0,-0.33,1.0,0.0,0.0,0.9988779999803299
15,3,-0.57,-0.11,1.0000000000287557,0.0,-0.0019380000035318368,0.999625999996423
15,4,0.8,-0.11,1.0000000000287557,0.0,0.002720000003009204,0.9996260000033619
15,5,0.23,0.17,1.000000000001,0.0,0.0007820000064162613,1.0005779999960884
15,6,-0.29,0.39,0.9999999999732445,0.0,-0.000986000003866394,1.0013259999497315
15,7,-0.8,0.6,1.0000000000287557,0.0,-0.002720000003009204,1.0020399999755014
15,8,0.51,0.6,1.0000000000287557,0.0,0.0017339999991428101,1.0020400000310126
15,9,0.12,-0.49,1.000000000001,0.0,0.0004080000226558411,0.9983339999686258
15,10,-0.61,-0.41,1.0000000000287557,0.0,-0.0020739999995189606,0.9986059999744779
16,0,-0.8,-0.6,1.0000000000287557,0.0,0.0038400000401672685,1.0028799999894922
16,1,0.51,-0.6,1.0000000000287557,0.0,-0.0015180048329455076,1.0017858880218
16,2,0.0,-0.33,1.0,0.0,0.0,1.0001724975727821
16,3,-0.57,-0.11,1.0000000000287557,0.0,0.0009220319993619164,1.0001779360002683
16,4,0.8,-0.11,1.0000000000287557,0.0,-0.0025040640047602203,1.0003443087977515
16,5,0.23,0.17,1.000000000001,0.0,-9.030719227975936e-05,0.9999332512000692
16,6,-0.29,0.39,0.9999999999732445,0.0,0.0003287904115634177,0.9995578335864064
16,7,-0.8,0.6,1.0000000000287557,0.0,0.0038400000401672685,0.9971200000680192
16,8,0.51,0.6,1.0000000000287557,0.0,-0.0015180048329455076,0.9982141120357113
16,9,0.12,-0.49,1.000000000001,0.0,-0.00014659198854793942,1.0005985839611764
16,10,-0.61,-0.41,1.0000000000287557,0.0,0.0015817055998290641,1.0010631135703996
17,0,-0.8,-0.6,0.9794236996985006,-0.02687055494776658,0.0,0.9598586368508855
17,1,0.51,-0.6,0.9794236996429895,0.017129978768792853,0.0,0.9598586368508855
17,2,0.0,-0.33,0.9885772678926023,0.0,0.0,0.9778839073215639
17,3,-0.57,-0.11,0.9961632048693936,-0.019805293294261617,0.0,0.9929492500310166
17,4,0.8,-0.11,0.9961632048693936,0.027796902890564468,0.0,0.9929492500310166
17,5,0.23,0.17,1.0059880743706895,0.008150024835562597,0.0,1.0126321796644078
17,6,-0.29,0.39,1.0138446328855633,-0.010437253783468492,0.0,1.0285108382745989
17,7,-0.8,0.6,1.0214594109436703,-0.02922655634174376,0.0,1.0440187244720178
17,8,0.51,0.6,1.0214594109991815,0.018631929665779978,0.0,1.0440187244720178
17,9,0.12,-0.49,0.9831323913231382,0.004061165487234675,0.0,0.9671416126566523
17,10,-0.61,-0.41,0.9858473115631483,-0.02075843363869012,0.0,0.9724905113972504
18,0,-0.8,-0.6,0.9228990263676629,0.0,-0.028781474648020833,0.9600268474629914
18,1,0.51,-0.6,1.056707318536354,0.0,-0.03295441225459328,1.0272677217204595
18,2,0.0,-0.33,1.0013535249301844,0.0,-0.017175483618681042,1.000000000001
18,3,-0.57,-0.11,0.9444828104610004,0.0,-0.005400007309364074,0.9711880133989048
18,4,0.8,-0.11,1.0902543800539455,0.0,-0.006233444954650835,1.0434465430794737
18,5,0.23,0.17,1.0257649704081828,0.0,0.009063676378873176,1.0121158276754638
18,6,-0.29,0.39,0.9717963103672567,0.0,0.019699148617879914,0.9851308226671573
18,7,-0.8,0.6,0.9228990263676629,0.0,0.028781474648020833,0.9600268474629914
18,8,0.51,0.6,1.056707318536354,0.0,0.03295441225459328,1.0272677217204595
18,9,0.12,-0.49,1.0139798585981352,0.0,-0.025824564903187408,1.0062848834202498
18,10,-0.61,-0.41,0.9406750746676629,0.0,-0.020046155624342532,0.9692283366169452
19,0,-0.8,-0.6,0.735026235709757,-0.08919621474756667,-0.09050414667699513,0.7828387622588195
19,1,0.51,-0.6,0.897085838169609,0.07569961549269699,0.03982499990895505,0.8403381479560323
19,2,0.0,-0.33,0.9753811053198486,2.6144396955183973e-05,-0.012279654321156741,0.9342896910013998
19,3,-0.57,-0.11,0.8413016305830467,-0.0299366770817322,-0.018512974903073243,0.9255109280487117
19,4,0.8,-0.11,0.8523998016873868,0.042388224430478516,0.016929574901680677,0.9457152054873075
19,5,0.23,0.17,1.0004772903193793,-0.0032941055161384014,-0.0009417413515677708,1.0029665408473054
19,6,-0.29,0.39,0.9377647151864732,0.01822622794356299,0.04372783954376125,0.9461984421810232
19,7,-0.8,0.6,0.7573943661132176,0.05319351098487246,0.09676875767361537,0.8420383599272441
19,8,0.51,0.6,0.9310163487652456,-0.04936897599061574,-0.03672812570743034,0.9107154091414493
19,9,0.12,-0.49,0.9584356923317272,0.01794892070389187,-0.0037130479524360993,0.8827858350157758
19,10,-0.61,-0.41,0.8123033156670623,-0.062487622964901846,-0.06164215185511246,0.8577359948414021
20,0,-0.8,-0.6,1.008,-0.003,0.004,0.993
20,1,0.51,-0.6,1.008,-0.003,0.004,0.993
20,2,0.0,-0.33,1.008,-0.003,0.004,0.993
20,3,-0.57,-0.11,1.008,-0.003,0.004,0.993
20,4,0.8,-0.11,1.008,-0.003,0.004,0.993
20,5,0.23,0.17,1.008,-0.003,0.004,0.993
20,6,-0.29,0.39,1.008,-0.003,0.004,0.993
20,7,-0.8,0.6,1.008,-0.003,0.004,0.993
20,8,0.51,0.6,1.008,-0.003,0.004,0.993
20,9,0.12,-0.49,1.008,-0.003,0.004,0.993
20,10,-0.61,-0.41,1.008,-0.003,0.004,0.993
21,0,-0.8,-0.6,0.986,-0.005600000000000001,0.0132,0.9774
21,1,0.51,-0.6,1.00696,0.01012,-0.010379999999999999,0.98657
21,2,0.0,-0.33,1.00204,0.0013000000000000004,0.0006900000000000001,0.9884
21,3,-0.57,-0.11,0.99556,-0.00774,0.012489999999999998,0.98881
21,4,0.8,-0.11,1.01748,0.008700000000000001,-0.01217,0.9984
21,5,0.23,0.17,1.01172,-0.0009399999999999999,5.0000000000000565e-05,1.00001
21,6,-0.29,0.39,1.00604,-0.009380000000000001,0.010949999999999998,1.00077
21,7,-0.8,0.6,1.0004,-0.0176,0.021599999999999998,1.0014
21,8,0.51,0.6,1.02136,-0.0018799999999999997,-0.001979999999999999,1.01057
21,9,0.12,-0.49,1.00204,0.00434,-0.0025899999999999994,0.98604
21,10,-0.61,-0.41,0.99132,-0.005220000000000001,0.01111,0.98253
22,0,-0.8,-0.6,1.0172,-0.0010000000000000002,-0.008960000000000003,0.97456
22,1,0.51,-0.6,1.0324353,-0.0233486,-0.0219421,1.0046245
22,2,0.0,-0.33,1.0086201,-0.0062735,-0.0026068000000000003,0.9906802
22,3,-0.57,-0.11,1.0079782,0.0006777,0.0002589000000000004,0.9868775
22,4,0.8,-0.11,1.0393649,-0.014885500000000001,-0.021565200000000007,1.0057698
22,5,0.23,0.17,1.0083966,-0.0025271,0.00033330000000000013,0.9988663
22,6,-0.29,0.39,1.0033214,-0.0013819,0.0040777,1.0032127
22,7,-0.8,0.6,1.01912,-0.008679999999999998,-0.006560000000000002,1.0168
22,8,0.51,0.6,1.0154913,-0.002732599999999999,-0.0038220999999999993,1.0091365
22,9,0.12,-0.49,1.0139417,-0.0116263,-0.007871599999999998,0.993165
22,10,-0.61,-0.41,1.010531,-0.0006523000000000004,-0.0033302999999999996,0.9802239
23,0,-0.8,-0.6,0.8730158335690241,-0.05729649193986219,-0.06055321388753754,0.8652513437956699
23,1,0.51,-0.6,0.9397361535046223,0.02462283732462822,0.02462029446981262,0.9024964652826206
23,2,0.0,-0.33,0.9983716070634729,-0.005160109448456088,-0.0016678235736922176,0.9612099841904698
23,3,-0.57,-0.11,0.9347551234717422,-0.009630811481642354,-0.009606516922222585,0.9587756278628401
23,4,0.8,-0.11,0.8917299605948337,0.000496520047299498,-0.003610148346933073,0.9503740816610429
23,5,0.23,0.17,0.9904366625457239,-0.009303615752798144,-0.006397799484636479,0.9869922207167425
23,6,-0.29,0.39,0.972837130241988,0.015176554679641185,0.020423803703817356,0.9617173520604094
23,7,-0.8,0.6,0.8757751313037687,0.04717545165622283,0.04945282744417412,0.9047917167159802
23,8,0.51,0.6,0.9286404837882678,-0.04396432656816884,-0.04427098271309049,0.9145812975841494
23,9,0.12,-0.49,0.9877224754692437,0.00026854998780301287,0.003278715632326623,0.9313875665717397
23,10,-0.61,-0.41,0.9199924008718163,-0.03514734248089013,-0.036080576859554014,0.9163554106628169
24,0,-0.8,-0.6,0.8104359029426078,-0.07461608153569443,-0.05935012792335215,0.8371833757903069
24,1,0.51,-0.6,0.8992235041860308,0.06132022450922037,0.04356993721366109,0.8645634400616942
24,2,0.0,-0.33,0.9894245582753227,0.0019368743646159918,0.0014304770701301095,0.9517903260258809
24,3,-0.57,-0.11,0.9034692033949021,-0.01974491803391487,-0.0013391703093668106,0.9526184402211535
24,4,0.8,-0.11,0.8412699917803579,0.023622182876437137,0.006624747493633176,0.9311659353583579
24,5,0.23,0.17,0.9894310648433935,-0.009593238398108994,-0.00847778700019397,0.9847814703978219
24,6,-0.29,0.39,0.9660402112698918,0.012678185806747067,0.03162024958536236,0.947656414396203
24,7,-0.8,0.6,0.8216211498934811,0.05442701028757213,0.08489199671002368,0.8639225987372434
24,8,0.51,0.6,0.9128669803681877,-0.05384811105346721,-0.053108645536870114,0.8907188982498759
24,9,0.12,-0.49,0.9705916140453907,0.016757161484803884,0.01036802038667517,0.910118566316287
24,10,-0.61,-0.41,0.8795443937059666,-0.04718078472354392,-0.03267539513962525,0.9013800036095088
25,0,-0.8,-0.6,0.775082263648752,-0.08333471834820472,-0.08546225538363927,0.7918553796004701
25,1,0.51,-0.6,0.9430108192653996,0.048310463324208186,0.014711603268935391,0.8671199870358137
25,2,0.0,-0.33,0.987996604305411,-0.00596282607458979,-0.013497768625025941,0.9370468930514075
25,3,-0.57,-0.11,0.8712263440124879,-0.025429254590925154,-0.014960999467072966,0.9250854879488957
25,4,0.8,-0.11,0.9124238782853844,0.02455922465394167,-0.0035521785651804194,0.9615724560693706
25,5,0.23,0.17,1.0110888173375798,-0.004604858425127922,0.00018487852915249903,1.0028883455776016
25,6,-0.29,0.39,0.951057145037737,0.013469303505875274,0.04101135514522625,0.9594721950278995
25,7,-0.8,0.6,0.7965422084699192,0.043992521459035316,0.08575547810751871,0.8736973965417505
25,8,0.51,0.6,0.9606783880622416,-0.04428768990427656,-0.033729075032962186,0.9362391797385072
25,9,0.12,-0.49,0.9794898459744572,0.00482183992733809,-0.011815671191461874,0.896626638935416
25,10,-0.61,-0.41,0.8457828780672472,-0.05558123888915745,-0.05476709849516759,0.8623608624969137
26,0,-0.8,-0.6,1.0,0.0,0.0,1.0
26,1,0.51,-0.6,1.0,0.0,0.0,1.0
26,2,0.0,-0.33,1.0,0.0,0.0,1.0
26,3,-0.57,-0.11,1.0,0.0,0.0,1.0
26,4,0.8,-0.11,1.0,0.0,0.0,1.0
26,5,0.23,0.17,1.0,0.0,0.0,1.0
26,6,-0.29,0.39,1.0,0.0,0.0,1.0
26,7,-0.8,0.6,1.0,0.0,0.0,1.0
26,8,0.51,0.6,1.0,0.0,0.0,1.0
26,9,0.12,-0.49,1.0,0.0,0.0,1.0
26,10,-0.61,-0.41,1.0,0.0,0.0,1.0
27,0,-0.8,-0.6,1.0,0.0,0.0,1.0
27,1,0.51,-0.6,1.0,0.0,0.0,1.0
27,2,0.0,-0.33,1.0,0.0,0.0,1.0
27,3,-0.57,-0.11,1.0,0.0,0.0,1.0
27,4,0.8,-0.11,1.0,0.0,0.0,1.0
27,5,0.23,0.17,1.0,0.0,0.0,1.0
27,6,-0.29,0.39,1.0,0.0,0.0,1.0
27,7,-0.8,0.6,1.0,0.0,0.0,1.0
27,8,0.51,0.6,1.0,0.0,0.0,1.0
27,9,0.12,-0.49,1.0,0.0,0.0,1.0
27,10,-0.61,-0.41,1.0,0.0,0.0,1.0
28,0,-0.8,-0.6,1.007,0.0,0.0,1.0
28,1,0.51,-0.6,1.007,0.0,0.0,1.0
28,2,0.0,-0.33,1.007,0.0,0.0,1.0
28,3,-0.57,-0.11,1.007,0.0,0.0,1.0
28,4,0.8,-0.11,1.007,0.0,0.0,1.0
28,5,0.23,0.17,1.007,0.0,0.0,1.0
28,6,-0.29,0.39,1.007,0.0,0.0,1.0
28,7,-0.8,0.6,1.007,0.0,0.0,1.0
28,8,0.51,0.6,1.007,0.0,0.0,1.0
28,9,0.12,-0.49,1.007,0.0,0.0,1.0
28,10,-0.61,-0.41,1.007,0.0,0.0,1.0
29,0,-0.8,-0.6,1.007,0.0,0.0,1.0
29,1,0.51,-0.6,1.007,0.0,0.0,1.0
29,2,0.0,-0.33,1.007,0.0,0.0,1.0
29,3,-0.57,-0.11,1.007,0.0,0.0,1.0
29,4,0.8,-0.11,1.007,0.0,0.0,1.0
29,5,0.23,0.17,1.007,0.0,0.0,1.0
29,6,-0.29,0.39,1.007,0.0,0.0,1.0
29,7,-0.8,0.6,1.007,0.0,0.0,1.0
29,8,0.51,0.6,1.007,0.0,0.0,1.0
29,9,0.12,-0.49,1.007,0.0,0.0,1.0
29,10,-0.61,-0.41,1.007,0.0,0.0,1.0
30,0,-0.8,-0.6,1.0,0.007,0.0,1.0
30,1,0.51,-0.6,1.0,0.007,0.0,1.0
30,2,0.0,-0.33,1.0,0.007,0.0,1.0
30,3,-0.57,-0.11,1.0,0.007,0.0,1.0
30,4,0.8,-0.11,1.0,0.007,0.0,1.0
30,5,0.23,0.17,1.0,0.007,0.0,1.0
30,6,-0.29,0.39,1.0,0.007,0.0,1.0
30,7,-0.8,0.6,1.0,0.007,0.0,1.0
30,8,0.51,0.6,1.0,0.007,0.0,1.0
30,9,0.12,-0.49,1.0,0.007,0.0,1.0
30,10,-0.61,-0.41,1.0,0.007,0.0,1.0
31,0,-0.8,-0.6,1.0,0.007,0.0,1.0
31,1,0.51,-0.6,1.0,0.007,0.0,1.0
31,2,0.0,-0.33,1.0,0.007,0.0,1.0
31,3,-0.57,-0.11,1.0,0.007,0.0,1.0
31,4,0.8,-0.11,1.0,0.007,0.0,1.0
31,5,0.23,0.17,1.0,0.007,0.0,1.0
31,6,-0.29,0.39,1.0,0.007,0.0,1.0
31,7,-0.8,0.6,1.0,0.007,0.0,1.0
31,8,0.51,0.6,1.0,0.007,0.0,1.0
31,9,0.12,-0.49,1.0,0.007,0.0,1.0
31,10,-0.61,-0.41,1.0,0.007,0.0,1.0
32,0,-0.8,-0.6,0.9888,0.0,0.0,1.0
32,1,0.51,-0.6,1.00714,0.0,0.0,1.0
32,2,0.0,-0.33,1.0,0.0,0.0,1.0
32,3,-0.57,-0.11,0.99202,0.0,0.0,1.0
32,4,0.8,-0.11,1.0112,0.0,0.0,1.0
32,5,0.23,0.17,1.00322,0.0,0.0,1.0
32,6,-0.29,0.39,0.99594,0.0,0.0,1.0
32,7,-0.8,0.6,0.9888,0.0,0.0,1.0
32,8,0.51,0.6,1.00714,0.0,0.0,1.0
32,9,0.12,-0.49,1.00168,0.0,0.0,1.0
32,10,-0.61,-0.41,0.99146,0.0,0.0,1.0
33,0,-0.8,-0.6,0.9888,0.0,0.0,1.0
33,1,0.51,-0.6,1.00714,0.0,0.0,1.0
33,2,0.0,-0.33,1.0,0.0,0.0,1.0
33,3,-0.57,-0.11,0.99202,0.0,0.0,1.0
33,4,0.8,-0.11,1.0112,0.0,0.0,1.0
33,5,0.23,0.17,1.00322,0.0,0.0,1.0
33,6,-0.29,0.39,0.99594,0.0,0.0,1.0
33,7,-0.8,0.6,0.9888,0.0,0.0,1.0
33,8,0.51,0.6,1.00714,0.0,0.0,1.0
33,9,0.12,-0.49,1.00168,0.0,0.0,1.0
33,10,-0.61,-0.41,0.99146,0.0,0.0,1.0
34,0,-0.8,-0.6,0.9958,-0.005600000000000001,0.0,1.0
34,1,0.51,-0.6,0.9958,0.0035700000000000003,0.0,1.0
34,2,0.0,-0.33,0.99769,0.0,0.0,1.0
34,3,-0.57,-0.11,0.99923,-0.00399,0.0,1.0
34,4,0.8,-0.11,0.99923,0.005600000000000001,0.0,1.0
34,5,0.23,0.17,1.00119,0.00161,0.0,1.0
34,6,-0.29,0.39,1.00273,-0.0020299999999999997,0.0,1.0
34,7,-0.8,0.6,1.0042,-0.005600000000000001,0.0,1.0
34,8,0.51,0.6,1.0042,0.0035700000000000003,0.0,1.0
34,9,0.12,-0.49,0.99657,0.00084,0.0,1.0
34,10,-0.61,-0.41,0.99713,-0.00427,0.0,1.0
35,0,-0.8,-0.6,0.9958,-0.005600000000000001,0.0,1.0
35,1,0.51,-0.6,0.9958,0.0035700000000000003,0.0,1.0
35,2,0.0,-0.33,0.99769,0.0,0.0,1.0
35,3,-0.57,-0.11,0.99923,-0.00399,0.0,1.0
35,4,0.8,-0.11,0.99923,0.005600000000000001,0.0,1.0
35,5,0.23,0.17,1.00119,0.00161,0.0,1.0
35,6,-0.29,0.39,1.00273,-0.0020299999999999997,0.0,1.0
35,7,-0.8,0.6,1.0042,-0.005600000000000001,0.0,1.0
35,8,0.51,0.6,1.0042,0.0035700000000000003,0.0,1.0
35,9,0.12,-0.49,0.99657,0.00084,0.0,1.0
35,10,-0.61,-0.41,0.99713,-0.00427,0.0,1.0
36,0,-0.8,-0.6,1.0,-0.0084,0.0,1.0
36,1,0.51,-0.6,1.0,-0.0084,0.0,1.0
36,2,0.0,-0.33,1.0,-0.00462,0.0,1.0
36,3,-0.57,-0.11,1.0,-0.0015400000000000001,0.0,1.0
36,4,0.8,-0.11,1.0,-0.0015400000000000001,0.0,1.0
36,5,0.23,0.17,1.0,0.00238,0.0,1.0
36,6,-0.29,0.39,1.0,0.0054600000000000004,0.0,1.0
36,7,-0.8,0.6,1.0,0.0084,0.0,1.0
36,8,0.51,0.6,1.0,0.0084,0.0,1.0
36,9,0.12,-0.49,1.0,-0.00686,0.0,1.0
36,10,-0.61,-0.41,1.0,-0.0057399999999999994,0.0,1.0
37,0,-0.8,-0.6,1.0,-0.0084,0.0,1.0
37,1,0.51,-0.6,1.0,-0.0084,0.0,1.0
37,2,0.0,-0.33,1.0,-0.00462,0.0,1.0
37,3,-0.57,-0.11,1.0,-0.0015400000000000001,0.0,1.0
37,4,0.8,-0.11,1.0,-0.0015400000000000001,0.0,1.0
37,5,0.23,0.17,1.0,0.00238,0.0,1.0
37,6,-0.29,0.39,1.0,0.0054600000000000004,0.0,1.0
37,7,-0.8,0.6,1.0,0.0084,0.0,1.0
37,8,0.51,0.6,1.0,0.0084,0.0,1.0
37,9,0.12,-0.49,1.0,-0.00686,0.0,1.0
37,10,-0.61,-0.41,1.0,-0.0057399999999999994,0.0,1.0
38,0,-0.8,-0.6,1.01344,0.0,0.0,1.0
38,1,0.51,-0.6,1.0054621,0.0,0.0,1.0
38,2,0.0,-0.33,1.0,0.0,0.0,1.0
38,3,-0.57,-0.11,1.0068229,0.0,0.0,1.0
38,4,0.8,-0.11,1.01344,0.0,0.0,1.0
38,5,0.23,0.17,1.0011109,0.0,0.0,1.0
38,6,-0.29,0.39,1.0017661,0.0,0.0,1.0
38,7,-0.8,0.6,1.01344,0.0,0.0,1.0
38,8,0.51,0.6,1.0054621,0.0,0.0,1.0
38,9,0.12,-0.49,1.0003024,0.0,0.0,1.0
38,10,-0.61,-0.41,1.0078141,0.0,0.0,1.0
39,0,-0.8,-0.6,1.01344,0.0,0.0,1.0
39,1,0.51,-0.6,1.0054621,0.0,0.0,1.0
39,2,0.0,-0.33,1.0,0.0,0.0,1.0
39,3,-0.57,-0.11,1.0068229,0.0,0.0,1.0
39,4,0.8,-0.11,1.01344,0.0,0.0,1.0
39,5,0.23,0.17,1.0011109,0.0,0.0,1.0
39,6,-0.29,0.39,1.0017661,0.0,0.0,1.0
39,7,-0.8,0.6,1.01344,0.0,0.0,1.0
39,8,0.51,0.6,1.0054621,0.0,0.0,1.0
39,9,0.12,-0.49,1.0003024,0.0,0.0,1.0
39,10,-0.61,-0.41,1.0078141,0.0,0.0,1.0
40,0,-0.8,-0.6,1.00672,0.0044800000000000005,0.0,1.0
40,1,0.51,-0.6,0.995716,0.0018207000000000002,0.0,1.0
40,2,0.0,-0.33,1.0,0.0,0.0,1.0
40,3,-0.57,-0.11,1.0008778,0.0022742999999999995,0.0,1.0
40,4,0.8,-0.11,0.998768,0.0044800000000000005,0.0,1.0
40,5,0.23,0.17,1.0005474,0.00037030000000000006,0.0,1.0
40,6,-0.29,0.39,0.9984166,0.0005886999999999998,0.0,1.0
40,7,-0.8,0.6,0.99328,0.0044800000000000005,0.0,1.0
40,8,0.51,0.6,1.004284,0.0018207000000000002,0.0,1.0
40,9,0.12,-0.49,0.9991768,0.0001008,0.0,1.0
40,10,-0.61,-0.41,1.0035014,0.0026047,0.0,1.0
41,0,-0.8,-0.6,1.00672,0.0044800000000000005,0.0,1.0
41,1,0.51,-0.6,0.995716,0.0018207000000000002,0.0,1.0
41,2,0.0,-0.33,1.0,0.0,0.0,1.0
41,3,-0.57,-0.11,1.0008778,0.0022742999999999995,0.0,1.0
41,4,0.8,-0.11,0.998768,0.0044800000000000005,0.0,1.0
41,5,0.23,0.17,1.0005474,0.00037030000000000006,0.0,1.0
41,6,-0.29,0.39,0.9984166,0.0005886999999999998,0.0,1.0
41,7,-0.8,0.6,0.99328,0.0044800000000000005,0.0,1.0
41,8,0.51,0.6,1.004284,0.0018207000000000002,0.0,1.0
41,9,0.12,-0.49,0.9991768,0.0001008,0.0,1.0
41,10,-0.61,-0.41,1.0035014,0.0026047,0.0,1.0
42,0,-0.8,-0.6,1.00252,0.006720000000000001,0.0,1.0
42,1,0.51,-0.6,1.00252,-0.0042840000000000005,0.0,1.0
42,2,0.0,-0.33,1.0007623,0.0,0.0,1.0
42,3,-0.57,-0.11,1.0000847,0.0008777999999999999,0.0,1.0
42,4,0.8,-0.11,1.0000847,-0.0012320000000000002,0.0,1.0
42,5,0.23,0.17,1.0002023,0.0005474000000000001,0.0,1.0
42,6,-0.29,0.39,1.0010647,-0.0015833999999999998,0.0,1.0
42,7,-0.8,0.6,1.00252,-0.006720000000000001,0.0,1.0
42,8,0.51,0.6,1.00252,0.0042840000000000005,0.0,1.0
42,9,0.12,-0.49,1.0016807,-0.0008232000000000001,0.0,1.0
42,10,-0.61,-0.41,1.0011767,0.0035014,0.0,1.0
43,0,-0.8,-0.6,1.00252,0.006720000000000001,0.0,1.0
43,1,0.51,-0.6,1.00252,-0.0042840000000000005,0.0,1.0
43,2,0.0,-0.33,1.0007623,0.0,0.0,1.0
43,3,-0.57,-0.11,1.0000847,0.0008777999999999999,0.0,1.0
43,4,0.8,-0.11,1.0000847,-0.0012320000000000002,0.0,1.0
43,5,0.23,0.17,1.0002023,0.0005474000000000001,0.0,1.0
43,6,-0.29,0.39,1.0010647,-0.0015833999999999998,0.0,1.0
43,7,-0.8,0.6,1.00252,-0.006720000000000001,0.0,1.0
43,8,0.51,0.6,1.00252,0.0042840000000000005,0.0,1.0
43,9,0.12,-0.49,1.0016807,-0.0008232000000000001,0.0,1.0
43,10,-0.61,-0.41,1.0011767,0.0035014,0.0,1.0
44,0,-0.8,-0.6,1.0,0.00756,0.0,1.0
44,1,0.51,-0.6,1.0,0.00756,0.0,1.0
44,2,0.0,-0.33,1.0,0.0022869,0.0,1.0
44,3,-0.57,-0.11,1.0,0.0002541,0.0,1.0
44,4,0.8,-0.11,1.0,0.0002541,0.0,1.0
44,5,0.23,0.17,1.0,0.0006069000000000002,0.0,1.0
44,6,-0.29,0.39,1.0,0.0031941000000000005,0.0,1.0
44,7,-0.8,0.6,1.0,0.00756,0.0,1.0
44,8,0.51,0.6,1.0,0.00756,0.0,1.0
44,9,0.12,-0.49,1.0,0.0050421,0.0,1.0
44,10,-0.61,-0.41,1.0,0.0035300999999999996,0.0,1.0
45,0,-0.8,-0.6,1.0,0.00756,0.0,1.0
45,1,0.51,-0.6,1.0,0.00756,0.0,1.0
45,2,0.0,-0.33,1.0,0.0022869,0.0,1.0
45,3,-0.57,-0.11,1.0,0.0002541,0.0,1.0
45,4,0.8,-0.11,1.0,0.0002541,0.0,1.0
45,5,0.23,0.17,1.0,0.0006069000000000002,0.0,1.0
45,6,-0.29,0.39,1.0,0.0031941000000000005,0.0,1.0
45,7,-0.8,0.6,1.0,0.00756,0.0,1.0
45,8,0.51,0.6,1.0,0.00756,0.0,1.0
45,9,0.12,-0.49,1.0,0.0050421,0.0,1.0
45,10,-0.61,-0.41,1.0,0.0035300999999999996,0.0,1.0
46,0,-0.8,-0.6,0.985664,0.0,0.0,1.0
46,1,0.51,-0.6,1.003714228,0.0,0.0,1.0
46,2,0.0,-0.33,1.0,0.0,0.0,1.0
46,3,-0.57,-0.11,0.994814596,0.0,0.0,1.0
46,4,0.8,-0.11,1.014336,0.0,0.0,1.0
46,5,0.23,0.17,1.000340676,0.0,0.0,1.0
46,6,-0.29,0.39,0.999317108,0.0,0.0,1.0
46,7,-0.8,0.6,0.985664,0.0,0.0,1.0
46,8,0.51,0.6,1.003714228,0.0,0.0,1.0
46,9,0.12,-0.49,1.000048384,0.0,0.0,1.0
46,10,-0.61,-0.41,0.993644532,0.0,0.0,1.0
47,0,-0.8,-0.6,0.985664,0.0,0.0,1.0
47,1,0.51,-0.6,1.003714228,0.0,0.0,1.0
47,2,0.0,-0.33,1.0,0.0,0.0,1.0
47,3,-0.57,-0.11,0.994814596,0.0,0.0,1.0
47,4,0.8,-0.11,1.014336,0.0,0.0,1.0
47,5,0.23,0.17,1.000340676,0.0,0.0,1.0
47,6,-0.29,0.39,0.999317108,0.0,0.0,1.0
47,7,-0.8,0.6,0.985664,0.0,0.0,1.0
47,8,0.51,0.6,1.003714228,0.0,0.0,1.0
47,9,0.12,-0.49,1.000048384,0.0,0.0,1.0
47,10,-0.61,-0.41,0.993644532,0.0,0.0,1.0
48,0,-0.8,-0.6,0.991936,-0.0035840000000000004,0.0,1.0
48,1,0.51,-0.6,0.99672274,0.0009285570000000001,0.0,1.0
48,2,0.0,-0.33,1.0,0.0,0.0,1.0
48,3,-0.57,-0.11,0.999249481,-0.0012963509999999996,0.0,1.0
48,4,0.8,-0.11,0.9985216,0.0035840000000000004,0.0,1.0
48,5,0.23,0.17,1.000188853,8.516900000000001e-05,0.0,1.0
48,6,-0.29,0.39,1.000688779,-0.00017072299999999993,0.0,1.0
48,7,-0.8,0.6,1.008064,-0.0035840000000000004,0.0,1.0
48,8,0.51,0.6,1.00327726,0.0009285570000000001,0.0,1.0
48,9,0.12,-0.49,0.999851824,1.2095999999999999e-05,0.0,1.0
48,10,-0.61,-0.41,0.996796219,-0.001588867,0.0,1.0
49,0,-0.8,-0.6,0.991936,-0.0035840000000000004,0.0,1.0
49,1,0.51,-0.6,0.99672274,0.0009285570000000001,0.0,1.0
49,2,0.0,-0.33,1.0,0.0,0.0,1.0
49,3,-0.57,-0.11,0.999249481,-0.0012963509999999996,0.0,1.0
49,4,0.8,-0.11,0.9985216,0.0035840000000000004,0.0,1.0
49,5,0.23,0.17,1.000188853,8.516900000000001e-05,0.0,1.0
49,6,-0.29,0.39,1.000688779,-0.00017072299999999993,0.0,1.0
49,7,-0.8,0.6,1.008064,-0.0035840000000000004,0.0,1.0
49,8,0.51,0.6,1.00327726,0.0009285570000000001,0.0,1.0
49,9,0.12,-0.49,0.999851824,1.2095999999999999e-05,0.0,1.0
49,10,-0.61,-0.41,0.996796219,-0.001588867,0.0,1.0
50,0,-0.8,-0.6,0.995968,-0.005376000000000001,0.0,1.0
50,1,0.51,-0.6,1.0025704,-0.00218484,0.0,1.0
50,2,0.0,-0.33,1.0,0.0,0.0,1.0
50,3,-0.57,-0.11,0.999903442,-0.0005003459999999999,0.0,1.0
50,4,0.8,-0.11,1.00013552,-0.0009856,0.0,1.0
50,5,0.23,0.17,1.000093058,0.00012590200000000003,0.0,1.0
50,6,-0.29,0.39,0.999382474,0.0004591859999999999,0.0,1.0
50,7,-0.8,0.6,0.995968,0.005376000000000001,0.0,1.0
50,8,0.51,0.6,1.0025704,0.00218484,0.0,1.0
50,9,0.12,-0.49,1.000403368,-9.8784e-05,0.0,1.0
50,10,-0.61,-0.41,0.998564426,-0.002135854,0.0,1.0
51,0,-0.8,-0.6,0.995968,-0.005376000000000001,0.0,1.0
51,1,0.51,-0.6,1.0025704,-0.00218484,0.0,1.0
51,2,0.0,-0.33,1.0,0.0,0.0,1.0
51,3,-0.57,-0.11,0.999903442,-0.0005003459999999999,0.0,1.0
51,4,0.8,-0.11,1.00013552,-0.0009856,0.0,1.0
51,5,0.23,0.17,1.000093058,0.00012590200000000003,0.0,1.0
51,6,-0.29,0.39,0.999382474,0.0004591859999999999,0.0,1.0
51,7,-0.8,0.6,0.995968,0.005376000000000001,0.0,1.0
51,8,0.51,0.6,1.0025704,0.00218484,0.0,1.0
51,9,0.12,-0.49,1.000403368,-9.8784e-05,0.0,1.0
51,10,-0.61,-0.41,0.998564426,-0.002135854,0.0,1.0
52,0,-0.8,-0.6,0.998488,-0.006048,0.0,1.0
52,1,0.51,-0.6,0.998488,0.0038556,0.0,1.0
52,2,0.0,-0.33,0.999748441,0.0,0.0,1.0
52,3,-0.57,-0.11,0.999990683,-0.000144837,0.0,1.0
52,4,0.8,-0.11,0.999990683,0.00020328000000000002,0.0,1.0
52,5,0.23,0.17,1.000034391,0.00013958700000000002,0.0,1.0
52,6,-0.29,0.39,1.000415233,-0.0009262890000000001,0.0,1.0
52,7,-0.8,0.6,1.001512,-0.006048,0.0,1.0
52,8,0.51,0.6,1.001512,0.0038556,0.0,1.0
52,9,0.12,-0.49,0.999176457,0.000605052,0.0,1.0
52,10,-0.61,-0.41,0.999517553,-0.002153361,0.0,1.0
53,0,-0.8,-0.6,0.998488,-0.006048,0.0,1.0
53,1,0.51,-0.6,0.998488,0.0038556,0.0,1.0
53,2,0.0,-0.33,0.999748441,0.0,0.0,1.0
53,3,-0.57,-0.11,0.999990683,-0.000144837,0.0,1.0
53,4,0.8,-0.11,0.999990683,0.00020328000000000002,0.0,1.0
53,5,0.23,0.17,1.000034391,0.00013958700000000002,0.0,1.0
53,6,-0.29,0.39,1.000415233,-0.0009262890000000001,0.0,1.0
53,7,-0.8,0.6,1.001512,-0.006048,0.0,1.0
53,8,0.51,0.6,1.001512,0.0038556,0.0,1.0
53,9,0.12,-0.49,0.999176457,0.000605052,0.0,1.0
53,10,-0.61,-0.41,0.999517553,-0.002153361,0.0,1.0
54,0,-0.8,-0.6,1.0,-0.006047999999999999,0.0,1.0
54,1,0.51,-0.6,1.0,-0.006047999999999999,0.0,1.0
54,2,0.0,-0.33,1.0,-0.0010062360000000002,0.0,1.0
54,3,-0.57,-0.11,1.0,-3.7268e-05,0.0,1.0
54,4,0.8,-0.11,1.0,-3.7268e-05,0.0,1.0
54,5,0.23,0.17,1.0,0.00013756400000000004,0.0,1.0
54,6,-0.29,0.39,1.0,0.0016609320000000002,0.0,1.0
54,7,-0.8,0.6,1.0,0.006047999999999999,0.0,1.0
54,8,0.51,0.6,1.0,0.006047999999999999,0.0,1.0
54,9,0.12,-0.49,1.0,-0.0032941719999999997,0.0,1.0
54,10,-0.61,-0.41,1.0,-0.0019297879999999993,0.0,1.0
55,0,-0.8,-0.6,1.0,-0.006047999999999999,0.0,1.0
55,1,0.51,-0.6,1.0,-0.006047999999999999,0.0,1.0
55,2,0.0,-0.33,1.0,-0.0010062360000000002,0.0,1.0
55,3,-0.57,-0.11,1.0,-3.7268e-05,0.0,1.0
55,4,0.8,-0.11,1.0,-3.7268e-05,0.0,1.0
55,5,0.23,0.17,1.0,0.00013756400000000004,0.0,1.0
55,6,-0.29,0.39,1.0,0.0016609320000000002,0.0,1.0
55,7,-0.8,0.6,1.0,0.006047999999999999,0.0,1.0
55,8,0.51,0.6,1.0,0.006047999999999999,0.0,1.0
55,9,0.12,-0.49,1.0,-0.0032941719999999997,0.0,1.0
55,10,-0.61,-0.41,1.0,-0.0019297879999999993,0.0,1.0
56,0,-0.8,-0.6,1.014336,0.0,0.0,1.0
56,1,0.51,-0.6,1.00236782035,0.0,0.0,1.0
56,2,0.0,-0.33,1.0,0.0,0.0,1.0
56,3,-0.57,-0.11,1.00369460035,0.0,0.0,1.0
56,4,0.8,-0.11,1.014336,0.0,0.0,1.0
56,5,0.23,0.17,1.00009794435,0.0,0.0,1.0
56,6,-0.29,0.39,1.00024754835,0.0,0.0,1.0
56,7,-0.8,0.6,1.014336,0.0,0.0,1.0
56,8,0.51,0.6,1.00236782035,0.0,0.0,1.0
56,9,0.12,-0.49,1.0000072576,0.0,0.0,1.0
56,10,-0.61,-0.41,1.00484604435,0.0,0.0,1.0
57,0,-0.8,-0.6,1.014336,0.0,0.0,1.0
57,1,0.51,-0.6,1.00236782035,0.0,0.0,1.0
57,2,0.0,-0.33,1.0,0.0,0.0,1.0
57,3,-0.57,-0.11,1.00369460035,0.0,0.0,1.0
57,4,0.8,-0.11,1.014336,0.0,0.0,1.0
57,5,0.23,0.17,1.00009794435,0.0,0.0,1.0
57,6,-0.29,0.39,1.00024754835,0.0,0.0,1.0
57,7,-0.8,0.6,1.014336,0.0,0.0,1.0
57,8,0.51,0.6,1.00236782035,0.0,0.0,1.0
57,9,0.12,-0.49,1.0000072576,0.0,0.0,1.0
57,10,-0.61,-0.41,1.00484604435,0.0,0.0,1.0
58,0,-0.8,-0.6,1.0086016,0.0028672000000000003,0.0,1.0
58,1,0.51,-0.6,0.9977714632,0.00047356407000000004,0.0,1.0
58,2,0.0,-0.33,1.0,0.0,0.0,1.0
58,3,-0.57,-0.11,1.00057039444,0.0007389200699999997,0.0,1.0
58,4,0.8,-0.11,0.99842304,0.0028672000000000003,0.0,1.0
58,5,0.23,0.17,1.00005791492,1.9588870000000003e-05,0.0,1.0
58,6,-0.29,0.39,0.99973367212,4.9509669999999976e-05,0.0,1.0
58,7,-0.8,0.6,0.9913984,0.0028672000000000003,0.0,1.0
58,8,0.51,0.6,1.0022285368,0.00047356407000000004,0.0,1.0
58,9,0.12,-0.49,0.99997629184,1.45152e-06,0.0,1.0
58,10,-0.61,-0.41,1.00260574188,0.00096920887,0.0,1.0
59,0,-0.8,-0.6,1.0086016,0.0028672000000000003,0.0,1.0
59,1,0.51,-0.6,0.9977714632,0.00047356407000000004,0.0,1.0
59,2,0.0,-0.33,1.0,0.0,0.0,1.0
59,3,-0.57,-0.11,1.00057039444,0.0007389200699999997,0.0,1.0
59,4,0.8,-0.11,0.99842304,0.0028672000000000003,0.0,1.0
59,5,0.23,0.17,1.00005791492,1.9588870000000003e-05,0.0,1.0
59,6,-0.29,0.39,0.99973367212,4.9509669999999976e-05,0.0,1.0
59,7,-0.8,0.6,0.9913984,0.0028672000000000003,0.0,1.0
59,8,0.51,0.6,1.0022285368,0.00047356407000000004,0.0,1.0
59,9,0.12,-0.49,0.99997629184,1.45152e-06,0.0,1.0
59,10,-0.61,-0.41,1.00260574188,0.00096920887,0.0,1.0
60,0,-0.8,-0.6,1.0048384,0.0043008000000000005,0.0,1.0
60,1,0.51,-0.6,1.001966356,-0.0011142684,0.0,1.0
60,2,0.0,-0.33,1.0,0.0,0.0,1.0
60,3,-0.57,-0.11,1.00008255709,0.00028519721999999993,0.0,1.0
60,4,0.8,-0.11,1.000162624,-0.00078848,0.0,1.0
60,5,0.23,0.17,1.00003210501,2.8957460000000006e-05,0.0,1.0
60,6,-0.29,0.39,1.00026862381,-0.00013316393999999996,0.0,1.0
60,7,-0.8,0.6,1.0048384,-0.0043008000000000005,0.0,1.0
60,8,0.51,0.6,1.001966356,0.0011142684,0.0,1.0
60,9,0.12,-0.49,1.00007260624,-1.185408e-05,0.0,1.0
60,10,-0.61,-0.41,1.00131355021,0.00130287094,0.0,1.0
61,0,-0.8,-0.6,1.0048384,0.0043008000000000005,0.0,1.0
61,1,0.51,-0.6,1.001966356,-0.0011142684,0.0,1.0
61,2,0.0,-0.33,1.0,0.0,0.0,1.0
61,3,-0.57,-0.11,1.00008255709,0.00028519721999999993,0.0,1.0
61,4,0.8,-0.11,1.000162624,-0.00078848,0.0,1.0
61,5,0.23,0.17,1.00003210501,2.8957460000000006e-05,0.0,1.0
61,6,-0.29,0.39,1.00026862381,-0.00013316393999999996,0.0,1.0
61,7,-0.8,0.6,1.0048384,-0.0043008000000000005,0.0,1.0
61,8,0.51,0.6,1.001966356,0.0011142684,0.0,1.0
61,9,0.12,-0.49,1.00007260624,-1.185408e-05,0.0,1.0
61,10,-0.61,-0.41,1.00131355021,0.00130287094,0.0,1.0
62,0,-0.8,-0.6,1.0024192,0.0048384000000000005,0.0,1.0
62,1,0.51,-0.6,0.99845776,0.001966356,0.0,1.0
62,2,0.0,-0.33,1.0,0.0,0.0,1.0
62,3,-0.57,-0.11,1.00001062138,8.255708999999998e-05,0.0,1.0
62,4,0.8,-0.11,0.9999850928,0.00016262400000000002,0.0,1.0
62,5,0.23,0.17,1.00001581986,3.2105010000000006e-05,0.0,1.0
62,6,-0.29,0.39,0.99975916486,0.00026862380999999997,0.0,1.0
62,7,-0.8,0.6,0.9975808,0.0048384000000000005,0.0,1.0
62,8,0.51,0.6,1.00154224,0.001966356,0.0,1.0
62,9,0.12,-0.49,0.99980234968,7.260623999999999e-05,0.0,1.0
62,10,-0.61,-0.41,1.00058858534,0.0013135502099999997,0.0,1.0
63,0,-0.8,-0.6,1.0024192,0.0048384000000000005,0.0,1.0
63,1,0.51,-0.6,0.99845776,0.001966356,0.0,1.0
63,2,0.0,-0.33,1.0,0.0,0.0,1.0
63,3,-0.57,-0.11,1.00001062138,8.255708999999998e-05,0.0,1.0
63,4,0.8,-0.11,0.9999850928,0.00016262400000000002,0.0,1.0
63,5,0.23,0.17,1.00001581986,3.2105010000000006e-05,0.0,1.0
63,6,-0.29,0.39,0.99975916486,0.00026862380999999997,0.0,1.0
63,7,-0.8,0.6,0.9975808,0.0048384000000000005,0.0,1.0
63,8,0.51,0.6,1.00154224,0.001966356,0.0,1.0
63,9,0.12,-0.49,0.99980234968,7.260623999999999e-05,0.0,1.0
63,10,-0.61,-0.41,1.00058858534,0.0013135502099999997,0.0,1.0
64,0,-0.8,-0.6,1.0009072,0.0048384000000000005,0.0,1.0
64,1,0.51,-0.6,1.0009072,-0.00308448,0.0,1.0
64,2,0.0,-0.33,1.00008301447,0.0,0.0,1.0
64,3,-0.57,-0.11,1.00000102487,2.124276e-05,0.0,1.0
64,4,0.8,-0.11,1.00000102487,-2.9814400000000007e-05,0.0,1.0
64,5,0.23,0.17,1.00000584647,3.163972000000001e-05,0.0,1.0
64,6,-0.29,0.39,1.00016194087,-0.00048167028,0.0,1.0
64,7,-0.8,0.6,1.0009072,-0.0048384000000000005,0.0,1.0
64,8,0.51,0.6,1.0009072,0.00308448,0.0,1.0
64,9,0.12,-0.49,1.00040353607,-0.00039530064,0.0,1.0
64,10,-0.61,-0.41,1.00019780327,0.0011771706799999998,0.0,1.0
65,0,-0.8,-0.6,1.0009072,0.0048384000000000005,0.0,1.0
65,1,0.51,-0.6,1.0009072,-0.00308448,0.0,1.0
65,2,0.0,-0.33,1.00008301447,0.0,0.0,1.0
65,3,-0.57,-0.11,1.00000102487,2.124276e-05,0.0,1.0
65,4,0.8,-0.11,1.00000102487,-2.9814400000000007e-05,0.0,1.0
65,5,0.23,0.17,1.00000584647,3.163972000000001e-05,0.0,1.0
65,6,-0.29,0.39,1.00016194087,-0.00048167028,0.0,1.0
65,7,-0.8,0.6,1.0009072,-0.0048384000000000005,0.0,1.0
65,8,0.51,0.6,1.0009072,0.00308448,0.0,1.0
65,9,0.12,-0.49,1.00040353607,-0.00039530064,0.0,1.0
65,10,-0.61,-0.41,1.00019780327,0.0011771706799999998,0.0,1.0
66,0,-0.8,-0.6,1.0,0.004536,0.0,1.0
66,1,0.51,-0.6,1.0,0.004536,0.0,1.0
66,2,0.0,-0.33,1.0,0.0004150723500000001,0.0,1.0
66,3,-0.57,-0.11,1.0,5.124350000000001e-06,0.0,1.0
66,4,0.8,-0.11,1.0,5.124350000000001e-06,0.0,1.0
66,5,0.23,0.17,1.0,2.923235000000001e-05,0.0,1.0
66,6,-0.29,0.39,1.0,0.0008097043500000002,0.0,1.0
66,7,-0.8,0.6,1.0,0.004536,0.0,1.0
66,8,0.51,0.6,1.0,0.004536,0.0,1.0
66,9,0.12,-0.49,1.0,0.0020176803500000003,0.0,1.0
66,10,-0.61,-0.41,1.0,0.00098901635,0.0,1.0
67,0,-0.8,-0.6,1.0,0.004536,0.0,1.0
67,1,0.51,-0.6,1.0,0.004536,0.0,1.0
67,2,0.0,-0.33,1.0,0.0004150723500000001,0.0,1.0
67,3,-0.57,-0.11,1.0,5.124350000000001e-06,0.0,1.0
67,4,0.8,-0.11,1.0,5.124350000000001e-06,0.0,1.0
67,5,0.23,0.17,1.0,2.923235000000001e-05,0.0,1.0
67,6,-0.29,0.39,1.0,0.0008097043500000002,0.0,1.0
67,7,-0.8,0.6,1.0,0.004536,0.0,1.0
67,8,0.51,0.6,1.0,0.004536,0.0,1.0
67,9,0.12,-0.49,1.0,0.0020176803500000003,0.0,1.0
67,10,-0.61,-0.41,1.0,0.00098901635,0.0,1.0
68,0,-0.8,-0.6,0.98623744,0.0,0.0,1.0
68,1,0.51,-0.6,1.0014491060542,0.0,0.0,1.0
68,2,0.0,-0.33,1.0,0.0,0.0,1.0
68,3,-0.57,-0.11,0.9974728933606,0.0,0.0,1.0
68,4,0.8,-0.11,1.01376256,0.0,0.0,1.0
68,5,0.23,0.17,1.0000270326406,0.0,0.0,1.0
68,6,-0.29,0.39,0.9999138531742,0.0,0.0,1.0
68,7,-0.8,0.6,0.98623744,0.0,0.0,1.0
68,8,0.51,0.6,1.0014491060542,0.0,0.0,1.0
68,9,0.12,-0.49,1.0000010450944,0.0,0.0,1.0
68,10,-0.61,-0.41,0.9964526955358,0.0,0.0,1.0
69,0,-0.8,-0.6,0.98623744,0.0,0.0,1.0
69,1,0.51,-0.6,1.0014491060542,0.0,0.0,1.0
69,2,0.0,-0.33,1.0,0.0,0.0,1.0
69,3,-0.57,-0.11,0.9974728933606,0.0,0.0,1.0
69,4,0.8,-0.11,1.01376256,0.0,0.0,1.0
69,5,0.23,0.17,1.0000270326406,0.0,0.0,1.0
69,6,-0.29,0.39,0.9999138531742,0.0,0.0,1.0
69,7,-0.8,0.6,0.98623744,0.0,0.0,1.0
69,8,0.51,0.6,1.0014491060542,0.0,0.0,1.0
69,9,0.12,-0.49,1.0000010450944,0.0,0.0,1.0
69,10,-0.61,-0.41,0.9964526955358,0.0,0.0,1.0
70,0,-0.8,-0.6,0.9913984,-0.00229376,0.0,1.0
70,1,0.51,-0.6,0.99857930779,0.00024151767570000003,0.0,1.0
70,2,0.0,-0.33,1.0,0.0,0.0,1.0
70,3,-0.57,-0.11,0.9995935939615,-0.0004211844398999998,0.0,1.0
70,4,0.8,-0.11,0.99842304,0.00229376,0.0,1.0
70,5,0.23,0.17,1.0000166505395,4.505440100000001e-06,0.0,1.0
70,6,-0.29,0.39,1.0000965438565,-1.4357804299999992e-05,0.0,1.0
70,7,-0.8,0.6,1.0086016,-0.00229376,0.0,1.0
70,8,0.51,0.6,1.00142069221,0.00024151767570000003,0.0,1.0
70,9,0.12,-0.49,0.999996443776,1.7418239999999999e-07,0.0,1.0
70,10,-0.61,-0.41,0.9980131218165,-0.0005912174107,0.0,1.0
71,0,-0.8,-0.6,0.9913984,-0.00229376,0.0,1.0
71,1,0.51,-0.6,0.99857930779,0.00024151767570000003,0.0,1.0
71,2,0.0,-0.33,1.0,0.0,0.0,1.0
71,3,-0.57,-0.11,0.9995935939615,-0.0004211844398999998,0.0,1.0
71,4,0.8,-0.11,0.99842304,0.00229376,0.0,1.0
71,5,0.23,0.17,1.0000166505395,4.505440100000001e-06,0.0,1.0
71,6,-0.29,0.39,1.0000965438565,-1.4357804299999992e-05,0.0,1.0
71,7,-0.8,0.6,1.0086016,-0.00229376,0.0,1.0
71,8,0.51,0.6,1.00142069221,0.00024151767570000003,0.0,1.0
71,9,0.12,-0.49,0.999996443776,1.7418239999999999e-07,0.0,1.0
71,10,-0.61,-0.41,0.9980131218165,-0.0005912174107,0.0,1.0
72,0,-0.8,-0.6,0.99483904,-0.0034406400000000005,0.0,1.0
72,1,0.51,-0.6,1.00133712208,-0.000568276884,0.0,1.0
72,2,0.0,-0.33,1.0,0.0,0.0,1.0
72,3,-0.57,-0.11,0.9999372566116,-0.00016256241539999995,0.0,1.0
72,4,0.8,-0.11,1.0001734656,-0.0006307840000000001,0.0,1.0
72,5,0.23,0.17,1.0000098455364,6.660215800000002e-06,0.0,1.0
72,6,-0.29,0.39,0.9998961321268,3.8617542599999985e-05,0.0,1.0
72,7,-0.8,0.6,0.99483904,0.0034406400000000005,0.0,1.0
72,8,0.51,0.6,1.00133712208,0.000568276884,0.0,1.0
72,9,0.12,-0.49,1.0000116169984,-1.4224896e-06,0.0,1.0
72,10,-0.61,-0.41,0.9989316458292,-0.0007947512734,0.0,1.0
73,0,-0.8,-0.6,0.99483904,-0.0034406400000000005,0.0,1.0
73,1,0.51,-0.6,1.00133712208,-0.000568276884,0.0,1.0
73,2,0.0,-0.33,1.0,0.0,0.0,1.0
73,3,-0.57,-0.11,0.9999372566116,-0.00016256241539999995,0.0,1.0
73,4,0.8,-0.11,1.0001734656,-0.0006307840000000001,0.0,1.0
73,5,0.23,0.17,1.0000098455364,6.660215800000002e-06,0.0,1.0
73,6,-0.29,0.39,0.9998961321268,3.8617542599999985e-05,0.0,1.0
73,7,-0.8,0.6,0.99483904,0.0034406400000000005,0.0,1.0
73,8,0.51,0.6,1.00133712208,0.000568276884,0.0,1.0
73,9,0.12,-0.49,1.0000116169984,-1.4224896e-06,0.0,1.0
73,10,-0.61,-0.41,0.9989316458292,-0.0007947512734,0.0,1.0
74,0,-0.8,-0.6,0.99709696,-0.0038707200000000007,0.0,1.0
74,1,0.51,-0.6,0.9988201864,0.00100284156,0.0,1.0
74,2,0.0,-0.33,1.0,0.0,0.0,1.0
74,3,-0.57,-0.11,0.9999909187201,-4.705754129999999e-05,0.0,1.0
74,4,0.8,-0.11,0.99998211136,0.00013009920000000004,0.0,1.0
74,5,0.23,0.17,1.0000054578517,7.384152300000002e-06,0.0,1.0
74,6,-0.29,0.39,1.0001047632859,-7.79009049e-05,0.0,1.0
74,7,-0.8,0.6,1.00290304,-0.0038707200000000007,0.0,1.0
74,8,0.51,0.6,1.0011798136,0.00100284156,0.0,1.0
74,9,0.12,-0.49,0.9999644229424,8.712748799999998e-06,0.0,1.0
74,10,-0.61,-0.41,0.9994614444139,-0.0008012656281,0.0,1.0
75,0,-0.8,-0.6,0.99709696,-0.0038707200000000007,0.0,1.0
75,1,0.51,-0.6,0.9988201864,0.00100284156,0.0,1.0
75,2,0.0,-0.33,1.0,0.0,0.0,1.0
75,3,-0.57,-0.11,0.9999909187201,-4.705754129999999e-05,0.0,1.0
75,4,0.8,-0.11,0.99998211136,0.00013009920000000004,0.0,1.0
75,5,0.23,0.17,1.0000054578517,7.384152300000002e-06,0.0,1.0
75,6,-0.29,0.39,1.0001047632859,-7.79009049e-05,0.0,1.0
75,7,-0.8,0.6,1.00290304,-0.0038707200000000007,0.0,1.0
75,8,0.51,0.6,1.0011798136,0.00100284156,0.0,1.0
75,9,0.12,-0.49,0.9999644229424,8.712748799999998e-06,0.0,1.0
75,10,-0.61,-0.41,0.9994614444139,-0.0008012656281,0.0,1.0
76,0,-0.8,-0.6,0.99854848,-0.0038707200000000002,0.0,1.0
76,1,0.51,-0.6,1.000925344,-0.0015730847999999998,0.0,1.0
76,2,0.0,-0.33,1.0,0.0,0.0,1.0
76,3,-0.57,-0.11,0.9999988316482,-1.2108373199999998e-05,0.0,1.0
76,4,0.8,-0.11,1.000001639792,-2.385152e-05,0.0,1.0
76,5,0.23,0.17,1.0000026893762,7.277135600000002e-06,0.0,1.0
76,6,-0.29,0.39,0.9999060742954,0.00013968438119999998,0.0,1.0
76,7,-0.8,0.6,0.99854848,0.0038707200000000002,0.0,1.0
76,8,0.51,0.6,1.000925344,0.0015730847999999998,0.0,1.0
76,9,0.12,-0.49,1.0000968486568,-4.74360768e-05,0.0,1.0
76,10,-0.61,-0.41,0.9997586800106,-0.0007180741147999999,0.0,1.0
77,0,-0.8,-0.6,0.99854848,-0.0038707200000000002,0.0,1.0
77,1,0.51,-0.6,1.000925344,-0.0015730847999999998,0.0,1.0
77,2,0.0,-0.33,1.0,0.0,0.0,1.0
77,3,-0.57,-0.11,0.9999988316482,-1.2108373199999998e-05,0.0,1.0
77,4,0.8,-0.11,1.000001639792,-2.385152e-05,0.0,1.0
77,5,0.23,0.17,1.0000026893762,7.277135600000002e-06,0.0,1.0
77,6,-0.29,0.39,0.9999060742954,0.00013968438119999998,0.0,1.0
77,7,-0.8,0.6,0.99854848,0.0038707200000000002,0.0,1.0
77,8,0.51,0.6,1.000925344,0.0015730847999999998,0.0,1.0
77,9,0.12,-0.49,1.0000968486568,-4.74360768e-05,0.0,1.0
77,10,-0.61,-0.41,0.9997586800106,-0.0007180741147999999,0.0,1.0
78,0,-0.8,-0.6,0.99945568,-0.0036288,0.0,1.0
78,1,0.51,-0.6,0.99945568,0.00231336,0.0,1.0
78,2,0.0,-0.33,0.9999726052249,0.0,0.0,1.0
78,3,-0.57,-0.11,0.9999998872643,-2.9208795e-06,0.0,1.0
78,4,0.8,-0.11,0.9999998872643,4.099480000000001e-06,0.0,1.0
78,5,0.23,0.17,1.0000009938999,6.723440500000003e-06,0.0,1.0
78,6,-0.29,0.39,1.0000631569393,-0.00023481426150000003,0.0,1.0
78,7,-0.8,0.6,1.00054432,-0.0036288,0.0,1.0
78,8,0.51,0.6,1.00054432,0.00231336,0.0,1.0
78,9,0.12,-0.49,0.9998022673257,0.00024212164200000002,0.0,1.0
78,10,-0.61,-0.41,0.9999189006593,-0.0006032999734999998,0.0,1.0
79,0,-0.8,-0.6,0.99945568,-0.0036288,0.0,1.0
79,1,0.51,-0.6,0.99945568,0.00231336,0.0,1.0
79,2,0.0,-0.33,0.9999726052249,0.0,0.0,1.0
79,3,-0.57,-0.11,0.9999998872643,-2.9208795e-06,0.0,1.0
79,4,0.8,-0.11,0.9999998872643,4.099480000000001e-06,0.0,1.0
79,5,0.23,0.17,1.0000009938999,6.723440500000003e-06,0.0,1.0
79,6,-0.29,0.39,1.0000631569393,-0.00023481426150000003,0.0,1.0
79,7,-0.8,0.6,1.00054432,-0.0036288,0.0,1.0
79,8,0.51,0.6,1.00054432,0.00231336,0.0,1.0
79,9,0.12,-0.49,0.9998022673257,0.00024212164200000002,0.0,1.0
79,10,-0.61,-0.41,0.9999189006593,-0.0006032999734999998,0.0,1.0
80,0,-0.8,-0.6,1.0,-0.00326592,0.0,1.0
80,1,0.51,-0.6,1.0,-0.00326592,0.0,1.0
80,2,0.0,-0.33,1.0,-0.00016436865060000003,0.0,1.0
80,3,-0.57,-0.11,1.0,-6.764142e-07,0.0,1.0
80,4,0.8,-0.11,1.0,-6.764142e-07,0.0,1.0
80,5,0.23,0.17,1.0,5.963399400000003e-06,0.0,1.0
80,6,-0.29,0.39,1.0,0.0003789416358000001,0.0,1.0
80,7,-0.8,0.6,1.0,0.00326592,0.0,1.0
80,8,0.51,0.6,1.0,0.00326592,0.0,1.0
80,9,0.12,-0.49,1.0,-0.0011863960458,0.0,1.0
80,10,-0.61,-0.41,1.0,-0.00048659604419999984,0.0,1.0
81,0,-0.8,-0.6,1.0,-0.00326592,0.0,1.0
81,1,0.51,-0.6,1.0,-0.00326592,0.0,1.0
81,2,0.0,-0.33,1.0,-0.00016436865060000003,0.0,1.0
81,3,-0.57,-0.11,1.0,-6.764142e-07,0.0,1.0
81,4,0.8,-0.11,1.0,-6.764142e-07,0.0,1.0
81,5,0.23,0.17,1.0,5.963399400000003e-06,0.0,1.0
81,6,-0.29,0.39,1.0,0.0003789416358000001,0.0,1.0
81,7,-0.8,0.6,1.0,0.00326592,0.0,1.0
81,8,0.51,0.6,1.0,0.00326592,0.0,1.0
81,9,0.12,-0.49,1.0,-0.0011863960458,0.0,1.0
81,10,-0.61,-0.41,1.0,-0.00048659604419999984,0.0,1.0
82,0,-0.8,-0.6,1.012845056,0.0,0.0,1.0
82,1,0.51,-0.6,1.000862218102249,0.0,0.0,1.0
82,2,0.0,-0.33,1.0,0.0,0.0,1.0
82,3,-0.57,-0.11,1.001680525915201,0.0,0.0,1.0
82,4,0.8,-0.11,1.012845056,0.0,0.0,1.0
82,5,0.23,0.17,1.000007253758561,0.0,0.0,1.0
82,6,-0.29,0.39,1.000029146342729,0.0,0.0,1.0
82,7,-0.8,0.6,1.012845056,0.0,0.0,1.0
82,8,0.51,0.6,1.000862218102249,0.0,0.0,1.0
82,9,0.12,-0.49,1.000000146313216,0.0,0.0,1.0
82,10,-0.61,-0.41,1.002524498343689,0.0,0.0,1.0
83,0,-0.8,-0.6,1.012845056,0.0,0.0,1.0
83,1,0.51,-0.6,1.000862218102249,0.0,0.0,1.0
83,2,0.0,-0.33,1.0,0.0,0.0,1.0
83,3,-0.57,-0.11,1.001680525915201,0.0,0.0,1.0
83,4,0.8,-0.11,1.012845056,0.0,0.0,1.0
83,5,0.23,0.17,1.000007253758561,0.0,0.0,1.0
83,6,-0.29,0.39,1.000029146342729,0.0,0.0,1.0
83,7,-0.8,0.6,1.012845056,0.0,0.0,1.0
83,8,0.51,0.6,1.000862218102249,0.0,0.0,1.0
83,9,0.12,-0.49,1.000000146313216,0.0,0.0,1.0
83,10,-0.61,-0.41,1.002524498343689,0.0,0.0,1.0
84,0,-0.8,-0.6,1.008257536,0.0018350080000000002,0.0,1.0
84,1,0.51,-0.6,0.99913053636748,0.00012317401460700003,0.0,1.0
84,2,0.0,-0.33,1.0,0.0,0.0,1.0
84,3,-0.57,-0.11,1.000277981730334,0.00024007513074299986,0.0,1.0
84,4,0.8,-0.11,0.9984861184,0.0018350080000000002,0.0,1.0
84,5,0.23,0.17,1.000004595548902,1.0362512230000003e-06,0.0,1.0
84,6,-0.29,0.39,0.999966402737938,4.1637632469999975e-06,0.0,1.0
84,7,-0.8,0.6,0.991742464,0.0018350080000000002,0.0,1.0
84,8,0.51,0.6,1.00086946363252,0.00012317401460700003,0.0,1.0
84,9,0.12,-0.49,0.999999487903744,2.0901887999999998e-08,0.0,1.0
84,10,-0.61,-0.41,1.001454394830322,0.000360642620527,0.0,1.0
85,0,-0.8,-0.6,1.008257536,0.0018350080000000002,0.0,1.0
85,1,0.51,-0.6,0.99913053636748,0.00012317401460700003,0.0,1.0
85,2,0.0,-0.33,1.0,0.0,0.0,1.0
85,3,-0.57,-0.11,1.000277981730334,0.00024007513074299986,0.0,1.0
85,4,0.8,-0.11,0.9984861184,0.0018350080000000002,0.0,1.0
85,5,0.23,0.17,1.000004595548902,1.0362512230000003e-06,0.0,1.0
85,6,-0.29,0.39,0.999966402737938,4.1637632469999975e-06,0.0,1.0
85,7,-0.8,0.6,0.991742464,0.0018350080000000002,0.0,1.0
85,8,0.51,0.6,1.00086946363252,0.00012317401460700003,0.0,1.0
85,9,0.12,-0.49,0.999999487903744,2.0901887999999998e-08,0.0,1.0
85,10,-0.61,-0.41,1.001454394830322,0.000360642620527,0.0,1.0
86,0,-0.8,-0.6,1.00516096,0.002752512,0.0,1.0
86,1,0.51,-0.6,1.000852415326,-0.00028982121084000003,0.0,1.0
86,2,0.0,-0.33,1.0,0.0,0.0,1.0
86,3,-0.57,-0.11,1.000044704664235,9.266057677799995e-05,0.0,1.0
86,4,0.8,-0.11,1.0001734656,-0.0005046272000000001,0.0,1.0
86,5,0.23,0.17,1.000002830591715,1.5318496340000006e-06,0.0,1.0
86,6,-0.29,0.39,1.000037652104035,-1.1199087353999994e-05,0.0,1.0
86,7,-0.8,0.6,1.00516096,-0.002752512,0.0,1.0
86,8,0.51,0.6,1.000852415326,0.00028982121084000003,0.0,1.0
86,9,0.12,-0.49,1.00000174254976,-1.7069875199999999e-07,0.0,1.0
86,10,-0.61,-0.41,1.000814620055235,0.00048479827677400003,0.0,1.0
87,0,-0.8,-0.6,1.00516096,0.002752512,0.0,1.0
87,1,0.51,-0.6,1.000852415326,-0.00028982121084000003,0.0,1.0
87,2,0.0,-0.33,1.0,0.0,0.0,1.0
87,3,-0.57,-0.11,1.000044704664235,9.266057677799995e-05,0.0,1.0
87,4,0.8,-0.11,1.0001734656,-0.0005046272000000001,0.0,1.0
87,5,0.23,0.17,1.000002830591715,1.5318496340000006e-06,0.0,1.0
87,6,-0.29,0.39,1.000037652104035,-1.1199087353999994e-05,0.0,1.0
87,7,-0.8,0.6,1.00516096,-0.002752512,0.0,1.0
87,8,0.51,0.6,1.000852415326,0.00028982121084000003,0.0,1.0
87,9,0.12,-0.49,1.00000174254976,-1.7069875199999999e-07,0.0,1.0
87,10,-0.61,-0.41,1.000814620055235,0.00048479827677400003,0.0,1.0
88,0,-0.8,-0.6,1.003096576,0.003096576000000001,0.0,1.0
88,1,0.51,-0.6,0.999197726752,0.0005114491956,0.0,1.0
88,2,0.0,-0.33,1.0,0.0,0.0,1.0
88,3,-0.57,-0.11,1.000006901772724,2.6822798540999996e-05,0.0,1.0
88,4,0.8,-0.11,0.999980918784,0.00010407936000000003,0.0,1.0
88,5,0.23,0.17,1.000001673741188,1.6983550290000006e-06,0.0,1.0
88,6,-0.29,0.39,0.999959491529452,2.2591262420999997e-05,0.0,1.0
88,7,-0.8,0.6,0.996903424,0.003096576000000001,0.0,1.0
88,8,0.51,0.6,1.000802273248,0.0005114491956,0.0,1.0
88,9,0.12,-0.49,0.999994307670784,1.0455298559999999e-06,0.0,1.0
88,10,-0.61,-0.41,1.000438025210028,0.0004887720331409999,0.0,1.0
89,0,-0.8,-0.6,1.003096576,0.003096576000000001,0.0,1.0
89,1,0.51,-0.6,0.999197726752,0.0005114491956,0.0,1.0
89,2,0.0,-0.33,1.0,0.0,0.0,1.0
89,3,-0.57,-0.11,1.000006901772724,2.6822798540999996e-05,0.0,1.0
89,4,0.8,-0.11,0.999980918784,0.00010407936000000003,0.0,1.0
89,5,0.23,0.17,1.000001673741188,1.6983550290000006e-06,0.0,1.0
89,6,-0.29,0.39,0.999959491529452,2.2591262420999997e-05,0.0,1.0
89,7,-0.8,0.6,0.996903424,0.003096576000000001,0.0,1.0
89,8,0.51,0.6,1.000802273248,0.0005114491956,0.0,1.0
89,9,0.12,-0.49,0.999994307670784,1.0455298559999999e-06,0.0,1.0
89,10,-0.61,-0.41,1.000438025210028,0.0004887720331409999,0.0,1.0
90,0,-0.8,-0.6,1.001741824,0.0030965759999999998,0.0,1.0
90,1,0.51,-0.6,1.00070788816,-0.0008022732479999999,0.0,1.0
90,2,0.0,-0.33,1.0,0.0,0.0,1.0
90,3,-0.57,-0.11,1.000000998940789,6.901772723999998e-06,0.0,1.0
90,4,0.8,-0.11,1.0000019677504,-1.9081216000000003e-05,0.0,1.0
90,5,0.23,0.17,1.000000927834789,1.6737411880000005e-06,0.0,1.0
90,6,-0.29,0.39,1.000040857681501,-4.0508470547999984e-05,0.0,1.0
90,7,-0.8,0.6,1.001741824,-0.0030965759999999998,0.0,1.0
90,8,0.51,0.6,1.00070788816,0.0008022732479999999,0.0,1.0
90,9,0.12,-0.49,1.000017432758224,-5.692329215999999e-06,0.0,1.0
90,10,-0.61,-0.41,1.000220807790301,0.0004380252100279999,0.0,1.0
91,0,-0.8,-0.6,1.001741824,0.0030965759999999998,0.0,1.0
91,1,0.51,-0.6,1.00070788816,-0.0008022732479999999,0.0,1.0
91,2,0.0,-0.33,1.0,0.0,0.0,1.0
91,3,-0.57,-0.11,1.000000998940789,6.901772723999998e-06,0.0,1.0
91,4,0.8,-0.11,1.0000019677504,-1.9081216000000003e-05,0.0,1.0
91,5,0.23,0.17,1.000000927834789,1.6737411880000005e-06,0.0,1.0
91,6,-0.29,0.39,1.000040857681501,-4.0508470547999984e-05,0.0,1.0
91,7,-0.8,0.6,1.001741824,-0.0030965759999999998,0.0,1.0
91,8,0.51,0.6,1.00070788816,0.0008022732479999999,0.0,1.0
91,9,0.12,-0.49,1.000017432758224,-5.692329215999999e-06,0.0,1.0
91,10,-0.61,-0.41,1.000220807790301,0.0004380252100279999,0.0,1.0
92,0,-0.8,-0.6,1.000870912,0.0029030400000000004,0.0,1.0
92,1,0.51,-0.6,0.9994447936,0.0011798135999999998,0.0,1.0
92,2,0.0,-0.33,1.0,0.0,0.0,1.0
92,3,-0.57,-0.11,1.000000128518698,1.6649013149999997e-06,0.0,1.0
92,4,0.8,-0.11,0.99999981962288,3.2795840000000007e-06,0.0,1.0
92,5,0.23,0.17,1.000000457193954,1.546391315000001e-06,0.0,1.0
92,6,-0.29,0.39,0.999963368975206,6.8096135835e-05,0.0,1.0
92,7,-0.8,0.6,0.999129088,0.0029030400000000004,0.0,1.0
92,8,0.51,0.6,1.0005552064,0.0011798135999999998,0.0,1.0
92,9,0.12,-0.49,0.999952544158168,2.9054597040000006e-05,0.0,1.0
92,10,-0.61,-0.41,1.000098941195654,0.00036801298383499993,0.0,1.0
93,0,-0.8,-0.6,1.000870912,0.0029030400000000004,0.0,1.0
93,1,0.51,-0.6,0.9994447936,0.0011798135999999998,0.0,1.0
93,2,0.0,-0.33,1.0,0.0,0.0,1.0
93,3,-0.57,-0.11,1.000000128518698,1.6649013149999997e-06,0.0,1.0
93,4,0.8,-0.11,0.99999981962288,3.2795840000000007e-06,0.0,1.0
93,5,0.23,0.17,1.000000457193954,1.546391315000001e-06,0.0,1.0
93,6,-0.29,0.39,0.999963368975206,6.8096135835e-05,0.0,1.0
93,7,-0.8,0.6,0.999129088,0.0029030400000000004,0.0,1.0
93,8,0.51,0.6,1.0005552064,0.0011798135999999998,0.0,1.0
93,9,0.12,-0.49,0.999952544158168,2.9054597040000006e-05,0.0,1.0
93,10,-0.61,-0.41,1.000098941195654,0.00036801298383499993,0.0,1.0
94,0,-0.8,-0.6,1.000326592,0.002612736,0.0,1.0
94,1,0.51,-0.6,1.000326592,-0.0016656192,0.0,1.0
94,2,0.0,-0.33,1.000009040275783,0.0,0.0,1.0
94,3,-0.57,-0.11,1.000000012400927,3.8555609400000004e-07,0.0,1.0
94,4,0.8,-0.11,1.000000012400927,-5.4113136e-07,0.0,1.0
94,5,0.23,0.17,1.000000168962983,1.3715818620000002e-06,0.0,1.0
94,6,-0.29,0.39,1.000024631206327,-0.00010989307438200003,0.0,1.0
94,7,-0.8,0.6,1.000326592,-0.002612736,0.0,1.0
94,8,0.51,0.6,1.000326592,0.0016656192,0.0,1.0
94,9,0.12,-0.49,1.000096889010407,-0.000142367525496,0.0,1.0
94,10,-0.61,-0.41,1.000033250729687,0.0002968235869619999,0.0,1.0
95,0,-0.8,-0.6,1.000326592,0.002612736,0.0,1.0
95,1,0.51,-0.6,1.000326592,-0.0016656192,0.0,1.0
95,2,0.0,-0.33,1.000009040275783,0.0,0.0,1.0
95,3,-0.57,-0.11,1.000000012400927,3.8555609400000004e-07,0.0,1.0
95,4,0.8,-0.11,1.000000012400927,-5.4113136e-07,0.0,1.0
95,5,0.23,0.17,1.000000168962983,1.3715818620000002e-06,0.0,1.0
95,6,-0.29,0.39,1.000024631206327,-0.00010989307438200003,0.0,1.0
95,7,-0.8,0.6,1.000326592,-0.002612736,0.0,1.0
95,8,0.51,0.6,1.000326592,0.0016656192,0.0,1.0
95,9,0.12,-0.49,1.000096889010407,-0.000142367525496,0.0,1.0
95,10,-0.61,-0.41,1.000033250729687,0.0002968235869619999,0.0,1.0
96,0,-0.8,-0.6,1.0,0.002286144,0.0,1.0
96,1,0.51,-0.6,1.0,0.002286144,0.0,1.0
96,2,0.0,-0.33,1.0,6.328193048100002e-05,0.0,1.0
96,3,-0.57,-0.11,1.0,8.680648899999999e-08,0.0,1.0
96,4,0.8,-0.11,1.0,8.680648899999999e-08,0.0,1.0
96,5,0.23,0.17,1.0,1.1827408810000005e-06,0.0,1.0
96,6,-0.29,0.39,1.0,0.00017241844428900007,0.0,1.0
96,7,-0.8,0.6,1.0,0.002286144,0.0,1.0
96,8,0.51,0.6,1.0,0.002286144,0.0,1.0
96,9,0.12,-0.49,1.0,0.000678223072849,0.0,1.0
96,10,-0.61,-0.41,1.0,0.000232755107809,0.0,1.0
97,0,-0.8,-0.6,1.0,0.002286144,0.0,1.0
97,1,0.51,-0.6,1.0,0.002286144,0.0,1.0
97,2,0.0,-0.33,1.0,6.328193048100002e-05,0.0,1.0
97,3,-0.57,-0.11,1.0,8.680648899999999e-08,0.0,1.0
97,4,0.8,-0.11,1.0,8.680648899999999e-08,0.0,1.0
97,5,0.23,0.17,1.0,1.1827408810000005e-06,0.0,1.0
97,6,-0.29,0.39,1.0,0.00017241844428900007,0.0,1.0
97,7,-0.8,0.6,1.0,0.002286144,0.0,1.0
97,8,0.51,0.6,1.0,0.002286144,0.0,1.0
97,9,0.12,-0.49,1.0,0.000678223072849,0.0,1.0
97,10,-0.61,-0.41,1.0,0.000232755107809,0.0,1.0
98,0,-0.8,-0.6,1.0,0.0,0.0,1.0
98,1,0.51,-0.6,1.0,0.0,0.0,1.0
98,2,0.0,-0.33,1.0,0.0,0.0,1.0
98,3,-0.57,-0.11,1.0,0.0,0.0,1.0
98,4,0.8,-0.11,1.0,0.0,0.0,1.0
98,5,0.23,0.17,1.0,0.0,0.0,1.0
98,6,-0.29,0.39,1.0,0.0,0.0,1.0
98,7,-0.8,0.6,1.0,0.0,0.0,1.0
98,8,0.51,0.6,1.0,0.0,0.0,1.0
98,9,0.12,-0.49,1.0,0.0,0.0,1.0
98,10,-0.61,-0.41,1.0,0.0,0.0,1.0
99,0,-0.8,-0.6,1.0,0.0,0.0,1.0
99,1,0.51,-0.6,1.0,0.0,0.0,1.0
99,2,0.0,-0.33,1.0,0.0,0.0,1.0
99,3,-0.57,-0.11,1.0,0.0,0.0,1.0
99,4,0.8,-0.11,1.0,0.0,0.0,1.0
99,5,0.23,0.17,1.0,0.0,0.0,1.0
99,6,-0.29,0.39,1.0,0.0,0.0,1.0
99,7,-0.8,0.6,1.0,0.0,0.0,1.0
99,8,0.51,0.6,1.0,0.0,0.0,1.0
99,9,0.12,-0.49,1.0,0.0,0.0,1.0
99,10,-0.61,-0.41,1.0,0.0,0.0,1.0
100,0,-0.8,-0.6,1.0,0.0,0.007,1.0
100,1,0.51,-0.6,1.0,0.0,0.007,1.0
100,2,0.0,-0.33,1.0,0.0,0.007,1.0
100,3,-0.57,-0.11,1.0,0.0,0.007,1.0
100,4,0.8,-0.11,1.0,0.0,0.007,1.0
100,5,0.23,0.17,1.0,0.0,0.007,1.0
100,6,-0.29,0.39,1.0,0.0,0.007,1.0
100,7,-0.8,0.6,1.0,0.0,0.007,1.0
100,8,0.51,0.6,1.0,0.0,0.007,1.0
100,9,0.12,-0.49,1.0,0.0,0.007,1.0
100,10,-0.61,-0.41,1.0,0.0,0.007,1.0
101,0,-0.8,-0.6,1.0,0.0,0.007,1.0
101,1,0.51,-0.6,1.0,0.0,0.007,1.0
101,2,0.0,-0.33,1.0,0.0,0.007,1.0
101,3,-0.57,-0.11,1.0,0.0,0.007,1.0
101,4,0.8,-0.11,1.0,0.0,0.007,1.0
101,5,0.23,0.17,1.0,0.0,0.007,1.0
101,6,-0.29,0.39,1.0,0.0,0.007,1.0
101,7,-0.8,0.6,1.0,0.0,0.007,1.0
101,8,0.51,0.6,1.0,0.0,0.007,1.0
101,9,0.12,-0.49,1.0,0.0,0.007,1.0
101,10,-0.61,-0.41,1.0,0.0,0.007,1.0
102,0,-0.8,-0.6,1.0,0.0,0.0,1.007
102,1,0.51,-0.6,1.0,0.0,0.0,1.007
102,2,0.0,-0.33,1.0,0.0,0.0,1.007
102,3,-0.57,-0.11,1.0,0.0,0.0,1.007
102,4,0.8,-0.11,1.0,0.0,0.0,1.007
102,5,0.23,0.17,1.0,0.0,0.0,1.007
102,6,-0.29,0.39,1.0,0.0,0.0,1.007
102,7,-0.8,0.6,1.0,0.0,0.0,1.007
102,8,0.51,0.6,1.0,0.0,0.0,1.007
102,9,0.12,-0.49,1.0,0.0,0.0,1.007
102,10,-0.61,-0.41,1.0,0.0,0.0,1.007
103,0,-0.8,-0.6,1.0,0.0,0.0,1.007
103,1,0.51,-0.6,1.0,0.0,0.0,1.007
103,2,0.0,-0.33,1.0,0.0,0.0,1.007
103,3,-0.57,-0.11,1.0,0.0,0.0,1.007
103,4,0.8,-0.11,1.0,0.0,0.0,1.007
103,5,0.23,0.17,1.0,0.0,0.0,1.007
103,6,-0.29,0.39,1.0,0.0,0.0,1.007
103,7,-0.8,0.6,1.0,0.0,0.0,1.007
103,8,0.51,0.6,1.0,0.0,0.0,1.007
103,9,0.12,-0.49,1.0,0.0,0.0,1.007
103,10,-0.61,-0.41,1.0,0.0,0.0,1.007
104,0,-0.8,-0.6,1.0,0.0,-0.011200000000000002,1.0
104,1,0.51,-0.6,1.0,0.0,0.0071400000000000005,1.0
104,2,0.0,-0.33,1.0,0.0,0.0,1.0
104,3,-0.57,-0.11,1.0,0.0,-0.00798,1.0
104,4,0.8,-0.11,1.0,0.0,0.011200000000000002,1.0
104,5,0.23,0.17,1.0,0.0,0.00322,1.0
104,6,-0.29,0.39,1.0,0.0,-0.004059999999999999,1.0
104,7,-0.8,0.6,1.0,0.0,-0.011200000000000002,1.0
104,8,0.51,0.6,1.0,0.0,0.0071400000000000005,1.0
104,9,0.12,-0.49,1.0,0.0,0.00168,1.0
104,10,-0.61,-0.41,1.0,0.0,-0.00854,1.0
105,0,-0.8,-0.6,1.0,0.0,-0.011200000000000002,1.0
105,1,0.51,-0.6,1.0,0.0,0.0071400000000000005,1.0
105,2,0.0,-0.33,1.0,0.0,0.0,1.0
105,3,-0.57,-0.11,1.0,0.0,-0.00798,1.0
105,4,0.8,-0.11,1.0,0.0,0.011200000000000002,1.0
105,5,0.23,0.17,1.0,0.0,0.00322,1.0
105,6,-0.29,0.39,1.0,0.0,-0.004059999999999999,1.0
105,7,-0.8,0.6,1.0,0.0,-0.011200000000000002,1.0
105,8,0.51,0.6,1.0,0.0,0.0071400000000000005,1.0
105,9,0.12,-0.49,1.0,0.0,0.00168,1.0
105,10,-0.61,-0.41,1.0,0.0,-0.00854,1.0
106,0,-0.8,-0.6,1.0,0.0,-0.0042,0.9944
106,1,0.51,-0.6,1.0,0.0,-0.0042,1.00357
106,2,0.0,-0.33,1.0,0.0,-0.00231,1.0
106,3,-0.57,-0.11,1.0,0.0,-0.0007700000000000001,0.99601
106,4,0.8,-0.11,1.0,0.0,-0.0007700000000000001,1.0056
106,5,0.23,0.17,1.0,0.0,0.00119,1.00161
106,6,-0.29,0.39,1.0,0.0,0.0027300000000000002,0.99797
106,7,-0.8,0.6,1.0,0.0,0.0042,0.9944
106,8,0.51,0.6,1.0,0.0,0.0042,1.00357
106,9,0.12,-0.49,1.0,0.0,-0.00343,1.00084
106,10,-0.61,-0.41,1.0,0.0,-0.0028699999999999997,0.99573
107,0,-0.8,-0.6,1.0,0.0,-0.0042,0.9944
107,1,0.51,-0.6,1.0,0.0,-0.0042,1.00357
107,2,0.0,-0.33,1.0,0.0,-0.00231,1.0
107,3,-0.57,-0.11,1.0,0.0,-0.0007700000000000001,0.99601
107,4,0.8,-0.11,1.0,0.0,-0.0007700000000000001,1.0056
107,5,0.23,0.17,1.0,0.0,0.00119,1.00161
107,6,-0.29,0.39,1.0,0.0,0.0027300000000000002,0.99797
107,7,-0.8,0.6,1.0,0.0,0.0042,0.9944
107,8,0.51,0.6,1.0,0.0,0.0042,1.00357
107,9,0.12,-0.49,1.0,0.0,-0.00343,1.00084
107,10,-0.61,-0.41,1.0,0.0,-0.0028699999999999997,0.99573
108,0,-0.8,-0.6,1.0,0.0,0.0,0.9916
108,1,0.51,-0.6,1.0,0.0,0.0,0.9916
108,2,0.0,-0.33,1.0,0.0,0.0,0.99538
108,3,-0.57,-0.11,1.0,0.0,0.0,0.99846
108,4,0.8,-0.11,1.0,0.0,0.0,0.99846
108,5,0.23,0.17,1.0,0.0,0.0,1.00238
108,6,-0.29,0.39,1.0,0.0,0.0,1.00546
108,7,-0.8,0.6,1.0,0.0,0.0,1.0084
108,8,0.51,0.6,1.0,0.0,0.0,1.0084
108,9,0.12,-0.49,1.0,0.0,0.0,0.99314
108,10,-0.61,-0.41,1.0,0.0,0.0,0.99426
109,0,-0.8,-0.6,1.0,0.0,0.0,0.9916
109,1,0.51,-0.6,1.0,0.0,0.0,0.9916
109,2,0.0,-0.33,1.0,0.0,0.0,0.99538
109,3,-0.57,-0.11,1.0,0.0,0.0,0.99846
109,4,0.8,-0.11,1.0,0.0,0.0,0.99846
109,5,0.23,0.17,1.0,0.0,0.0,1.00238
109,6,-0.29,0.39,1.0,0.0,0.0,1.00546
109,7,-0.8,0.6,1.0,0.0,0.0,1.0084
109,8,0.51,0.6,1.0,0.0,0.0,1.0084
109,9,0.12,-0.49,1.0,0.0,0.0,0.99314
109,10,-0.61,-0.41,1.0,0.0,0.0,0.99426
110,0,-0.8,-0.6,1.0,0.0,0.013440000000000002,1.0
110,1,0.51,-0.6,1.0,0.0,0.0054621,1.0
110,2,0.0,-0.33,1.0,0.0,0.0,1.0
110,3,-0.57,-0.11,1.0,0.0,0.006822899999999999,1.0
110,4,0.8,-0.11,1.0,0.0,0.013440000000000002,1.0
110,5,0.23,0.17,1.0,0.0,0.0011109000000000002,1.0
110,6,-0.29,0.39,1.0,0.0,0.0017660999999999998,1.0
110,7,-0.8,0.6,1.0,0.0,0.013440000000000002,1.0
110,8,0.51,0.6,1.0,0.0,0.0054621,1.0
110,9,0.12,-0.49,1.0,0.0,0.0003024,1.0
110,10,-0.61,-0.41,1.0,0.0,0.0078141,1.0
111,0,-0.8,-0.6,1.0,0.0,0.013440000000000002,1.0
111,1,0.51,-0.6,1.0,0.0,0.0054621,1.0
111,2,0.0,-0.33,1.0,0.0,0.0,1.0
111,3,-0.57,-0.11,1.0,0.0,0.006822899999999999,1.0
111,4,0.8,-0.11,1.0,0.0,0.013440000000000002,1.0
111,5,0.23,0.17,1.0,0.0,0.0011109000000000002,1.0
111,6,-0.29,0.39,1.0,0.0,0.0017660999999999998,1.0
111,7,-0.8,0.6,1.0,0.0,0.013440000000000002,1.0
111,8,0.51,0.6,1.0,0.0,0.0054621,1.0
111,9,0.12,-0.49,1.0,0.0,0.0003024,1.0
111,10,-0.61,-0.41,1.0,0.0,0.0078141,1.0
112,0,-0.8,-0.6,1.0,0.0,0.006720000000000001,1.00448
112,1,0.51,-0.6,1.0,0.0,-0.0042840000000000005,1.0018207
112,2,0.0,-0.33,1.0,0.0,0.0,1.0
112,3,-0.57,-0.11,1.0,0.0,0.0008777999999999999,1.0022743
112,4,0.8,-0.11,1.0,0.0,-0.0012320000000000002,1.00448
112,5,0.23,0.17,1.0,0.0,0.0005474000000000001,1.0003703
112,6,-0.29,0.39,1.0,0.0,-0.0015833999999999998,1.0005887
112,7,-0.8,0.6,1.0,0.0,-0.006720000000000001,1.00448
112,8,0.51,0.6,1.0,0.0,0.0042840000000000005,1.0018207
112,9,0.12,-0.49,1.0,0.0,-0.0008232000000000001,1.0001008
112,10,-0.61,-0.41,1.0,0.0,0.0035014,1.0026047
113,0,-0.8,-0.6,1.0,0.0,0.006720000000000001,1.00448
113,1,0.51,-0.6,1.0,0.0,-0.0042840000000000005,1.0018207
113,2,0.0,-0.33,1.0,0.0,0.0,1.0
113,3,-0.57,-0.11,1.0,0.0,0.0008777999999999999,1.0022743
113,4,0.8,-0.11,1.0,0.0,-0.0012320000000000002,1.00448
113,5,0.23,0.17,1.0,0.0,0.0005474000000000001,1.0003703
113,6,-0.29,0.39,1.0,0.0,-0.0015833999999999998,1.0005887
113,7,-0.8,0.6,1.0,0.0,-0.006720000000000001,1.00448
113,8,0.51,0.6,1.0,0.0,0.0042840000000000005,1.0018207
113,9,0.12,-0.49,1.0,0.0,-0.0008232000000000001,1.0001008
113,10,-0.61,-0.41,1.0,0.0,0.0035014,1.0026047
114,0,-0.8,-0.6,1.0,0.0,0.0025199999999999997,1.00672
114,1,0.51,-0.6,1.0,0.0,0.0025199999999999997,0.995716
114,2,0.0,-0.33,1.0,0.0,0.0007623,1.0
114,3,-0.57,-0.11,1.0,0.0,8.470000000000001e-05,1.0008778
114,4,0.8,-0.11,1.0,0.0,8.470000000000001e-05,0.998768
114,5,0.23,0.17,1.0,0.0,0.00020230000000000004,1.0005474
114,6,-0.29,0.39,1.0,0.0,0.0010647,0.9984166
114,7,-0.8,0.6,1.0,0.0,0.0025199999999999997,0.99328
114,8,0.51,0.6,1.0,0.0,0.0025199999999999997,1.004284
114,9,0.12,-0.49,1.0,0.0,0.0016806999999999998,0.9991768
114,10,-0.61,-0.41,1.0,0.0,0.0011766999999999997,1.0035014
115,0,-0.8,-0.6,1.0,0.0,0.0025199999999999997,1.00672
115,1,0.51,-0.6,1.0,0.0,0.0025199999999999997,0.995716
115,2,0.0,-0.33,1.0,0.0,0.0007623,1.0
115,3,-0.57,-0.11,1.0,0.0,8.470000000000001e-05,1.0008778
115,4,0.8,-0.11,1.0,0.0,8.470000000000001e-05,0.998768
115,5,0.23,0.17,1.0,0.0,0.00020230000000000004,1.0005474
115,6,-0.29,0.39,1.0,0.0,0.0010647,0.9984166
115,7,-0.8,0.6,1.0,0.0,0.0025199999999999997,0.99328
115,8,0.51,0.6,1.0,0.0,0.0025199999999999997,1.004284
115,9,0.12,-0.49,1.0,0.0,0.0016806999999999998,0.9991768
115,10,-0.61,-0.41,1.0,0.0,0.0011766999999999997,1.0035014
116,0,-0.8,-0.6,1.0,0.0,0.0,1.00756
116,1,0.51,-0.6,1.0,0.0,0.0,1.00756
116,2,0.0,-0.33,1.0,0.0,0.0,1.0022869
116,3,-0.57,-0.11,1.0,0.0,0.0,1.0002541
116,4,0.8,-0.11,1.0,0.0,0.0,1.0002541
116,5,0.23,0.17,1.0,0.0,0.0,1.0006069
116,6,-0.29,0.39,1.0,0.0,0.0,1.0031941
116,7,-0.8,0.6,1.0,0.0,0.0,1.00756
116,8,0.51,0.6,1.0,0.0,0.0,1.00756
116,9,0.12,-0.49,1.0,0.0,0.0,1.0050421
116,10,-0.61,-0.41,1.0,0.0,0.0,1.0035301
117,0,-0.8,-0.6,1.0,0.0,0.0,1.00756
117,1,0.51,-0.6,1.0,0.0,0.0,1.00756
117,2,0.0,-0.33,1.0,0.0,0.0,1.0022869
117,3,-0.57,-0.11,1.0,0.0,0.0,1.0002541
117,4,0.8,-0.11,1.0,0.0,0.0,1.0002541
117,5,0.23,0.17,1.0,0.0,0.0,1.0006069
117,6,-0.29,0.39,1.0,0.0,0.0,1.0031941
117,7,-0.8,0.6,1.0,0.0,0.0,1.00756
117,8,0.51,0.6,1.0,0.0,0.0,1.00756
117,9,0.12,-0.49,1.0,0.0,0.0,1.0050421
117,10,-0.61,-0.41,1.0,0.0,0.0,1.0035301
118,0,-0.8,-0.6,1.0,0.0,-0.014336000000000002,1.0
118,1,0.51,-0.6,1.0,0.0,0.0037142280000000004,1.0
118,2,0.0,-0.33,1.0,0.0,0.0,1.0
118,3,-0.57,-0.11,1.0,0.0,-0.0051854039999999985,1.0
118,4,0.8,-0.11,1.0,0.0,0.014336000000000002,1.0
118,5,0.23,0.17,1.0,0.0,0.00034067600000000004,1.0
118,6,-0.29,0.39,1.0,0.0,-0.0006828919999999997,1.0
118,7,-0.8,0.6,1.0,0.0,-0.014336000000000002,1.0
118,8,0.51,0.6,1.0,0.0,0.0037142280000000004,1.0
118,9,0.12,-0.49,1.0,0.0,4.8383999999999996e-05,1.0
118,10,-0.61,-0.41,1.0,0.0,-0.006355468,1.0
119,0,-0.8,-0.6,1.0,0.0,-0.014336000000000002,1.0
119,1,0.51,-0.6,1.0,0.0,0.0037142280000000004,1.0
119,2,0.0,-0.33,1.0,0.0,0.0,1.0
119,3,-0.57,-0.11,1.0,0.0,-0.0051854039999999985,1.0
119,4,0.8,-0.11,1.0,0.0,0.014336000000000002,1.0
119,5,0.23,0.17,1.0,0.0,0.00034067600000000004,1.0
119,6,-0.29,0.39,1.0,0.0,-0.0006828919999999997,1.0
119,7,-0.8,0.6,1.0,0.0,-0.014336000000000002,1.0
119,8,0.51,0.6,1.0,0.0,0.0037142280000000004,1.0
119,9,0.12,-0.49,1.0,0.0,4.8383999999999996e-05,1.0
119,10,-0.61,-0.41,1.0,0.0,-0.006355468,1.0
120,0,-0.8,-0.6,1.0,0.0,-0.008064000000000002,0.996416
120,1,0.51,-0.6,1.0,0.0,-0.00327726,1.000928557
120,2,0.0,-0.33,1.0,0.0,0.0,1.0
120,3,-0.57,-0.11,1.0,0.0,-0.0007505189999999998,0.998703649
120,4,0.8,-0.11,1.0,0.0,-0.0014784000000000002,1.003584
120,5,0.23,0.17,1.0,0.0,0.00018885300000000003,1.000085169
120,6,-0.29,0.39,1.0,0.0,0.0006887789999999999,0.999829277
120,7,-0.8,0.6,1.0,0.0,0.008064000000000002,0.996416
120,8,0.51,0.6,1.0,0.0,0.00327726,1.000928557
120,9,0.12,-0.49,1.0,0.0,-0.000148176,1.000012096
120,10,-0.61,-0.41,1.0,0.0,-0.0032037809999999993,0.998411133
121,0,-0.8,-0.6,1.0,0.0,-0.008064000000000002,0.996416
121,1,0.51,-0.6,1.0,0.0,-0.00327726,1.000928557
121,2,0.0,-0.33,1.0,0.0,0.0,1.0
121,3,-0.57,-0.11,1.0,0.0,-0.0007505189999999998,0.998703649
121,4,0.8,-0.11,1.0,0.0,-0.0014784000000000002,1.003584
121,5,0.23,0.17,1.0,0.0,0.00018885300000000003,1.000085169
121,6,-0.29,0.39,1.0,0.0,0.0006887789999999999,0.999829277
121,7,-0.8,0.6,1.0,0.0,0.008064000000000002,0.996416
121,8,0.51,0.6,1.0,0.0,0.00327726,1.000928557
121,9,0.12,-0.49,1.0,0.0,-0.000148176,1.000012096
121,10,-0.61,-0.41,1.0,0.0,-0.0032037809999999993,0.998411133
122,0,-0.8,-0.6,1.0,0.0,-0.004032000000000001,0.994624
122,1,0.51,-0.6,1.0,0.0,0.0025704,0.99781516
122,2,0.0,-0.33,1.0,0.0,0.0,1.0
122,3,-0.57,-0.11,1.0,0.0,-9.655799999999999e-05,0.999499654
122,4,0.8,-0.11,1.0,0.0,0.00013552000000000003,0.9990144
122,5,0.23,0.17,1.0,0.0,9.305800000000002e-05,1.000125902
122,6,-0.29,0.39,1.0,0.0,-0.000617526,1.000459186
122,7,-0.8,0.6,1.0,0.0,-0.004032000000000001,1.005376
122,8,0.51,0.6,1.0,0.0,0.0025704,1.00218484
122,9,0.12,-0.49,1.0,0.0,0.00040336800000000003,0.999901216
122,10,-0.61,-0.41,1.0,0.0,-0.001435574,0.997864146
123,0,-0.8,-0.6,1.0,0.0,-0.004032000000000001,0.994624
123,1,0.51,-0.6,1.0,0.0,0.0025704,0.99781516
123,2,0.0,-0.33,1.0,0.0,0.0,1.0
123,3,-0.57,-0.11,1.0,0.0,-9.655799999999999e-05,0.999499654
123,4,0.8,-0.11,1.0,0.0,0.00013552000000000003,0.9990144
123,5,0.23,0.17,1.0,0.0,9.305800000000002e-05,1.000125902
123,6,-0.29,0.39,1.0,0.0,-0.000617526,1.000459186
123,7,-0.8,0.6,1.0,0.0,-0.004032000000000001,1.005376
123,8,0.51,0.6,1.0,0.0,0.0025704,1.00218484
123,9,0.12,-0.49,1.0,0.0,0.00040336800000000003,0.999901216
123,10,-0.61,-0.41,1.0,0.0,-0.001435574,0.997864146
124,0,-0.8,-0.6,1.0,0.0,-0.0015119999999999997,0.993952
124,1,0.51,-0.6,1.0,0.0,-0.0015119999999999997,1.0038556
124,2,0.0,-0.33,1.0,0.0,-0.00025155900000000005,1.0
124,3,-0.57,-0.11,1.0,0.0,-9.317e-06,0.999855163
124,4,0.8,-0.11,1.0,0.0,-9.317e-06,1.00020328
124,5,0.23,0.17,1.0,0.0,3.439100000000001e-05,1.000139587
124,6,-0.29,0.39,1.0,0.0,0.00041523300000000004,0.999073711
124,7,-0.8,0.6,1.0,0.0,0.0015119999999999997,0.993952
124,8,0.51,0.6,1.0,0.0,0.0015119999999999997,1.0038556
124,9,0.12,-0.49,1.0,0.0,-0.0008235429999999999,1.000605052
124,10,-0.61,-0.41,1.0,0.0,-0.00048244699999999983,0.997846639
125,0,-0.8,-0.6,1.0,0.0,-0.0015119999999999997,0.993952
125,1,0.51,-0.6,1.0,0.0,-0.0015119999999999997,1.0038556
125,2,0.0,-0.33,1.0,0.0,-0.00025155900000000005,1.0
125,3,-0.57,-0.11,1.0,0.0,-9.317e-06,0.999855163
125,4,0.8,-0.11,1.0,0.0,-9.317e-06,1.00020328
125,5,0.23,0.17,1.0,0.0,3.439100000000001e-05,1.000139587
125,6,-0.29,0.39,1.0,0.0,0.00041523300000000004,0.999073711
125,7,-0.8,0.6,1.0,0.0,0.0015119999999999997,0.993952
125,8,0.51,0.6,1.0,0.0,0.0015119999999999997,1.0038556
125,9,0.12,-0.49,1.0,0.0,-0.0008235429999999999,1.000605052
125,10,-0.61,-0.41,1.0,0.0,-0.00048244699999999983,0.997846639
126,0,-0.8,-0.6,1.0,0.0,0.0,0.993952
126,1,0.51,-0.6,1.0,0.0,0.0,0.993952
126,2,0.0,-0.33,1.0,0.0,0.0,0.998993764
126,3,-0.57,-0.11,1.0,0.0,0.0,0.999962732
126,4,0.8,-0.11,1.0,0.0,0.0,0.999962732
126,5,0.23,0.17,1.0,0.0,0.0,1.000137564
126,6,-0.29,0.39,1.0,0.0,0.0,1.001660932
126,7,-0.8,0.6,1.0,0.0,0.0,1.006048
126,8,0.51,0.6,1.0,0.0,0.0,1.006048
126,9,0.12,-0.49,1.0,0.0,0.0,0.996705828
126,10,-0.61,-0.41,1.0,0.0,0.0,0.998070212
127,0,-0.8,-0.6,1.0,0.0,0.0,0.993952
127,1,0.51,-0.6,1.0,0.0,0.0,0.993952
127,2,0.0,-0.33,1.0,0.0,0.0,0.998993764
127,3,-0.57,-0.11,1.0,0.0,0.0,0.999962732
127,4,0.8,-0.11,1.0,0.0,0.0,0.999962732
127,5,0.23,0.17,1.0,0.0,0.0,1.000137564
127,6,-0.29,0.39,1.0,0.0,0.0,1.001660932
127,7,-0.8,0.6,1.0,0.0,0.0,1.006048
127,8,0.51,0.6,1.0,0.0,0.0,1.006048
127,9,0.12,-0.49,1.0,0.0,0.0,0.996705828
127,10,-0.61,-0.41,1.0,0.0,0.0,0.998070212
128,0,-0.8,-0.6,1.0,0.0,0.014336000000000002,1.0
128,1,0.51,-0.6,1.0,0.0,0.00236782035,1.0
128,2,0.0,-0.33,1.0,0.0,0.0,1.0
128,3,-0.57,-0.11,1.0,0.0,0.0036946003499999983,1.0
128,4,0.8,-0.11,1.0,0.0,0.014336000000000002,1.0
128,5,0.23,0.17,1.0,0.0,9.794435000000003e-05,1.0
128,6,-0.29,0.39,1.0,0.0,0.00024754834999999995,1.0
128,7,-0.8,0.6,1.0,0.0,0.014336000000000002,1.0
128,8,0.51,0.6,1.0,0.0,0.00236782035,1.0
128,9,0.12,-0.49,1.0,0.0,7.257600000000001e-06,1.0
128,10,-0.61,-0.41,1.0,0.0,0.00484604435,1.0
129,0,-0.8,-0.6,1.0,0.0,0.014336000000000002,1.0
129,1,0.51,-0.6,1.0,0.0,0.00236782035,1.0
129,2,0.0,-0.33,1.0,0.0,0.0,1.0
129,3,-0.57,-0.11,1.0,0.0,0.0036946003499999983,1.0
129,4,0.8,-0.11,1.0,0.0,0.014336000000000002,1.0
129,5,0.23,0.17,1.0,0.0,9.794435000000003e-05,1.0
129,6,-0.29,0.39,1.0,0.0,0.00024754834999999995,1.0
129,7,-0.8,0.6,1.0,0.0,0.014336000000000002,1.0
129,8,0.51,0.6,1.0,0.0,0.00236782035,1.0
129,9,0.12,-0.49,1.0,0.0,7.257600000000001e-06,1.0
129,10,-0.61,-0.41,1.0,0.0,0.00484604435,1.0
130,0,-0.8,-0.6,1.0,0.0,0.008601600000000001,1.0028672
130,1,0.51,-0.6,1.0,0.0,-0.0022285368,1.00047356407
130,2,0.0,-0.33,1.0,0.0,0.0,1.0
130,3,-0.57,-0.11,1.0,0.0,0.0005703944399999999,1.00073892007
130,4,0.8,-0.11,1.0,0.0,-0.00157696,1.0028672
130,5,0.23,0.17,1.0,0.0,5.791492000000001e-05,1.00001958887
130,6,-0.29,0.39,1.0,0.0,-0.0002663278799999999,1.00004950967
130,7,-0.8,0.6,1.0,0.0,-0.008601600000000001,1.0028672
130,8,0.51,0.6,1.0,0.0,0.0022285368,1.00047356407
130,9,0.12,-0.49,1.0,0.0,-2.370816e-05,1.00000145152
130,10,-0.61,-0.41,1.0,0.0,0.00260574188,1.00096920887
131,0,-0.8,-0.6,1.0,0.0,0.008601600000000001,1.0028672
131,1,0.51,-0.6,1.0,0.0,-0.0022285368,1.00047356407
131,2,0.0,-0.33,1.0,0.0,0.0,1.0
131,3,-0.57,-0.11,1.0,0.0,0.0005703944399999999,1.00073892007
131,4,0.8,-0.11,1.0,0.0,-0.00157696,1.0028672
131,5,0.23,0.17,1.0,0.0,5.791492000000001e-05,1.00001958887
131,6,-0.29,0.39,1.0,0.0,-0.0002663278799999999,1.00004950967
131,7,-0.8,0.6,1.0,0.0,-0.008601600000000001,1.0028672
131,8,0.51,0.6,1.0,0.0,0.0022285368,1.00047356407
131,9,0.12,-0.49,1.0,0.0,-2.370816e-05,1.00000145152
131,10,-0.61,-0.41,1.0,0.0,0.00260574188,1.00096920887
132,0,-0.8,-0.6,1.0,0.0,0.0048384000000000005,1.0043008
132,1,0.51,-0.6,1.0,0.0,0.001966356,0.9988857316
132,2,0.0,-0.33,1.0,0.0,0.0,1.0
132,3,-0.57,-0.11,1.0,0.0,8.255708999999998e-05,1.00028519722
132,4,0.8,-0.11,1.0,0.0,0.00016262400000000002,0.99921152
132,5,0.23,0.17,1.0,0.0,3.2105010000000006e-05,1.00002895746
132,6,-0.29,0.39,1.0,0.0,0.00026862380999999997,0.99986683606
132,7,-0.8,0.6,1.0,0.0,0.0048384000000000005,0.9956992
132,8,0.51,0.6,1.0,0.0,0.001966356,1.0011142684
132,9,0.12,-0.49,1.0,0.0,7.260623999999999e-05,0.99998814592
132,10,-0.61,-0.41,1.0,0.0,0.0013135502099999997,1.00130287094
133,0,-0.8,-0.6,1.0,0.0,0.0048384000000000005,1.0043008
133,1,0.51,-0.6,1.0,0.0,0.001966356,0.9988857316
133,2,0.0,-0.33,1.0,0.0,0.0,1.0
133,3,-0.57,-0.11,1.0,0.0,8.255708999999998e-05,1.00028519722
133,4,0.8,-0.11,1.0,0.0,0.00016262400000000002,0.99921152
133,5,0.23,0.17,1.0,0.0,3.2105010000000006e-05,1.00002895746
133,6,-0.29,0.39,1.0,0.0,0.00026862380999999997,0.99986683606
133,7,-0.8,0.6,1.0,0.0,0.0048384000000000005,0.9956992
133,8,0.51,0.6,1.0,0.0,0.001966356,1.0011142684
133,9,0.12,-0.49,1.0,0.0,7.260623999999999e-05,0.99998814592
133,10,-0.61,-0.41,1.0,0.0,0.0013135502099999997,1.00130287094
134,0,-0.8,-0.6,1.0,0.0,0.0024192000000000003,1.0048384
134,1,0.51,-0.6,1.0,0.0,-0.00154224,1.001966356
134,2,0.0,-0.33,1.0,0.0,0.0,1.0
134,3,-0.57,-0.11,1.0,0.0,1.062138e-05,1.00008255709
134,4,0.8,-0.11,1.0,0.0,-1.4907200000000004e-05,1.000162624
134,5,0.23,0.17,1.0,0.0,1.5819860000000005e-05,1.00003210501
134,6,-0.29,0.39,1.0,0.0,-0.00024083514,1.00026862381
134,7,-0.8,0.6,1.0,0.0,-0.0024192000000000003,1.0048384
134,8,0.51,0.6,1.0,0.0,0.00154224,1.001966356
134,9,0.12,-0.49,1.0,0.0,-0.00019765032,1.00007260624
134,10,-0.61,-0.41,1.0,0.0,0.0005885853399999999,1.00131355021
135,0,-0.8,-0.6,1.0,0.0,0.0024192000000000003,1.0048384
135,1,0.51,-0.6,1.0,0.0,-0.00154224,1.001966356
135,2,0.0,-0.33,1.0,0.0,0.0,1.0
135,3,-0.57,-0.11,1.0,0.0,1.062138e-05,1.00008255709
135,4,0.8,-0.11,1.0,0.0,-1.4907200000000004e-05,1.000162624
135,5,0.23,0.17,1.0,0.0,1.5819860000000005e-05,1.00003210501
135,6,-0.29,0.39,1.0,0.0,-0.00024083514,1.00026862381
135,7,-0.8,0.6,1.0,0.0,-0.0024192000000000003,1.0048384
135,8,0.51,0.6,1.0,0.0,0.00154224,1.001966356
135,9,0.12,-0.49,1.0,0.0,-0.00019765032,1.00007260624
135,10,-0.61,-0.41,1.0,0.0,0.0005885853399999999,1.00131355021
136,0,-0.8,-0.6,1.0,0.0,0.0009071999999999997,1.0048384
136,1,0.51,-0.6,1.0,0.0,0.0009071999999999997,0.99691552
136,2,0.0,-0.33,1.0,0.0,8.301447000000002e-05,1.0
136,3,-0.57,-0.11,1.0,0.0,1.0248700000000002e-06,1.00002124276
136,4,0.8,-0.11,1.0,0.0,1.0248700000000002e-06,0.9999701856
136,5,0.23,0.17,1.0,0.0,5.846470000000002e-06,1.00003163972
136,6,-0.29,0.39,1.0,0.0,0.00016194087000000003,0.99951832972
136,7,-0.8,0.6,1.0,0.0,0.0009071999999999997,0.9951616
136,8,0.51,0.6,1.0,0.0,0.0009071999999999997,1.00308448
136,9,0.12,-0.49,1.0,0.0,0.00040353606999999996,0.99960469936
136,10,-0.61,-0.41,1.0,0.0,0.00019780326999999993,1.00117717068
137,0,-0.8,-0.6,1.0,0.0,0.0009071999999999997,1.0048384
137,1,0.51,-0.6,1.0,0.0,0.0009071999999999997,0.99691552
137,2,0.0,-0.33,1.0,0.0,8.301447000000002e-05,1.0
137,3,-0.57,-0.11,1.0,0.0,1.0248700000000002e-06,1.00002124276
137,4,0.8,-0.11,1.0,0.0,1.0248700000000002e-06,0.9999701856
137,5,0.23,0.17,1.0,0.0,5.846470000000002e-06,1.00003163972
137,6,-0.29,0.39,1.0,0.0,0.00016194087000000003,0.99951832972
137,7,-0.8,0.6,1.0,0.0,0.0009071999999999997,0.9951616
137,8,0.51,0.6,1.0,0.0,0.0009071999999999997,1.00308448
137,9,0.12,-0.49,1.0,0.0,0.00040353606999999996,0.99960469936
137,10,-0.61,-0.41,1.0,0.0,0.00019780326999999993,1.00117717068
138,0,-0.8,-0.6,1.0,0.0,0.0,1.004536
138,1,0.51,-0.6,1.0,0.0,0.0,1.004536
138,2,0.0,-0.33,1.0,0.0,0.0,1.00041507235
138,3,-0.57,-0.11,1.0,0.0,0.0,1.00000512435
138,4,0.8,-0.11,1.0,0.0,0.0,1.00000512435
138,5,0.23,0.17,1.0,0.0,0.0,1.00002923235
138,6,-0.29,0.39,1.0,0.0,0.0,1.00080970435
138,7,-0.8,0.6,1.0,0.0,0.0,1.004536
138,8,0.51,0.6,1.0,0.0,0.0,1.004536
138,9,0.12,-0.49,1.0,0.0,0.0,1.00201768035
138,10,-0.61,-0.41,1.0,0.0,0.0,1.00098901635
139,0,-0.8,-0.6,1.0,0.0,0.0,1.004536
139,1,0.51,-0.6,1.0,0.0,0.0,1.004536
139,2,0.0,-0.33,1.0,0.0,0.0,1.00041507235
139,3,-0.57,-0.11,1.0,0.0,0.0,1.00000512435
139,4,0.8,-0.11,1.0,0.0,0.0,1.00000512435
139,5,0.23,0.17,1.0,0.0,0.0,1.00002923235
139,6,-0.29,0.39,1.0,0.0,0.0,1.00080970435
139,7,-0.8,0.6,1.0,0.0,0.0,1.004536
139,8,0.51,0.6,1.0,0.0,0.0,1.004536
139,9,0.12,-0.49,1.0,0.0,0.0,1.00201768035
139,10,-0.61,-0.41,1.0,0.0,0.0,1.00098901635
140,0,-0.8,-0.6,1.0,0.0,-0.013762560000000005,1.0
140,1,0.51,-0.6,1.0,0.0,0.0014491060542,1.0
140,2,0.0,-0.33,1.0,0.0,0.0,1.0
140,3,-0.57,-0.11,1.0,0.0,-0.0025271066393999994,1.0
140,4,0.8,-0.11,1.0,0.0,0.013762560000000005,1.0
140,5,0.23,0.17,1.0,0.0,2.7032640600000005e-05,1.0
140,6,-0.29,0.39,1.0,0.0,-8.614682579999997e-05,1.0
140,7,-0.8,0.6,1.0,0.0,-0.013762560000000005,1.0
140,8,0.51,0.6,1.0,0.0,0.0014491060542,1.0
140,9,0.12,-0.49,1.0,0.0,1.0450943999999998e-06,1.0
140,10,-0.61,-0.41,1.0,0.0,-0.0035473044641999994,1.0
141,0,-0.8,-0.6,1.0,0.0,-0.013762560000000005,1.0
141,1,0.51,-0.6,1.0,0.0,0.0014491060542,1.0
141,2,0.0,-0.33,1.0,0.0,0.0,1.0
141,3,-0.57,-0.11,1.0,0.0,-0.0025271066393999994,1.0
141,4,0.8,-0.11,1.0,0.0,0.013762560000000005,1.0
141,5,0.23,0.17,1.0,0.0,2.7032640600000005e-05,1.0
141,6,-0.29,0.39,1.0,0.0,-8.614682579999997e-05,1.0
141,7,-0.8,0.6,1.0,0.0,-0.013762560000000005,1.0
141,8,0.51,0.6,1.0,0.0,0.0014491060542,1.0
141,9,0.12,-0.49,1.0,0.0,1.0450943999999998e-06,1.0
141,10,-0.61,-0.41,1.0,0.0,-0.0035473044641999994,1.0
142,0,-0.8,-0.6,1.0,0.0,-0.008601600000000001,0.99770624
142,1,0.51,-0.6,1.0,0.0,-0.00142069221,1.0002415176757
142,2,0.0,-0.33,1.0,0.0,0.0,1.0
142,3,-0.57,-0.11,1.0,0.0,-0.0004064060384999998,0.9995788155601
142,4,0.8,-0.11,1.0,0.0,-0.00157696,1.00229376
142,5,0.23,0.17,1.0,0.0,1.6650539500000007e-05,1.0000045054401
142,6,-0.29,0.39,1.0,0.0,9.654385649999998e-05,0.9999856421957
142,7,-0.8,0.6,1.0,0.0,0.008601600000000001,0.99770624
142,8,0.51,0.6,1.0,0.0,0.00142069221,1.0002415176757
142,9,0.12,-0.49,1.0,0.0,-3.556224e-06,1.0000001741824
142,10,-0.61,-0.41,1.0,0.0,-0.0019868781835,0.9994087825893
143,0,-0.8,-0.6,1.0,0.0,-0.008601600000000001,0.99770624
143,1,0.51,-0.6,1.0,0.0,-0.00142069221,1.0002415176757
143,2,0.0,-0.33,1.0,0.0,0.0,1.0
143,3,-0.57,-0.11,1.0,0.0,-0.0004064060384999998,0.9995788155601
143,4,0.8,-0.11,1.0,0.0,-0.00157696,1.00229376
143,5,0.23,0.17,1.0,0.0,1.6650539500000007e-05,1.0000045054401
143,6,-0.29,0.39,1.0,0.0,9.654385649999998e-05,0.9999856421957
143,7,-0.8,0.6,1.0,0.0,0.008601600000000001,0.99770624
143,8,0.51,0.6,1.0,0.0,0.00142069221,1.0002415176757
143,9,0.12,-0.49,1.0,0.0,-3.556224e-06,1.0000001741824
143,10,-0.61,-0.41,1.0,0.0,-0.0019868781835,0.9994087825893
144,0,-0.8,-0.6,1.0,0.0,-0.00516096,0.99655936
144,1,0.51,-0.6,1.0,0.0,0.00133712208,0.999431723116
144,2,0.0,-0.33,1.0,0.0,0.0,1.0
144,3,-0.57,-0.11,1.0,0.0,-6.274338839999998e-05,0.9998374375846
144,4,0.8,-0.11,1.0,0.0,0.00017346560000000002,0.999369216
144,5,0.23,0.17,1.0,0.0,9.845536400000002e-06,1.0000066602158
144,6,-0.29,0.39,1.0,0.0,-0.00010386787319999996,1.0000386175426
144,7,-0.8,0.6,1.0,0.0,-0.00516096,1.00344064
144,8,0.51,0.6,1.0,0.0,0.00133712208,1.000568276884
144,9,0.12,-0.49,1.0,0.0,1.1616998399999998e-05,0.9999985775104
144,10,-0.61,-0.41,1.0,0.0,-0.0010683541707999999,0.9992052487266
145,0,-0.8,-0.6,1.0,0.0,-0.00516096,0.99655936
145,1,0.51,-0.6,1.0,0.0,0.00133712208,0.999431723116
145,2,0.0,-0.33,1.0,0.0,0.0,1.0
145,3,-0.57,-0.11,1.0,0.0,-6.274338839999998e-05,0.9998374375846
145,4,0.8,-0.11,1.0,0.0,0.00017346560000000002,0.999369216
145,5,0.23,0.17,1.0,0.0,9.845536400000002e-06,1.0000066602158
145,6,-0.29,0.39,1.0,0.0,-0.00010386787319999996,1.0000386175426
145,7,-0.8,0.6,1.0,0.0,-0.00516096,1.00344064
145,8,0.51,0.6,1.0,0.0,0.00133712208,1.000568276884
145,9,0.12,-0.49,1.0,0.0,1.1616998399999998e-05,0.9999985775104
145,10,-0.61,-0.41,1.0,0.0,-0.0010683541707999999,0.9992052487266
146,0,-0.8,-0.6,1.0,0.0,-0.0029030400000000004,0.99612928
146,1,0.51,-0.6,1.0,0.0,-0.0011798135999999998,1.00100284156
146,2,0.0,-0.33,1.0,0.0,0.0,1.0
146,3,-0.57,-0.11,1.0,0.0,-9.081279899999998e-06,0.9999529424587
146,4,0.8,-0.11,1.0,0.0,-1.7888640000000003e-05,1.0001300992
146,5,0.23,0.17,1.0,0.0,5.457851700000001e-06,1.0000073841523
146,6,-0.29,0.39,1.0,0.0,0.00010476328589999999,0.9999220990951
146,7,-0.8,0.6,1.0,0.0,0.0029030400000000004,0.99612928
146,8,0.51,0.6,1.0,0.0,0.0011798135999999998,1.00100284156
146,9,0.12,-0.49,1.0,0.0,-3.5577057599999994e-05,1.0000087127488
146,10,-0.61,-0.41,1.0,0.0,-0.0005385555860999998,0.9991987343719
147,0,-0.8,-0.6,1.0,0.0,-0.0029030400000000004,0.99612928
147,1,0.51,-0.6,1.0,0.0,-0.0011798135999999998,1.00100284156
147,2,0.0,-0.33,1.0,0.0,0.0,1.0
147,3,-0.57,-0.11,1.0,0.0,-9.081279899999998e-06,0.9999529424587
147,4,0.8,-0.11,1.0,0.0,-1.7888640000000003e-05,1.0001300992
147,5,0.23,0.17,1.0,0.0,5.457851700000001e-06,1.0000073841523
147,6,-0.29,0.39,1.0,0.0,0.00010476328589999999,0.9999220990951
147,7,-0.8,0.6,1.0,0.0,0.0029030400000000004,0.99612928
147,8,0.51,0.6,1.0,0.0,0.0011798135999999998,1.00100284156
147,9,0.12,-0.49,1.0,0.0,-3.5577057599999994e-05,1.0000087127488
147,10,-0.61,-0.41,1.0,0.0,-0.0005385555860999998,0.9991987343719
148,0,-0.8,-0.6,1.0,0.0,-0.0014515200000000002,0.99612928
148,1,0.51,-0.6,1.0,0.0,0.000925344,0.9984269152
148,2,0.0,-0.33,1.0,0.0,0.0,1.0
148,3,-0.57,-0.11,1.0,0.0,-1.1683518e-06,0.9999878916268
148,4,0.8,-0.11,1.0,0.0,1.6397920000000004e-06,0.99997614848
148,5,0.23,0.17,1.0,0.0,2.689376200000001e-06,1.0000072771356
148,6,-0.29,0.39,1.0,0.0,-9.39257046e-05,1.0001396843812
148,7,-0.8,0.6,1.0,0.0,-0.0014515200000000002,1.00387072
148,8,0.51,0.6,1.0,0.0,0.000925344,1.0015730848
148,9,0.12,-0.49,1.0,0.0,9.68486568e-05,0.9999525639232
148,10,-0.61,-0.41,1.0,0.0,-0.00024131998939999996,0.9992819258852
149,0,-0.8,-0.6,1.0,0.0,-0.0014515200000000002,0.99612928
149,1,0.51,-0.6,1.0,0.0,0.000925344,0.9984269152
149,2,0.0,-0.33,1.0,0.0,0.0,1.0
149,3,-0.57,-0.11,1.0,0.0,-1.1683518e-06,0.9999878916268
149,4,0.8,-0.11,1.0,0.0,1.6397920000000004e-06,0.99997614848
149,5,0.23,0.17,1.0,0.0,2.689376200000001e-06,1.0000072771356
149,6,-0.29,0.39,1.0,0.0,-9.39257046e-05,1.0001396843812
149,7,-0.8,0.6,1.0,0.0,-0.0014515200000000002,1.00387072
149,8,0.51,0.6,1.0,0.0,0.000925344,1.0015730848
149,9,0.12,-0.49,1.0,0.0,9.68486568e-05,0.9999525639232
149,10,-0.61,-0.41,1.0,0.0,-0.00024131998939999996,0.9992819258852
150,0,-0.8,-0.6,1.0,0.0,-0.0005443199999999998,0.9963712
150,1,0.51,-0.6,1.0,0.0,-0.0005443199999999998,1.00231336
150,2,0.0,-0.33,1.0,0.0,-2.7394775100000007e-05,1.0
150,3,-0.57,-0.11,1.0,0.0,-1.1273570000000002e-07,0.9999970791205
150,4,0.8,-0.11,1.0,0.0,-1.1273570000000002e-07,1.00000409948
150,5,0.23,0.17,1.0,0.0,9.938999000000004e-07,1.0000067234405
150,6,-0.29,0.39,1.0,0.0,6.315693930000002e-05,0.9997651857385
150,7,-0.8,0.6,1.0,0.0,0.0005443199999999998,0.9963712
150,8,0.51,0.6,1.0,0.0,0.0005443199999999998,1.00231336
150,9,0.12,-0.49,1.0,0.0,-0.00019773267429999997,1.000242121642
150,10,-0.61,-0.41,1.0,0.0,-8.109934069999997e-05,0.9993967000265
151,0,-0.8,-0.6,1.0,0.0,-0.0005443199999999998,0.9963712
151,1,0.51,-0.6,1.0,0.0,-0.0005443199999999998,1.00231336
151,2,0.0,-0.33,1.0,0.0,-2.7394775100000007e-05,1.0
151,3,-0.57,-0.11,1.0,0.0,-1.1273570000000002e-07,0.9999970791205
151,4,0.8,-0.11,1.0,0.0,-1.1273570000000002e-07,1.00000409948
151,5,0.23,0.17,1.0,0.0,9.938999000000004e-07,1.0000067234405
151,6,-0.29,0.39,1.0,0.0,6.315693930000002e-05,0.9997651857385
151,7,-0.8,0.6,1.0,0.0,0.0005443199999999998,0.9963712
151,8,0.51,0.6,1.0,0.0,0.0005443199999999998,1.00231336
151,9,0.12,-0.49,1.0,0.0,-0.00019773267429999997,1.000242121642
151,10,-0.61,-0.41,1.0,0.0,-8.109934069999997e-05,0.9993967000265
152,0,-0.8,-0.6,1.0,0.0,0.0,0.99673408
152,1,0.51,-0.6,1.0,0.0,0.0,0.99673408
152,2,0.0,-0.33,1.0,0.0,0.0,0.9998356313494
152,3,-0.57,-0.11,1.0,0.0,0.0,0.9999993235858
152,4,0.8,-0.11,1.0,0.0,0.0,0.9999993235858
152,5,0.23,0.17,1.0,0.0,0.0,1.0000059633994
152,6,-0.29,0.39,1.0,0.0,0.0,1.0003789416358
152,7,-0.8,0.6,1.0,0.0,0.0,1.00326592
152,8,0.51,0.6,1.0,0.0,0.0,1.00326592
152,9,0.12,-0.49,1.0,0.0,0.0,0.9988136039542
152,10,-0.61,-0.41,1.0,0.0,0.0,0.9995134039558
153,0,-0.8,-0.6,1.0,0.0,0.0,0.99673408
153,1,0.51,-0.6,1.0,0.0,0.0,0.99673408
153,2,0.0,-0.33,1.0,0.0,0.0,0.9998356313494
153,3,-0.57,-0.11,1.0,0.0,0.0,0.9999993235858
153,4,0.8,-0.11,1.0,0.0,0.0,0.9999993235858
153,5,0.23,0.17,1.0,0.0,0.0,1.0000059633994
153,6,-0.29,0.39,1.0,0.0,0.0,1.0003789416358
153,7,-0.8,0.6,1.0,0.0,0.0,1.00326592
153,8,0.51,0.6,1.0,0.0,0.0,1.00326592
153,9,0.12,-0.49,1.0,0.0,0.0,0.9988136039542
153,10,-0.61,-0.41,1.0,0.0,0.0,0.9995134039558
154,0,-0.8,-0.6,1.0,0.0,0.012845056000000006,1.0
154,1,0.51,-0.6,1.0,0.0,0.0008622181022490002,1.0
154,2,0.0,-0.33,1.0,0.0,0.0,1.0
154,3,-0.57,-0.11,1.0,0.0,0.0016805259152009994,1.0
154,4,0.8,-0.11,1.0,0.0,0.012845056000000006,1.0
154,5,0.23,0.17,1.0,0.0,7.253758561000002e-06,1.0
154,6,-0.29,0.39,1.0,0.0,2.9146342728999998e-05,1.0
154,7,-0.8,0.6,1.0,0.0,0.012845056000000006,1.0
154,8,0.51,0.6,1.0,0.0,0.0008622181022490002,1.0
154,9,0.12,-0.49,1.0,0.0,1.4631321599999998e-07,1.0
154,10,-0.61,-0.41,1.0,0.0,0.0025244983436889996,1.0
155,0,-0.8,-0.6,1.0,0.0,0.012845056000000006,1.0
155,1,0.51,-0.6,1.0,0.0,0.0008622181022490002,1.0
155,2,0.0,-0.33,1.0,0.0,0.0,1.0
155,3,-0.57,-0.11,1.0,0.0,0.0016805259152009994,1.0
155,4,0.8,-0.11,1.0,0.0,0.012845056000000006,1.0
155,5,0.23,0.17,1.0,0.0,7.253758561000002e-06,1.0
155,6,-0.29,0.39,1.0,0.0,2.9146342728999998e-05,1.0
155,7,-0.8,0.6,1.0,0.0,0.012845056000000006,1.0
155,8,0.51,0.6,1.0,0.0,0.0008622181022490002,1.0
155,9,0.12,-0.49,1.0,0.0,1.4631321599999998e-07,1.0
155,10,-0.61,-0.41,1.0,0.0,0.0025244983436889996,1.0
156,0,-0.8,-0.6,1.0,0.0,0.008257536000000003,1.001835008
156,1,0.51,-0.6,1.0,0.0,-0.00086946363252,1.000123174014607
156,2,0.0,-0.33,1.0,0.0,0.0,1.0
156,3,-0.57,-0.11,1.0,0.0,0.00027798173033399994,1.000240075130743
156,4,0.8,-0.11,1.0,0.0,-0.0015138816000000005,1.001835008
156,5,0.23,0.17,1.0,0.0,4.595548902000001e-06,1.000001036251223
156,6,-0.29,0.39,1.0,0.0,-3.3597262061999986e-05,1.000004163763247
156,7,-0.8,0.6,1.0,0.0,-0.008257536000000003,1.001835008
156,8,0.51,0.6,1.0,0.0,0.00086946363252,1.000123174014607
156,9,0.12,-0.49,1.0,0.0,-5.120962559999999e-07,1.000000020901888
156,10,-0.61,-0.41,1.0,0.0,0.0014543948303219997,1.000360642620527
157,0,-0.8,-0.6,1.0,0.0,0.008257536000000003,1.001835008
157,1,0.51,-0.6,1.0,0.0,-0.00086946363252,1.000123174014607
157,2,0.0,-0.33,1.0,0.0,0.0,1.0
157,3,-0.57,-0.11,1.0,0.0,0.00027798173033399994,1.000240075130743
157,4,0.8,-0.11,1.0,0.0,-0.0015138816000000005,1.001835008
157,5,0.23,0.17,1.0,0.0,4.595548902000001e-06,1.000001036251223
157,6,-0.29,0.39,1.0,0.0,-3.3597262061999986e-05,1.000004163763247
157,7,-0.8,0.6,1.0,0.0,-0.008257536000000003,1.001835008
157,8,0.51,0.6,1.0,0.0,0.00086946363252,1.000123174014607
157,9,0.12,-0.49,1.0,0.0,-5.120962559999999e-07,1.000000020901888
157,10,-0.61,-0.41,1.0,0.0,0.0014543948303219997,1.000360642620527
158,0,-0.8,-0.6,1.0,0.0,0.00516096,1.002752512
158,1,0.51,-0.6,1.0,0.0,0.0008524153259999999,0.99971017878916
158,2,0.0,-0.33,1.0,0.0,0.0,1.0
158,3,-0.57,-0.11,1.0,0.0,4.4704664234999974e-05,1.000092660576778
158,4,0.8,-0.11,1.0,0.0,0.00017346560000000002,0.9994953728
158,5,0.23,0.17,1.0,0.0,2.8305917150000014e-06,1.000001531849634
158,6,-0.29,0.39,1.0,0.0,3.7652104034999993e-05,0.999988800912646
158,7,-0.8,0.6,1.0,0.0,0.00516096,0.997247488
158,8,0.51,0.6,1.0,0.0,0.0008524153259999999,1.00028982121084
158,9,0.12,-0.49,1.0,0.0,1.7425497600000001e-06,0.999999829301248
158,10,-0.61,-0.41,1.0,0.0,0.0008146200552349999,1.000484798276774
159,0,-0.8,-0.6,1.0,0.0,0.00516096,1.002752512
159,1,0.51,-0.6,1.0,0.0,0.0008524153259999999,0.99971017878916
159,2,0.0,-0.33,1.0,0.0,0.0,1.0
159,3,-0.57,-0.11,1.0,0.0,4.4704664234999974e-05,1.000092660576778
159,4,0.8,-0.11,1.0,0.0,0.00017346560000000002,0.9994953728
159,5,0.23,0.17,1.0,0.0,2.8305917150000014e-06,1.000001531849634
159,6,-0.29,0.39,1.0,0.0,3.7652104034999993e-05,0.999988800912646
159,7,-0.8,0.6,1.0,0.0,0.00516096,0.997247488
159,8,0.51,0.6,1.0,0.0,0.0008524153259999999,1.00028982121084
159,9,0.12,-0.49,1.0,0.0,1.7425497600000001e-06,0.999999829301248
159,10,-0.61,-0.41,1.0,0.0,0.0008146200552349999,1.000484798276774
160,0,-0.8,-0.6,1.0,0.0,0.0030965759999999998,1.003096576
160,1,0.51,-0.6,1.0,0.0,-0.0008022732479999999,1.0005114491956
160,2,0.0,-0.33,1.0,0.0,0.0,1.0
160,3,-0.57,-0.11,1.0,0.0,6.901772723999998e-06,1.000026822798541
160,4,0.8,-0.11,1.0,0.0,-1.9081216000000003e-05,1.00010407936
160,5,0.23,0.17,1.0,0.0,1.6737411880000005e-06,1.000001698355029
160,6,-0.29,0.39,1.0,0.0,-4.0508470547999984e-05,1.000022591262421
160,7,-0.8,0.6,1.0,0.0,-0.0030965759999999998,1.003096576
160,8,0.51,0.6,1.0,0.0,0.0008022732479999999,1.0005114491956
160,9,0.12,-0.49,1.0,0.0,-5.692329215999999e-06,1.000001045529856
160,10,-0.61,-0.41,1.0,0.0,0.0004380252100279999,1.000488772033141
161,0,-0.8,-0.6,1.0,0.0,0.0030965759999999998,1.003096576
161,1,0.51,-0.6,1.0,0.0,-0.0008022732479999999,1.0005114491956
161,2,0.0,-0.33,1.0,0.0,0.0,1.0
161,3,-0.57,-0.11,1.0,0.0,6.901772723999998e-06,1.000026822798541
161,4,0.8,-0.11,1.0,0.0,-1.9081216000000003e-05,1.00010407936
161,5,0.23,0.17,1.0,0.0,1.6737411880000005e-06,1.000001698355029
161,6,-0.29,0.39,1.0,0.0,-4.0508470547999984e-05,1.000022591262421
161,7,-0.8,0.6,1.0,0.0,-0.0030965759999999998,1.003096576
161,8,0.51,0.6,1.0,0.0,0.0008022732479999999,1.0005114491956
161,9,0.12,-0.49,1.0,0.0,-5.692329215999999e-06,1.000001045529856
161,10,-0.61,-0.41,1.0,0.0,0.0004380252100279999,1.000488772033141
162,0,-0.8,-0.6,1.0,0.0,0.001741824,1.003096576
162,1,0.51,-0.6,1.0,0.0,0.0007078881599999998,0.999197726752
162,2,0.0,-0.33,1.0,0.0,0.0,1.0
162,3,-0.57,-0.11,1.0,0.0,9.989407889999997e-07,1.000006901772724
162,4,0.8,-0.11,1.0,0.0,1.9677504000000005e-06,0.999980918784
162,5,0.23,0.17,1.0,0.0,9.278347890000002e-07,1.000001673741188
162,6,-0.29,0.39,1.0,0.0,4.0857681501e-05,0.999959491529452
162,7,-0.8,0.6,1.0,0.0,0.001741824,0.996903424
162,8,0.51,0.6,1.0,0.0,0.0007078881599999998,1.000802273248
162,9,0.12,-0.49,1.0,0.0,1.7432758223999996e-05,0.999994307670784
162,10,-0.61,-0.41,1.0,0.0,0.0002208077903009999,1.000438025210028
163,0,-0.8,-0.6,1.0,0.0,0.001741824,1.003096576
163,1,0.51,-0.6,1.0,0.0,0.0007078881599999998,0.999197726752
163,2,0.0,-0.33,1.0,0.0,0.0,1.0
163,3,-0.57,-0.11,1.0,0.0,9.989407889999997e-07,1.000006901772724
163,4,0.8,-0.11,1.0,0.0,1.9677504000000005e-06,0.999980918784
163,5,0.23,0.17,1.0,0.0,9.278347890000002e-07,1.000001673741188
163,6,-0.29,0.39,1.0,0.0,4.0857681501e-05,0.999959491529452
163,7,-0.8,0.6,1.0,0.0,0.001741824,0.996903424
163,8,0.51,0.6,1.0,0.0,0.0007078881599999998,1.000802273248
163,9,0.12,-0.49,1.0,0.0,1.7432758223999996e-05,0.999994307670784
163,10,-0.61,-0.41,1.0,0.0,0.0002208077903009999,1.000438025210028
164,0,-0.8,-0.6,1.0,0.0,0.000870912,1.00290304
164,1,0.51,-0.6,1.0,0.0,-0.0005552064,1.0011798136
164,2,0.0,-0.33,1.0,0.0,0.0,1.0
164,3,-0.57,-0.11,1.0,0.0,1.28518698e-07,1.000001664901315
164,4,0.8,-0.11,1.0,0.0,-1.8037712000000004e-07,1.000003279584
164,5,0.23,0.17,1.0,0.0,4.571939540000002e-07,1.000001546391315
164,6,-0.29,0.39,1.0,0.0,-3.6631024794e-05,1.000068096135835
164,7,-0.8,0.6,1.0,0.0,-0.000870912,1.00290304
164,8,0.51,0.6,1.0,0.0,0.0005552064,1.0011798136
164,9,0.12,-0.49,1.0,0.0,-4.7455841831999996e-05,1.00002905459704
164,10,-0.61,-0.41,1.0,0.0,9.894119565399997e-05,1.000368012983835
165,0,-0.8,-0.6,1.0,0.0,0.000870912,1.00290304
165,1,0.51,-0.6,1.0,0.0,-0.0005552064,1.0011798136
165,2,0.0,-0.33,1.0,0.0,0.0,1.0
165,3,-0.57,-0.11,1.0,0.0,1.28518698e-07,1.000001664901315
165,4,0.8,-0.11,1.0,0.0,-1.8037712000000004e-07,1.000003279584
165,5,0.23,0.17,1.0,0.0,4.571939540000002e-07,1.000001546391315
165,6,-0.29,0.39,1.0,0.0,-3.6631024794e-05,1.000068096135835
165,7,-0.8,0.6,1.0,0.0,-0.000870912,1.00290304
165,8,0.51,0.6,1.0,0.0,0.0005552064,1.0011798136
165,9,0.12,-0.49,1.0,0.0,-4.7455841831999996e-05,1.00002905459704
165,10,-0.61,-0.41,1.0,0.0,9.894119565399997e-05,1.000368012983835
166,0,-0.8,-0.6,1.0,0.0,0.0003265919999999999,1.002612736
166,1,0.51,-0.6,1.0,0.0,0.0003265919999999999,0.9983343808
166,2,0.0,-0.33,1.0,0.0,9.040275783000003e-06,1.0
166,3,-0.57,-0.11,1.0,0.0,1.2400927000000003e-08,1.000000385556094
166,4,0.8,-0.11,1.0,0.0,1.2400927000000003e-08,0.99999945886864
166,5,0.23,0.17,1.0,0.0,1.6896298300000007e-07,1.000001371581862
166,6,-0.29,0.39,1.0,0.0,2.463120632700001e-05,0.999890106925618
166,7,-0.8,0.6,1.0,0.0,0.0003265919999999999,0.997387264
166,8,0.51,0.6,1.0,0.0,0.0003265919999999999,1.0016656192
166,9,0.12,-0.49,1.0,0.0,9.688901040699998e-05,0.999857632474504
166,10,-0.61,-0.41,1.0,0.0,3.3250729686999986e-05,1.000296823586962
167,0,-0.8,-0.6,1.0,0.0,0.0003265919999999999,1.002612736
167,1,0.51,-0.6,1.0,0.0,0.0003265919999999999,0.9983343808
167,2,0.0,-0.33,1.0,0.0,9.040275783000003e-06,1.0
167,3,-0.57,-0.11,1.0,0.0,1.2400927000000003e-08,1.000000385556094
167,4,0.8,-0.11,1.0,0.0,1.2400927000000003e-08,0.99999945886864
167,5,0.23,0.17,1.0,0.0,1.6896298300000007e-07,1.000001371581862
167,6,-0.29,0.39,1.0,0.0,2.463120632700001e-05,0.999890106925618
167,7,-0.8,0.6,1.0,0.0,0.0003265919999999999,0.997387264
167,8,0.51,0.6,1.0,0.0,0.0003265919999999999,1.0016656192
167,9,0.12,-0.49,1.0,0.0,9.688901040699998e-05,0.999857632474504
167,10,-0.61,-0.41,1.0,0.0,3.3250729686999986e-05,1.000296823586962
168,0,-0.8,-0.6,1.0,0.0,0.0,1.002286144
168,1,0.51,-0.6,1.0,0.0,0.0,1.002286144
168,2,0.0,-0.33,1.0,0.0,0.0,1.000063281930481
168,3,-0.57,-0.11,1.0,0.0,0.0,1.000000086806489
168,4,0.8,-0.11,1.0,0.0,0.0,1.000000086806489
168,5,0.23,0.17,1.0,0.0,0.0,1.000001182740881
168,6,-0.29,0.39,1.0,0.0,0.0,1.000172418444289
168,7,-0.8,0.6,1.0,0.0,0.0,1.002286144
168,8,0.51,0.6,1.0,0.0,0.0,1.002286144
168,9,0.12,-0.49,1.0,0.0,0.0,1.000678223072849
168,10,-0.61,-0.41,1.0,0.0,0.0,1.000232755107809
169,0,-0.8,-0.6,1.0,0.0,0.0,1.002286144
169,1,0.51,-0.6,1.0,0.0,0.0,1.002286144
169,2,0.0,-0.33,1.0,0.0,0.0,1.000063281930481
169,3,-0.57,-0.11,1.0,0.0,0.0,1.000000086806489
169,4,0.8,-0.11,1.0,0.0,0.0,1.000000086806489
169,5,0.23,0.17,1.0,0.0,0.0,1.000001182740881
169,6,-0.29,0.39,1.0,0.0,0.0,1.000172418444289
169,7,-0.8,0.6,1.0,0.0,0.0,1.002286144
169,8,0.51,0.6,1.0,0.0,0.0,1.002286144
169,9,0.12,-0.49,1.0,0.0,0.0,1.000678223072849
169,10,-0.61,-0.41,1.0,0.0,0.0,1.000232755107809
170,0,-0.8,-0.6,0.9986664418581155,0.0010277298444704378,-0.0017002112571002268,0.9983842157807902
170,1,0.51,-0.6,0.9986664418581155,0.0010277298444704378,-0.0017002112571002268,0.9983842157807902
170,2,0.0,-0.33,0.9986664418581155,0.0010277298444704378,-0.0017002112571002268,0.9983842157807902
170,3,-0.57,-0.11,0.9986664418581155,0.0010277298444704378,-0.0017002112571002268,0.9983842157807902
170,4,0.8,-0.11,0.9986664418581155,0.0010277298444704378,-0.0017002112571002268,0.9983842157807902
170,5,0.23,0.17,0.9986664418581155,0.0010277298444704378,-0.0017002112571002268,0.9983842157807902
170,6,-0.29,0.39,0.9986664418581155,0.0010277298444704378,-0.0017002112571002268,0.9983842157807902
170,7,-0.8,0.6,0.9986664418581155,0.0010277298444704378,-0.0017002112571002268,0.9983842157807902
170,8,0.51,0.6,0.9986664418581155,0.0010277298444704378,-0.0017002112571002268,0.9983842157807902
170,9,0.12,-0.49,0.9986664418581155,0.0010277298444704378,-0.0017002112571002268,0.9983842157807902
170,10,-0.61,-0.41,0.9986664418581155,0.0010277298444704378,-0.0017002112571002268,0.9983842157807902
171,0,-0.8,-0.6,0.8682286440908626,-0.05218151166719309,-0.054375500990744285,0.8933316972270511
171,1,0.51,-0.6,0.9201756037136022,0.03996323733046481,0.037621850579316884,0.9078506981730072
171,2,0.0,-0.33,0.9902389115557838,0.0013115374358248352,-0.0011879685291038555,0.9722762263630891
171,3,-0.57,-0.11,0.9336595334086262,-0.008631673820147512,-0.011018215631541928,0.9730688151424194
171,4,0.8,-0.11,0.8716623680071756,0.012697335682876343,0.010435570269029526,0.9500626582184535
171,5,0.23,0.17,0.9834619184578841,-0.005413669748599581,-0.007906946999924891,0.9883060959475776
171,6,-0.29,0.39,0.9719548851039317,0.015394687580272404,0.012930973625202569,0.9617880152301694
171,7,-0.8,0.6,0.8702091779388965,0.050703800158480306,0.04845988593737971,0.8988861681102911
171,8,0.51,0.6,0.9220476288041013,-0.037234412247899584,-0.039550894226358935,0.9137530847524999
171,9,0.12,-0.49,0.976502152229275,0.01015632397627364,0.007697252668581456,0.9431155292560778
171,10,-0.61,-0.41,0.9177730910248094,-0.030881256385395517,-0.03320736871592622,0.9390598956493523
172,0,-0.8,-0.6,0.764806729225409,-0.0808721616341046,-0.08294369252537237,0.8086115163563612
172,1,0.51,-0.6,0.9165682553491372,0.06547896055919544,0.03223723449297111,0.8643196159896505
172,2,0.0,-0.33,0.9799028895087826,0.00047725077411070807,-0.011677425887368642,0.9444051514428953
172,3,-0.57,-0.11,0.8652343589377054,-0.025174296258700934,-0.01620597021162462,0.9356337329902153
172,4,0.8,-0.11,0.8801459803753353,0.037391401808140046,0.013602906558107808,0.9559416328103199
172,5,0.23,0.17,1.0029828936414242,-0.0013874856957807324,-0.0006716653205840473,1.0024818262871493
172,6,-0.29,0.39,0.9483862087877881,0.015283997345516553,0.03641952855959474,0.9552390401179611
172,7,-0.8,0.6,0.7856274539252972,0.04938309738911073,0.08699786796517728,0.8616429492125377
172,8,0.51,0.6,0.9466860193541038,-0.04058510030824358,-0.03060698428036801,0.9265753331821891
172,9,0.12,-0.49,0.9667130124110801,0.015256523315521076,-0.005225615190562749,0.901689573895581
172,10,-0.61,-0.41,0.8382431621600794,-0.05386536106044559,-0.05418463264184048,0.8772242191257273
173,0,-0.8,-0.6,0.9987691274967775,-0.0002942491690520429,0.0013983240343231275,0.9985891171557112
173,1,0.51,-0.6,0.9987691274967775,-0.0002942491690520429,0.0013983240343231275,0.9985891171557112
173,2,0.0,-0.33,0.9987691274967775,-0.0002942491690520429,0.0013983240343231275,0.9985891171557112
173,3,-0.57,-0.11,0.9987691274967775,-0.0002942491690520429,0.0013983240343231275,0.9985891171557112
173,4,0.8,-0.11,0.9987691274967775,-0.0002942491690520429,0.0013983240343231275,0.9985891171557112
173,5,0.23,0.17,0.9987691274967775,-0.0002942491690520429,0.0013983240343231275,0.9985891171557112
173,6,-0.29,0.39,0.9987691274967775,-0.0002942491690520429,0.0013983240343231275,0.9985891171557112
173,7,-0.8,0.6,0.9987691274967775,-0.0002942491690520429,0.0013983240343231275,0.9985891171557112
173,8,0.51,0.6,0.9987691274967775,-0.0002942491690520429,0.0013983240343231275,0.9985891171557112
173,9,0.12,-0.49,0.9987691274967775,-0.0002942491690520429,0.0013983240343231275,0.9985891171557112
173,10,-0.61,-0.41,0.9987691274967775,-0.0002942491690520429,0.0013983240343231275,0.9985891171557112
174,0,-0.8,-0.6,0.8674413961018423,-0.05283053694515871,-0.05173832190452643,0.8932753724488762
174,1,0.51,-0.6,0.9192667347057704,0.039214788027930325,0.04042774881529709,0.9080765852598205
174,2,0.0,-0.33,0.9892934440190434,0.0005496253620415267,0.0018267903578728095,0.9723918295012624
174,3,-0.57,-0.11,0.932775830908561,-0.009384702903680875,-0.008176847580976254,0.9731542360280621
174,4,0.8,-0.11,0.8708211334806926,0.011941920674551909,0.013090643617708064,0.9502103767780601
174,5,0.23,0.17,0.9825281844649814,-0.006181695322293734,-0.004913592754896001,0.9884030635481933
174,6,-0.29,0.39,0.9710158461739837,0.014627521333077098,0.015891685439806125,0.9619452921438842
174,7,-0.8,0.6,0.869339584042006,0.0499520992347513,0.051114899757287446,0.899143726973417
174,8,0.51,0.6,0.9211973465705903,-0.03791369951322565,-0.03674815529652875,0.9137446124185544
174,9,0.12,-0.49,0.9755628619378953,0.009408772531915854,0.010671208361401341,0.9432547139198721
174,10,-0.61,-0.41,0.9169219313265309,-0.031586414150908126,-0.030416915874909023,0.9390736711856196
175,0,-0.8,-0.6,0.7659109352853299,-0.0812449415521499,-0.08379729421470472,0.8091140235588767
175,1,0.51,-0.6,0.9178494340678078,0.06529456630932629,0.031282099910434624,0.8646956734525979
175,2,0.0,-0.33,0.981287366917205,0.00017563102057763236,-0.012722342235260697,0.9448914009002607
175,3,-0.57,-0.11,0.8664587113349498,-0.025509252932209847,-0.017131648488710738,0.9361426574622245
175,4,0.8,-0.11,0.8813818026531806,0.037138103425871094,0.01267678267913297,0.9563946917062749
175,5,0.23,0.17,1.004396369297389,-0.001710322591885749,-0.001735378715728153,1.0029999860244887
175,6,-0.29,0.39,0.949710882158783,0.01499977336782976,0.03543281595907999,0.9557151752492832
175,7,-0.8,0.6,0.7867066013633739,0.049176879846069,0.08620978153572878,0.8620346920173994
175,8,0.51,0.6,0.9480297513964064,-0.04093887215339542,-0.031626440410992274,0.927095927472088
175,9,0.12,-0.49,0.9680768393791062,0.014989401130038882,-0.006253222217811327,0.9021381382756655
175,10,-0.61,-0.41,0.8394416388113335,-0.05422204896188276,-0.055101269325064095,0.877733457166352
176,0,-0.8,-0.6,1.0004167728895088,0.0004040607369410339,0.003921865565876051,1.0029164750383484
176,1,0.51,-0.6,1.0003080830579107,-0.0005473828769032279,0.002035800037446214,1.0008685438444371
176,2,0.0,-0.33,1.0001542983543819,-7.505612046296696e-05,0.0023479771345020915,1.0011566359890398
176,3,-0.57,-0.11,1.0000418064528285,0.0004219746115228654,0.0028247042249941135,1.0016328217025274
176,4,0.8,-0.11,0.9999281384610047,-0.0005730465724211335,0.0008522540158728335,0.9994910921333225
176,5,0.23,0.17,0.9997720689893516,-5.3367526970302145e-05,0.0012351827310712136,0.9998541236145004
176,6,-0.29,0.39,0.9996554286209433,0.0004073485632657493,0.0016399225876536994,1.0002521440152434
176,7,-0.8,0.6,0.999545221487514,0.0008570270062410114,0.0020458980600032185,1.0006533903921555
176,8,0.51,0.6,0.9994365316559161,-9.441660760325037e-05,0.0001598325315733816,0.9986054591982444
176,9,0.12,-0.49,1.0002605488875294,-0.00022260676323577165,0.00242533677390225,1.0012707838579449
176,10,-0.61,-0.41,1.000263013076811,0.0003377847575976958,0.00335128588858995,1.0022611251142715
177,0,-0.8,-0.6,0.8711702531583043,-0.056280159921318074,-0.05035109251760872,0.8955867074056378
177,1,0.51,-0.6,0.9199377225821426,0.03642049561936034,0.040242212784313836,0.9113532671856106
177,2,0.0,-0.33,0.9915013191176114,-0.002025063078000839,0.0024732472736488376,0.9748103346751691
177,3,-0.57,-0.11,0.9363184859112472,-0.011643630115631964,-0.006546075723146139,0.9744813276105213
177,4,0.8,-0.11,0.8711071821654315,0.010327798172227176,0.012693552958742416,0.9524150938328146
177,5,0.23,0.17,0.984359312034,-0.007360819717638911,-0.004310114612438021,0.9894532354837171
177,6,-0.29,0.39,0.9741932689155686,0.013894139477832468,0.01749803227313329,0.9619766018764686
177,7,-0.8,0.6,0.8732889230089746,0.0497136676269605,0.05331260760632617,0.898459259213169
177,8,0.51,0.6,0.9224491762382936,-0.037919160811306085,-0.036311237572306254,0.9136870784409723
177,9,0.12,-0.49,0.9773504695761992,0.006577692189535522,0.01103241084599027,0.9461452015746552
177,10,-0.61,-0.41,0.9204397001250086,-0.03460649178332886,-0.0290152890880524,0.9411607455878102
178,0,-0.8,-0.6,0.7633190047262595,-0.08086878144908383,-0.08096580911276519,0.810535153106251
178,1,0.51,-0.6,0.9187550194522665,0.06663541357587732,0.030896756930687275,0.8673642232781553
178,2,0.0,-0.33,0.9807107749548781,0.0004977446731689594,-0.01132378782409127,0.9468654007804833
178,3,-0.57,-0.11,0.8644498765697506,-0.026199306391028188,-0.014006556331436215,0.937054422028849
178,4,0.8,-0.11,0.883581506849751,0.03778721013869557,0.011571858103687216,0.9582838681049255
178,5,0.23,0.17,1.0051898867713405,-0.0024218941019338303,-0.0007930595485872161,1.0038489981073484
178,6,-0.29,0.39,0.9488046783245885,0.013267323378807205,0.03829721725856494,0.9556436632307541
178,7,-0.8,0.6,0.7846401095523703,0.04675169917867095,0.08989255606550728,0.8614965605890923
178,8,0.51,0.6,0.9501675295731093,-0.042431824415212205,-0.03139402132701363,0.9269550810264704
178,9,0.12,-0.49,0.9677686375400563,0.015754772750287138,-0.005388332058320344,0.9044956882087174
178,10,-0.61,-0.41,0.8371807388440899,-0.0541742830595382,-0.05225190916058331,0.8791508039895923
179,0,-0.8,-0.6,0.996621281896601,0.00224433930728541,-0.003358451631710173,0.9987461406738056
179,1,0.51,-0.6,0.9997189585703913,0.004703781186238752,-0.0013772289089930686,0.9992812618951726
179,2,0.0,-0.33,0.9990199007106083,0.0027972382693594233,-0.002038252465341634,0.9986640502643295
179,3,-0.57,-0.11,0.9980850927024475,0.0009537992108437975,-0.0028104435212561374,0.9980980481525398
179,4,0.8,-0.11,1.0013246476971747,0.0035258872827262995,-0.0007384777730710744,0.9986576787428244
179,5,0.23,0.17,1.000502485881943,0.0014715481626592377,-0.0014861594600680031,0.9980008139654695
179,6,-0.29,0.39,0.9996859098078963,-0.0002780190684154207,-0.002182731328092541,0.9974552363277778
179,7,-0.8,0.6,0.9988742057551843,-0.001973661923743313,-0.002868264253358681,0.9969288873624998
179,8,0.51,0.6,1.0019718824289745,0.0004857799552100287,-0.0008870415306415767,0.997464008583867
179,9,0.12,-0.49,0.9990032675046712,0.0035849308193549078,-0.0019221247315192485,0.998955369443672
179,10,-0.61,-0.41,0.9974272761905104,0.0019332020566482043,-0.002993485716155983,0.9985360219010878
180,0,-0.8,-0.6,0.872200205559448,-0.05145559356378726,-0.05434591776598552,0.8933038280201089
180,1,0.51,-0.6,0.9208667194060549,0.04031218192590558,0.04153083499325305,0.9084937822034789
180,2,0.0,-0.33,0.9923469864692408,0.0018465201719010046,0.0014746465437642797,0.9730687800524329
180,3,-0.57,-0.11,0.9371615063424876,-0.007891011066796239,-0.010187246504700376,0.9740478352018855
180,4,0.8,-0.11,0.8713005978377986,0.012699643836544539,0.01514532961544024,0.951684075344017
180,5,0.23,0.17,0.9845514300221847,-0.005201578945346341,-0.004283243454361596,0.990223611357921
180,6,-0.29,0.39,0.9744951423862336,0.015862095970042844,0.014957192345788073,0.9639090948199147
180,7,-0.8,0.6,0.8736996274794073,0.051492019204069095,0.049058286044623145,0.9010116048258077
180,8,0.51,0.6,0.9220950314692278,-0.03731787781569018,-0.03526734393410891,0.9162561878661712
180,9,0.12,-0.49,0.9783121505888004,0.010680804032880964,0.01064716795284859,0.943659892699289
180,10,-0.61,-0.41,0.9214408657753914,-0.030138698259296604,-0.0326135542738637,0.9394115150496152
181,0,-0.8,-0.6,0.7636982150005522,-0.08216468561084156,-0.08325915695772679,0.8095802628282911
181,1,0.51,-0.6,0.9169832928812571,0.06504775415527853,0.033303169943987854,0.8656882003466038
181,2,0.0,-0.33,0.979777236713756,0.00012116801420720968,-0.011088560875061049,0.9462275737393
181,3,-0.57,-0.11,0.8644910131638817,-0.025478087806174443,-0.016189451723658266,0.9377690131373573
181,4,0.8,-0.11,0.8815059170941275,0.03854327051966422,0.015071576625613758,0.9586433603880895
181,5,0.23,0.17,1.0038399634593187,-4.8776371830427934e-05,0.00041185574395363744,1.0057458399159724
181,6,-0.29,0.39,0.9485814547183224,0.01658790085845574,0.037066887143000216,0.958681455831556
181,7,-0.8,0.6,0.7853782008071519,0.05050756923807853,0.08739439949501104,0.8649530131576988
181,8,0.51,0.6,0.948317674914767,-0.03801183717788703,-0.02927137304764571,0.9305877699539167
181,9,0.12,-0.49,0.9666284065054653,0.014640264146825732,-0.004549956245103459,0.9031401918546678
181,10,-0.61,-0.41,0.8372868716688409,-0.054826380269101804,-0.05432489216805614,0.8786242073621775
182,0,-0.8,-0.6,0.998969205426688,0.00022730079339041442,-0.001196156508786898,0.9955354478474044
182,1,0.51,-0.6,0.996674630498794,0.0030543462491837803,0.000285072106973525,0.9961402742334959
182,2,0.0,-0.33,0.999127326434898,0.0016341091470336183,-0.0007076120811777689,0.9980478436634914
182,3,-0.57,-0.11,1.0004666916279725,0.00048824070614147876,-0.0006677288737204953,0.9987350774191404
182,4,0.8,-0.11,0.9945947171847681,0.0009293429194617341,0.00012599672809332203,0.9976688229020095
182,5,0.23,0.17,0.9982485936230029,0.0006726469232556214,-0.0009991533584236525,0.9986276595820638
182,6,-0.29,0.39,1.000406120609506,0.000726890785519112,-0.0009282732818910906,0.9985831813157413
182,7,-0.8,0.6,1.001390017719883,0.0009080609042111657,8.140042285651139e-05,0.997742263475964
182,8,0.51,0.6,0.9956917211732567,-0.00034927381188939695,-0.0018632690418359877,0.9961868309861328
182,9,0.12,-0.49,0.9985330633995815,0.002231913549291929,-0.0005333587823478803,0.9971300551661402
182,10,-0.61,-0.41,0.999793864443698,0.0006117003785622905,-0.0009372367411516186,0.9973002550536193
183,0,-0.8,-0.6,0.8704941458770321,-0.05161244487350558,-0.05139479414273396,0.8960955127368386
183,1,0.51,-0.6,0.9213390212703398,0.039695211062618085,0.03824282868158946,0.9107158695509376
183,2,0.0,-0.33,0.9918252134098575,0.0001809987025709614,0.0018763680609268363,0.974323109331765
183,3,-0.57,-0.11,0.9350501745108986,-0.009805892042802355,-0.008258094173763109,0.9757280445901739
183,4,0.8,-0.11,0.8740131193230027,0.013300943679794841,0.009881040041737066,0.9521532553236067
183,5,0.23,0.17,0.9859959138741603,-0.00568909400144868,-0.0057108136969352685,0.9899493295939532
183,6,-0.29,0.39,0.9737606100068685,0.014937434261730331,0.015120302926385776,0.964520096652377
183,7,-0.8,0.6,0.8709621496238995,0.05060990032612622,0.04863265673504813,0.9034453740675019
183,8,0.51,0.6,0.9264579551304664,-0.03462590292269141,-0.0385406073721839,0.9154462236593552
183,9,0.12,-0.49,0.9779866407683135,0.009366617863271198,0.010341337619568236,0.9454338195102885
183,10,-0.61,-0.41,0.9195972471842673,-0.03135151344091369,-0.030022127728290826,0.9416072935808373
184,0,-0.8,-0.6,0.7632005099011963,-0.08156372338641305,-0.08164119486009369,0.8114430087857727
184,1,0.51,-0.6,0.9140918978967072,0.06413222244927574,0.035502173090229405,0.8638944860028808
184,2,0.0,-0.33,0.979227957054944,-0.0013939177915221757,-0.010103250791537732,0.9465423520260696
184,3,-0.57,-0.11,0.8635071781504244,-0.026989925683285065,-0.015263057616399234,0.9389692249631154
184,4,0.8,-0.11,0.8771326530099266,0.03697596562268757,0.01590934203127281,0.9564665238992465
184,5,0.23,0.17,1.0027124198869197,-0.0029076375335224114,7.284083058944901e-05,1.004735236148635
184,6,-0.29,0.39,0.9475260183133827,0.01327955109764467,0.037067359653919496,0.9572401052371227
184,7,-0.8,0.6,0.7823994976896564,0.04741716796985429,0.08830573106077821,0.8623917753247667
184,8,0.51,0.6,0.9471594036858377,-0.040566333181502046,-0.030074595813722738,0.9275719271006899
184,9,0.12,-0.49,0.9657828962880699,0.013588563378685858,-0.0030051129085162387,0.90291111776164
184,10,-0.61,-0.41,0.8368270299485836,-0.05519591955716052,-0.05299938782288294,0.880311678913559
185,0,-0.8,-0.6,0.9999440568236871,-0.0010350760629611547,0.0014836435330368772,1.0054558582753044
185,1,0.51,-0.6,1.0033645167927328,0.0016736532320843795,0.002307130105095034,1.0016179056474568
185,2,0.0,-0.33,1.0002152723656437,0.001152228364522066,0.0001970971613706739,1.002472828374996
185,3,-0.57,-0.11,1.0003991347193095,0.00024978464927810336,-0.0009810948380636307,1.003230319358956
185,4,0.8,-0.11,1.0066016317676116,0.0013156658217267493,0.0047507444641173985,1.002981107360159
185,5,0.23,0.17,1.0016081281950395,0.0010023119015534591,0.0011483836428815878,1.0016263793240008
185,6,-0.29,0.39,1.000566018570443,0.0004914708772523661,-0.0012125839614072764,1.0002773558861828
185,7,-0.8,0.6,1.0027734005256648,-0.0002692191979883478,-0.0025786654905915122,0.9989320948422648
185,8,0.51,0.6,1.003174919698589,-9.622511281500356e-05,0.004414506863554758,1.0006359130806366
185,9,0.12,-0.49,1.000536350661302,0.0012703099476523646,0.000749292755032119,1.0022295202540235
185,10,-0.61,-0.41,0.9998042630983063,-0.00013223411421844444,9.541157326109105e-05,1.0042391454913657
186,0,-0.8,-0.6,0.8728671507252095,-0.052741837452963125,-0.051177124982260125,0.8994823413321917
186,1,0.51,-0.6,0.9231256399011567,0.04000703937578898,0.03936849340968607,0.9126380431934145
186,2,0.0,-0.33,0.9923670695928273,-0.0004237608384853597,0.0011963780521817569,0.9762904223942215
186,3,-0.57,-0.11,0.9367928662240566,-0.010618844581422593,-0.008290652241116359,0.9766470913594172
186,4,0.8,-0.11,0.8770217014286708,0.011418903989035556,0.01129802932459123,0.9527756282198818
186,5,0.23,0.17,0.9863443812263561,-0.007817578182023333,-0.006179502035075224,0.9905753423633534
186,6,-0.29,0.39,0.9738316993634921,0.013541465865296587,0.015137320702462986,0.9640276023015204
186,7,-0.8,0.6,0.8728572321037298,0.05041238093639322,0.05067678143788612,0.9013426510717792
186,8,0.51,0.6,0.9265904606925446,-0.03861591688081312,-0.03812257454161028,0.9161877607133384
186,9,0.12,-0.49,0.9786065431546809,0.009160477869307737,0.01005085051297705,0.9478023481612752
186,10,-0.61,-0.41,0.9213862479096058,-0.03219212696414786,-0.030177119608731928,0.9440693583273596
187,0,-0.8,-0.6,0.7634834894854059,-0.08008631319222914,-0.0766425902187784,0.8097398581652371
187,1,0.51,-0.6,0.9167762139716817,0.06517491049629065,0.03399579501239813,0.8626653407173279
187,2,0.0,-0.33,0.9790483331464607,0.0003973365984174496,-0.009699524766704215,0.9439275676370595
187,3,-0.57,-0.11,0.8636287071039916,-0.024878601956324076,-0.012053667439171356,0.9369492415672864
187,4,0.8,-0.11,0.8807528917853524,0.03717768731759108,0.015919308829492884,0.955323282640641
187,5,0.23,0.17,1.0023833689060124,-0.001081144673786838,0.00014895062960817995,1.00319017448669
187,6,-0.29,0.39,0.9468963700631772,0.01597344334580697,0.03814550547653894,0.9573919053929014
187,7,-0.8,0.6,0.7839287906041825,0.050206908963623675,0.09094783048890775,0.8651057447628396
187,8,0.51,0.6,0.9467888037184569,-0.03904372619656371,-0.02912996288628733,0.9295996404312667
187,9,0.12,-0.49,0.9661816429765158,0.015144581567982929,-0.0032416676565283353,0.9007725697840474
187,10,-0.61,-0.41,0.8368335386865766,-0.05339783248903274,-0.049104458443860466,0.8781768230659015
188,0,-0.8,-0.6,0.9927787690003426,-0.002528724289988195,-0.002199345556181364,1.0017611772003796
188,1,0.51,-0.6,1.0008442058326756,-0.001394516475638471,0.003271050129039758,0.9988533562521004
188,2,0.0,-0.33,1.0010167568056219,0.0003660332163473469,0.001456321398294459,0.99896246343562
188,3,-0.57,-0.11,0.9976660681619833,2.0091730240449484e-05,-0.0020622549019963504,1.0004612184419162
188,4,0.8,-0.11,1.0038321876884984,0.003624352540316722,0.006140329037061768,0.9990162202773847
188,5,0.23,0.17,1.002485341614724,0.0005487918836267374,0.0018958875187989367,0.999520002122116
188,6,-0.29,0.39,1.00052158600428,-0.000903845692332352,-0.0009386337529974406,1.0005214037628198
188,7,-0.8,0.6,0.9937728834955598,-0.00014717459534508158,-0.009734529476605941,1.0030709581982498
188,8,0.51,0.6,1.0058744876787094,0.00016064181641175417,0.0032386942748836214,1.0003270314537889
188,9,0.12,-0.49,1.0009700809833122,-0.0005069754196084662,0.0017907376401570657,0.9988705350183635
188,10,-0.61,-0.41,0.9966926190810939,-0.0006716535212831222,-0.0011443248077212455,1.0005022747914578
189,0,-0.8,-0.6,0.8720178342747076,-0.05267229724603695,-0.056125478153923325,0.893502874077523
189,1,0.51,-0.6,0.9221170638173959,0.03710630652742353,0.038296620208377874,0.9109168664367395
189,2,0.0,-0.33,0.9912901180873139,-0.00033953397070903696,-0.001083868661488907,0.9740739567443146
189,3,-0.57,-0.11,0.9354450282716975,-0.010020312746217286,-0.01207954115900467,0.9745934993685146
189,4,0.8,-0.11,0.8731081249657713,0.012328532805749859,0.012350506471692224,0.9528093138644333
189,5,0.23,0.17,0.9854585786145398,-0.005611978493025305,-0.0067062157910191544,0.9894248857583721
189,6,-0.29,0.39,0.9728680355758357,0.01610628488912802,0.012364863216651756,0.9613785157680521
189,7,-0.8,0.6,0.8738580090095205,0.05362894361926607,0.047828628391144434,0.8961545810426408
189,8,0.51,0.6,0.9255124487905775,-0.03396465933502846,-0.03668285475377786,0.912305105904565
189,9,0.12,-0.49,0.9779823331793058,0.008179310256872796,0.007922471373378315,0.9451063711363172
189,10,-0.61,-0.41,0.919914098118646,-0.03192670855467483,-0.03457928482442085,0.9400869344922125
190,0,-0.8,-0.6,0.7674677013902453,-0.08277159069258744,-0.08781732963036859,0.8125534956548996
190,1,0.51,-0.6,0.9170475623321295,0.06496355925422748,0.03547604854325925,0.8689007146567285
190,2,0.0,-0.33,0.9806438621029913,-0.00027980364170911674,-0.010749388629216483,0.9474483848026516
190,3,-0.57,-0.11,0.8671258097669998,-0.026319568968702356,-0.018136174777250158,0.9369950754872791
190,4,0.8,-0.11,0.8818547782007968,0.03750393834378585,0.01961838475700306,0.9587197871765984
190,5,0.23,0.17,1.0043453252256418,-0.0033319431519407416,0.0013363097572938187,1.0035223990817466
190,6,-0.29,0.39,0.9492281556056081,0.012883287520137898,0.03633117837131827,0.9560981228950993
190,7,-0.8,0.6,0.7846529893051901,0.04940465936353888,0.08426561248775499,0.8628886724593166
190,8,0.51,0.6,0.9485082270166423,-0.04486726756791626,-0.025858996832717196,0.9273998389236482
190,9,0.12,-0.49,0.9670144109838463,0.014526313700524707,-0.0038053803719240165,0.9058108922932462
190,10,-0.61,-0.41,0.8403904931397754,-0.05528659502429534,-0.056970468176320566,0.880160804600516
191,0,-0.8,-0.6,0.9976276832572865,-0.002716248072409607,0.002251516720645692,1.0089545689165522
191,1,0.51,-0.6,1.0031637675616771,-0.0020256910702856805,0.0007236043410622779,1.0032378035626024
191,2,0.0,-0.33,1.0004106032719922,-0.0017203623622291091,0.0015976807998191087,1.0022913621055518
191,3,-0.57,-0.11,0.9992753956598872,-0.0017243028392573093,0.001301781260660935,1.002751622998344
191,4,0.8,-0.11,1.0068280666771456,-0.0013000497984133868,-0.0005495731625095386,1.0000792796141067
191,5,0.23,0.17,1.0012938228808943,-0.0017699057489694197,-5.6664153335212906e-05,1.0011405891173284
191,6,-0.29,0.39,0.9997426819552897,-0.0022325372041522504,0.0007102210285664667,1.0024299262745862
191,7,-0.8,0.6,0.9985150156716017,-0.0027387129459553773,-0.0013636349916062314,1.003785255343873
191,8,0.51,0.6,1.0027611376793253,-0.00564493054395969,-0.0020105407391814564,1.0003174300092734
191,9,0.12,-0.49,1.0007657569729946,-0.0019177683300683076,0.0016588851098556755,1.0032219513509284
191,10,-0.61,-0.41,0.9988141923464401,-0.0022976856365944983,0.002161297543440511,1.0049881703180523
192,0,-0.8,-0.6,0.8722498613944474,-0.05560353805167395,-0.05198665992134366,0.8896089305765464
192,1,0.51,-0.6,0.918857838511089,0.039991746636491854,0.04173067008617082,0.9030530620512955
192,2,0.0,-0.33,0.9901473781920908,0.0007002746092417758,0.0008523609873467564,0.9704609478522475
192,3,-0.57,-0.11,0.9365716308606942,-0.008971179021877163,-0.009259379450676786,0.9718832424676638
192,4,0.8,-0.11,0.8697355707298904,0.012561480855488583,0.011855265165394702,0.9473521787387029
192,5,0.23,0.17,0.9829432782160197,-0.004676847936702089,-0.005770250929848508,0.9877920929407535
192,6,-0.29,0.39,0.9727491558364498,0.018028438880657305,0.01435873778210528,0.9620668037502167
192,7,-0.8,0.6,0.8758082698512304,0.05527885910128205,0.05096187843944833,0.9008100303464772
192,8,0.51,0.6,0.920875502297136,-0.03306678450498701,-0.038773239952050176,0.9130555729819356
192,9,0.12,-0.49,0.9760186125279402,0.009502779597936328,0.0103615441504612,0.9401823632682049
192,10,-0.61,-0.41,0.9205547113477763,-0.032697104412893196,-0.03161837280885038,0.9365858346654932
193,0,-0.8,-0.6,0.7651744073911004,-0.08003860146876818,-0.07892491771244181,0.8108941730866626
193,1,0.51,-0.6,0.91698952628394,0.06633663360289255,0.033460469450741215,0.8663518929474812
193,2,0.0,-0.33,0.9795094162287286,0.0005742800681610843,-0.010374644615618323,0.9462493184286824
193,3,-0.57,-0.11,0.8643133255215041,-0.023989050856876304,-0.013311254945524986,0.9380687791618603
193,4,0.8,-0.11,0.8838311946202104,0.03878670934431838,0.016450063429485073,0.9568240575061338
193,5,0.23,0.17,1.0033600341685656,-0.00038106283406502683,-0.00029803773338166195,1.0031641471258679
193,6,-0.29,0.39,0.9472788864428594,0.016303732391920178,0.03798026063095428,0.9550595907459325
193,7,-0.8,0.6,0.7821212378300579,0.05057839896904781,0.08937671724940088,0.859821081000689
193,8,0.51,0.6,0.9472725259196402,-0.04263375330548769,-0.03095688200227542,0.9231258611963611
193,9,0.12,-0.49,0.9661875744748638,0.015238240669290803,-0.004166511330394584,0.9034338674940301
193,10,-0.61,-0.41,0.838082000409468,-0.05335503494574567,-0.050784514260548974,0.8795649373283254
194,0,-0.8,-0.6,1.001596415917531,0.00025121535715428916,-0.005940695506376759,1.0039017673822161
194,1,0.51,-0.6,0.9987267087438061,-0.0007062197586906613,-0.0010619020172222724,1.0042682695518526
194,2,0.0,-0.33,1.0000016942247238,-0.0013963415825769179,-0.0002739274270596174,1.0017094986309185
194,3,-0.57,-0.11,1.0013669828655116,-0.002725549453972157,-0.0029709153603768926,1.001056168653892
194,4,0.8,-0.11,0.9975485261372462,-0.0012841232564054722,-0.004156001702421884,1.000560207785396
194,5,0.23,0.17,0.9999377154624064,-0.001380949982758098,-0.0003760380093535717,1.00156392264856
194,6,-0.29,0.39,1.0019085158811587,-0.0020677283070647417,-0.0006187332975065895,1.0028693223392704
194,7,-0.8,0.6,0.9987477731477707,-0.002978643252855925,-0.010029249799783117,1.008194245672343
194,8,0.51,0.6,0.9983081158607973,-0.0034131214619464835,-0.0038281400284853684,1.0007568069594
194,9,0.12,-0.49,0.9996165546289001,-0.0009732420340808816,-0.00045007938768285336,1.002598949083835
194,10,-0.61,-0.41,1.0011042910370882,-0.0019023574086445383,-0.003290593276438771,1.0017427585316339
195,0,-0.8,-0.6,0.8676897120807325,-0.0529158415973896,-0.05678704501077547,0.8934659705417403
195,1,0.51,-0.6,0.9176569235602727,0.04263256903058732,0.03699524175893032,0.9100041016285587
195,2,0.0,-0.33,0.9887748304480645,0.0016505941820591993,-0.0013641726359647777,0.9731884012820213
195,3,-0.57,-0.11,0.9321091803404791,-0.00911124647950956,-0.011385433866528683,0.9720421809689128
195,4,0.8,-0.11,0.8715713264995095,0.01611022198977352,0.009446630089282593,0.9512643145970223
195,5,0.23,0.17,0.9836665292167757,-0.0049327979478874795,-0.007429002218950487,0.9889187227024587
195,6,-0.29,0.39,0.9705783682867342,0.015398739477978651,0.013998788267466367,0.9610622000721936
195,7,-0.8,0.6,0.8691165412910706,0.051877094897623266,0.05079224196791188,0.897128055010743
195,8,0.51,0.6,0.9236092786413241,-0.03774312107296396,-0.0382700371948097,0.9160072063085778
195,9,0.12,-0.49,0.9749011709372923,0.010957125276545021,0.007372461863219826,0.9447512662463797
195,10,-0.61,-0.41,0.9160548293807302,-0.03152501593106649,-0.03473310303259147,0.9387372718050457
196,0,-0.8,-0.6,0.7642038675204077,-0.08053659644735589,-0.08642667853608899,0.811028308123074
196,1,0.51,-0.6,0.9148358000310441,0.06715801603718319,0.03215353927554787,0.8689924180793618
196,2,0.0,-0.33,0.9789418758845807,0.0010767363678183123,-0.012756489697896,0.9462038634000525
196,3,-0.57,-0.11,0.8647446450571472,-0.025346158449846,-0.01898307715186842,0.9358534735354196
196,4,0.8,-0.11,0.8755116919778594,0.03700564732422862,0.014973330554612918,0.957640880601407
196,5,0.23,0.17,1.001785219556517,-0.0016614381814772372,-0.0004751396082136594,1.0032365715534342
196,6,-0.29,0.39,0.9480514386317473,0.01447473246818376,0.03524620356687436,0.9561867117813261
196,7,-0.8,0.6,0.7838354040279327,0.04796405972395945,0.08502264819965077,0.863365005210337
196,8,0.51,0.6,0.9442174707108286,-0.04212634510669666,-0.030225627056790216,0.9286445537548538
196,9,0.12,-0.49,0.9654041959461512,0.016579620176759846,-0.006136555791291798,0.9045317455325108
196,10,-0.61,-0.41,0.8377764327827109,-0.05371211653226737,-0.05737820721329889,0.8786153058992774
197,0,-0.8,-0.6,1.0071889720258005,-0.001091404107387784,-0.0026334601600083354,1.001998010264516
197,1,0.51,-0.6,1.0019737613778668,-0.002841241154522402,0.00040811979659084166,0.9977376761379981
197,2,0.0,-0.33,1.0007513197836295,-0.0008267976990035712,0.00045312465586458926,0.9985996517508855
197,3,-0.57,-0.11,1.0036500979345635,-0.0007225852028783506,-0.0007914346557991297,0.9991502982826214
197,4,0.8,-0.11,1.0029548508688584,-0.002027934888921124,-0.0002382828950489238,0.995637179356926
197,5,0.23,0.17,1.0002561334592621,-0.0008804655411946076,-0.0017686884319334248,0.9981813797378408
197,6,-0.29,0.39,1.0020800909891843,-0.0024577350110050844,0.0004457364328553323,0.9978560214218914
197,7,-0.8,0.6,1.009315844231042,-0.00541989771191167,0.005099137168874847,0.9913195569599276
197,8,0.51,0.6,1.0007289864668112,-0.0015170457049775321,-0.004303196471970157,0.9964433711407323
197,9,0.12,-0.49,1.0006898813701035,-0.0014024392718488222,0.0005707000140507089,0.9987253782537876
197,10,-0.61,-0.41,1.0040899571951092,-0.0007010852988894411,-0.000995919850660783,1.0002086713626641
198,0,-0.8,-0.6,0.8721851124660063,-0.05575279066194483,-0.04750925602925449,0.8935355241268539
198,1,0.51,-0.6,0.9240259111475968,0.036874590075841596,0.04030454070491629,0.9064345571352384
198,2,0.0,-0.33,0.992931279055506,0.0009881635265910835,0.000349789308629056,0.9732802410677976
198,3,-0.57,-0.11,0.9364468184225316,-0.0084690858215275,-0.006353640259748605,0.9746269827512477
198,4,0.8,-0.11,0.8765448444303381,0.01222506840203863,0.013242560832626982,0.950155883597259
198,5,0.23,0.17,0.9858622257996608,-0.004698770261768459,-0.007029393039870158,0.9888241099126338
198,6,-0.29,0.39,0.9745531657223694,0.01612280925433751,0.015180041251783294,0.9607466545380472
198,7,-0.8,0.6,0.8728563425930425,0.05177384254650974,0.05176682649210562,0.8969274318815224
198,8,0.51,0.6,0.9244209878689347,-0.03781546698000682,-0.038611082997519475,0.9104549413274654
198,9,0.12,-0.49,0.979357404243264,0.00866935235405153,0.009296377251333254,0.9435691169512594
198,10,-0.61,-0.41,0.9204234198145755,-0.03241426471678466,-0.02796496809120974,0.9402496542743055
199,0,-0.8,-0.6,0.7683426437310459,-0.08246294846969704,-0.07838734267240355,0.8135947427434509
199,1,0.51,-0.6,0.9146127281367544,0.06246153996802839,0.03151063343587168,0.8639902452367565
199,2,0.0,-0.33,0.9794619801912425,-0.0009013532846670206,-0.011368064128935984,0.946604938684148
199,3,-0.57,-0.11,0.8675408383340688,-0.025851257856590593,-0.015185292814856588,0.9402592848553604
199,4,0.8,-0.11,0.8771556138098546,0.03737228465583442,0.011119196507980433,0.9585951152440986
199,5,0.23,0.17,1.0024065363323231,-0.0019089050756759818,-0.0014280044924319668,1.0060588544330562
199,6,-0.29,0.39,0.9493984328146077,0.013312265234599607,0.03543218560220218,0.958952067614538
199,7,-0.8,0.6,0.7913588888075473,0.044081655214966986,0.08598612138976947,0.8660277360794666
199,8,0.51,0.6,0.9474391692576578,-0.03999581907332406,-0.03095813438935835,0.9282617606243271
199,9,0.12,-0.49,0.9659267407174932,0.012949549203777888,-0.004678668258373264,0.9029092284396079
199,10,-0.61,-0.41,0.840825633230402,-0.05497071164928258,-0.05173750872167204,0.8815077282842143
200,0,-0.8,-0.6,0.9909166921518334,0.005548241567431346,-0.009610541431547858,0.9991872683838335
200,1,0.51,-0.6,0.9969528255999116,0.0007674800426844194,0.00481748539929523,0.9984672923078504
200,2,0.0,-0.33,1.000334409073159,0.0004880952352871238,0.001677262261657481,0.9985269242282062
200,3,-0.57,-0.11,0.9975980357449374,-0.00033666527881276583,-0.0025397086214748814,0.9984834944425933
200,4,0.8,-0.11,0.9950396963513527,0.0009980248083590656,0.0013092361748312381,0.995955680363813
200,5,0.23,0.17,0.9996066609764646,-0.001130915690689569,0.0014647448334575738,0.9983337567202477
200,6,-0.29,0.39,1.0001713801144976,-0.0018055906054647878,-0.0006321460703296183,0.999455354849645
200,7,-0.8,0.6,0.9952222081818753,-0.0013623689442692163,-0.006586615889579653,1.0017818808215817
200,8,0.51,0.6,0.9979949849168194,-0.0029301084767149287,0.0016296000507476623,1.0012593314123686
200,9,0.12,-0.49,1.000390812200836,0.0007753278671304612,0.002723635754851826,0.9992374785612843
200,10,-0.61,-0.41,0.9966971161601466,0.002003698995569657,-0.003854428167273221,0.9987558509253915
201,0,-0.8,-0.6,0.8650494240369788,-0.05391186502778922,-0.05397495056458368,0.8931062607797635
201,1,0.51,-0.6,0.9199127468662027,0.04263884562094589,0.04317524815444784,0.9109170442944681
201,2,0.0,-0.33,0.9918645383439544,0.002571699002514548,0.0022754048367712443,0.9750156260424081
201,3,-0.57,-0.11,0.9335586722003519,-0.008130599360445245,-0.007370012378160595,0.9753451960178849
201,4,0.8,-0.11,0.8746246908941657,0.016516221834628197,0.016214533153646737,0.9499883058955438
201,5,0.23,0.17,0.98628606216844,-0.003426130629202717,-0.00503268043905436,0.9890651385818794
201,6,-0.29,0.39,0.9738632395506208,0.016937882513223812,0.016165879634932878,0.9622012988597106
201,7,-0.8,0.6,0.8717652827394673,0.05153318388684269,0.050949915952891445,0.896299760855257
201,8,0.51,0.6,0.9253000716191728,-0.0339612980237991,-0.037577542078004456,0.9101887547546816
201,9,0.12,-0.49,0.977670229392047,0.011682969924819986,0.011337785210674411,0.946113385552616
201,10,-0.61,-0.41,0.9169138882048067,-0.030865240308042274,-0.030345043616764045,0.9406936073708128
202,0,-0.8,-0.6,0.7567559194288087,-0.08239000487408887,-0.07790060879697691,0.8140657244970484
202,1,0.51,-0.6,0.9163261080746832,0.06478748401650414,0.03015622801472162,0.8695860141405554
202,2,0.0,-0.33,0.9782837730911831,0.0006797240392070192,-0.012417191552760443,0.9483995476733398
202,3,-0.57,-0.11,0.8605949808893065,-0.024852127133989654,-0.0138875554459017,0.939356804736946
202,4,0.8,-0.11,0.8841014599858532,0.03769837125799924,0.010211580477037518,0.9599000139332015
202,5,0.23,0.17,1.001670689254608,5.020674154199156e-05,-0.0013662694448024482,1.0060947496087769
202,6,-0.29,0.39,0.9460030994945523,0.015793649554840528,0.03713530236093554,0.957214391972272
202,7,-0.8,0.6,0.7800075715880261,0.04840766354430315,0.09005461881761434,0.8616735984179336
202,8,0.51,0.6,0.9472889027639653,-0.0380555342793798,-0.03202805481938853,0.9296584498330596
202,9,0.12,-0.49,0.9654629858080188,0.015027463988459555,-0.006399367397103006,0.9062032471640613
202,10,-0.61,-0.41,0.8325724249469424,-0.054449965924963095,-0.05123783169969087,0.8818181256864399
203,0,-0.8,-0.6,1.0141690912227495,0.002930176191929354,0.00668103922275062,1.0040485940126764
203,1,0.51,-0.6,1.000640335004715,0.00013042249949730858,0.0019533517001752124,0.9997840482089237
203,2,0.0,-0.33,1.0008169475894793,-0.001194910807655091,-0.0015688866332461287,1.0002678251698365
203,3,-0.57,-0.11,1.0018617057075185,-0.0004463781102163615,0.0007823501270575936,1.0003597832786097
203,4,0.8,-0.11,1.002834476731041,0.0018410864613558505,0.003141393246667712,0.9984187705886509
203,5,0.23,0.17,1.0025999462506525,0.0008765214718583462,-0.0015782775559422012,1.0008418363562324
203,6,-0.29,0.39,1.0008243365857663,0.000968626810116019,-0.001493963212002074,1.0024423136529377
203,7,-0.8,0.6,1.0015523339854238,0.004871406585272071,-0.0013086262221567039,1.009095431042004
203,8,0.51,0.6,1.004138889895226,0.002772760763151987,-0.0011263697449625445,1.0026001949492303
203,9,0.12,-0.49,1.000676219036046,-0.0013778554206040497,-0.001035613163811126,1.0006547412718816
203,10,-0.61,-0.41,1.004048496216616,-0.0004169051856561557,0.0018969300815678681,1.001108127578056
204,0,-0.8,-0.6,0.8680618845957611,-0.05351800996811207,-0.05708769762469146,0.8983368118831159
204,1,0.51,-0.6,0.918843556879656,0.04292021121843348,0.041577267240189286,0.9093041061225549
204,2,0.0,-0.33,0.9894128080275211,0.0001967004604986819,0.0022619569550741403,0.9748733611203431
204,3,-0.57,-0.11,0.9357929725561931,-0.012304736785040404,-0.010581962209266216,0.9758094146258833
204,4,0.8,-0.11,0.8717640762045953,0.011236448771434482,0.013275178165073065,0.9521750762991887
204,5,0.23,0.17,0.9828963628139009,-0.0076653479119670465,-0.004359514541030229,0.9896318074881227
204,6,-0.29,0.39,0.9737144521793084,0.01320950238081764,0.014893287547668166,0.9626008619367799
204,7,-0.8,0.6,0.8743490436113888,0.0501930666474415,0.04431247585534592,0.9007131720473183
204,8,0.51,0.6,0.9214196267370856,-0.03885035146367066,-0.035308544255041596,0.9130908767418511
204,9,0.12,-0.49,0.9749850719137365,0.01091319852541961,0.011469990679469078,0.9454532901853607
204,10,-0.61,-0.41,0.9188503810042548,-0.03331030640207899,-0.0329665127696277,0.942722468477708
205,0,-0.8,-0.6,0.761166678964198,-0.08319408500989667,-0.08612480106862108,0.8086904340065537
205,1,0.51,-0.6,0.9179333486375452,0.06379739861395173,0.030585042998243495,0.864407460943184
205,2,0.0,-0.33,0.9787056366186926,-9.022191603839588e-05,-0.0117654421205593,0.9452847141711018
205,3,-0.57,-0.11,0.8642514759404918,-0.026002648201295386,-0.0171966888576347,0.9358825864072551
205,4,0.8,-0.11,0.8823052307094237,0.035625113747883574,0.0085311401692989,0.9570700309283198
205,5,0.23,0.17,1.001602927638845,-0.002489833381136286,-0.001220974765736571,1.0038367172920948
205,6,-0.29,0.39,0.9475999587782447,0.01361348128670059,0.037173440103899225,0.9565175988213159
205,7,-0.8,0.6,0.7872400037967076,0.04622226013051289,0.08659499878271859,0.8613459115958122
205,8,0.51,0.6,0.9464465538788769,-0.04136391287823393,-0.030455533761575282,0.9328338920755463
205,9,0.12,-0.49,0.965793947448057,0.01444712804249404,-0.005262629443336664,0.9026518655030902
205,10,-0.61,-0.41,0.8364059448928707,-0.05509202577469452,-0.05566379573940239,0.8777107362301084
206,0,-0.8,-0.6,1.0020820122443561,0.0029137109668604753,-0.0017946973503289829,1.0036711313959297
206,1,0.51,-0.6,1.0036966368738856,-0.003831486727587209,0.000692408431920472,1.00485096306982
206,2,0.0,-0.33,1.0011518130174601,0.0005862446559181452,0.00042374014101213137,1.0012327065049953
206,3,-0.57,-0.11,1.0020242102641932,0.0016295342944220614,-0.0009597328798214222,0.9996190288684866
206,4,0.8,-0.11,0.9953952028532072,-0.0017235042182700477,-0.004348070389494839,1.0009422966897479
206,5,0.23,0.17,1.0003799024510547,0.0015151357521534414,0.0017938489913996913,0.9995854527532982
206,6,-0.29,0.39,1.0003684444804712,0.003395279595657273,0.00045588956556612715,0.9981938189152166
206,7,-0.8,0.6,1.0045532396200487,0.00593540765798937,-0.0021126424015574,0.9963585300726888
206,8,0.51,0.6,1.0007631044967584,0.008859833789903503,-0.0008311598765032211,0.994758747081269
206,9,0.12,-0.49,1.001923602320727,-0.00018726848680581287,0.0005883849696605147,1.0025035118447903
206,10,-0.61,-0.41,1.0023466821255365,0.0022415279946676,-0.0011759815664140396,1.0011969920033987
207,0,-0.8,-0.6,0.8699679359680523,-0.05860902035914606,-0.0521689873522746,0.901184593615767
207,1,0.51,-0.6,0.9170564310712059,0.035852243396305994,0.04109321283252143,0.9103473013749586
207,2,0.0,-0.33,0.9895914940299304,-0.0013186050583943818,0.0015394956698333573,0.9757497811679894
207,3,-0.57,-0.11,0.9337953137955601,-0.010803687833238484,-0.009701779268844746,0.9776804273942119
207,4,0.8,-0.11,0.8718637224403025,0.013737199933139266,0.011656249812586061,0.9524407541677826
207,5,0.23,0.17,0.9829353741774849,-0.006178480407847964,-0.005975708913807942,0.9907720888296945
207,6,-0.29,0.39,0.9721207091528683,0.01426750265154375,0.013858302061464656,0.963747244009383
207,7,-0.8,0.6,0.875288540203023,0.049331956852860515,0.04745913922965528,0.8993881442376228
207,8,0.51,0.6,0.9231468405812571,-0.03573325882411105,-0.036265278058333905,0.9128868410646085
207,9,0.12,-0.49,0.9754013159321562,0.006562990130520863,0.010831446572989734,0.9466391866497226
207,10,-0.61,-0.41,0.9176706461944129,-0.034759925271465875,-0.030895211972081782,0.9449172740649825
208,0,-0.8,-0.6,0.7603335075434536,-0.08032895942866602,-0.08632498715854808,0.8065683296254456
208,1,0.51,-0.6,0.9189128754305553,0.06697063756333499,0.033924639819549185,0.8644207612484855
208,2,0.0,-0.33,0.9807707939074682,0.0015433029663253217,-0.012506538110690357,0.9446977614901986
208,3,-0.57,-0.11,0.8636094255831672,-0.02500918699910315,-0.016692568910459116,0.9367058482548374
208,4,0.8,-0.11,0.8853438095979271,0.03984977553495028,0.021243821514416172,0.9565961587645888
208,5,0.23,0.17,1.0055181250134826,-0.00019348779523031823,-0.0017053931739008377,1.0037080509506247
208,6,-0.29,0.39,0.9492604681471395,0.0168576511916374,0.03545042975838797,0.9572939506097278
208,7,-0.8,0.6,0.7816629339907344,0.05071339209683501,0.08520742905693268,0.8638912237790564
208,8,0.51,0.6,0.9496206765935433,-0.038155012205276506,-0.029975645909896542,0.9283952063787737
208,9,0.12,-0.49,0.9675684240206817,0.01666331701788426,-0.005911324957308395,0.901632617539283
208,10,-0.61,-0.41,0.8362483382984287,-0.05357207782941131,-0.05536941896644443,0.8766458039211056
209,0,-0.8,-0.6,0.9923832137764341,-0.0012662544595757933,0.003244865764381738,1.0058160157940679
209,1,0.51,-0.6,1.0024459681181441,0.002768272151405957,0.0014342228399172063,1.0005265390346947
209,2,0.0,-0.33,1.0002811352174565,0.0015830934069777404,-0.001005740565298282,1.0001159610068506
209,3,-0.57,-0.11,0.9994180104166979,0.0012295284125840348,-0.0022493723313154685,0.9995454701088538
209,4,0.8,-0.11,1.0106504808189782,0.001007210140289247,0.002553223506747227,0.9971008403882937
209,5,0.23,0.17,1.000438333865504,0.0016525140720172213,-0.0008615643762653012,0.9980838949308268
209,6,-0.29,0.39,1.000444172303081,0.0015423566024014644,-0.002351143077494393,0.997084029921988
209,7,-0.8,0.6,1.0021151753213373,-0.0028676970498474593,-0.004883040649198939,0.9951526066214065
209,8,0.51,0.6,1.0036226067193879,0.004632708638153433,0.0010819268385000864,0.9987302838286984
209,9,0.12,-0.49,1.0003572207851341,0.002002521223639028,-0.0005068047745031769,1.0009583691273187
209,10,-0.61,-0.41,0.9982818376818384,0.0011978797656535508,-0.0011390591403352198,1.0016064978042227
210,0,-0.8,-0.6,0.8634545990982012,-0.05179346534989193,-0.05891681303937801,0.8939727447754287
210,1,0.51,-0.6,0.9204867688350493,0.037075619352400224,0.04021149080379871,0.9087078149394578
210,2,0.0,-0.33,0.9897306970265942,-0.00031881954868972833,0.00022206747551933859,0.9729296991944913
210,3,-0.57,-0.11,0.9327850047924358,-0.010335978684050673,-0.013058159178958029,0.9741470954061082
210,4,0.8,-0.11,0.8673190802777064,0.00732401472802735,0.010553807744395627,0.9480066182343538
210,5,0.23,0.17,0.9814887810821737,-0.007966611814680391,-0.007038946037152272,0.9877705529071079
210,6,-0.29,0.39,0.9708349290316054,0.014650830215678923,0.011942773547879426,0.962396924902853
210,7,-0.8,0.6,0.8654806149532845,0.05488064819259009,0.04527016483901747,0.9012905732297405
210,8,0.51,0.6,0.9179503583367499,-0.03706945461701139,-0.04024366145882752,0.9128222415166753
210,9,0.12,-0.49,0.9763204007473547,0.008806245753445463,0.009583367571730506,0.9441283223554642
210,10,-0.61,-0.41,0.91644159155857,-0.031642965026001946,-0.035552039756581166,0.9401832197220017
211,0,-0.8,-0.6,0.7621599757423603,-0.07908256433042382,-0.08431120046559215,0.8100931235266451
211,1,0.51,-0.6,0.9136122654518353,0.06356170664800764,0.03580830293392623,0.8656326914158186
211,2,0.0,-0.33,0.9781765486140831,-0.00014596908961227433,-0.009217256624616255,0.9451358653211894
211,3,-0.57,-0.11,0.8641705889766982,-0.0248101484356944,-0.015800856428827004,0.9362273689916822
211,4,0.8,-0.11,0.8767478838489495,0.038069065899648535,0.018552705670360492,0.956941344290585
211,5,0.23,0.17,1.000372037956998,-0.0004720928370449684,0.0023064088416901996,1.004408415938851
211,6,-0.29,0.39,0.9471855568765619,0.016442023881291234,0.03846582577460289,0.9582269972496782
211,7,-0.8,0.6,0.7848910815178023,0.049501041543553725,0.09171674592023393,0.8643769542904245
211,8,0.51,0.6,0.9473352688138537,-0.03501686496321099,-0.027957305304138202,0.9310209498902822
211,9,0.12,-0.49,0.9648525762587234,0.014342037897574489,-0.002203551868751319,0.9025450791178002
211,10,-0.61,-0.41,0.8372488110031107,-0.05322009122288307,-0.054465939036685285,0.878126404257884
212,0,-0.8,-0.6,1.0060000000811087,-0.0023999999765322855,-0.0023999999765322855,0.9924000000105515
212,1,0.51,-0.6,0.9902800000016754,0.005460000007673216,0.005459999952162065,0.9871600000210812
212,2,0.0,-0.33,0.9980199999999942,0.0013199999999703683,0.0013199999981949873,0.9940599999536115
212,3,-0.57,-0.11,1.0061800000404908,-0.0029799999690105494,-0.002979999996766125,1.0003000000050055
212,4,0.8,-0.11,0.9897400000125067,0.005240000044981485,0.005240000003348122,0.9948199999956775
212,5,0.23,0.17,0.9982600000096875,0.0007000000024071085,0.0007000000024071085,1.002140000011531
212,6,-0.29,0.39,1.0058199999829487,-0.0033000000232430438,-0.003299999995487468,1.008179999983927
212,7,-0.8,0.6,1.0132000000107055,-0.007199999929596856,-0.007200000040619159,1.0140000000213867
212,8,0.51,0.6,0.9974800000422945,0.0006599999435863424,0.0006599999990974936,1.0087600000319163
212,9,0.12,-0.49,0.9956200000063586,0.0026799999996995894,0.0026799999996995894,0.9907000000086708
212,10,-0.61,-0.41,1.0048600000422958,-0.002020000056113247,-0.0020200000006020957,0.9950599999808407
213,0,-0.8,-0.6,1.0060000000811087,-0.0023999999765322855,-0.0023999999765322855,0.9924000000105515
213,1,0.51,-0.6,0.9902800000016754,0.005460000007673216,0.005459999952162065,0.9871600000210812
213,2,0.0,-0.33,0.9980199999999942,0.0013199999999703683,0.0013199999981949873,0.9940599999536115
213,3,-0.57,-0.11,1.0061800000404908,-0.0029799999690105494,-0.002979999996766125,1.0003000000050055
213,4,0.8,-0.11,0.9897400000125067,0.005240000044981485,0.005240000003348122,0.9948199999956775
213,5,0.23,0.17,0.9982600000096875,0.0007000000024071085,0.0007000000024071085,1.002140000011531
213,6,-0.29,0.39,1.0058199999829487,-0.0033000000232430438,-0.003299999995487468,1.008179999983927
213,7,-0.8,0.6,1.0132000000107055,-0.007199999929596856,-0.007200000040619159,1.0140000000213867
213,8,0.51,0.6,0.9974800000422945,0.0006599999435863424,0.0006599999990974936,1.0087600000319163
213,9,0.12,-0.49,0.9956200000063586,0.0026799999996995894,0.0026799999996995894,0.9907000000086708
213,10,-0.61,-0.41,1.0048600000422958,-0.002020000056113247,-0.0020200000006020957,0.9950599999808407
214,0,-0.8,-0.6,0.8860000000887602,-0.04799999997473492,-0.04799999997473492,0.9140000000740223
214,1,0.51,-0.6,0.9429850000297613,0.030599999978342396,0.030599999978342396,0.9329950000913634
214,2,0.0,-0.33,0.9945549999999501,0.0,0.0,0.9836649999817038
214,3,-0.57,-0.11,0.950660000054171,-0.006270000019181765,-0.006269999998365083,0.9819399999985712
214,4,0.8,-0.11,0.9033950000292279,0.008800000006470299,0.008799999999531405,0.9661849999995087
214,5,0.23,0.17,0.9906199999881737,-0.003909999990447943,-0.003910000004325731,0.9930200000063394
214,6,-0.29,0.39,0.9797799999933243,0.011309999992104025,0.0113100000198596,0.9729800000135569
214,7,-0.8,0.6,0.8860000000887602,0.04799999997473492,0.04799999997473492,0.9140000000740223
214,8,0.51,0.6,0.9429850000297613,-0.030599999978342396,-0.030599999978342396,0.9329950000913634
214,9,0.12,-0.49,0.9858349999947169,0.005880000000790808,0.005880000042424172,0.9632649999591347
214,10,-0.61,-0.41,0.9357800000442396,-0.025010000015424083,-0.025009999987668508,0.9561799999835419
215,0,-0.8,-0.6,0.8860000000887602,-0.04799999997473492,-0.04799999997473492,0.9140000000740223
215,1,0.51,-0.6,0.9429850000297613,0.030599999978342396,0.030599999978342396,0.9329950000913634
215,2,0.0,-0.33,0.9945549999999501,0.0,0.0,0.9836649999817038
215,3,-0.57,-0.11,0.950660000054171,-0.006270000019181765,-0.006269999998365083,0.9819399999985712
215,4,0.8,-0.11,0.9033950000292279,0.008800000006470299,0.008799999999531405,0.9661849999995087
215,5,0.23,0.17,0.9906199999881737,-0.003909999990447943,-0.003910000004325731,0.9930200000063394
215,6,-0.29,0.39,0.9797799999933243,0.011309999992104025,0.0113100000198596,0.9729800000135569
215,7,-0.8,0.6,0.8860000000887602,0.04799999997473492,0.04799999997473492,0.9140000000740223
215,8,0.51,0.6,0.9429850000297613,-0.030599999978342396,-0.030599999978342396,0.9329950000913634
215,9,0.12,-0.49,0.9858349999947169,0.005880000000790808,0.005880000042424172,0.9632649999591347
215,10,-0.61,-0.41,0.9357800000442396,-0.025010000015424083,-0.025009999987668508,0.9561799999835419
216,0,-0.8,-0.6,1.0712000000911992,0.038399999957583475,0.038400000013094626,1.0488000000141717
216,1,0.51,-0.6,1.0205935210283457,-0.01518004805189932,-0.015180047940877017,1.0255493602673305
216,2,0.0,-0.33,1.0002371842000044,0.0,0.0,1.0011859210012908
216,3,-0.57,-0.11,1.011030684061609,0.0016903919930477684,0.0016903920069255562,1.0025975960004097
216,4,0.8,-0.11,1.0418922082866544,-0.004590783919677932,-0.004590784002944659,1.009135920992943
216,5,0.23,0.17,1.0004800024138172,0.0002558704081945251,0.0002558704081945251,1.0003229464067287
216,6,-0.29,0.39,1.0027049623662077,-0.0021371375780177004,-0.002137137605773276,1.0039898903635436
216,7,-0.8,0.6,1.0712000000911992,-0.038399999957583475,-0.038400000013094626,1.0488000000141717
216,8,0.51,0.6,1.0205935210283457,0.01518004805189932,0.015180047940877017,1.0255493602673305
216,9,0.12,-0.49,1.0015885890113374,-0.0011971680036193533,-0.0011971680313749289,1.0061838409958224
216,10,-0.61,-0.41,1.0219169944147843,0.010808321682098665,0.010808321598831938,1.0131009303970817
217,0,-0.8,-0.6,1.0712000000911992,0.038399999957583475,0.038400000013094626,1.0488000000141717
217,1,0.51,-0.6,1.0205935210283457,-0.01518004805189932,-0.015180047940877017,1.0255493602673305
217,2,0.0,-0.33,1.0002371842000044,0.0,0.0,1.0011859210012908
217,3,-0.57,-0.11,1.011030684061609,0.0016903919930477684,0.0016903920069255562,1.0025975960004097
217,4,0.8,-0.11,1.0418922082866544,-0.004590783919677932,-0.004590784002944659,1.009135920992943
217,5,0.23,0.17,1.0004800024138172,0.0002558704081945251,0.0002558704081945251,1.0003229464067287
217,6,-0.29,0.39,1.0027049623662077,-0.0021371375780177004,-0.002137137605773276,1.0039898903635436
217,7,-0.8,0.6,1.0712000000911992,-0.038399999957583475,-0.038400000013094626,1.0488000000141717
217,8,0.51,0.6,1.0205935210283457,0.01518004805189932,0.015180047940877017,1.0255493602673305
217,9,0.12,-0.49,1.0015885890113374,-0.0011971680036193533,-0.0011971680313749289,1.0061838409958224
217,10,-0.61,-0.41,1.0219169944147843,0.010808321682098665,0.010808321598831938,1.0131009303970817
218,0,-0.8,-0.6,0.9516000000209246,-0.028799999995943182,-0.028799999995943182,0.968400000023184
218,1,0.51,-0.6,0.9916146849198171,0.007059860807068219,0.007059860807068219,0.9893098479873963
218,2,0.0,-0.33,0.9999870853203096,0.0,0.0,0.9999095972046401
218,3,-0.57,-0.11,0.9974033584603248,-0.0004272466269661379,-0.0004272465783938806,0.9995348213762134
218,4,0.8,-0.11,0.9808980450665139,0.0022452376624571,0.002245237690212676,0.9969183262306669
218,5,0.23,0.17,0.9999732885762613,-1.5697665389780013e-05,-1.5697651511992206e-05,0.9999829239520919
218,6,-0.29,0.39,0.9995867044088058,0.0003785939339806532,0.0003785939339806532,0.9993590793788698
218,7,-0.8,0.6,0.9516000000209246,0.028799999995943182,0.028799999995943182,0.968400000023184
218,8,0.51,0.6,0.9916146849198171,-0.007059860807068219,-0.007059860807068219,0.9893098479873963
218,9,0.12,-0.49,0.9997791982213622,0.0002285094335974236,0.0002285094335974236,0.9989020794687331
218,10,-0.61,-0.41,0.9919085248721871,-0.004378991502740348,-0.004378991502740348,0.9954803531497802
219,0,-0.8,-0.6,0.9516000000209246,-0.028799999995943182,-0.028799999995943182,0.968400000023184
219,1,0.51,-0.6,0.9916146849198171,0.007059860807068219,0.007059860807068219,0.9893098479873963
219,2,0.0,-0.33,0.9999870853203096,0.0,0.0,0.9999095972046401
219,3,-0.57,-0.11,0.9974033584603248,-0.0004272466269661379,-0.0004272465783938806,0.9995348213762134
219,4,0.8,-0.11,0.9808980450665139,0.0022452376624571,0.002245237690212676,0.9969183262306669
219,5,0.23,0.17,0.9999732885762613,-1.5697665389780013e-05,-1.5697651511992206e-05,0.9999829239520919
219,6,-0.29,0.39,0.9995867044088058,0.0003785939339806532,0.0003785939339806532,0.9993590793788698
219,7,-0.8,0.6,0.9516000000209246,0.028799999995943182,0.028799999995943182,0.968400000023184
219,8,0.51,0.6,0.9916146849198171,-0.007059860807068219,-0.007059860807068219,0.9893098479873963
219,9,0.12,-0.49,0.9997791982213622,0.0002285094335974236,0.0002285094335974236,0.9989020794687331
219,10,-0.61,-0.41,0.9919085248721871,-0.004378991502740348,-0.004378991502740348,0.9954803531497802
220,0,-0.8,-0.6,0.9148000001402146,-0.04079999987860461,-0.04079999993411576,0.9236000000911737
220,1,0.51,-0.6,0.945473205921088,0.027939812824451238,0.027939812796695662,0.9350142082253932
220,2,0.0,-0.33,0.9927992695202585,0.0013199999999703683,0.0013199999981949873,0.978820518193757
220,3,-0.57,-0.11,0.9652740424193063,-0.007986854622110684,-0.007986854573538427,0.9843724173771995
220,4,0.8,-0.11,0.9159252532531248,0.01169445368320865,0.011694453697086438,0.9670592472366124
220,5,0.23,0.17,0.9893332909710617,-0.0029698272452360897,-0.0029698272452360897,0.9954658703736907
220,6,-0.29,0.39,0.9878916668037974,0.0062514562970683585,0.006251456324823934,0.9845089698201637
220,7,-0.8,0.6,0.9220000000698114,0.031199999972475467,0.031199999916964316,0.9452000001020089
220,8,0.51,0.6,0.9526732059617071,-0.02181981281768053,-0.021819812845436104,0.9566142082362283
220,9,0.12,-0.49,0.9828227872168971,0.007591341444346256,0.007591341472101831,0.9590509205126274
220,10,-0.61,-0.41,0.9544655192872398,-0.020600669947690164,-0.020600669892179013,0.9598212835359998
221,0,-0.8,-0.6,0.9148000001402146,-0.04079999987860461,-0.04079999993411576,0.9236000000911737
221,1,0.51,-0.6,0.945473205921088,0.027939812824451238,0.027939812796695662,0.9350142082253932
221,2,0.0,-0.33,0.9927992695202585,0.0013199999999703683,0.0013199999981949873,0.978820518193757
221,3,-0.57,-0.11,0.9652740424193063,-0.007986854622110684,-0.007986854573538427,0.9843724173771995
221,4,0.8,-0.11,0.9159252532531248,0.01169445368320865,0.011694453697086438,0.9670592472366124
221,5,0.23,0.17,0.9893332909710617,-0.0029698272452360897,-0.0029698272452360897,0.9954658703736907
221,6,-0.29,0.39,0.9878916668037974,0.0062514562970683585,0.006251456324823934,0.9845089698201637
221,7,-0.8,0.6,0.9220000000698114,0.031199999972475467,0.031199999916964316,0.9452000001020089
221,8,0.51,0.6,0.9526732059617071,-0.02181981281768053,-0.021819812845436104,0.9566142082362283
221,9,0.12,-0.49,0.9828227872168971,0.007591341444346256,0.007591341472101831,0.9590509205126274
221,10,-0.61,-0.41,0.9544655192872398,-0.020600669947690164,-0.020600669892179013,0.9598212835359998
222,0,-0.8,-0.6,0.9196000000932791,-0.03719999991380618,-0.03920000002377577,0.9248000000794399
222,1,0.51,-0.6,0.9439631979135665,0.02971629284309607,0.02614481686702419,0.9371259682700028
222,2,0.0,-0.33,0.9927992695202585,0.0009474959999802943,0.0013199999981949873,0.9806567702053126
222,3,-0.57,-0.11,0.9656707624094985,-0.007910294641533255,-0.005335214575685754,0.9848841373699679
222,4,0.8,-0.11,0.9133518131809737,0.01204830168965998,0.008981173693634048,0.9674323232372606
222,5,0.23,0.17,0.9896427789618523,-0.0027410752417855733,-0.004274571252516068,0.994501494377964
222,6,-0.29,0.39,0.9878596508028359,0.006294512272519981,0.007717464306500332,0.9825374418237498
222,7,-0.8,0.6,0.926800000022876,0.02760000000767704,0.032799999827304305,0.9440000001137427
222,8,0.51,0.6,0.9511631979541857,-0.02359629283632536,-0.023614808775107576,0.9545024481916187
222,9,0.12,-0.49,0.9828184672142082,0.007608981444917617,0.006993501500129895,0.961492100493011
222,10,-0.61,-0.41,0.9558816952970339,-0.019648813853745395,-0.01825875789451814,0.9613953555198673
223,0,-0.8,-0.6,0.9196000000932791,-0.03719999991380618,-0.03920000002377577,0.9248000000794399
223,1,0.51,-0.6,0.9439631979135665,0.02971629284309607,0.02614481686702419,0.9371259682700028
223,2,0.0,-0.33,0.9927992695202585,0.0009474959999802943,0.0013199999981949873,0.9806567702053126
223,3,-0.57,-0.11,0.9656707624094985,-0.007910294641533255,-0.005335214575685754,0.9848841373699679
223,4,0.8,-0.11,0.9133518131809737,0.01204830168965998,0.008981173693634048,0.9674323232372606
223,5,0.23,0.17,0.9896427789618523,-0.0027410752417855733,-0.004274571252516068,0.994501494377964
223,6,-0.29,0.39,0.9878596508028359,0.006294512272519981,0.007717464306500332,0.9825374418237498
223,7,-0.8,0.6,0.926800000022876,0.02760000000767704,0.032799999827304305,0.9440000001137427
223,8,0.51,0.6,0.9511631979541857,-0.02359629283632536,-0.023614808775107576,0.9545024481916187
223,9,0.12,-0.49,0.9828184672142082,0.007608981444917617,0.006993501500129895,0.961492100493011
223,10,-0.61,-0.41,0.9558816952970339,-0.019648813853745395,-0.01825875789451814,0.9613953555198673
