0,0,-0.8,-0.6,-0.8,-0.6,-0.8,-0.6
0,1,-0.57,-0.6,-0.57,-0.6,-0.57,-0.6
0,2,-0.29,-0.6,-0.29,-0.6,-0.29,-0.6
0,3,0.0,-0.6,0.0,-0.6,0.0,-0.6
0,4,0.23,-0.6,0.23,-0.6,0.23,-0.6
0,5,0.51,-0.6,0.51,-0.6,0.51,-0.6
0,6,0.8,-0.6,0.8,-0.6,0.8,-0.6
0,7,-0.8,-0.33,-0.8,-0.33,-0.8,-0.33
0,8,-0.57,-0.33,-0.57,-0.33,-0.57,-0.33
0,9,-0.29,-0.33,-0.29,-0.33,-0.29,-0.33
0,10,0.0,-0.33,0.0,-0.33,0.0,-0.33
0,11,0.23,-0.33,0.23,-0.33,0.23,-0.33
0,12,0.51,-0.33,0.51,-0.33,0.51,-0.33
0,13,0.8,-0.33,0.8,-0.33,0.8,-0.33
0,14,-0.8,-0.11,-0.8,-0.11,-0.8,-0.11
0,15,-0.57,-0.11,-0.57,-0.11,-0.57,-0.11
0,16,-0.29,-0.11,-0.29,-0.11,-0.29,-0.11
0,17,0.0,-0.11,0.0,-0.11,0.0,-0.11
0,18,0.23,-0.11,0.23,-0.11,0.23,-0.11
0,19,0.51,-0.11,0.51,-0.11,0.51,-0.11
0,20,0.8,-0.11,0.8,-0.11,0.8,-0.11
0,21,-0.8,0.17,-0.8,0.17,-0.8,0.17
0,22,-0.57,0.17,-0.57,0.17,-0.57,0.17
0,23,-0.29,0.17,-0.29,0.17,-0.29,0.17
0,24,0.0,0.17,0.0,0.17,0.0,0.17
0,25,0.23,0.17,0.23,0.17,0.23,0.17
0,26,0.51,0.17,0.51,0.17,0.51,0.17
0,27,0.8,0.17,0.8,0.17,0.8,0.17
0,28,-0.8,0.39,-0.8,0.39,-0.8,0.39
0,29,-0.57,0.39,-0.57,0.39,-0.57,0.39
0,30,-0.29,0.39,-0.29,0.39,-0.29,0.39
0,31,0.0,0.39,0.0,0.39,0.0,0.39
0,32,0.23,0.39,0.23,0.39,0.23,0.39
0,33,0.51,0.39,0.51,0.39,0.51,0.39
0,34,0.8,0.39,0.8,0.39,0.8,0.39
0,35,-0.8,0.6,-0.8,0.6,-0.8,0.6
0,36,-0.57,0.6,-0.57,0.6,-0.57,0.6
0,37,-0.29,0.6,-0.29,0.6,-0.29,0.6
0,38,0.0,0.6,0.0,0.6,0.0,0.6
0,39,0.23,0.6,0.23,0.6,0.23,0.6
0,40,0.51,0.6,0.51,0.6,0.51,0.6
0,41,0.8,0.6,0.8,0.6,0.8,0.6
0,42,0.0,0.0,0.0,0.0,0.0,0.0
0,43,0.71,-0.23,0.71,-0.23,0.71,-0.23
0,44,-0.37,0.53,-0.37,0.53,-0.37,0.53
0,45,0.12,-0.49,0.12,-0.49,0.12,-0.49
0,46,-0.73,0.08,-0.73,0.08,-0.73,0.08
0,47,0.63,0.44,0.63,0.44,0.63,0.44
0,48,-0.19,-0.56,-0.19,-0.56,-0.19,-0.56
0,49,0.79,0.31,0.79,0.31,0.79,0.31
0,50,-0.61,-0.41,-0.61,-0.41,-0.61,-0.41
0,51,0.42,-0.52,0.42,-0.52,0.42,-0.52
0,52,-0.48,0.27,-0.48,0.27,-0.48,0.27
0,53,0.06,0.58,0.06,0.58,0.06,0.58
1,0,-0.8,-0.6,-0.8,-0.6,-0.8,-0.6
1,1,-0.57,-0.6,-0.57,-0.6,-0.57,-0.6
1,2,-0.29,-0.6,-0.29,-0.6,-0.29,-0.6
1,3,0.0,-0.6,0.0,-0.6,0.0,-0.6
1,4,0.23,-0.6,0.23,-0.6,0.23,-0.6
1,5,0.51,-0.6,0.51,-0.6,0.51,-0.6
1,6,0.8,-0.6,0.8,-0.6,0.8,-0.6
1,7,-0.8,-0.33,-0.8,-0.33,-0.8,-0.33
1,8,-0.57,-0.33,-0.57,-0.33,-0.57,-0.33
1,9,-0.29,-0.33,-0.29,-0.33,-0.29,-0.33
1,10,0.0,-0.33,0.0,-0.33,0.0,-0.33
1,11,0.23,-0.33,0.23,-0.33,0.23,-0.33
1,12,0.51,-0.33,0.51,-0.33,0.51,-0.33
1,13,0.8,-0.33,0.8,-0.33,0.8,-0.33
1,14,-0.8,-0.11,-0.8,-0.11,-0.8,-0.11
1,15,-0.57,-0.11,-0.57,-0.11,-0.57,-0.11
1,16,-0.29,-0.11,-0.29,-0.11,-0.29,-0.11
1,17,0.0,-0.11,0.0,-0.11,0.0,-0.11
1,18,0.23,-0.11,0.23,-0.11,0.23,-0.11
1,19,0.51,-0.11,0.51,-0.11,0.51,-0.11
1,20,0.8,-0.11,0.8,-0.11,0.8,-0.11
1,21,-0.8,0.17,-0.8,0.17,-0.8,0.17
1,22,-0.57,0.17,-0.57,0.17,-0.57,0.17
1,23,-0.29,0.17,-0.29,0.17,-0.29,0.17
1,24,0.0,0.17,0.0,0.17,0.0,0.17
1,25,0.23,0.17,0.23,0.17,0.23,0.17
1,26,0.51,0.17,0.51,0.17,0.51,0.17
1,27,0.8,0.17,0.8,0.17,0.8,0.17
1,28,-0.8,0.39,-0.8,0.39,-0.8,0.39
1,29,-0.57,0.39,-0.57,0.39,-0.57,0.39
1,30,-0.29,0.39,-0.29,0.39,-0.29,0.39
1,31,0.0,0.39,0.0,0.39,0.0,0.39
1,32,0.23,0.39,0.23,0.39,0.23,0.39
1,33,0.51,0.39,0.51,0.39,0.51,0.39
1,34,0.8,0.39,0.8,0.39,0.8,0.39
1,35,-0.8,0.6,-0.8,0.6,-0.8,0.6
1,36,-0.57,0.6,-0.57,0.6,-0.57,0.6
1,37,-0.29,0.6,-0.29,0.6,-0.29,0.6
1,38,0.0,0.6,0.0,0.6,0.0,0.6
1,39,0.23,0.6,0.23,0.6,0.23,0.6
1,40,0.51,0.6,0.51,0.6,0.51,0.6
1,41,0.8,0.6,0.8,0.6,0.8,0.6
1,42,0.0,0.0,0.0,0.0,0.0,0.0
1,43,0.71,-0.23,0.71,-0.23,0.71,-0.23
1,44,-0.37,0.53,-0.37,0.53,-0.37,0.53
1,45,0.12,-0.49,0.12,-0.49,0.12,-0.49
1,46,-0.73,0.08,-0.73,0.08,-0.73,0.08
1,47,0.63,0.44,0.63,0.44,0.63,0.44
1,48,-0.19,-0.56,-0.19,-0.56,-0.19,-0.56
1,49,0.79,0.31,0.79,0.31,0.79,0.31
1,50,-0.61,-0.41,-0.61,-0.41,-0.61,-0.41
1,51,0.42,-0.52,0.42,-0.52,0.42,-0.52
1,52,-0.48,0.27,-0.48,0.27,-0.48,0.27
1,53,0.06,0.58,0.06,0.58,0.06,0.58
2,0,-0.8,-0.6,-0.7040000000000001,-0.528,-0.8,-0.6
2,1,-0.57,-0.6,-0.52315284,-0.5506871999999999,-0.57,-0.6
2,2,-0.29,-0.6,-0.27454532,-0.5680248,-0.29,-0.6
2,3,0.0,-0.6,0.0,-0.5740799999999999,0.0,-0.6
2,4,0.23,-0.6,0.21860396,-0.5702712,0.23,-0.6
2,5,0.51,-0.6,0.47204988,-0.5553528,0.51,-0.6
2,6,0.8,-0.6,0.7040000000000001,-0.528,0.8,-0.6
2,7,-0.8,-0.33,-0.7281056,-0.30034356,-0.8,-0.33
2,8,-0.57,-0.33,-0.54032808,-0.31282152,-0.57,-0.33
2,9,-0.29,-0.33,-0.28328359999999997,-0.3223572,-0.29,-0.33
2,10,0.0,-0.33,0.0,-0.32568756000000004,0.0,-0.33
2,11,0.23,-0.33,0.22553432,-0.32359272,0.23,-0.33
2,12,0.51,-0.33,0.4874172,-0.31538760000000005,0.51,-0.33
2,13,0.8,-0.33,0.7281056,-0.30034356,0.8,-0.33
2,14,-0.8,-0.11,-0.7373984,-0.10139228,-0.8,-0.11
2,15,-0.57,-0.11,-0.5469491999999999,-0.1055516,-0.57,-0.11
2,16,-0.29,-0.11,-0.28665224,-0.10873016,-0.29,-0.11
2,17,0.0,-0.11,0.0,-0.10984028,0.0,-0.11
2,18,0.23,-0.11,0.228206,-0.109142,0.23,-0.11
2,19,0.51,-0.11,0.49334136,-0.10640696,0.51,-0.11
2,20,0.8,-0.11,0.7373984,-0.10139228,0.8,-0.11
2,21,-0.8,0.17,-0.7357856,0.15635444,-0.8,0.17
2,22,-0.57,0.17,-0.5458000799999999,0.16278248,-0.57,0.17
2,23,-0.29,0.17,-0.2860676,0.1676948,-0.29,0.17
2,24,0.0,0.17,0.0,0.16941044,0.0,0.17
2,25,0.23,0.17,0.22774232,0.16833128,0.23,0.17
2,26,0.51,0.17,0.4923132,0.1641044,0.51,0.17
2,27,0.8,0.17,0.7357856,0.15635444,0.8,0.17
2,28,-0.8,0.39,-0.7239584,0.35292972,-0.8,0.39
2,29,-0.57,0.39,-0.5373732,0.3676764,-0.57,0.39
2,30,-0.29,0.39,-0.28178023999999996,0.37894584,-0.29,0.39
2,31,0.0,0.39,0.0,0.38288172,0.0,0.39
2,32,0.23,0.39,0.224342,0.380406,0.23,0.39
2,33,0.51,0.39,0.48477336000000004,0.37070904000000005,0.51,0.39
2,34,0.8,0.39,0.7239584,0.35292972,0.8,0.39
2,35,-0.8,0.6,-0.7040000000000001,0.528,-0.8,0.6
2,36,-0.57,0.6,-0.52315284,0.5506871999999999,-0.57,0.6
2,37,-0.29,0.6,-0.27454532,0.5680248,-0.29,0.6
2,38,0.0,0.6,0.0,0.5740799999999999,0.0,0.6
2,39,0.23,0.6,0.21860396,0.5702712,0.23,0.6
2,40,0.51,0.6,0.47204988,0.5553528,0.51,0.6
2,41,0.8,0.6,0.7040000000000001,0.528,0.8,0.6
2,42,0.0,0.0,0.0,0.0,0.0,0.0
2,43,0.71,-0.23,0.6625436,-0.2146268,0.71,-0.23
2,44,-0.37,0.53,-0.35144968,0.50342792,-0.37,0.53
2,45,0.12,-0.49,0.1163352,-0.4750354,0.12,-0.49
2,46,-0.73,0.08,-0.68275732,0.07482272,-0.73,0.08
2,47,0.63,0.44,0.5853581999999999,0.4088216,0.63,0.44
2,48,-0.19,-0.56,-0.18202684,-0.53650016,-0.19,-0.56
2,49,0.79,0.31,0.72172504,0.28320856,0.79,0.31
2,50,-0.61,-0.41,-0.57045736,-0.38342215999999996,-0.61,-0.41
2,51,0.42,-0.52,0.39748128,-0.49211968,0.42,-0.52
2,52,-0.48,0.27,-0.46252992,0.26017308,-0.48,0.27
2,53,0.06,0.58,0.057552,0.5563359999999999,0.06,0.58
3,0,-0.8,-0.6,-0.8640000000000001,-0.648,-0.8,-0.6
3,1,-0.57,-0.6,-0.591390413256,-0.6225162244799999,-0.57,-0.6
3,2,-0.29,-0.6,-0.29457561559199996,-0.6094667908799999,-0.29,-0.6
3,3,0.0,-0.6,0.0,-0.6062207999999999,0.0,-0.6
3,4,0.23,-0.6,0.23313694994400003,-0.60818334768,0.23,-0.6
3,5,0.51,-0.6,0.5256885796080001,-0.61845715248,0.51,-0.6
3,6,0.8,-0.6,0.8640000000000001,-0.648,0.8,-0.6
3,7,-0.8,-0.33,-0.83589447744,-0.344806471944,-0.8,-0.33
3,8,-0.57,-0.33,-0.578581119264,-0.33496801641600005,-0.57,-0.33
3,9,-0.29,-0.33,-0.2908641768,-0.3309833736,-0.29,-0.33
3,10,0.0,-0.33,0.0,-0.33031308314400004,0.0,-0.33
3,11,0.23,-0.33,0.230481698016,-0.33069113193599997,0.23,-0.33
3,12,0.51,-0.33,0.5155553688000001,-0.3335946504,0.51,-0.33
3,13,0.8,-0.33,0.83589447744,-0.344806471944,0.8,-0.33
3,14,-0.8,-0.11,-0.82721500224,-0.113742062808,-0.8,-0.11
3,15,-0.57,-0.11,-0.5751787463999999,-0.1109994072,-0.57,-0.11
3,16,-0.29,-0.11,-0.290214703008,-0.110081439072,-0.29,-0.11
3,17,0.0,-0.11,0.0,-0.11000128840799998,0.0,-0.11
3,18,0.23,-0.11,0.23007774,-0.11003718,0.23,-0.11
3,19,0.51,-0.11,0.5130229878720001,-0.110652016992,0.51,-0.11
3,20,0.8,-0.11,0.82721500224,-0.113742062808,0.8,-0.11
3,21,-0.8,0.17,-0.8286353414400001,0.17608501005600002,-0.8,0.17
3,22,-0.57,0.17,-0.5757079544639999,0.17170237238400002,-0.57,0.17
3,23,-0.29,0.17,-0.2902962408,0.17017365840000004,-0.29,0.17
3,24,0.0,0.17,0.0,0.17001135885600002,0.0,0.17
3,25,0.23,0.17,0.23012311881600003,0.17009100086400003,0.23,0.17
3,26,0.51,0.17,0.5134076568,0.1711358856,0.51,0.17
3,27,0.8,0.17,0.8286353414400001,0.17608501005600002,0.8,0.17
3,28,-0.8,0.39,-0.84015503424,0.40957557919200005,-0.8,0.39
3,29,-0.57,0.39,-0.5803753224,0.39709890480000004,-0.57,0.39
3,30,-0.29,0.39,-0.291294338208,0.39174066172800004,-0.29,0.39
3,31,0.0,0.39,0.0,0.39072179359200004,0.0,0.39
3,32,0.23,0.39,0.23077326000000004,0.39131118000000004,0.23,0.39
3,33,0.51,0.39,0.516932280672,0.395301155808,0.51,0.39
3,34,0.8,0.39,0.84015503424,0.40957557919200005,0.8,0.39
3,35,-0.8,0.6,-0.8640000000000001,0.648,-0.8,0.6
3,36,-0.57,0.6,-0.591390413256,0.6225162244799999,-0.57,0.6
3,37,-0.29,0.6,-0.29457561559199996,0.6094667908799999,-0.29,0.6
3,38,0.0,0.6,0.0,0.6062207999999999,0.0,0.6
3,39,0.23,0.6,0.23313694994400003,0.60818334768,0.23,0.6
3,40,0.51,0.6,0.5256885796080001,0.61845715248,0.51,0.6
3,41,0.8,0.6,0.8640000000000001,0.648,0.8,0.6
3,42,0.0,0.0,0.0,0.0,0.0,0.0
3,43,0.71,-0.23,0.7276221432000001,-0.23570858160000002,0.71,-0.23
3,44,-0.37,0.53,-0.37516688246400004,0.537401210016,-0.37,0.53
3,45,0.12,-0.49,0.12062179440000001,-0.49253899380000005,0.12,-0.49
3,46,-0.73,0.08,-0.746985318216,0.081861404736,-0.73,0.08
3,47,0.63,0.44,0.6475739886,0.4522738968,0.63,0.44
3,48,-0.19,-0.56,-0.19185880936799998,-0.565478596032,-0.19,-0.56
3,49,0.79,0.31,0.8227810841280001,0.322863463392,0.79,0.31
3,50,-0.61,-0.41,-0.624240622752,-0.419571566112,-0.61,-0.41
3,51,0.42,-0.52,0.426707576064,-0.5283046179840001,0.42,-0.52
3,52,-0.48,0.27,-0.48353245017599994,0.271987003224,-0.48,0.27
3,53,0.06,0.58,0.06055487999999999,0.58536384,0.06,0.58
4,0,-0.8,-0.6,-0.768,-0.576,-0.8,-0.6
4,1,-0.57,-0.6,-0.5626748529804827,-0.592289318926824,-0.57,-0.6
4,2,-0.29,-0.6,-0.2889839845577964,-0.5978978990850959,-0.29,-0.6
4,3,0.0,-0.6,0.0,-0.5988802559999999,0.0,-0.6
4,4,0.23,-0.6,0.2293523766840612,-0.598310547871464,0.23,-0.6
4,5,0.51,-0.6,0.5051357558925397,-0.594277359873576,0.51,-0.6
4,6,0.8,-0.6,0.768,-0.576,0.8,-0.6
4,7,-0.8,-0.33,-0.7865593129225921,-0.3244557165805692,-0.8,-0.33
4,8,-0.57,-0.33,-0.5681387552316384,-0.3289224372393696,-0.57,-0.33
4,9,-0.29,-0.33,-0.28991660693879995,-0.3299051044476,-0.29,-0.33
4,10,0.0,-0.33,0.0,-0.3299829526228092,0.0,-0.33
4,11,0.23,-0.33,0.22996103063050563,-0.32994408742637765,0.23,-0.33
4,12,0.51,-0.33,0.5089750344564,-0.3293367870012,0.51,-0.33
4,13,0.8,-0.33,0.7865593129225921,-0.3244557165805692,0.8,-0.33
4,14,-0.8,-0.11,-0.791126548519648,-0.1087799004214516,-0.8,-0.11
4,15,-0.57,-0.11,-0.5691273812316,-0.10983159988680001,-0.57,-0.11
4,16,-0.29,-0.11,-0.2899896727853152,-0.1099960827806368,-0.29,-0.11
4,17,0.0,-0.11,0.0,-0.1099999922051316,0.0,-0.11
4,18,0.23,-0.11,0.22999747345000002,-0.10999879165000001,0.23,-0.11
4,19,0.51,-0.11,0.5095885713506209,-0.1099112604873888,0.51,-0.11
4,20,0.8,-0.11,0.791126548519648,-0.1087799004214516,0.8,-0.11
4,21,-0.8,0.17,-0.790422910055392,0.1679648683867708,-0.8,0.17
4,22,-0.57,0.17,-0.5689902628553184,0.1696988503252704,-0.57,0.17
4,23,-0.29,0.17,-0.2899832623948,0.1699901883004,-0.29,0.17
4,24,0.0,0.17,0.0,0.16999983586453082,0.0,0.17
4,25,0.23,0.17,0.2299949644404256,0.16999627806466241,0.23,0.17
4,26,0.51,0.17,0.5095075935924,0.16983586453080002,0.51,0.17
4,27,0.8,0.17,0.790422910055392,0.1679648683867708,0.8,0.17
4,28,-0.8,0.39,-0.784096598689248,0.3822470918610084,-0.8,0.39
4,29,-0.57,0.39,-0.5675254856076,0.3883069112052,-0.57,0.39
4,30,-0.29,0.39,-0.2898471386576352,0.38979442784992324,-0.29,0.39
4,31,0.0,0.39,0.0,0.3899451075973284,0.0,0.39
4,32,0.23,0.39,0.22992074085,0.38986560405000004,0.23,0.39
4,33,0.51,0.39,0.5085712569535008,0.3889074317879712,0.51,0.39
4,34,0.8,0.39,0.784096598689248,0.3822470918610084,0.8,0.39
4,35,-0.8,0.6,-0.768,0.576,-0.8,0.6
4,36,-0.57,0.6,-0.5626748529804827,0.592289318926824,-0.57,0.6
4,37,-0.29,0.6,-0.2889839845577964,0.5978978990850959,-0.29,0.6
4,38,0.0,0.6,0.0,0.5988802559999999,0.0,0.6
4,39,0.23,0.6,0.2293523766840612,0.598310547871464,0.23,0.6
4,40,0.51,0.6,0.5051357558925397,0.594277359873576,0.51,0.6
4,41,0.8,0.6,0.768,0.576,0.8,0.6
4,42,0.0,0.0,0.0,0.0,0.0,0.0
4,43,0.71,-0.23,0.7050922331188,-0.2284101600244,0.71,-0.23
4,44,-0.37,0.53,-0.36892063825327037,0.5284538872276576,-0.37,0.53
4,45,0.12,-0.49,0.1199208766626,-0.48967691303895,0.12,-0.49
4,46,-0.73,0.08,-0.7254199089430556,0.0794980722129376,-0.73,0.08
4,47,0.63,0.44,0.6248112798658501,0.4363761319698,0.63,0.44
4,48,-0.19,-0.56,-0.1896749871820052,-0.5590420674838048,-0.19,-0.56
4,49,0.79,0.31,0.7781955316055073,0.3053678668325408,0.79,0.31
4,50,-0.61,-0.41,-0.6061536077946847,-0.40741471999314877,-0.61,-0.41
4,51,0.42,-0.52,0.4185015275073024,-0.5181447483423745,0.42,-0.52
4,52,-0.48,0.27,-0.4794643039308096,0.2696986709610804,-0.48,0.27
4,53,0.06,0.58,0.05990567039999999,0.5790881471999999,0.06,0.58
5,0,-0.8,-0.6,-0.79856,-0.59742,-0.8,-0.6
5,1,-0.57,-0.6,-0.568974,-0.59789265,-0.57,-0.6
5,2,-0.29,-0.6,-0.28947799999999996,-0.59825385,-0.29,-0.6
5,3,0.0,-0.6,0.0,-0.59838,0.0,-0.6
5,4,0.23,-0.6,0.229586,-0.59830065,0.23,-0.6
5,5,0.51,-0.6,0.509082,-0.5979898499999999,0.51,-0.6
5,6,0.8,-0.6,0.79856,-0.59742,0.8,-0.6
5,7,-0.8,-0.33,-0.799208,-0.32854995000000004,-0.8,-0.33
5,8,-0.57,-0.33,-0.5694357,-0.3290226,-0.57,-0.33
5,9,-0.29,-0.33,-0.2897129,-0.3293838,-0.29,-0.33
5,10,0.0,-0.33,0.0,-0.32950995,0.0,-0.33
5,11,0.23,-0.33,0.2297723,-0.3294306,0.23,-0.33
5,12,0.51,-0.33,0.5094951,-0.3291198,0.51,-0.33
5,13,0.8,-0.33,0.799208,-0.32854995000000004,0.8,-0.33
5,14,-0.8,-0.11,-0.799736,-0.10898555,-0.8,-0.11
5,15,-0.57,-0.11,-0.5698118999999999,-0.1094582,-0.57,-0.11
5,16,-0.29,-0.11,-0.2899043,-0.1098194,-0.29,-0.11
5,17,0.0,-0.11,0.0,-0.10994555,0.0,-0.11
5,18,0.23,-0.11,0.22992410000000002,-0.1098662,0.23,-0.11
5,19,0.51,-0.11,0.5098317,-0.1095554,0.51,-0.11
5,20,0.8,-0.11,0.799736,-0.10898555,0.8,-0.11
5,21,-0.8,0.17,-0.800408,0.17109005000000002,-0.8,0.17
5,22,-0.57,0.17,-0.5702906999999999,0.1706174,-0.57,0.17
5,23,-0.29,0.17,-0.29014789999999996,0.17025620000000002,-0.29,0.17
5,24,0.0,0.17,0.0,0.17013005,0.0,0.17
5,25,0.23,0.17,0.2301173,0.1702094,0.23,0.17
5,26,0.51,0.17,0.5102601,0.1705202,0.51,0.17
5,27,0.8,0.17,0.800408,0.17109005000000002,0.8,0.17
5,28,-0.8,0.39,-0.8009360000000001,0.39164445000000003,-0.8,0.39
5,29,-0.57,0.39,-0.5706669,0.3911718,-0.57,0.39
5,30,-0.29,0.39,-0.29033929999999997,0.3908106,-0.29,0.39
5,31,0.0,0.39,0.0,0.39068445,0.0,0.39
5,32,0.23,0.39,0.2302691,0.3907638,0.23,0.39
5,33,0.51,0.39,0.5105967,0.3910746,0.51,0.39
5,34,0.8,0.39,0.8009360000000001,0.39164445000000003,0.8,0.39
5,35,-0.8,0.6,-0.80144,0.60258,-0.8,0.6
5,36,-0.57,0.6,-0.5710259999999999,0.6021073499999999,-0.57,0.6
5,37,-0.29,0.6,-0.290522,0.60174615,-0.29,0.6
5,38,0.0,0.6,0.0,0.6016199999999999,0.0,0.6
5,39,0.23,0.6,0.230414,0.60169935,0.23,0.6
5,40,0.51,0.6,0.510918,0.60201015,0.51,0.6
5,41,0.8,0.6,0.80144,0.60258,0.8,0.6
5,42,0.0,0.0,0.0,0.0,0.0,0.0
5,43,0.71,-0.23,0.7095100999999999,-0.2290058,0.71,-0.23
5,44,-0.37,0.53,-0.3705883,0.5314694,-0.37,0.53
5,45,0.12,-0.49,0.1198236,-0.48889794999999997,0.12,-0.49
5,46,-0.73,0.08,-0.7301752,0.08082815,-0.73,0.08
5,47,0.63,0.44,0.6308316,0.44146655,0.63,0.44
5,48,-0.19,-0.56,-0.1896808,-0.55853465,-0.19,-0.56
5,49,0.79,0.31,0.7907347,0.3113686,0.79,0.31
5,50,-0.61,-0.41,-0.6092497,-0.4086854,-0.61,-0.41
5,51,0.42,-0.52,0.41934479999999996,-0.5185186,0.42,-0.52
5,52,-0.48,0.27,-0.4803888,0.27067365000000004,-0.48,0.27
5,53,0.06,0.58,0.060104399999999995,0.5815192,0.06,0.58
6,0,-0.8,-0.6,-0.80456,-0.60192,-0.8,-0.6
6,1,-0.57,-0.6,-0.5726694,-0.601368,-0.57,-0.6
6,2,-0.29,-0.6,-0.2912246,-0.600696,-0.29,-0.6
6,3,0.0,-0.6,-0.0007199999999999999,-0.6,0.0,-0.6
6,4,0.23,-0.6,0.22896260000000002,-0.599448,0.23,-0.6
6,5,0.51,-0.6,0.5077194,-0.598776,0.51,-0.6
6,6,0.8,-0.6,0.79544,-0.59808,0.8,-0.6
6,7,-0.8,-0.33,-0.8040578,-0.331056,-0.8,-0.33
6,8,-0.57,-0.33,-0.5721672,-0.3307524,-0.57,-0.33
6,9,-0.29,-0.33,-0.2907224,-0.33038280000000003,-0.29,-0.33
6,10,0.0,-0.33,-0.00021780000000000004,-0.33,0.0,-0.33
6,11,0.23,-0.33,0.2294648,-0.3296964,0.23,-0.33
6,12,0.51,-0.33,0.5082216,-0.32932680000000003,0.51,-0.33
6,13,0.8,-0.33,0.7959422,-0.328944,0.8,-0.33
6,14,-0.8,-0.11,-0.8038642,-0.110352,-0.8,-0.11
6,15,-0.57,-0.11,-0.5719736,-0.1102508,-0.57,-0.11
6,16,-0.29,-0.11,-0.2905288,-0.1101276,-0.29,-0.11
6,17,0.0,-0.11,-2.42e-05,-0.11,0.0,-0.11
6,18,0.23,-0.11,0.2296584,-0.1098988,0.23,-0.11
6,19,0.51,-0.11,0.5084152,-0.1097756,0.51,-0.11
6,20,0.8,-0.11,0.7961358000000001,-0.109648,0.8,-0.11
6,21,-0.8,0.17,-0.8038978,0.170544,-0.8,0.17
6,22,-0.57,0.17,-0.5720071999999999,0.1703876,-0.57,0.17
6,23,-0.29,0.17,-0.2905624,0.17019720000000002,-0.29,0.17
6,24,0.0,0.17,-5.780000000000001e-05,0.17,0.0,0.17
6,25,0.23,0.17,0.22962480000000002,0.1698436,0.23,0.17
6,26,0.51,0.17,0.5083816,0.1696532,0.51,0.17
6,27,0.8,0.17,0.7961022000000001,0.16945600000000002,0.8,0.17
6,28,-0.8,0.39,-0.8041442000000001,0.39124800000000004,-0.8,0.39
6,29,-0.57,0.39,-0.5722535999999999,0.3908892,-0.57,0.39
6,30,-0.29,0.39,-0.2908088,0.39045240000000003,-0.29,0.39
6,31,0.0,0.39,-0.0003042,0.39,0.0,0.39
6,32,0.23,0.39,0.2293784,0.3896412,0.23,0.39
6,33,0.51,0.39,0.5081352,0.3892044,0.51,0.39
6,34,0.8,0.39,0.7958558,0.388752,0.8,0.39
6,35,-0.8,0.6,-0.80456,0.60192,-0.8,0.6
6,36,-0.57,0.6,-0.5726694,0.601368,-0.57,0.6
6,37,-0.29,0.6,-0.2912246,0.600696,-0.29,0.6
6,38,0.0,0.6,-0.0007199999999999999,0.6,0.0,0.6
6,39,0.23,0.6,0.22896260000000002,0.599448,0.23,0.6
6,40,0.51,0.6,0.5077194,0.598776,0.51,0.6
6,41,0.8,0.6,0.79544,0.59808,0.8,0.6
6,42,0.0,0.0,0.0,0.0,0.0,0.0
6,43,0.71,-0.23,0.7068696,-0.22934680000000002,0.71,-0.23
6,44,-0.37,0.53,-0.37138319999999997,0.5307844,-0.37,0.53
6,45,0.12,-0.49,0.1194334,-0.4897648,0.12,-0.49
6,46,-0.73,0.08,-0.7332102,0.0802336,-0.73,0.08
6,47,0.63,0.44,0.6272314,0.4388912,0.63,0.44
6,48,-0.19,-0.56,-0.1908438,-0.5604256000000001,-0.19,-0.56
6,49,0.79,0.31,0.7860632000000001,0.3090204,0.79,0.31
6,50,-0.61,-0.41,-0.6125688,-0.4110004,-0.61,-0.41
6,51,0.42,-0.52,0.41840079999999996,-0.5191264,0.42,-0.52
6,52,-0.48,0.27,-0.48152819999999996,0.2705184,-0.48,0.27
6,53,0.06,0.58,0.0593056,0.5798608,0.06,0.58
7,0,-0.8,-0.6,-0.736324,-0.549768,-0.8,-0.6
7,1,-0.57,-0.6,-0.5363982363955966,-0.5625822319953647,-0.57,-0.6
7,2,-0.29,-0.6,-0.27825514873305923,-0.5736053808270192,-0.29,-0.6
7,3,0.0,-0.6,-0.0006119999999999999,-0.5774416512,0.0,-0.6
7,4,0.23,-0.6,0.21958353093731225,-0.5741622441842928,0.23,-0.6
7,5,0.51,-0.6,0.4784303847570079,-0.5633553561847151,0.51,-0.6
7,6,0.8,-0.6,0.728572,-0.5465040000000001,0.8,-0.6
7,7,-0.8,-0.33,-0.7499280264645184,-0.30792146479161386,-0.8,-0.33
7,8,-0.57,-0.33,-0.5475734107243276,-0.3160686746298739,-0.57,-0.33
7,9,-0.29,-0.33,-0.28458905873775997,-0.32323776683952005,-0.29,-0.33
7,10,0.0,-0.33,-0.00018513,-0.32578845440006193,0.0,-0.33
7,11,0.23,-0.33,0.22547232900810116,-0.32370426770727556,0.23,-0.33
7,12,0.51,-0.33,0.48960902074128004,-0.31676893695024,0.51,-0.33
7,13,0.8,-0.33,0.7430297664645183,-0.30612626479161387,0.8,-0.33
7,14,-0.8,-0.11,-0.7558204431839297,-0.10299036256279032,-0.8,-0.11
7,15,-0.57,-0.11,-0.55248835779632,-0.10610560062735999,-0.57,-0.11
7,16,-0.29,-0.11,-0.287396007123063,-0.10883480615012736,-0.29,-0.11
7,17,0.0,-0.11,-2.0569999999999998e-05,-0.10981059211952633,0.0,-0.11
7,18,0.23,-0.11,0.22803792594000002,-0.10903646457999999,0.23,-0.11
7,19,0.51,-0.11,0.4944881314641242,-0.10642746953147778,0.51,-0.11
7,20,0.8,-0.11,0.7492513031839296,-0.10239196256279032,0.8,-0.11
7,21,-0.8,0.17,-0.7553888738910784,0.16108117557685417,-0.8,0.17
7,22,-0.57,0.17,-0.5520507026490638,0.1648918779830541,-0.57,0.17
7,23,-0.29,0.17,-0.28711791782895996,0.16833349321008,-0.29,0.17
7,24,0.0,0.17,-4.9130000000000006e-05,0.16956854667240617,0.0,0.17
7,25,0.23,0.17,0.22775823737008516,0.16854398849093252,0.23,0.17
7,26,0.51,0.17,0.49401190856848004,0.16518120285616003,0.51,0.17
7,27,0.8,0.17,0.7487626138910785,0.16015637557685417,0.8,0.17
7,28,-0.8,0.39,-0.7489537172178496,0.36540900426870165,-0.8,0.39
7,29,-0.57,0.39,-0.54658548067152,0.37399711309104006,-0.57,0.39
7,30,-0.29,0.39,-0.28395984069752706,0.3816204650759847,-0.29,0.39
7,31,0.0,0.39,-0.00025857,0.3843272762159657,0.0,0.39
7,32,0.23,0.39,0.22482286942000002,0.38205832206,0.23,0.39
7,33,0.51,0.39,0.4885149841847002,0.37460078202359426,0.51,0.39
7,34,0.8,0.39,0.7419085772178496,0.3632874042687017,0.8,0.39
7,35,-0.8,0.6,-0.7386280000000001,0.5538959999999999,-0.8,0.6
7,36,-0.57,0.6,-0.5380398363955965,0.5659539919953648,-0.57,0.6
7,37,-0.29,0.6,-0.27909034873305927,0.5763992208270192,-0.29,0.6
7,38,0.0,0.6,-0.0006119999999999999,0.5800336511999999,0.0,0.6
7,39,0.23,0.6,0.22024593093731226,0.5768812041842928,0.23,0.6
7,40,0.51,0.6,0.47989918475700793,0.5665715961847151,0.51,0.6
7,41,0.8,0.6,0.7308760000000001,0.550632,0.8,0.6
7,42,0.0,0.0,0.0,0.0,0.0,0.0
7,43,0.71,-0.23,0.6701736742737601,-0.21673685645488003,0.71,-0.23
7,44,-0.37,0.53,-0.356686538728654,0.5104133268275315,-0.37,0.53
7,45,0.12,-0.49,0.11627408038252002,-0.47624708239528996,0.12,-0.49
7,46,-0.73,0.08,-0.696078098508111,0.07682921901458752,-0.73,0.08
7,47,0.63,0.44,0.59404119598567,0.41629561624396,0.63,0.44
7,48,-0.19,-0.56,-0.18390136653490102,-0.5398532592607609,-0.19,-0.56
7,49,0.79,0.31,0.7366369306271014,0.2904047386005082,0.79,0.31
7,50,-0.61,-0.41,-0.5807968140129369,-0.38910614417262973,-0.61,-0.41
7,51,0.42,-0.52,0.4001092300294605,-0.49577758003647493,0.42,-0.52
7,52,-0.48,0.27,-0.4670340777381619,0.2627805981027161,-0.48,0.27
7,53,0.06,0.58,0.057473174079999995,0.5615693494399999,0.06,0.58
8,0,-0.8,-0.6,-0.8,-0.6,-0.8,-0.6
8,1,-0.57,-0.6,-0.57,-0.6,-0.57,-0.6
8,2,-0.29,-0.6,-0.29,-0.6,-0.29,-0.6
8,3,0.0,-0.6,0.0,-0.6,0.0,-0.6
8,4,0.23,-0.6,0.23,-0.6,0.23,-0.6
8,5,0.51,-0.6,0.51,-0.6,0.51,-0.6
8,6,0.8,-0.6,0.8,-0.6,0.8,-0.6
8,7,-0.8,-0.33,-0.8,-0.33,-0.8,-0.33
8,8,-0.57,-0.33,-0.57,-0.33,-0.57,-0.33
8,9,-0.29,-0.33,-0.29,-0.33,-0.29,-0.33
8,10,0.0,-0.33,0.0,-0.33,0.0,-0.33
8,11,0.23,-0.33,0.23,-0.33,0.23,-0.33
8,12,0.51,-0.33,0.51,-0.33,0.51,-0.33
8,13,0.8,-0.33,0.8,-0.33,0.8,-0.33
8,14,-0.8,-0.11,-0.8,-0.11,-0.8,-0.11
8,15,-0.57,-0.11,-0.57,-0.11,-0.57,-0.11
8,16,-0.29,-0.11,-0.29,-0.11,-0.29,-0.11
8,17,0.0,-0.11,0.0,-0.11,0.0,-0.11
8,18,0.23,-0.11,0.23,-0.11,0.23,-0.11
8,19,0.51,-0.11,0.51,-0.11,0.51,-0.11
8,20,0.8,-0.11,0.8,-0.11,0.8,-0.11
8,21,-0.8,0.17,-0.8,0.17,-0.8,0.17
8,22,-0.57,0.17,-0.57,0.17,-0.57,0.17
8,23,-0.29,0.17,-0.29,0.17,-0.29,0.17
8,24,0.0,0.17,0.0,0.17,0.0,0.17
8,25,0.23,0.17,0.23,0.17,0.23,0.17
8,26,0.51,0.17,0.51,0.17,0.51,0.17
8,27,0.8,0.17,0.8,0.17,0.8,0.17
8,28,-0.8,0.39,-0.8,0.39,-0.8,0.39
8,29,-0.57,0.39,-0.57,0.39,-0.57,0.39
8,30,-0.29,0.39,-0.29,0.39,-0.29,0.39
8,31,0.0,0.39,0.0,0.39,0.0,0.39
8,32,0.23,0.39,0.23,0.39,0.23,0.39
8,33,0.51,0.39,0.51,0.39,0.51,0.39
8,34,0.8,0.39,0.8,0.39,0.8,0.39
8,35,-0.8,0.6,-0.8,0.6,-0.8,0.6
8,36,-0.57,0.6,-0.57,0.6,-0.57,0.6
8,37,-0.29,0.6,-0.29,0.6,-0.29,0.6
8,38,0.0,0.6,0.0,0.6,0.0,0.6
8,39,0.23,0.6,0.23,0.6,0.23,0.6
8,40,0.51,0.6,0.51,0.6,0.51,0.6
8,41,0.8,0.6,0.8,0.6,0.8,0.6
8,42,0.0,0.0,0.0,0.0,0.0,0.0
8,43,0.71,-0.23,0.71,-0.23,0.71,-0.23
8,44,-0.37,0.53,-0.37,0.53,-0.37,0.53
8,45,0.12,-0.49,0.12,-0.49,0.12,-0.49
8,46,-0.73,0.08,-0.73,0.08,-0.73,0.08
8,47,0.63,0.44,0.63,0.44,0.63,0.44
8,48,-0.19,-0.56,-0.19,-0.56,-0.19,-0.56
8,49,0.79,0.31,0.79,0.31,0.79,0.31
8,50,-0.61,-0.41,-0.61,-0.41,-0.61,-0.41
8,51,0.42,-0.52,0.42,-0.52,0.42,-0.52
8,52,-0.48,0.27,-0.48,0.27,-0.48,0.27
8,53,0.06,0.58,0.06,0.58,0.06,0.58
9,0,-0.8,-0.6,-0.7476635514018692,-0.5607476635514018,-0.8,-0.6
9,1,-0.57,-0.6,-0.5439227133536843,-0.5725502245828256,-0.57,-0.6
9,2,-0.29,-0.6,-0.28125657679710825,-0.5819101588905689,-0.29,-0.6
9,3,0.0,-0.6,0.0,-0.5852516582130316,0.0,-0.6
9,4,0.23,-0.6,0.2235390508143139,-0.583145349950384,0.23,-0.6
9,5,0.51,-0.6,0.48878337983164766,-0.5750392703901737,0.51,-0.6
9,6,0.8,-0.6,0.7476635514018692,-0.5607476635514018,0.8,-0.6
9,7,-0.8,-0.33,-0.7601506238461151,-0.31356213233652247,-0.8,-0.33
9,8,-0.57,-0.33,-0.5532014837446112,-0.3202745432205644,-0.57,-0.33
9,9,-0.29,-0.33,-0.2861343252656609,-0.3256011287505797,-0.29,-0.33
9,10,0.0,-0.33,0.0,-0.32750344126722003,0.0,-0.33
9,11,0.23,-0.33,0.2274241935834736,-0.32630427775020127,0.23,-0.33
9,12,0.51,-0.33,0.4971583985650644,-0.32169072848327696,0.51,-0.33
9,13,0.8,-0.33,0.7601506238461151,-0.31356213233652247,0.8,-0.33
9,14,-0.8,-0.11,-0.7650765506906251,-0.10519802571996094,-0.8,-0.11
9,15,-0.57,-0.11,-0.556863587960023,-0.10746490293965358,-0.57,-0.11
9,16,-0.29,-0.11,-0.2880602025957204,-0.10926421477768705,-0.29,-0.11
9,17,0.0,-0.11,0.0,-0.10990690884820557,0.0,-0.11
9,18,0.23,-0.11,0.22895824000796375,-0.10950176696033048,0.23,-0.11
9,19,0.51,-0.11,0.5004641559721075,-0.1079432493273173,0.51,-0.11
9,20,0.8,-0.11,0.7650765506906251,-0.10519802571996094,0.8,-0.11
9,21,-0.8,0.17,-0.7642170643938851,0.16239612618370058,-0.8,0.17
9,22,-0.57,0.17,-0.5562245429688337,0.16589153035912588,-0.57,0.17
9,23,-0.29,0.17,-0.28772410235040824,0.16866585310196347,-0.29,0.17
9,24,0.0,0.17,0.0,0.1696567843253099,0.0,0.17
9,25,0.23,0.17,0.22869051809339724,0.16903212206903273,0.23,0.17
9,26,0.51,0.17,0.49988728031914376,0.1666290934397146,0.51,0.17
9,27,0.8,0.17,0.7642170643938851,0.16239612618370058,0.8,0.17
9,28,-0.8,0.39,-0.7579726883491071,0.3695116855701897,-0.8,0.39
9,29,-0.57,0.39,-0.5515826551447178,0.37739865878322804,-0.57,0.39
9,30,-0.29,0.39,-0.2852831287492597,0.38365662142141826,-0.29,0.39
9,31,0.0,0.39,0.0,0.38589141411392897,0.0,0.39
9,32,0.23,0.39,0.2267461921427515,0.38448267363336125,0.23,0.39
9,33,0.51,0.39,0.49569715430955225,0.3790625297661282,0.51,0.39
9,34,0.8,0.39,0.7579726883491071,0.3695116855701897,0.8,0.39
9,35,-0.8,0.6,-0.7476635514018692,0.5607476635514018,-0.8,0.6
9,36,-0.57,0.6,-0.5439227133536843,0.5725502245828256,-0.57,0.6
9,37,-0.29,0.6,-0.28125657679710825,0.5819101588905689,-0.29,0.6
9,38,0.0,0.6,0.0,0.5852516582130316,0.0,0.6
9,39,0.23,0.6,0.2235390508143139,0.583145349950384,0.23,0.6
9,40,0.51,0.6,0.48878337983164766,0.5750392703901737,0.51,0.6
9,41,0.8,0.6,0.7476635514018692,0.5607476635514018,0.8,0.6
9,42,0.0,0.0,0.0,0.0,0.0,0.0
9,43,0.71,-0.23,0.6833559514528531,-0.22136882934388202,0.71,-0.23
9,44,-0.37,0.53,-0.3594864590195152,0.5149400629198462,-0.37,0.53
9,45,0.12,-0.49,0.11789961829998577,-0.48142344139160853,0.12,-0.49
9,46,-0.73,0.08,-0.7034442751681279,0.07708978358006881,-0.73,0.08
9,47,0.63,0.44,0.6049926296532817,0.4225345349959428,0.63,0.44
9,48,-0.19,-0.56,-0.18546012168136197,-0.5466193060082248,-0.19,-0.56
9,49,0.79,0.31,0.7520844162396921,0.2951217329548159,0.79,0.31
9,50,-0.61,-0.41,-0.587773917098825,-0.3950611573942922,-0.61,-0.41
9,51,0.42,-0.52,0.40726245932223765,-0.5042297115418181,0.42,-0.52
9,52,-0.48,0.27,-0.4700209844785362,0.2643868037691766,-0.48,0.27
9,53,0.06,0.58,0.05860519632740769,0.5665168978316076,0.06,0.58
10,0,-0.8,-0.6,-0.8333333333333335,-0.625,-0.8,-0.6
10,1,-0.57,-0.6,-0.5808997238182174,-0.6114733934928605,-0.57,-0.6
10,2,-0.29,-0.6,-0.2923059998109832,-0.6047710340916894,-0.29,-0.6
10,3,0.0,-0.6,0.0,-0.6031266083376222,0.0,-0.6
10,4,0.23,-0.6,0.23157924456143164,-0.604119768421126,0.23,-0.6
10,5,0.51,-0.6,0.5179668272585779,-0.609372737951268,0.51,-0.6
10,6,0.8,-0.6,0.8333333333333335,-0.625,0.8,-0.6
10,7,-0.8,-0.33,-0.8183591078337225,-0.33757313198141053,-0.8,-0.33
10,8,-0.57,-0.33,-0.5743231008990217,-0.3325028478889074,-0.57,-0.33
10,9,-0.29,-0.33,-0.2904327331550917,-0.33049242048682853,-0.29,-0.33
10,10,0.0,-0.33,0.0,-0.3301566158656176,0.0,-0.33
10,11,0.23,-0.33,0.23024110148214263,-0.330345928213509,0.23,-0.33
10,12,0.51,-0.33,0.5127928957390692,-0.33180716783116243,0.51,-0.33
10,13,0.8,-0.33,0.8183591078337225,-0.33757313198141053,0.8,-0.33
10,14,-0.8,-0.11,-0.8138429612585372,-0.11190340717304885,-0.8,-0.11
10,15,-0.57,-0.11,-0.5726011897808889,-0.11050198399280314,-0.57,-0.11
10,16,-0.29,-0.11,-0.2901073912578381,-0.11004073461504203,-0.29,-0.11
10,17,0.0,-0.11,0.0,-0.11000064420777272,0.0,-0.11
10,18,0.23,-0.11,0.23003887657014035,-0.11001859314224104,0.23,-0.11
10,19,0.51,-0.11,0.5115159868869543,-0.11032697756385289,0.51,-0.11
10,20,0.8,-0.11,0.8138429612585372,-0.11190340717304885,0.8,-0.11
10,21,-0.8,0.17,-0.8145785849434803,0.17309794930048958,-0.8,0.17
10,22,-0.57,0.17,-0.5728683389408259,0.1708554695086674,-0.57,0.17
10,23,-0.29,0.17,-0.29014819609263626,0.17008687357154542,-0.29,0.17
10,24,0.0,0.17,0.0,0.17000567961774696,0.0,0.17
10,25,0.23,0.17,0.230061575888762,0.1700455126134328,0.23,0.17
10,26,0.51,0.17,0.5117095396986067,0.17056984656620225,0.51,0.17
10,27,0.8,0.17,0.8145785849434803,0.17309794930048958,0.8,0.17
10,28,-0.8,0.39,-0.8205943719389757,0.40003975632025063,-0.8,0.39
10,29,-0.57,0.39,-0.5752353085810454,0.3935820532396627,-0.57,0.39
10,30,-0.29,0.39,-0.2906486165681491,0.39087227745371783,-0.29,0.39
10,31,0.0,0.39,0.0,0.3903612310707078,0.0,0.39
10,32,0.23,0.39,0.23038728101939362,0.39065669390245006,0.23,0.39
10,33,0.51,0.39,0.5134898586493953,0.3926687154377729,0.51,0.39
10,34,0.8,0.39,0.8205943719389757,0.40003975632025063,0.8,0.39
10,35,-0.8,0.6,-0.8333333333333335,0.625,-0.8,0.6
10,36,-0.57,0.6,-0.5808997238182174,0.6114733934928605,-0.57,0.6
10,37,-0.29,0.6,-0.2923059998109832,0.6047710340916894,-0.29,0.6
10,38,0.0,0.6,0.0,0.6031266083376222,0.0,0.6
10,39,0.23,0.6,0.23157924456143164,0.604119768421126,0.23,0.6
10,40,0.51,0.6,0.5179668272585779,0.609372737951268,0.51,0.6
10,41,0.8,0.6,0.8333333333333335,0.625,0.8,0.6
10,42,0.0,0.0,0.0,0.0,0.0,0.0
10,43,0.71,-0.23,0.7189217906652845,-0.23289015753945838,0.71,-0.23
10,44,-0.37,0.53,-0.3726016063594008,0.5337266253256282,-0.37,0.53
10,45,0.12,-0.49,0.12031170476782954,-0.4912727944686373,0.12,-0.49
10,46,-0.73,0.08,-0.7385926237994688,0.08094165740268151,-0.73,0.08
10,47,0.63,0.44,0.6389112854338298,0.44622375490616684,0.63,0.44
10,48,-0.19,-0.56,-0.19093397331121142,-0.5627527634435706,-0.19,-0.56
10,49,0.79,0.31,0.8067378101414464,0.3165680014479093,0.79,0.31
10,50,-0.61,-0.41,-0.6172044058231141,-0.41484230555324064,-0.61,-0.41
10,51,0.42,-0.52,0.423380784303274,-0.5241857329469107,0.42,-0.52
10,52,-0.48,0.27,-0.4817727481552217,0.27099717083731223,-0.48,0.27
10,53,0.06,0.58,0.060278728842166174,0.5826943788076063,0.06,0.58
11,0,-0.8,-0.6,-0.7804878048780489,-0.5853658536585367,-0.8,-0.6
11,1,-0.57,-0.6,-0.5654582621669152,-0.5952192233335949,-0.57,-0.6
11,2,-0.29,-0.6,-0.289366377783873,-0.5986890574838751,-0.29,-0.6
11,3,0.0,-0.6,0.0,-0.5993009753423607,0.0,-0.6
11,4,0.23,-0.6,0.22959594649946174,-0.5989459473899001,0.23,-0.6
11,5,0.51,-0.6,0.5069778626458481,-0.5964445442892331,0.51,-0.6
11,6,0.8,-0.6,0.7804878048780489,-0.5853658536585367,0.8,-0.6
11,7,-0.8,-0.33,-0.7916868629776737,-0.32657083097829037,-0.8,-0.33
11,8,-0.57,-0.33,-0.5688390912471235,-0.3293278949325452,-0.57,-0.33
11,9,-0.29,-0.33,-0.2899478887025272,-0.32994070093735856,-0.29,-0.33
11,10,0.0,-0.33,0.0,-0.32998934573324684,0.0,-0.33
11,11,0.23,-0.33,0.22997564672295692,-0.3299650583416338,0.23,-0.33
11,12,0.51,-0.33,0.5093602001783529,-0.3295860118801107,0.51,-0.33
11,13,0.8,-0.33,0.7916868629776737,-0.32657083097829037,0.8,-0.33
11,14,-0.8,-0.11,-0.794492274492792,-0.1092426877427589,-0.8,-0.11
11,15,-0.57,-0.11,-0.5694551346072149,-0.10989485053823446,-0.57,-0.11
11,16,-0.29,-0.11,-0.2899935456344763,-0.10999755179238759,-0.29,-0.11
11,17,0.0,-0.11,0.0,-0.10999999512820748,0.0,-0.11
11,18,0.23,-0.11,0.22999842091709138,-0.10999924478643501,0.23,-0.11
11,19,0.51,-0.11,0.5097429866807102,-0.10994456575466297,0.51,-0.11
11,20,0.8,-0.11,0.794492274492792,-0.1092426877427589,0.8,-0.11
11,21,-0.8,0.17,-0.7940587716582221,0.1687374889773722,-0.8,0.17
11,22,-0.57,0.17,-0.5693696122296915,0.16981198961236416,-0.57,0.17
11,23,-0.29,0.17,-0.28998953937409017,0.16999386790894944,-0.29,0.17
11,24,0.0,0.17,0.0,0.16999989741539367,0.0,0.17
11,25,0.23,0.17,0.22999685281833074,0.16999767382224448,0.23,0.17
11,26,0.51,0.17,0.5096924315940905,0.16989747719803017,0.51,0.17
11,27,0.8,0.17,0.7940587716582221,0.1687374889773722,0.8,0.17
11,28,-0.8,0.39,-0.790182353842321,0.3852138974981315,-0.8,0.39
11,29,-0.57,0.39,-0.5684576134364934,0.38894468287760076,-0.57,0.39
11,30,-0.29,0.39,-0.2899044931250502,0.3898715597198951,-0.29,0.39
11,31,0.0,0.39,0.0,0.3899656952660695,0.0,0.39
11,32,0.23,0.39,0.22995047369813204,0.3899160206185717,0.23,0.39
11,33,0.51,0.39,0.5091085963640098,0.3893183383960075,0.51,0.39
11,34,0.8,0.39,0.790182353842321,0.3852138974981315,0.8,0.39
11,35,-0.8,0.6,-0.7804878048780489,0.5853658536585367,-0.8,0.6
11,36,-0.57,0.6,-0.5654582621669152,0.5952192233335949,-0.57,0.6
11,37,-0.29,0.6,-0.289366377783873,0.5986890574838751,-0.29,0.6
11,38,0.0,0.6,0.0,0.5993009753423607,0.0,0.6
11,39,0.23,0.6,0.22959594649946174,0.5989459473899001,0.23,0.6
11,40,0.51,0.6,0.5069778626458481,0.5964445442892331,0.51,0.6
11,41,0.8,0.6,0.7804878048780489,0.5853658536585367,0.8,0.6
11,42,0.0,0.0,0.0,0.0,0.0,0.0
11,43,0.71,-0.23,0.7069458403327576,-0.22901062433314687,0.71,-0.23
11,44,-0.37,0.53,-0.3693266266337211,0.529035438151006,-0.37,0.53
11,45,0.12,-0.49,0.11995056828497014,-0.48979815383029474,0.12,-0.49
11,46,-0.73,0.08,-0.7271486242201539,0.07968752046248262,-0.73,0.08
11,47,0.63,0.44,0.6267736576419033,0.43774668152767854,0.63,0.44
11,48,-0.19,-0.56,-0.18979708393060696,-0.5594019315849469,-0.19,-0.56
11,49,0.79,0.31,0.7826904707871225,0.3071317037265923,0.79,0.31
11,50,-0.61,-0.41,-0.6076054417672943,-0.4083905428271977,-0.61,-0.41
11,51,0.42,-0.52,0.4190655384197032,-0.5188430475672516,0.42,-0.52
11,52,-0.48,0.27,-0.4796654233309831,0.26981180062367804,-0.48,0.27
11,53,0.06,0.58,0.05994110187329929,0.5794306514418932,0.06,0.58
12,0,-0.8,-0.6,-0.7174032294288482,-0.535752422071636,-0.8,-0.6
12,1,-0.57,-0.6,-0.5263248331831871,-0.552119234403355,-0.57,-0.6
12,2,-0.29,-0.6,-0.2746087968847524,-0.5661974973477637,-0.29,-0.6
12,3,0.0,-0.6,-0.000576,-0.57125047977499,0.0,-0.6
12,4,0.23,-0.6,0.21695771296466507,-0.5672458612121697,0.23,-0.6
12,5,0.51,-0.6,0.47031177224588816,-0.5537931044069273,0.51,-0.6
12,6,0.8,-0.6,0.7101072294288482,-0.532680422071636,0.8,-0.6
12,7,-0.8,-0.33,-0.7347361760422172,-0.30176060861741455,-0.8,-0.33
12,8,-0.57,-0.33,-0.5405221053469134,-0.31205483467452877,-0.57,-0.33
12,9,-0.29,-0.33,-0.28280407581082323,-0.3212478414399022,-0.29,-0.33
12,10,0.0,-0.33,-0.00017424,-0.3246355721494629,0.0,-0.33
12,11,0.23,-0.33,0.22431994015012538,-0.3220438054327886,0.23,-0.33
12,12,0.51,-0.33,0.48426566325597675,-0.3133244938715144,0.51,-0.33
12,13,0.8,-0.33,0.7282436960422173,-0.3000710086174146,0.8,-0.33
12,14,-0.8,-0.11,-0.7421187263717062,-0.1011805528761096,-0.8,-0.11
12,15,-0.57,-0.11,-0.5467412868542237,-0.10503672027011338,-0.57,-0.11
12,16,-0.29,-0.11,-0.28644938421705934,-0.10848901125474666,-0.29,-0.11
12,17,0.0,-0.11,-1.936e-05,-0.10976794961674835,0.0,-0.11
12,18,0.23,-0.11,0.22755516443837723,-0.1088089699487891,0.23,-0.11
12,19,0.51,-0.11,0.4903610164443835,-0.10555865648800428,0.51,-0.11
12,20,0.8,-0.11,0.7359360063717062,-0.10061735287610958,0.8,-0.11
12,21,-0.8,0.17,-0.741372986421346,0.158050123614536,-0.8,0.17
12,22,-0.57,0.17,-0.5460332648833015,0.16307237549151093,-0.57,0.17
12,23,-0.29,0.17,-0.28600120004029655,0.16767418967879458,-0.29,0.17
12,24,0.0,0.17,-4.624000000000001e-05,0.169390652961581,0.0,0.17
12,25,0.23,0.17,0.22713949595538138,0.16807243179310796,0.23,0.17
12,26,0.51,0.17,0.48963337339823204,0.16368315779941067,0.51,0.17
12,27,0.8,0.17,0.7351365064213459,0.157179723614536,0.8,0.17
12,28,-0.8,0.39,-0.7329836965328281,0.35758302405975373,-0.8,0.39
12,29,-0.57,0.39,-0.5388907774566092,0.36871725299662744,-0.57,0.39
12,30,-0.29,0.39,-0.2817790411246315,0.3786958104779527,-0.29,0.39
12,31,0.0,0.39,-0.00024336000000000003,0.3823683660487031,0.0,0.39
12,32,0.23,0.39,0.22335556341459517,0.3795150205725744,0.23,0.39
12,33,0.51,0.39,0.4825781085897756,0.36998807715688725,0.51,0.39
12,34,0.8,0.39,0.7263529765328282,0.3555862240597537,0.8,0.39
12,35,-0.8,0.6,-0.719515229428848,0.539536422071636,-0.8,0.6
12,36,-0.57,0.6,-0.5278296331831871,0.5552100144033549,-0.57,0.6
12,37,-0.29,0.6,-0.27537439688475246,0.5687585173477636,-0.29,0.6
12,38,0.0,0.6,-0.000576,0.5736264797749899,0.0,0.6
12,39,0.23,0.6,0.21756491296466504,0.5697382412121698,0.23,0.6
12,40,0.51,0.6,0.47165817224588813,0.5567413244069273,0.51,0.6
12,41,0.8,0.6,0.7122192294288481,0.536464422071636,0.8,0.6
12,42,0.0,0.0,0.0,0.0,0.0,0.0
12,43,0.71,-0.23,0.6597439015278235,-0.21339585401605551,0.71,-0.23
12,44,-0.37,0.53,-0.35218388124451183,0.5039816412421387,-0.37,0.53
12,45,0.12,-0.49,0.11537836866013895,-0.4725111220289007,0.12,-0.49
12,46,-0.73,0.08,-0.6852618779018329,0.07559585990705017,-0.73,0.08
12,47,0.63,0.44,0.5842611114176057,0.40936478972023266,0.63,0.44
12,48,-0.19,-0.56,-0.1819337122877366,-0.5341918967428027,-0.19,-0.56
12,49,0.79,0.31,0.722368562267975,0.28470547759882553,0.79,0.31
12,50,-0.61,-0.41,-0.5718123605311962,-0.38315774166850897,-0.61,-0.41
12,51,0.42,-0.52,0.3949643834306389,-0.48939713186650535,0.42,-0.52
12,52,-0.48,0.27,-0.4625736084990464,0.2602583147807136,-0.48,0.27
12,53,0.06,0.58,0.056900569375148674,0.5556715039597705,0.06,0.58
13,0,-0.8,-0.6,-0.798,-0.6,-0.8,-0.6
13,1,-0.57,-0.6,-0.5686302,-0.6,-0.57,-0.6
13,2,-0.29,-0.6,-0.2891118,-0.6,-0.29,-0.6
13,3,0.0,-0.6,0.0007199999999999999,-0.6,0.0,-0.6
13,4,0.23,-0.6,0.2308258,-0.6,0.23,-0.6
13,5,0.51,-0.6,0.5112402,-0.6,0.51,-0.6
13,6,0.8,-0.6,0.802,-0.6,0.8,-0.6
13,7,-0.8,-0.33,-0.7985022,-0.33,-0.8,-0.33
13,8,-0.57,-0.33,-0.5691324,-0.33,-0.57,-0.33
13,9,-0.29,-0.33,-0.289614,-0.33,-0.29,-0.33
13,10,0.0,-0.33,0.00021780000000000004,-0.33,0.0,-0.33
13,11,0.23,-0.33,0.23032360000000002,-0.33,0.23,-0.33
13,12,0.51,-0.33,0.510738,-0.33,0.51,-0.33
13,13,0.8,-0.33,0.8014978,-0.33,0.8,-0.33
13,14,-0.8,-0.11,-0.7986958000000001,-0.11,-0.8,-0.11
13,15,-0.57,-0.11,-0.569326,-0.11,-0.57,-0.11
13,16,-0.29,-0.11,-0.2898076,-0.11,-0.29,-0.11
13,17,0.0,-0.11,2.42e-05,-0.11,0.0,-0.11
13,18,0.23,-0.11,0.23013,-0.11,0.23,-0.11
13,19,0.51,-0.11,0.5105444,-0.11,0.51,-0.11
13,20,0.8,-0.11,0.8013042,-0.11,0.8,-0.11
13,21,-0.8,0.17,-0.7986622,0.17,-0.8,0.17
13,22,-0.57,0.17,-0.5692923999999999,0.17,-0.57,0.17
13,23,-0.29,0.17,-0.289774,0.17,-0.29,0.17
13,24,0.0,0.17,5.780000000000001e-05,0.17,0.0,0.17
13,25,0.23,0.17,0.23016360000000002,0.17,0.23,0.17
13,26,0.51,0.17,0.510578,0.17,0.51,0.17
13,27,0.8,0.17,0.8013378000000001,0.17,0.8,0.17
13,28,-0.8,0.39,-0.7984158,0.39,-0.8,0.39
13,29,-0.57,0.39,-0.5690459999999999,0.39,-0.57,0.39
13,30,-0.29,0.39,-0.2895276,0.39,-0.29,0.39
13,31,0.0,0.39,0.0003042,0.39,0.0,0.39
13,32,0.23,0.39,0.23041,0.39,0.23,0.39
13,33,0.51,0.39,0.5108244,0.39,0.51,0.39
13,34,0.8,0.39,0.8015842000000001,0.39,0.8,0.39
13,35,-0.8,0.6,-0.798,0.6,-0.8,0.6
13,36,-0.57,0.6,-0.5686302,0.6,-0.57,0.6
13,37,-0.29,0.6,-0.2891118,0.6,-0.29,0.6
13,38,0.0,0.6,0.0007199999999999999,0.6,0.0,0.6
13,39,0.23,0.6,0.2308258,0.6,0.23,0.6
13,40,0.51,0.6,0.5112402,0.6,0.51,0.6
13,41,0.8,0.6,0.802,0.6,0.8,0.6
13,42,0.0,0.0,0.0,0.0,0.0,0.0
13,43,0.71,-0.23,0.7111139999999999,-0.23,0.71,-0.23
13,44,-0.37,0.53,-0.3691644,0.53,-0.37,0.53
13,45,0.12,-0.49,0.12050899999999999,-0.49,0.12,-0.49
13,46,-0.73,0.08,-0.7289213999999999,0.08,-0.73,0.08
13,47,0.63,0.44,0.631181,0.44,0.63,0.44
13,48,-0.19,-0.56,-0.1893006,-0.56,-0.19,-0.56
13,49,0.79,0.31,0.7914404,0.31,0.79,0.31
13,50,-0.61,-0.41,-0.6089196,-0.41,-0.61,-0.41
13,51,0.42,-0.52,0.4208936,-0.52,0.42,-0.52
13,52,-0.48,0.27,-0.47939339999999997,0.27,-0.48,0.27
13,53,0.06,0.58,0.06068,0.58,0.06,0.58
14,0,-0.8,-0.6,-0.8015,-0.6,-0.8,-0.6
14,1,-0.57,-0.6,-0.570703632015,-0.6,-0.57,-0.6
14,2,-0.29,-0.6,-0.29029583721499996,-0.6,-0.29,-0.6
14,3,0.0,-0.6,-0.00019439999999999998,-0.6,0.0,-0.6
14,4,0.23,-0.6,0.229744270385,-0.6,0.23,-0.6
14,5,0.51,-0.6,0.509423213985,-0.6,0.51,-0.6
14,6,0.8,-0.6,0.7985000000000001,-0.6,0.8,-0.6
14,7,-0.8,-0.33,-0.8008412768150001,-0.33,-0.8,-0.33
14,8,-0.57,-0.33,-0.57028227366,-0.33,-0.57,-0.33
14,9,-0.29,-0.33,-0.2900558735,-0.33,-0.29,-0.33
14,10,0.0,-0.33,-1.7788815000000003e-05,-0.33,0.0,-0.33
14,11,0.23,-0.33,0.22996073114,-0.33,0.23,-0.33
14,12,0.51,-0.33,0.5097957585,-0.33,0.51,-0.33
14,13,0.8,-0.33,0.799158723185,-0.33,0.8,-0.33
14,14,-0.8,-0.11,-0.800637851615,-0.11,-0.8,-0.11
14,15,-0.57,-0.11,-0.5701703535,-0.11,-0.57,-0.11
14,16,-0.29,-0.11,-0.29001388166,-0.11,-0.29,-0.11
14,17,0.0,-0.11,-2.19615e-07,-0.11,0.0,-0.11
14,18,0.23,-0.11,0.2299936625,-0.11,0.23,-0.11
14,19,0.51,-0.11,0.5098888607400001,-0.11,0.51,-0.11
14,20,0.8,-0.11,0.7993621483850001,-0.11,0.8,-0.11
14,21,-0.8,0.17,-0.800671140815,0.17,-0.8,0.17
14,22,-0.57,0.17,-0.57018776166,0.17,-0.57,0.17
14,23,-0.29,0.17,-0.29001915349999996,0.17,-0.29,0.17
14,24,0.0,0.17,-1.2528150000000005e-06,0.17,0.0,0.17
14,25,0.23,0.17,0.22998996314,0.17,0.23,0.17
14,26,0.51,0.17,0.5098747185,0.17,0.51,0.17
14,27,0.8,0.17,0.7993288591850001,0.17,0.8,0.17
14,28,-0.8,0.39,-0.8009411336150001,0.39,-0.8,0.39
14,29,-0.57,0.39,-0.5703412935,0.39,-0.57,0.39
14,30,-0.29,0.39,-0.29008368566,0.39,-0.29,0.39
14,31,0.0,0.39,-3.470161500000001e-05,0.39,0.0,0.39
14,32,0.23,0.39,0.2299369625,0.39,0.23,0.39
14,33,0.51,0.39,0.50974513674,0.39,0.51,0.39
14,34,0.8,0.39,0.799058866385,0.39,0.8,0.39
14,35,-0.8,0.6,-0.8015,0.6,-0.8,0.6
14,36,-0.57,0.6,-0.570703632015,0.6,-0.57,0.6
14,37,-0.29,0.6,-0.29029583721499996,0.6,-0.29,0.6
14,38,0.0,0.6,-0.00019439999999999998,0.6,0.0,0.6
14,39,0.23,0.6,0.229744270385,0.6,0.23,0.6
14,40,0.51,0.6,0.509423213985,0.6,0.51,0.6
14,41,0.8,0.6,0.7985000000000001,0.6,0.8,0.6
14,42,0.0,0.0,0.0,0.0,0.0,0.0
14,43,0.71,-0.23,0.7095346265,-0.23,0.71,-0.23
14,44,-0.37,0.53,-0.37026183526,0.53,-0.37,0.53
14,45,0.12,-0.49,0.11990284462499999,-0.49,0.12,-0.49
14,46,-0.73,0.08,-0.730436266735,0.08,-0.73,0.08
14,47,0.63,0.44,0.629476964625,0.44,0.63,0.44
14,48,-0.19,-0.56,-0.190183435135,-0.56,-0.19,-0.56
14,49,0.79,0.31,0.78922196794,0.31,0.79,0.31
14,50,-0.61,-0.41,-0.61043772406,-0.41,-0.61,-0.41
14,51,0.42,-0.52,0.41970055464,-0.52,0.42,-0.52
14,52,-0.48,0.27,-0.480137986335,0.27,-0.48,0.27
14,53,0.06,0.58,0.0598266,0.58,0.06,0.58
15,0,-0.8,-0.6,-0.8,-0.5982999999999999,-0.8,-0.6
15,1,-0.57,-0.6,-0.57,-0.5988356699999999,-0.57,-0.6
15,2,-0.29,-0.6,-0.29,-0.59924503,-0.29,-0.6
15,3,0.0,-0.6,0.0,-0.599388,0.0,-0.6
15,4,0.23,-0.6,0.23,-0.59929807,0.23,-0.6
15,5,0.51,-0.6,0.51,-0.59894583,0.51,-0.6
15,6,0.8,-0.6,0.8,-0.5982999999999999,0.8,-0.6
15,7,-0.8,-0.33,-0.8,-0.32872687,-0.8,-0.33
15,8,-0.57,-0.33,-0.57,-0.32926254,-0.57,-0.33
15,9,-0.29,-0.33,-0.29,-0.3296719,-0.29,-0.33
15,10,0.0,-0.33,0.0,-0.32981487000000004,0.0,-0.33
15,11,0.23,-0.33,0.23,-0.32972494,0.23,-0.33
15,12,0.51,-0.33,0.51,-0.3293727,0.51,-0.33
15,13,0.8,-0.33,0.8,-0.32872687,0.8,-0.33
15,14,-0.8,-0.11,-0.8,-0.10889143,-0.8,-0.11
15,15,-0.57,-0.11,-0.57,-0.1094271,-0.57,-0.11
15,16,-0.29,-0.11,-0.29,-0.10983646,-0.29,-0.11
15,17,0.0,-0.11,0.0,-0.10997943,0.0,-0.11
15,18,0.23,-0.11,0.23,-0.1098895,0.23,-0.11
15,19,0.51,-0.11,0.51,-0.10953726,0.51,-0.11
15,20,0.8,-0.11,0.8,-0.10889143,0.8,-0.11
15,21,-0.8,0.17,-0.8,0.17113713000000003,-0.8,0.17
15,22,-0.57,0.17,-0.57,0.17060146,-0.57,0.17
15,23,-0.29,0.17,-0.29,0.1701921,-0.29,0.17
15,24,0.0,0.17,0.0,0.17004913000000002,0.0,0.17
15,25,0.23,0.17,0.23,0.17013906,0.23,0.17
15,26,0.51,0.17,0.51,0.1704913,0.51,0.17
15,27,0.8,0.17,0.8,0.17113713000000003,0.8,0.17
15,28,-0.8,0.39,-0.8,0.39134657,-0.8,0.39
15,29,-0.57,0.39,-0.57,0.3908109,-0.57,0.39
15,30,-0.29,0.39,-0.29,0.39040154,-0.29,0.39
15,31,0.0,0.39,0.0,0.39025857,0.0,0.39
15,32,0.23,0.39,0.23,0.3903485,0.23,0.39
15,33,0.51,0.39,0.51,0.39070074,0.51,0.39
15,34,0.8,0.39,0.8,0.39134657,0.8,0.39
15,35,-0.8,0.6,-0.8,0.6017,-0.8,0.6
15,36,-0.57,0.6,-0.57,0.60116433,-0.57,0.6
15,37,-0.29,0.6,-0.29,0.60075497,-0.29,0.6
15,38,0.0,0.6,0.0,0.6006119999999999,0.0,0.6
15,39,0.23,0.6,0.23,0.6007019299999999,0.23,0.6
15,40,0.51,0.6,0.51,0.6010541699999999,0.51,0.6
15,41,0.8,0.6,0.8,0.6017,0.8,0.6
15,42,0.0,0.0,0.0,0.0,0.0,0.0
15,43,0.71,-0.23,0.71,-0.2290531,0.71,-0.23
15,44,-0.37,0.53,-0.37,0.53071026,-0.37,0.53
15,45,0.12,-0.49,0.12,-0.48956735,0.12,-0.49
15,46,-0.73,0.08,-0.73,0.08091681,-0.73,0.08
15,47,0.63,0.44,0.63,0.44100385,0.63,0.44
15,48,-0.19,-0.56,-0.19,-0.55940551,-0.19,-0.56
15,49,0.79,0.31,0.79,0.31122434,0.79,0.31
15,50,-0.61,-0.41,-0.61,-0.40908165999999996,-0.61,-0.41
15,51,0.42,-0.52,0.42,-0.51924044,0.42,-0.52
15,52,-0.48,0.27,-0.48,0.27051561,-0.48,0.27
15,53,0.06,0.58,0.06,0.5805779999999999,0.06,0.58
16,0,-0.8,-0.6,-0.8,-0.6012,-0.8,-0.6
16,1,-0.57,-0.6,-0.57,-0.600562905612,-0.57,-0.6
16,2,-0.29,-0.6,-0.29,-0.600236669772,-0.29,-0.6
16,3,0.0,-0.6,0.0,-0.6001555199999999,0.0,-0.6
16,4,0.23,-0.6,0.23,-0.600204583692,0.23,-0.6
16,5,0.51,-0.6,0.51,-0.6004614288119999,0.51,-0.6
16,6,0.8,-0.6,0.8,-0.6012,0.8,-0.6
16,7,-0.8,-0.33,-0.8,-0.330673021452,-0.8,-0.33
16,8,-0.57,-0.33,-0.57,-0.330225818928,-0.57,-0.33
16,9,-0.29,-0.33,-0.29,-0.33004469880000004,-0.29,-0.33
16,10,0.0,-0.33,0.0,-0.330014231052,0.0,-0.33
16,11,0.23,-0.33,0.23,-0.330031415088,0.23,-0.33
16,12,0.51,-0.33,0.51,-0.3301633932,0.51,-0.33
16,13,0.8,-0.33,0.8,-0.330673021452,0.8,-0.33
16,14,-0.8,-0.11,-0.8,-0.110510281292,-0.8,-0.11
16,15,-0.57,-0.11,-0.57,-0.1101362828,-0.57,-0.11
16,16,-0.29,-0.11,-0.29,-0.110011105328,-0.29,-0.11
16,17,0.0,-0.11,0.0,-0.110000175692,0.0,-0.11
16,18,0.23,-0.11,0.23,-0.11000507,0.23,-0.11
16,19,0.51,-0.11,0.51,-0.110088911408,0.51,-0.11
16,20,0.8,-0.11,0.8,-0.110510281292,0.8,-0.11
16,21,-0.8,0.17,-0.8,0.169463087348,-0.8,0.17
16,22,-0.57,0.17,-0.57,0.169849790672,-0.57,0.17
16,23,-0.29,0.17,-0.29,0.16998467720000002,-0.29,0.17
16,24,0.0,0.17,0.0,0.169998997748,0.0,0.17
16,25,0.23,0.17,0.23,0.16999197051200002,0.23,0.17
16,26,0.51,0.17,0.51,0.16989977480000001,0.51,0.17
16,27,0.8,0.17,0.8,0.169463087348,0.8,0.17
16,28,-0.8,0.39,-0.8,0.389247093108,-0.8,0.39
16,29,-0.57,0.39,-0.57,0.3897269652,-0.57,0.39
16,30,-0.29,0.39,-0.29,0.389933051472,-0.29,0.39
16,31,0.0,0.39,0.0,0.389972238708,0.0,0.39
16,32,0.23,0.39,0.23,0.38994957,0.23,0.39
16,33,0.51,0.39,0.51,0.389796109392,0.51,0.39
16,34,0.8,0.39,0.8,0.389247093108,0.8,0.39
16,35,-0.8,0.6,-0.8,0.5988,-0.8,0.6
16,36,-0.57,0.6,-0.57,0.599437094388,-0.57,0.6
16,37,-0.29,0.6,-0.29,0.599763330228,-0.29,0.6
16,38,0.0,0.6,0.0,0.59984448,0.0,0.6
16,39,0.23,0.6,0.23,0.5997954163079999,0.23,0.6
16,40,0.51,0.6,0.51,0.599538571188,0.51,0.6
16,41,0.8,0.6,0.8,0.5988,0.8,0.6
16,42,0.0,0.0,0.0,0.0,0.0,0.0
16,43,0.71,-0.23,0.71,-0.2303722988,0.71,-0.23
16,44,-0.37,0.53,-0.37,0.529790531792,-0.37,0.53
16,45,0.12,-0.49,0.12,-0.4900777243,0.12,-0.49
16,46,-0.73,0.08,-0.73,0.079650986612,-0.73,0.08
16,47,0.63,0.44,0.63,0.4395815717,0.63,0.44
16,48,-0.19,-0.56,-0.19,-0.560146748108,-0.19,-0.56
16,49,0.79,0.31,0.79,0.309377574352,0.79,0.31
16,50,-0.61,-0.41,-0.61,-0.410350179248,-0.61,-0.41
16,51,0.42,-0.52,0.42,-0.520239556288,0.42,-0.52
16,52,-0.48,0.27,-0.48,0.26988961093200003,-0.48,0.27
16,53,0.06,0.58,0.06,0.5798612799999999,0.06,0.58
17,0,-0.8,-0.6,-0.7835389597057321,-0.5880143417989429,-0.8,-0.6
17,1,-0.57,-0.6,-0.558271508790334,-0.5880143417989429,-0.57,-0.6
17,2,-0.29,-0.6,-0.28403287289332785,-0.5880143417989429,-0.29,-0.6
17,3,0.0,-0.6,0.0,-0.5880143417989429,0.0,-0.6
17,4,0.23,-0.6,0.225267450915398,-0.5880143417989429,0.23,-0.6
17,5,0.51,-0.6,0.49950608681240416,-0.5880143417989429,0.51,-0.6
17,6,0.8,-0.6,0.7835389597057321,-0.5880143417989429,0.8,-0.6
17,7,-0.8,-0.33,-0.7908618143140819,-0.32643041662517325,-0.8,-0.33
17,8,-0.57,-0.33,-0.5634890426987833,-0.32643041662517325,-0.57,-0.33
17,9,-0.29,-0.33,-0.28668740768885465,-0.32643041662517325,-0.29,-0.33
17,10,0.0,-0.33,0.0,-0.32643041662517325,0.0,-0.33
17,11,0.23,-0.33,0.22737277161529854,-0.32643041662517325,0.23,-0.33
17,12,0.51,-0.33,0.5041744066252272,-0.32643041662517325,0.51,-0.33
17,13,0.8,-0.33,0.7908618143140819,-0.32643041662517325,0.8,-0.33
17,14,-0.8,-0.11,-0.7969305638736325,-0.10964510330300319,-0.8,-0.11
17,15,-0.57,-0.11,-0.567813026759963,-0.10964510330300319,-0.57,-0.11
17,16,-0.29,-0.11,-0.28888732940419176,-0.10964510330300319,-0.29,-0.11
17,17,0.0,-0.11,0.0,-0.10964510330300319,0.0,-0.11
17,18,0.23,-0.11,0.22911753711366933,-0.10964510330300319,0.23,-0.11
17,19,0.51,-0.11,0.5080432344694407,-0.10964510330300319,0.51,-0.11
17,20,0.8,-0.11,0.7969305638736325,-0.10964510330300319,0.8,-0.11
17,21,-0.8,0.17,-0.8047904594980758,0.17112277464361747,-0.8,0.17
17,22,-0.57,0.17,-0.5734132023923789,0.17112277464361747,-0.57,0.17
17,23,-0.29,0.17,-0.29173654156805245,0.17112277464361747,-0.29,0.17
17,24,0.0,0.17,0.0,0.17112277464361747,0.0,0.17
17,25,0.23,0.17,0.2313772571056968,0.17112277464361747,0.23,0.17
17,26,0.51,0.17,0.5130539179300232,0.17112277464361747,0.51,0.17
17,27,0.8,0.17,0.8047904594980758,0.17112277464361747,0.8,0.17
17,28,-0.8,0.39,-0.8110757063410314,0.3956417126533529,-0.8,0.39
17,29,-0.57,0.39,-0.5778914407679848,0.3956417126533529,-0.57,0.39
17,30,-0.29,0.39,-0.29401494354862384,0.3956417126533529,-0.29,0.39
17,31,0.0,0.39,0.0,0.3956417126533529,0.0,0.39
17,32,0.23,0.39,0.23318426557304653,0.3956417126533529,0.23,0.39
17,33,0.51,0.39,0.5170607627924074,0.3956417126533529,0.51,0.39
17,34,0.8,0.39,0.8110757063410314,0.3956417126533529,0.8,0.39
17,35,-0.8,0.6,-0.8171675287505579,0.6132512245953771,-0.8,0.6
17,36,-0.57,0.6,-0.5822318642347724,0.6132512245953771,-0.57,0.6
17,37,-0.29,0.6,-0.29622322917207716,0.6132512245953771,-0.29,0.6
17,38,0.0,0.6,0.0,0.6132512245953771,0.0,0.6
17,39,0.23,0.6,0.23493566451578538,0.6132512245953771,0.23,0.6
17,40,0.51,0.6,0.5209442995784805,0.6132512245953771,0.51,0.6
17,41,0.8,0.6,0.8171675287505579,0.6132512245953771,0.8,0.6
17,42,0.0,0.0,0.0,0.0,0.0,0.0
17,43,0.71,-0.23,0.7043278445321938,-0.22830236210901694,0.71,-0.23
17,44,-0.37,0.53,-0.3769961352983603,0.5403524231775344,-0.37,0.53
17,45,0.12,-0.49,0.1179758869583328,-0.4820300850354073,0.12,-0.49
17,46,-0.73,0.08,-0.7320505790093774,0.08027388372210557,-0.73,0.08
17,47,0.63,0.44,0.6398578362908002,0.44715869478700393,0.63,0.44
17,48,-0.19,-0.56,-0.18634612385122767,-0.5495672564083591,-0.19,-0.56
17,49,0.79,0.31,0.798669099905561,0.3135938553265245,0.79,0.31
17,50,-0.61,-0.41,-0.6013668600712485,-0.4044450950862284,-0.61,-0.41
17,51,0.42,-0.52,0.4124896218933349,-0.5110144010000528,0.42,-0.52
17,52,-0.48,0.27,-0.48458116278255153,0.2727439426771722,-0.48,0.27
17,53,0.06,0.58,0.061243756158598284,0.5923857754492208,0.06,0.58
18,0,-0.8,-0.6,-0.7690610142271548,-0.5760161085073152,-0.8,-0.6
18,1,-0.57,-0.6,-0.5543264481331324,-0.5827128080378503,-0.57,-0.6
18,2,-0.29,-0.6,-0.2860746243278258,-0.591078493615251,-0.29,-0.6
18,3,0.0,-0.6,0.0,-0.6,0.0,-0.6
18,4,0.23,-0.6,0.23310172288463107,-0.6072694966003979,0.23,-0.6
18,5,0.51,-0.6,0.5246156586365933,-0.6163606330308494,0.51,-0.6
18,6,0.8,-0.6,0.8358870991836759,-0.6260679258421424,0.8,-0.6
18,7,-0.8,-0.33,-0.7690610142271548,-0.3168088596790234,-0.8,-0.33
18,8,-0.57,-0.33,-0.5543264481331324,-0.3204920444208177,-0.57,-0.33
18,9,-0.29,-0.33,-0.2860746243278258,-0.32509317148838807,-0.29,-0.33
18,10,0.0,-0.33,0.0,-0.33000000000000007,0.0,-0.33
18,11,0.23,-0.33,0.23310172288463107,-0.3339982231302189,0.23,-0.33
18,12,0.51,-0.33,0.5246156586365933,-0.3389983481669672,0.51,-0.33
18,13,0.8,-0.33,0.8358870991836759,-0.3443373592131784,0.8,-0.33
18,14,-0.8,-0.11,-0.7690610142271548,-0.10560295322634113,-0.8,-0.11
18,15,-0.57,-0.11,-0.5543264481331324,-0.10683068147360589,-0.57,-0.11
18,16,-0.29,-0.11,-0.2860746243278258,-0.10836439049612935,-0.29,-0.11
18,17,0.0,-0.11,0.0,-0.11,0.0,-0.11
18,18,0.23,-0.11,0.23310172288463107,-0.11133274104340628,0.23,-0.11
18,19,0.51,-0.11,0.5246156586365933,-0.11299944938898905,0.51,-0.11
18,20,0.8,-0.11,0.8358870991836759,-0.1147791197377261,0.8,-0.11
18,21,-0.8,0.17,-0.7690610142271548,0.16320456407707265,-0.8,0.17
18,22,-0.57,0.17,-0.5543264481331324,0.16510196227739093,-0.57,0.17
18,23,-0.29,0.17,-0.2860746243278258,0.16747223985765444,-0.29,0.17
18,24,0.0,0.17,0.0,0.17,0.0,0.17
18,25,0.23,0.17,0.23310172288463107,0.1720596907034461,0.23,0.17
18,26,0.51,0.17,0.5246156586365933,0.174635512692074,0.51,0.17
18,27,0.8,0.17,0.8358870991836759,0.17738591232194034,0.8,0.17
18,28,-0.8,0.39,-0.7690610142271548,0.3744104705297549,-0.8,0.39
18,29,-0.57,0.39,-0.5543264481331324,0.3787633252246027,-0.57,0.39
18,30,-0.29,0.39,-0.2860746243278258,0.38420102084991314,-0.29,0.39
18,31,0.0,0.39,0.0,0.39,0.0,0.39
18,32,0.23,0.39,0.23310172288463107,0.39472517279025865,0.23,0.39
18,33,0.51,0.39,0.5246156586365933,0.4006344114700521,0.51,0.39
18,34,0.8,0.39,0.8358870991836759,0.4069441517973926,0.8,0.39
18,35,-0.8,0.6,-0.7690610142271548,0.5760161085073152,-0.8,0.6
18,36,-0.57,0.6,-0.5543264481331324,0.5827128080378503,-0.57,0.6
18,37,-0.29,0.6,-0.2860746243278258,0.591078493615251,-0.29,0.6
18,38,0.0,0.6,0.0,0.6,0.0,0.6
18,39,0.23,0.6,0.23310172288463107,0.6072694966003979,0.23,0.6
18,40,0.51,0.6,0.5246156586365933,0.6163606330308494,0.51,0.6
18,41,0.8,0.6,0.8358870991836759,0.6260679258421424,0.8,0.6
18,42,0.0,0.0,0.0,0.0,0.0,0.0
18,43,0.71,-0.23,0.7382414710403857,-0.23882538942974052,0.71,-0.23
18,44,-0.37,0.53,-0.3635007394674468,0.5199864338248047,-0.37,0.53
18,45,0.12,-0.49,0.12091762981750666,-0.49307959289993164,0.12,-0.49
18,46,-0.73,0.08,-0.7042313307898598,0.07707171775954408,-0.73,0.08
18,47,0.63,0.44,0.652239362179673,0.45491651211058975,0.63,0.44
18,48,-0.19,-0.56,-0.188394155976503,-0.5545164342180993,-0.19,-0.56
18,49,0.79,0.31,0.824990473142331,0.32329285389051293,0.79,0.31
18,50,-0.61,-0.41,-0.5920295289244891,-0.39738361802032857,-0.61,-0.41
18,51,0.42,-0.52,0.42996744254112745,-0.5316210807599392,0.42,-0.52
18,52,-0.48,0.27,-0.46893452504689176,0.2634191259847696,-0.48,0.27
18,53,0.06,0.58,0.06026942176248523,0.5818169066826944,0.06,0.58
19,0,-0.8,-0.6,-0.6831181660716865,-0.5108470726481658,-0.8,-0.6
19,1,-0.57,-0.6,-0.5050583443739374,-0.5304223952106725,-0.57,-0.6
19,2,-0.29,-0.6,-0.26622568860389517,-0.5496928473287465,-0.29,-0.6
19,3,0.0,-0.6,-6.940906587857202e-05,-0.5612011461609269,0.0,-0.6
19,4,0.23,-0.6,0.21616687207141133,-0.5626457852152373,0.23,-0.6
19,5,0.51,-0.6,0.4738986323810549,-0.5556322260178216,0.51,-0.6
19,6,0.8,-0.6,0.7238593807124876,-0.5405596859840717,0.8,-0.6
19,7,-0.8,-0.33,-0.7039275212176015,-0.28971912595532434,-0.8,-0.33
19,8,-0.57,-0.33,-0.5222297057331043,-0.3019638234195315,-0.57,-0.33
19,9,-0.29,-0.33,-0.27638454120974243,-0.31427129801170295,-0.29,-0.33
19,10,0.0,-0.33,8.65741361699682e-06,-0.32141563180070065,0.0,-0.33
19,11,0.23,-0.33,0.22496293314429483,-0.3218572314870186,0.23,-0.33
19,12,0.51,-0.33,0.4917622670962421,-0.31652291978671593,0.51,-0.33
19,13,0.8,-0.33,0.7485046867276308,-0.30626945470912564,0.8,-0.33
19,14,-0.8,-0.11,-0.7150531769701938,-0.09805308855640489,-0.8,-0.11
19,15,-0.57,-0.11,-0.531476628979073,-0.10254537599228894,-0.57,-0.11
19,16,-0.29,-0.11,-0.28185860699292503,-0.10703075014656027,-0.29,-0.11
19,17,0.0,-0.11,2.253776100519117e-06,-0.10943146986955818,0.0,-0.11
19,18,0.23,-0.11,0.22960495585739035,-0.10924403620601991,0.23,-0.11
19,19,0.51,-0.11,0.5012521816520655,-0.10669487064337488,0.51,-0.11
19,20,0.8,-0.11,0.7614895037387273,-0.10228912369065454,0.8,-0.11
19,21,-0.8,0.17,-0.71992832132599,0.15299967710607587,-0.8,0.17
19,22,-0.57,0.17,-0.5351125033106611,0.15945278365563295,-0.57,0.17
19,23,-0.29,0.17,-0.28378787036246955,0.1661150141499225,-0.29,0.17
19,24,0.0,0.17,4.892348857191514e-06,0.17040717468933042,0.0,0.17
19,25,0.23,0.17,0.23120927389567075,0.17131902719291833,0.23,0.17
19,26,0.51,0.17,0.5048124141320287,0.16957934919842485,0.51,0.17
19,27,0.8,0.17,0.7669707573279565,0.16539875133768664,0.8,0.17
19,28,-0.8,0.39,-0.7163298064152351,0.3490796839115839,-0.8,0.39
19,29,-0.57,0.39,-0.5314993538055506,0.36352622106771926,-0.57,0.39
19,30,-0.29,0.39,-0.2813070444830885,0.378184273854187,-0.29,0.39
19,31,0.0,0.39,5.0374066149267785e-06,0.3873395539947258,0.0,0.39
19,32,0.23,0.39,0.22903355687736945,0.3889473539645385,0.23,0.39
19,33,0.51,0.39,0.500805535703585,0.3844514198110377,0.51,0.39
19,34,0.8,0.39,0.7623972587794065,0.37430248215737283,0.8,0.39
19,35,-0.8,0.6,-0.7075260740704734,0.5301924498693592,-0.8,0.6
19,36,-0.57,0.6,-0.5237304787425443,0.5510729544149051,-0.57,0.6
19,37,-0.29,0.6,-0.2764003574583183,0.571774338296883,-0.29,0.6
19,38,0.0,0.6,-7.191791485503153e-05,0.5846953740671738,0.0,0.6
19,39,0.23,0.6,0.22463924814834774,0.5871632743667013,0.23,0.6
19,40,0.51,0.6,0.49232444927618735,0.5811816841502269,0.51,0.6
19,41,0.8,0.6,0.7514285207736701,0.5667108155400585,0.8,0.6
19,42,0.0,0.0,0.0,0.0,0.0,0.0
19,43,0.71,-0.23,0.6777225659077779,-0.21735412583019453,0.71,-0.23
19,44,-0.37,0.53,-0.3516943858114723,0.5036833623087844,-0.37,0.53
19,45,0.12,-0.49,0.11483719292282715,-0.46796796092987086,0.12,-0.49
19,46,-0.73,0.08,-0.6654985301778087,0.0729491630595163,-0.73,0.08
19,47,0.63,0.44,0.6101365481485851,0.42815508727396834,0.63,0.44
19,48,-0.19,-0.56,-0.17719330992533627,-0.5212545567619941,-0.19,-0.56
19,49,0.79,0.31,0.756318904453878,0.2992690766262638,0.79,0.31
19,50,-0.61,-0.41,-0.5504653868049169,-0.3693703451799304,-0.61,-0.41
19,51,0.42,-0.52,0.3973576381403927,-0.4903014699939464,0.42,-0.52
19,52,-0.48,0.27,-0.456402859457147,0.2565456001947111,-0.48,0.27
19,53,0.06,0.58,0.05861788223853206,0.5677165741124574,0.06,0.58
20,0,-0.8,-0.6,-0.8036000000000001,-0.601,-0.8,-0.6
20,1,-0.57,-0.6,-0.5717599999999999,-0.60008,-0.57,-0.6
20,2,-0.29,-0.6,-0.28952,-0.5989599999999999,-0.29,-0.6
20,3,0.0,-0.6,0.0028,-0.5978,0.0,-0.6
20,4,0.23,-0.6,0.23464000000000002,-0.59688,0.23,-0.6
20,5,0.51,-0.6,0.51688,-0.59576,0.51,-0.6
20,6,0.8,-0.6,0.8092,-0.5946,0.8,-0.6
20,7,-0.8,-0.33,-0.8044100000000001,-0.33289,-0.8,-0.33
20,8,-0.57,-0.33,-0.5725699999999999,-0.33197000000000004,-0.57,-0.33
20,9,-0.29,-0.33,-0.29033,-0.33085000000000003,-0.29,-0.33
20,10,0.0,-0.33,0.00199,-0.32969000000000004,0.0,-0.33
20,11,0.23,-0.33,0.23383,-0.32877,0.23,-0.33
20,12,0.51,-0.33,0.51607,-0.32765,0.51,-0.33
20,13,0.8,-0.33,0.80839,-0.32649,0.8,-0.33
20,14,-0.8,-0.11,-0.8050700000000001,-0.11443,-0.8,-0.11
20,15,-0.57,-0.11,-0.5732299999999999,-0.11351,-0.57,-0.11
20,16,-0.29,-0.11,-0.29098999999999997,-0.11239,-0.29,-0.11
20,17,0.0,-0.11,0.00133,-0.11123,0.0,-0.11
20,18,0.23,-0.11,0.23317000000000002,-0.11031,0.23,-0.11
20,19,0.51,-0.11,0.51541,-0.10919,0.51,-0.11
20,20,0.8,-0.11,0.8077300000000001,-0.10803,0.8,-0.11
20,21,-0.8,0.17,-0.80591,0.16361,-0.8,0.17
20,22,-0.57,0.17,-0.57407,0.16453,-0.57,0.17
20,23,-0.29,0.17,-0.29183,0.16565000000000002,-0.29,0.17
20,24,0.0,0.17,0.00049,0.16681,0.0,0.17
20,25,0.23,0.17,0.23233,0.16773000000000002,0.23,0.17
20,26,0.51,0.17,0.51457,0.16885,0.51,0.17
20,27,0.8,0.17,0.80689,0.17001000000000002,0.8,0.17
20,28,-0.8,0.39,-0.80657,0.38207,-0.8,0.39
20,29,-0.57,0.39,-0.57473,0.38299,-0.57,0.39
20,30,-0.29,0.39,-0.29248999999999997,0.38411,-0.29,0.39
20,31,0.0,0.39,-0.00017,0.38527,0.0,0.39
20,32,0.23,0.39,0.23167000000000001,0.38619000000000003,0.23,0.39
20,33,0.51,0.39,0.51391,0.38731,0.51,0.39
20,34,0.8,0.39,0.80623,0.38847000000000004,0.8,0.39
20,35,-0.8,0.6,-0.8072,0.5906,-0.8,0.6
20,36,-0.57,0.6,-0.57536,0.5915199999999999,-0.57,0.6
20,37,-0.29,0.6,-0.29312,0.59264,-0.29,0.6
20,38,0.0,0.6,-0.0007999999999999999,0.5938,0.0,0.6
20,39,0.23,0.6,0.23104000000000002,0.59472,0.23,0.6
20,40,0.51,0.6,0.51328,0.5958399999999999,0.51,0.6
20,41,0.8,0.6,0.8056000000000001,0.597,0.8,0.6
20,42,0.0,0.0,0.001,-0.002,0.0,0.0
20,43,0.71,-0.23,0.71737,-0.22755,0.71,-0.23
20,44,-0.37,0.53,-0.37355,0.52281,-0.37,0.53
20,45,0.12,-0.49,0.12343,-0.48808999999999997,0.12,-0.49
20,46,-0.73,0.08,-0.73508,0.07452,-0.73,0.08
20,47,0.63,0.44,0.63472,0.43744,0.63,0.44
20,48,-0.19,-0.56,-0.18884,-0.55884,-0.19,-0.56
20,49,0.79,0.31,0.79639,0.30899,0.79,0.31
20,50,-0.61,-0.41,-0.61265,-0.41157,-0.61,-0.41
20,51,0.42,-0.52,0.42591999999999997,-0.51668,0.42,-0.52
20,52,-0.48,0.27,-0.48364999999999997,0.26419000000000004,-0.48,0.27
20,53,0.06,0.58,0.059739999999999994,0.5741799999999999,0.06,0.58
21,0,-0.8,-0.6,-0.7940200000000001,-0.5989,-0.8,-0.6
21,1,-0.57,-0.6,-0.5668167999999999,-0.5963400999999999,-0.57,-0.6
21,2,-0.29,-0.6,-0.2890792,-0.5945089,-0.29,-0.6
21,3,0.0,-0.6,-9.999999999999994e-05,-0.5941,0.0,-0.6
21,4,0.23,-0.6,0.2300472,-0.5948521,0.23,-0.6
21,5,0.51,-0.6,0.5113688,-0.5970529,0.51,-0.6
21,6,0.8,-0.6,0.80406,-0.60082,0.8,-0.6
21,7,-0.8,-0.33,-0.7958965,-0.33427300000000004,-0.8,-0.33
21,8,-0.57,-0.33,-0.5679481,-0.33127840000000003,-0.57,-0.33
21,9,-0.29,-0.33,-0.2893033,-0.328918,-0.29,-0.33
21,10,0.0,-0.33,0.0006154999999999999,-0.327961,0.0,-0.33
21,11,0.23,-0.33,0.23150790000000002,-0.3282784,0.23,-0.33
21,12,0.51,-0.33,0.5137367,-0.32995,0.51,-0.33
21,13,0.8,-0.33,0.8073675,-0.333169,0.8,-0.33
21,14,-0.8,-0.11,-0.7979645000000001,-0.117573,-0.8,-0.11
21,15,-0.57,-0.11,-0.5694089,-0.1142242,-0.57,-0.11
21,16,-0.29,-0.11,-0.2900249,-0.1114326,-0.29,-0.11
21,17,0.0,-0.11,0.0006595,-0.110029,0.0,-0.11
21,18,0.23,-0.11,0.2321591,-0.1099922,0.23,-0.11
21,19,0.51,-0.11,0.5151271000000001,-0.1112326,0.51,-0.11
21,20,0.8,-0.11,0.8095235000000001,-0.114005,0.8,-0.11
21,21,-0.8,0.17,-0.8012965000000001,0.15962700000000002,-0.8,0.17
21,22,-0.57,0.17,-0.5719681,0.1634266,-0.57,0.17
21,23,-0.29,0.17,-0.2916433,0.166767,-0.29,0.17
21,24,0.0,0.17,1.5499999999999943e-05,0.168739,0.0,0.17
21,25,0.23,0.17,0.23228790000000002,0.1692266,0.23,0.17
21,26,0.51,0.17,0.5161967000000001,0.16853500000000002,0.51,0.17
21,27,0.8,0.17,0.8115675,0.166331,0.8,0.17
21,28,-0.8,0.39,-0.8044645,0.378527,-0.8,0.39
21,29,-0.57,0.39,-0.5745288999999999,0.38268080000000004,-0.57,0.39
21,30,-0.29,0.39,-0.2934649,0.38645240000000003,-0.29,0.39
21,31,0.0,0.39,-0.0010405000000000002,0.388871,0.0,0.39
21,32,0.23,0.39,0.23183910000000002,0.3897128,0.23,0.39
21,33,0.51,0.39,0.5164871,0.38945240000000003,0.51,0.39
21,34,0.8,0.39,0.8126235,0.387695,0.8,0.39
21,35,-0.8,0.6,-0.80794,0.58838,-0.8,0.6
21,36,-0.57,0.6,-0.5774248,0.5928719,-0.57,0.6
21,37,-0.29,0.6,-0.2956552,0.5970551,-0.29,0.6
21,38,0.0,0.6,-0.0025,0.5999,0.0,0.6
21,39,0.23,0.6,0.2309592,0.6010799,0.23,0.6
21,40,0.51,0.6,0.5163128,0.6012311,0.51,0.6
21,41,0.8,0.6,0.81318,0.5999,0.8,0.6
21,42,0.0,0.0,0.0005,-0.0007,0.0,0.0
21,43,0.71,-0.23,0.7170287,-0.232571,0.71,-0.23
21,44,-0.37,0.53,-0.3754425,0.5257442,-0.37,0.53
21,45,0.12,-0.49,0.12040909999999999,-0.48603019999999997,0.12,-0.49
21,46,-0.73,0.08,-0.7305096,0.0715691,-0.73,0.08
21,47,0.63,0.44,0.6389336,0.4392943,0.63,0.44
21,48,-0.19,-0.56,-0.1895224,-0.5549141000000001,-0.19,-0.56
21,49,0.79,0.31,0.8020711,0.3071784,0.79,0.31
21,50,-0.61,-0.41,-0.6072025,-0.41039719999999996,-0.61,-0.41
21,51,0.42,-0.52,0.4214984,-0.5172524000000001,0.42,-0.52
21,52,-0.48,0.27,-0.4829965,0.2642582,-0.48,0.27
21,53,0.06,0.58,0.0584644,0.5801552,0.06,0.58
22,0,-0.8,-0.6,-0.8052600000000001,-0.590096,-0.8,-0.6
22,1,-0.57,-0.6,-0.5720059829999999,-0.5917764489999999,-0.57,-0.6
22,2,-0.29,-0.6,-0.289138419,-0.593305277,-0.29,-0.6
22,3,0.0,-0.6,0.00402,-0.595216,0.0,-0.6
22,4,0.23,-0.6,0.23771377700000001,-0.597637969,0.23,-0.6
22,5,0.51,-0.6,0.524886621,-0.602468557,0.51,-0.6
22,6,0.8,-0.6,0.826868,-0.610576,0.8,-0.6
22,7,-0.8,-0.33,-0.805205595,-0.326350982,-0.8,-0.33
22,8,-0.57,-0.33,-0.5724576929999999,-0.32714278,-0.57,-0.33
22,9,-0.29,-0.33,-0.290437605,-0.327396992,-0.29,-0.33
22,10,0.0,-0.33,0.001575285,-0.327764422,0.0,-0.33
22,11,0.23,-0.33,0.23416678700000002,-0.32880094000000004,0.23,-0.33
22,12,0.51,-0.33,0.519766395,-0.33175211200000004,0.51,-0.33
22,13,0.8,-0.33,0.8198505650000001,-0.337689862,0.8,-0.33
22,14,-0.8,-0.11,-0.8049456650000001,-0.110223026,-0.8,-0.11
22,15,-0.57,-0.11,-0.572387007,-0.110588266,-0.57,-0.11
22,16,-0.29,-0.11,-0.29078579899999996,-0.11016611,-0.29,-0.11
22,17,0.0,-0.11,0.000575055,-0.109651186,0.0,-0.11
22,18,0.23,-0.11,0.23249155300000002,-0.10985634600000001,0.23,-0.11
22,19,0.51,-0.11,0.517080921,-0.11163835,0.51,-0.11
22,20,0.8,-0.11,0.815900575,-0.116183346,0.8,-0.11
22,21,-0.8,0.17,-0.804873845,0.167086118,-0.8,0.17
22,22,-0.57,0.17,-0.572266243,0.16687737000000002,-0.57,0.17
22,23,-0.29,0.17,-0.29084535499999997,0.167689958,-0.29,0.17
22,24,0.0,0.17,5.103499999999995e-05,0.16884067800000002,0.0,0.17
22,25,0.23,0.17,0.231398237,0.16930721,0.23,0.17
22,26,0.51,0.17,0.515054645,0.168542838,0.51,0.17
22,27,0.8,0.17,0.812630315,0.165283238,0.8,0.17
22,28,-0.8,0.39,-0.805416915,0.38720487400000003,-0.8,0.39
22,29,-0.57,0.39,-0.5725431569999999,0.386815484,-0.57,0.39
22,30,-0.29,0.39,-0.290986749,0.38756524000000003,-0.29,0.39
22,31,0.0,0.39,-0.0001681950000000001,0.388832714,0.0,0.39
22,32,0.23,0.39,0.230959403,0.389523404,0.23,0.39
22,33,0.51,0.39,0.514159971,0.389189,0.51,0.39
22,34,0.8,0.39,0.811045325,0.386556554,0.8,0.39
22,35,-0.8,0.6,-0.806748,0.599536,-0.8,0.6
22,36,-0.57,0.6,-0.573433263,0.598724951,-0.57,0.6
22,37,-0.29,0.6,-0.291519939,0.599111323,-0.29,0.6
22,38,0.0,0.6,-0.0005400000000000001,0.6001759999999999,0.0,0.6
22,39,0.23,0.6,0.23056489700000002,0.600831431,0.23,0.6
22,40,0.51,0.6,0.513557901,0.600604043,0.51,0.6
22,41,0.8,0.6,0.8100200000000001,0.598256,0.8,0.6
22,42,0.0,0.0,0.0003,-0.0004,0.0,0.0
22,43,0.71,-0.23,0.724388245,-0.234939102,0.71,-0.23
22,44,-0.37,0.53,-0.371631607,0.528139514,-0.37,0.53
22,45,0.12,-0.49,0.124320497,-0.487058214,0.12,-0.49
22,46,-0.73,0.08,-0.733866487,0.07745811500000001,-0.73,0.08
22,47,0.63,0.44,0.636279593,0.43872663900000003,0.63,0.44
22,48,-0.19,-0.56,-0.188486429,-0.554419455,-0.19,-0.56
22,49,0.79,0.31,0.8012208190000001,0.3062011,0.79,0.31
22,50,-0.61,-0.41,-0.612813389,-0.40553167199999995,-0.61,-0.41
22,51,0.42,-0.52,0.430594088,-0.52052652,0.42,-0.52
22,52,-0.48,0.27,-0.481701903,0.26677838600000003,-0.48,0.27
22,53,0.06,0.58,0.059728343999999996,0.580198592,0.06,0.58
23,0,-0.8,-0.6,-0.7497187081975151,-0.5487013962795461,-0.8,-0.6
23,1,-0.57,-0.6,-0.5433612834151932,-0.561117608850162,-0.57,-0.6
23,2,-0.29,-0.6,-0.2793699334987179,-0.571766408277641,-0.29,-0.6
23,3,0.0,-0.6,0.0033231858749190723,-0.5767472508020682,0.0,-0.6
23,4,0.23,-0.6,0.22861052353382602,-0.5762318437096247,0.23,-0.6
23,5,0.51,-0.6,0.49705097288190864,-0.5712162965093937,0.51,-0.6
23,6,0.8,-0.6,0.7619805395837842,-0.5626687419010793,0.8,-0.6
23,7,-0.8,-0.33,-0.7620081777128122,-0.30830181908144944,-0.8,-0.33
23,8,-0.57,-0.33,-0.5535129169414248,-0.3157890265657427,-0.57,-0.33
23,9,-0.29,-0.33,-0.28594270338300704,-0.32191721411319674,-0.29,-0.33
23,10,0.0,-0.33,0.0014110694559898126,-0.32436295423780104,0.0,-0.33
23,11,0.23,-0.33,0.23037473720388224,-0.32366499095515894,0.23,-0.33
23,12,0.51,-0.33,0.5023590292192854,-0.3205985638453934,0.51,-0.33
23,13,0.8,-0.33,0.7695909699976154,-0.3163258276274744,0.8,-0.33
23,14,-0.8,-0.11,-0.7669851207127164,-0.10458373246972773,-0.8,-0.11
23,15,-0.57,-0.11,-0.5576399472180842,-0.10741350038337542,-0.57,-0.11
23,16,-0.29,-0.11,-0.28861815451258666,-0.10921865426995356,-0.29,-0.11
23,17,0.0,-0.11,0.0005587654237608491,-0.10950028607959489,0.0,-0.11
23,18,0.23,-0.11,0.23088014020116926,-0.10907704390359522,0.23,-0.11
23,19,0.51,-0.11,0.5040298790566136,-0.10859196516766029,0.51,-0.11
23,20,0.8,-0.11,0.771754282975602,-0.1089700083216132,0.8,-0.11
23,21,-0.8,0.17,-0.7664411631924045,0.1593776021495038,-0.8,0.17
23,22,-0.57,0.17,-0.5571124634694885,0.1626138599452671,-0.57,0.17
23,23,-0.29,0.17,-0.2884325219908137,0.16631104422363893,-0.29,0.17
23,24,0.0,0.17,1.3705723689426126e-05,0.16848093378007212,0.0,0.17
23,25,0.23,0.17,0.22955690379445198,0.16810827992312263,0.23,0.17
23,26,0.51,0.17,0.5016640246229416,0.16461355534818672,0.51,0.17
23,27,0.8,0.17,0.7683358022435368,0.15758781622332896,0.8,0.17
23,28,-0.8,0.39,-0.7610294838159799,0.365882337699022,-0.8,0.39
23,29,-0.57,0.39,-0.5526120203405508,0.3732841440193865,-0.57,0.39
23,30,-0.29,0.39,-0.2859067507213248,0.3805673465106855,-0.29,0.39
23,31,0.0,0.39,-0.00036113721086847354,0.3841075005722259,0.0,0.39
23,32,0.23,0.39,0.22668403745696009,0.382914069840663,0.23,0.39
23,33,0.51,0.39,0.49608932460617555,0.37636058899078123,0.51,0.39
23,34,0.8,0.39,0.7606811103146461,0.3643955982286227,0.8,0.39
23,35,-0.8,0.6,-0.7525243140760118,0.5588254824658212,-0.8,0.6
23,36,-0.57,0.6,-0.5458034632973194,0.5693748916160004,-0.57,0.6
23,37,-0.29,0.6,-0.28220341536828014,0.5790780817831143,-0.29,0.6
23,38,0.0,0.6,-0.0009675592089644534,0.5833192381054114,0.0,0.6
23,39,0.23,0.6,0.22246409706080378,0.5813109728152178,0.23,0.6
23,40,0.51,0.6,0.48803306965867044,0.5722802612900851,0.51,0.6
23,41,0.8,0.6,0.749619099616545,0.556268212777738,0.8,0.6
23,42,0.0,0.0,0.0003,-0.0004,0.0,0.0
23,43,0.71,-0.23,0.6899140425206278,-0.22324076743919094,0.71,-0.23
23,44,-0.37,0.53,-0.36031654867489227,0.5115701098934952,-0.37,0.53
23,45,0.12,-0.49,0.12110886033777675,-0.4758200340495432,0.12,-0.49
23,46,-0.73,0.08,-0.7049045252080343,0.07471022011325064,-0.73,0.08
23,47,0.63,0.44,0.6056504520247968,0.41889792719270225,0.63,0.44
23,48,-0.19,-0.56,-0.18347795778783427,-0.5380112041439765,-0.19,-0.56
23,49,0.79,0.31,0.755094720013476,0.29014468791547054,0.79,0.31
23,50,-0.61,-0.41,-0.5880102281098758,-0.3884786952073833,-0.61,-0.41
23,51,0.42,-0.52,0.41336519417942075,-0.500202699919201,0.42,-0.52
23,52,-0.48,0.27,-0.4707817314591119,0.26075910204987585,-0.48,0.27
23,53,0.06,0.58,0.05768896904792779,0.5646677139483854,0.06,0.58
24,0,-0.8,-0.6,-0.7253068239087752,-0.5451184669905037,-0.8,-0.6
24,1,-0.57,-0.6,-0.5309492461798467,-0.5572397005066727,-0.57,-0.6
24,2,-0.29,-0.6,-0.27649936636826483,-0.5674602159567294,-0.29,-0.6
24,3,0.0,-0.6,-0.0004054626317270234,-0.5712723109908067,0.0,-0.6
24,4,0.23,-0.6,0.21971371349577476,-0.5687135492385884,0.23,-0.6
24,5,0.51,-0.6,0.4791333396904315,-0.5594413817115083,0.51,-0.6
24,6,0.8,-0.6,0.7289923236421635,-0.5441590521407598,0.8,-0.6
24,7,-0.8,-0.33,-0.742078919908077,-0.3104191484093156,-0.8,-0.33
24,8,-0.57,-0.33,-0.5439941750913826,-0.31660927155742874,-0.57,-0.33
24,9,-0.29,-0.33,-0.2835062810710132,-0.3219521873720705,-0.29,-0.33
24,10,0.0,-0.33,0.0005009044100404316,-0.323752266011619,0.0,-0.33
24,11,0.23,-0.33,0.22701784316546852,-0.3220102518407685,0.23,-0.33
24,12,0.51,-0.33,0.49294986091622917,-0.31647586921025483,0.51,-0.33
24,13,0.8,-0.33,0.7477407473973298,-0.3079351500984789,0.8,-0.33
24,14,-0.8,-0.11,-0.750234528408173,-0.10963816663838105,-0.8,-0.11
24,15,-0.57,-0.11,-0.5505023714649424,-0.11002277403660717,-0.57,-0.11
24,16,-0.29,-0.11,-0.28715521300377256,-0.11021483897602587,-0.29,-0.11
24,17,0.0,-0.11,0.0006459641424920664,-0.10984880928606229,0.0,-0.11
24,18,0.23,-0.11,0.23023151046731014,-0.10906092052672738,0.23,-0.11
24,19,0.51,-0.11,0.4992644773871464,-0.1076035768426282,0.51,-0.11
24,20,0.8,-0.11,0.7562650505341875,-0.10577461330552836,0.8,-0.11
24,21,-0.8,0.17,-0.7524913055128081,0.15057325131841048,-0.8,0.17
24,22,-0.57,0.17,-0.5522823009973973,0.15804616712458888,-0.57,0.17
24,23,-0.29,0.17,-0.28836692997362384,0.1649156826003187,-0.29,0.17
24,24,0.0,0.17,-1.4731499613309456e-05,0.16824908663550425,0.0,0.17
24,25,0.23,0.17,0.23000958144979158,0.1676928493563303,0.23,0.17
24,26,0.51,0.17,0.4996174701369374,0.163506693233771,0.51,0.17
24,27,0.8,0.17,0.7572458668154137,0.1562019579633551,0.8,0.17
24,28,-0.8,0.39,-0.7478579968466228,0.35246720563314593,-0.8,0.39
24,29,-0.57,0.39,-0.548580877813096,0.3655543486095108,-0.57,0.39
24,30,-0.29,0.39,-0.28662699498970706,0.3773319031766305,-0.29,0.39
24,31,0.0,0.39,-0.0011735040292660593,0.3827058876158157,0.0,0.39
24,32,0.23,0.39,0.2264949797465271,0.38123591623978026,0.23,0.39
24,33,0.51,0.39,0.4939132410995928,0.3731567907662846,0.51,0.39
24,34,0.8,0.39,0.7502760519410909,0.3593590166082917,0.8,0.39
24,35,-0.8,0.6,-0.7386382898261914,0.5384282510179552,-0.8,0.6
24,36,-0.57,0.6,-0.5414991385460252,0.556027896584819,-0.57,0.6
24,37,-0.29,0.6,-0.28318229709237003,0.571430434215302,-0.29,0.6
24,38,0.0,0.6,-0.0027315240556784687,0.5782628333481136,0.0,0.6
24,39,0.23,0.6,0.22088078481559298,0.576170174238176,0.23,0.6
24,40,0.51,0.6,0.48432420361496326,0.5652857357278624,0.51,0.6
24,41,0.8,0.6,0.7378568355264735,0.546334036027997,0.8,0.6
24,42,0.0,0.0,0.0005,-0.0007,0.0,0.0
24,43,0.71,-0.23,0.6756795913176221,-0.21869593974505946,0.71,-0.23
24,44,-0.37,0.53,-0.36042463242966843,0.504528657702242,-0.37,0.53
24,45,0.12,-0.49,0.11680071149310509,-0.4722083958403033,0.12,-0.49
24,46,-0.73,0.08,-0.6936035669704778,0.06851420594729186,-0.73,0.08
24,47,0.63,0.44,0.6007547418122824,0.4141104188948031,0.63,0.44
24,48,-0.19,-0.56,-0.18291860288018885,-0.534388690343512,-0.19,-0.56
24,49,0.79,0.31,0.745127676987709,0.2865777104428314,0.79,0.31
24,50,-0.61,-0.41,-0.5760475833692904,-0.38840724866063125,-0.61,-0.41
24,51,0.42,-0.52,0.4013602286353863,-0.49263105943309365,0.42,-0.52
24,52,-0.48,0.27,-0.46863643835090296,0.25650941677643196,-0.48,0.27
24,53,0.06,0.58,0.05612019815063901,0.5602208485692871,0.06,0.58
25,0,-0.8,-0.6,-0.702564680603883,-0.5157859303990642,-0.8,-0.6
25,1,-0.57,-0.6,-0.516026019430189,-0.5340026712433039,-0.57,-0.6
25,2,-0.29,-0.6,-0.2690964594833416,-0.5517200008489348,-0.29,-0.6
25,3,0.0,-0.6,0.0036808572553095687,-0.5633261959883744,0.0,-0.6
25,4,0.23,-0.6,0.2257780635605623,-0.5670357441570334,0.23,-0.6
25,5,0.51,-0.6,0.49395622168991676,-0.5656443290362176,0.51,-0.6
25,6,0.8,-0.6,0.7599395807080205,-0.5590108506509124,0.8,-0.6
25,7,-0.8,-0.33,-0.72155342973613,-0.29290516248343507,-0.8,-0.33
25,8,-0.57,-0.33,-0.5315244408916732,-0.3038574212854171,-0.57,-0.33
25,9,-0.29,-0.33,-0.2788831535669125,-0.3143350256130153,-0.29,-0.33
25,10,0.0,-0.33,0.0015652797253328972,-0.32072977307575956,0.0,-0.33
25,11,0.23,-0.33,0.2300883542159549,-0.3223533930048745,0.23,-0.33
25,12,0.51,-0.33,0.5051616635216506,-0.32104636902489875,0.51,-0.33
25,13,0.8,-0.33,0.7768533582584334,-0.31758698704521837,0.8,-0.33
25,14,-0.8,-0.11,-0.7313382080397735,-0.10037355900615598,-0.8,-0.11
25,15,-0.57,-0.11,-0.5394900800368023,-0.10432824917799806,-0.57,-0.11
25,16,-0.29,-0.11,-0.2838228282856838,-0.1076380188466601,-0.29,-0.11
25,17,0.0,-0.11,0.0005783258216027104,-0.10917414149728798,0.0,-0.11
25,18,0.23,-0.11,0.23233537656591519,-0.10934012778427216,0.23,-0.11
25,19,0.51,-0.11,0.5107888310716857,-0.10913064265680832,0.51,-0.11
25,20,0.8,-0.11,0.7850553553786651,-0.10953204175344691,0.8,-0.11
25,21,-0.8,0.17,-0.7356316432835429,0.15256362380021266,-0.8,0.17
25,22,-0.57,0.17,-0.5426367696689298,0.15813694203820894,-0.57,0.17
25,23,-0.29,0.17,-0.28560285414665615,0.16450215222536016,-0.29,0.17
25,24,0.0,0.17,6.161511259659595e-05,0.1692252451230865,0.0,0.17
25,25,0.23,0.17,0.23267676177709487,0.1705609857386372,0.23,0.17
25,26,0.51,0.17,0.5120177644835417,0.1685647497147308,0.51,0.17
25,27,0.8,0.17,0.7870432815043452,0.16226479299222885,0.8,0.17
25,28,-0.8,0.39,-0.732770175747659,0.35203741824291007,-0.8,0.39
25,29,-0.57,0.39,-0.5398821691129657,0.3646578326497235,-0.57,0.39
25,30,-0.29,0.39,-0.283792990371311,0.37794562923493696,-0.29,0.39
25,31,0.0,0.39,-0.00012314232683333098,0.3870131595986301,0.0,0.39
25,32,0.23,0.39,0.23061370742139964,0.38931296728989884,0.23,0.39
25,33,0.51,0.39,0.5079945277407794,0.3856318367572471,0.51,0.39
25,34,0.8,0.39,0.7816367430750488,0.37489585325643426,0.8,0.39
25,35,-0.8,0.6,-0.7255469472825288,0.5386360443619006,-0.8,0.6
25,36,-0.57,0.6,-0.5338277977369346,0.5571970083148432,-0.57,0.6
25,37,-0.29,0.6,-0.2801863317325389,0.575923514475669,-0.29,0.6
25,38,0.0,0.6,-0.0004690248599376437,0.5883213661523043,0.0,0.6
25,39,0.23,0.6,0.22675272512488678,0.5914236992444947,0.23,0.6
25,40,0.51,0.6,0.5003776414590204,0.5865606292135722,0.51,0.6
25,41,0.8,0.6,0.7709288471535181,0.5721503904743077,0.8,0.6
25,42,0.0,0.0,0.0003,-0.0004,0.0,0.0
25,43,0.71,-0.23,0.6984664524794247,-0.2245691922095671,0.71,-0.23
25,44,-0.37,0.53,-0.35633591754399757,0.5064056059792232,-0.37,0.53
25,45,0.12,-0.49,0.11989266069129863,-0.46912485175249274,0.12,-0.49
25,46,-0.73,0.08,-0.678426303332665,0.07150201743346316,-0.73,0.08
25,47,0.63,0.44,0.6216304005497936,0.4302253192429182,0.63,0.44
25,48,-0.19,-0.56,-0.1778086716720436,-0.522466194446879,-0.19,-0.56
25,49,0.79,0.31,0.7751643593238522,0.29845554853186207,0.79,0.31
25,50,-0.61,-0.41,-0.5615994615616431,-0.3718153992781441,-0.61,-0.41
25,51,0.42,-0.52,0.41157967347213836,-0.49632151094142984,0.42,-0.52
25,52,-0.48,0.27,-0.46180745145043756,0.25565020432744395,-0.48,0.27
25,53,0.06,0.58,0.058797093255470986,0.5709226683276535,0.06,0.58
26,0,-0.8,-0.6,-0.793,-0.6,-0.8,-0.6
26,1,-0.57,-0.6,-0.563,-0.6,-0.57,-0.6
26,2,-0.29,-0.6,-0.283,-0.6,-0.29,-0.6
26,3,0.0,-0.6,0.007,-0.6,0.0,-0.6
26,4,0.23,-0.6,0.23700000000000002,-0.6,0.23,-0.6
26,5,0.51,-0.6,0.517,-0.6,0.51,-0.6
26,6,0.8,-0.6,0.807,-0.6,0.8,-0.6
26,7,-0.8,-0.33,-0.793,-0.33,-0.8,-0.33
26,8,-0.57,-0.33,-0.563,-0.33,-0.57,-0.33
26,9,-0.29,-0.33,-0.283,-0.33,-0.29,-0.33
26,10,0.0,-0.33,0.007,-0.33,0.0,-0.33
26,11,0.23,-0.33,0.23700000000000002,-0.33,0.23,-0.33
26,12,0.51,-0.33,0.517,-0.33,0.51,-0.33
26,13,0.8,-0.33,0.807,-0.33,0.8,-0.33
26,14,-0.8,-0.11,-0.793,-0.11,-0.8,-0.11
26,15,-0.57,-0.11,-0.563,-0.11,-0.57,-0.11
26,16,-0.29,-0.11,-0.283,-0.11,-0.29,-0.11
26,17,0.0,-0.11,0.007,-0.11,0.0,-0.11
26,18,0.23,-0.11,0.23700000000000002,-0.11,0.23,-0.11
26,19,0.51,-0.11,0.517,-0.11,0.51,-0.11
26,20,0.8,-0.11,0.807,-0.11,0.8,-0.11
26,21,-0.8,0.17,-0.793,0.17,-0.8,0.17
26,22,-0.57,0.17,-0.563,0.17,-0.57,0.17
26,23,-0.29,0.17,-0.283,0.17,-0.29,0.17
26,24,0.0,0.17,0.007,0.17,0.0,0.17
26,25,0.23,0.17,0.23700000000000002,0.17,0.23,0.17
26,26,0.51,0.17,0.517,0.17,0.51,0.17
26,27,0.8,0.17,0.807,0.17,0.8,0.17
26,28,-0.8,0.39,-0.793,0.39,-0.8,0.39
26,29,-0.57,0.39,-0.563,0.39,-0.57,0.39
26,30,-0.29,0.39,-0.283,0.39,-0.29,0.39
26,31,0.0,0.39,0.007,0.39,0.0,0.39
26,32,0.23,0.39,0.23700000000000002,0.39,0.23,0.39
26,33,0.51,0.39,0.517,0.39,0.51,0.39
26,34,0.8,0.39,0.807,0.39,0.8,0.39
26,35,-0.8,0.6,-0.793,0.6,-0.8,0.6
26,36,-0.57,0.6,-0.563,0.6,-0.57,0.6
26,37,-0.29,0.6,-0.283,0.6,-0.29,0.6
26,38,0.0,0.6,0.007,0.6,0.0,0.6
26,39,0.23,0.6,0.23700000000000002,0.6,0.23,0.6
26,40,0.51,0.6,0.517,0.6,0.51,0.6
26,41,0.8,0.6,0.807,0.6,0.8,0.6
26,42,0.0,0.0,0.007,0.0,0.0,0.0
26,43,0.71,-0.23,0.717,-0.23,0.71,-0.23
26,44,-0.37,0.53,-0.363,0.53,-0.37,0.53
26,45,0.12,-0.49,0.127,-0.49,0.12,-0.49
26,46,-0.73,0.08,-0.723,0.08,-0.73,0.08
26,47,0.63,0.44,0.637,0.44,0.63,0.44
26,48,-0.19,-0.56,-0.183,-0.56,-0.19,-0.56
26,49,0.79,0.31,0.797,0.31,0.79,0.31
26,50,-0.61,-0.41,-0.603,-0.41,-0.61,-0.41
26,51,0.42,-0.52,0.427,-0.52,0.42,-0.52
26,52,-0.48,0.27,-0.473,0.27,-0.48,0.27
26,53,0.06,0.58,0.067,0.58,0.06,0.58
27,0,-0.8,-0.6,-0.793,-0.6,-0.8,-0.6
27,1,-0.57,-0.6,-0.563,-0.6,-0.57,-0.6
27,2,-0.29,-0.6,-0.283,-0.6,-0.29,-0.6
27,3,0.0,-0.6,0.007,-0.6,0.0,-0.6
27,4,0.23,-0.6,0.23700000000000002,-0.6,0.23,-0.6
27,5,0.51,-0.6,0.517,-0.6,0.51,-0.6
27,6,0.8,-0.6,0.807,-0.6,0.8,-0.6
27,7,-0.8,-0.33,-0.793,-0.33,-0.8,-0.33
27,8,-0.57,-0.33,-0.563,-0.33,-0.57,-0.33
27,9,-0.29,-0.33,-0.283,-0.33,-0.29,-0.33
27,10,0.0,-0.33,0.007,-0.33,0.0,-0.33
27,11,0.23,-0.33,0.23700000000000002,-0.33,0.23,-0.33
27,12,0.51,-0.33,0.517,-0.33,0.51,-0.33
27,13,0.8,-0.33,0.807,-0.33,0.8,-0.33
27,14,-0.8,-0.11,-0.793,-0.11,-0.8,-0.11
27,15,-0.57,-0.11,-0.563,-0.11,-0.57,-0.11
27,16,-0.29,-0.11,-0.283,-0.11,-0.29,-0.11
27,17,0.0,-0.11,0.007,-0.11,0.0,-0.11
27,18,0.23,-0.11,0.23700000000000002,-0.11,0.23,-0.11
27,19,0.51,-0.11,0.517,-0.11,0.51,-0.11
27,20,0.8,-0.11,0.807,-0.11,0.8,-0.11
27,21,-0.8,0.17,-0.793,0.17,-0.8,0.17
27,22,-0.57,0.17,-0.563,0.17,-0.57,0.17
27,23,-0.29,0.17,-0.283,0.17,-0.29,0.17
27,24,0.0,0.17,0.007,0.17,0.0,0.17
27,25,0.23,0.17,0.23700000000000002,0.17,0.23,0.17
27,26,0.51,0.17,0.517,0.17,0.51,0.17
27,27,0.8,0.17,0.807,0.17,0.8,0.17
27,28,-0.8,0.39,-0.793,0.39,-0.8,0.39
27,29,-0.57,0.39,-0.563,0.39,-0.57,0.39
27,30,-0.29,0.39,-0.283,0.39,-0.29,0.39
27,31,0.0,0.39,0.007,0.39,0.0,0.39
27,32,0.23,0.39,0.23700000000000002,0.39,0.23,0.39
27,33,0.51,0.39,0.517,0.39,0.51,0.39
27,34,0.8,0.39,0.807,0.39,0.8,0.39
27,35,-0.8,0.6,-0.793,0.6,-0.8,0.6
27,36,-0.57,0.6,-0.563,0.6,-0.57,0.6
27,37,-0.29,0.6,-0.283,0.6,-0.29,0.6
27,38,0.0,0.6,0.007,0.6,0.0,0.6
27,39,0.23,0.6,0.23700000000000002,0.6,0.23,0.6
27,40,0.51,0.6,0.517,0.6,0.51,0.6
27,41,0.8,0.6,0.807,0.6,0.8,0.6
27,42,0.0,0.0,0.007,0.0,0.0,0.0
27,43,0.71,-0.23,0.717,-0.23,0.71,-0.23
27,44,-0.37,0.53,-0.363,0.53,-0.37,0.53
27,45,0.12,-0.49,0.127,-0.49,0.12,-0.49
27,46,-0.73,0.08,-0.723,0.08,-0.73,0.08
27,47,0.63,0.44,0.637,0.44,0.63,0.44
27,48,-0.19,-0.56,-0.183,-0.56,-0.19,-0.56
27,49,0.79,0.31,0.797,0.31,0.79,0.31
27,50,-0.61,-0.41,-0.603,-0.41,-0.61,-0.41
27,51,0.42,-0.52,0.427,-0.52,0.42,-0.52
27,52,-0.48,0.27,-0.473,0.27,-0.48,0.27
27,53,0.06,0.58,0.067,0.58,0.06,0.58
28,0,-0.8,-0.6,-0.8056,-0.6,-0.8,-0.6
28,1,-0.57,-0.6,-0.5739899999999999,-0.6,-0.57,-0.6
28,2,-0.29,-0.6,-0.29202999999999996,-0.6,-0.29,-0.6
28,3,0.0,-0.6,0.0,-0.6,0.0,-0.6
28,4,0.23,-0.6,0.23160999999999998,-0.6,0.23,-0.6
28,5,0.51,-0.6,0.51357,-0.6,0.51,-0.6
28,6,0.8,-0.6,0.8056,-0.6,0.8,-0.6
28,7,-0.8,-0.33,-0.8056,-0.33,-0.8,-0.33
28,8,-0.57,-0.33,-0.5739899999999999,-0.33,-0.57,-0.33
28,9,-0.29,-0.33,-0.29202999999999996,-0.33,-0.29,-0.33
28,10,0.0,-0.33,0.0,-0.33,0.0,-0.33
28,11,0.23,-0.33,0.23160999999999998,-0.33,0.23,-0.33
28,12,0.51,-0.33,0.51357,-0.33,0.51,-0.33
28,13,0.8,-0.33,0.8056,-0.33,0.8,-0.33
28,14,-0.8,-0.11,-0.8056,-0.11,-0.8,-0.11
28,15,-0.57,-0.11,-0.5739899999999999,-0.11,-0.57,-0.11
28,16,-0.29,-0.11,-0.29202999999999996,-0.11,-0.29,-0.11
28,17,0.0,-0.11,0.0,-0.11,0.0,-0.11
28,18,0.23,-0.11,0.23160999999999998,-0.11,0.23,-0.11
28,19,0.51,-0.11,0.51357,-0.11,0.51,-0.11
28,20,0.8,-0.11,0.8056,-0.11,0.8,-0.11
28,21,-0.8,0.17,-0.8056,0.17,-0.8,0.17
28,22,-0.57,0.17,-0.5739899999999999,0.17,-0.57,0.17
28,23,-0.29,0.17,-0.29202999999999996,0.17,-0.29,0.17
28,24,0.0,0.17,0.0,0.17,0.0,0.17
28,25,0.23,0.17,0.23160999999999998,0.17,0.23,0.17
28,26,0.51,0.17,0.51357,0.17,0.51,0.17
28,27,0.8,0.17,0.8056,0.17,0.8,0.17
28,28,-0.8,0.39,-0.8056,0.39,-0.8,0.39
28,29,-0.57,0.39,-0.5739899999999999,0.39,-0.57,0.39
28,30,-0.29,0.39,-0.29202999999999996,0.39,-0.29,0.39
28,31,0.0,0.39,0.0,0.39,0.0,0.39
28,32,0.23,0.39,0.23160999999999998,0.39,0.23,0.39
28,33,0.51,0.39,0.51357,0.39,0.51,0.39
28,34,0.8,0.39,0.8056,0.39,0.8,0.39
28,35,-0.8,0.6,-0.8056,0.6,-0.8,0.6
28,36,-0.57,0.6,-0.5739899999999999,0.6,-0.57,0.6
28,37,-0.29,0.6,-0.29202999999999996,0.6,-0.29,0.6
28,38,0.0,0.6,0.0,0.6,0.0,0.6
28,39,0.23,0.6,0.23160999999999998,0.6,0.23,0.6
28,40,0.51,0.6,0.51357,0.6,0.51,0.6
28,41,0.8,0.6,0.8056,0.6,0.8,0.6
28,42,0.0,0.0,0.0,0.0,0.0,0.0
28,43,0.71,-0.23,0.7149699999999999,-0.23,0.71,-0.23
28,44,-0.37,0.53,-0.37259,0.53,-0.37,0.53
28,45,0.12,-0.49,0.12083999999999999,-0.49,0.12,-0.49
28,46,-0.73,0.08,-0.7351099999999999,0.08,-0.73,0.08
28,47,0.63,0.44,0.6344099999999999,0.44,0.63,0.44
28,48,-0.19,-0.56,-0.19132999999999997,-0.56,-0.19,-0.56
28,49,0.79,0.31,0.79553,0.31,0.79,0.31
28,50,-0.61,-0.41,-0.6142699999999999,-0.41,-0.61,-0.41
28,51,0.42,-0.52,0.4229399999999999,-0.52,0.42,-0.52
28,52,-0.48,0.27,-0.48335999999999996,0.27,-0.48,0.27
28,53,0.06,0.58,0.060419999999999995,0.58,0.06,0.58
29,0,-0.8,-0.6,-0.8056000000000001,-0.6,-0.8,-0.6
29,1,-0.57,-0.6,-0.57399,-0.6,-0.57,-0.6
29,2,-0.29,-0.6,-0.29202999999999996,-0.6,-0.29,-0.6
29,3,0.0,-0.6,0.0,-0.6,0.0,-0.6
29,4,0.23,-0.6,0.23161,-0.6,0.23,-0.6
29,5,0.51,-0.6,0.51357,-0.6,0.51,-0.6
29,6,0.8,-0.6,0.8056000000000001,-0.6,0.8,-0.6
29,7,-0.8,-0.33,-0.8056000000000001,-0.33,-0.8,-0.33
29,8,-0.57,-0.33,-0.57399,-0.33,-0.57,-0.33
29,9,-0.29,-0.33,-0.29202999999999996,-0.33,-0.29,-0.33
29,10,0.0,-0.33,0.0,-0.33,0.0,-0.33
29,11,0.23,-0.33,0.23161,-0.33,0.23,-0.33
29,12,0.51,-0.33,0.51357,-0.33,0.51,-0.33
29,13,0.8,-0.33,0.8056000000000001,-0.33,0.8,-0.33
29,14,-0.8,-0.11,-0.8056000000000001,-0.11,-0.8,-0.11
29,15,-0.57,-0.11,-0.57399,-0.11,-0.57,-0.11
29,16,-0.29,-0.11,-0.29202999999999996,-0.11,-0.29,-0.11
29,17,0.0,-0.11,0.0,-0.11,0.0,-0.11
29,18,0.23,-0.11,0.23161,-0.11,0.23,-0.11
29,19,0.51,-0.11,0.51357,-0.11,0.51,-0.11
29,20,0.8,-0.11,0.8056000000000001,-0.11,0.8,-0.11
29,21,-0.8,0.17,-0.8056000000000001,0.17,-0.8,0.17
29,22,-0.57,0.17,-0.57399,0.17,-0.57,0.17
29,23,-0.29,0.17,-0.29202999999999996,0.17,-0.29,0.17
29,24,0.0,0.17,0.0,0.17,0.0,0.17
29,25,0.23,0.17,0.23161,0.17,0.23,0.17
29,26,0.51,0.17,0.51357,0.17,0.51,0.17
29,27,0.8,0.17,0.8056000000000001,0.17,0.8,0.17
29,28,-0.8,0.39,-0.8056000000000001,0.39,-0.8,0.39
29,29,-0.57,0.39,-0.57399,0.39,-0.57,0.39
29,30,-0.29,0.39,-0.29202999999999996,0.39,-0.29,0.39
29,31,0.0,0.39,0.0,0.39,0.0,0.39
29,32,0.23,0.39,0.23161,0.39,0.23,0.39
29,33,0.51,0.39,0.51357,0.39,0.51,0.39
29,34,0.8,0.39,0.8056000000000001,0.39,0.8,0.39
29,35,-0.8,0.6,-0.8056000000000001,0.6,-0.8,0.6
29,36,-0.57,0.6,-0.57399,0.6,-0.57,0.6
29,37,-0.29,0.6,-0.29202999999999996,0.6,-0.29,0.6
29,38,0.0,0.6,0.0,0.6,0.0,0.6
29,39,0.23,0.6,0.23161,0.6,0.23,0.6
29,40,0.51,0.6,0.51357,0.6,0.51,0.6
29,41,0.8,0.6,0.8056000000000001,0.6,0.8,0.6
29,42,0.0,0.0,0.0,0.0,0.0,0.0
29,43,0.71,-0.23,0.71497,-0.23,0.71,-0.23
29,44,-0.37,0.53,-0.37259,0.53,-0.37,0.53
29,45,0.12,-0.49,0.12083999999999999,-0.49,0.12,-0.49
29,46,-0.73,0.08,-0.7351099999999999,0.08,-0.73,0.08
29,47,0.63,0.44,0.63441,0.44,0.63,0.44
29,48,-0.19,-0.56,-0.19133,-0.56,-0.19,-0.56
29,49,0.79,0.31,0.7955300000000001,0.31,0.79,0.31
29,50,-0.61,-0.41,-0.61427,-0.41,-0.61,-0.41
29,51,0.42,-0.52,0.42294,-0.52,0.42,-0.52
29,52,-0.48,0.27,-0.48335999999999996,0.27,-0.48,0.27
29,53,0.06,0.58,0.060419999999999995,0.58,0.06,0.58
30,0,-0.8,-0.6,-0.8042,-0.6,-0.8,-0.6
30,1,-0.57,-0.6,-0.5741999999999999,-0.6,-0.57,-0.6
30,2,-0.29,-0.6,-0.29419999999999996,-0.6,-0.29,-0.6
30,3,0.0,-0.6,-0.0042,-0.6,0.0,-0.6
30,4,0.23,-0.6,0.2258,-0.6,0.23,-0.6
30,5,0.51,-0.6,0.5058,-0.6,0.51,-0.6
30,6,0.8,-0.6,0.7958000000000001,-0.6,0.8,-0.6
30,7,-0.8,-0.33,-0.8023100000000001,-0.33,-0.8,-0.33
30,8,-0.57,-0.33,-0.57231,-0.33,-0.57,-0.33
30,9,-0.29,-0.33,-0.29230999999999996,-0.33,-0.29,-0.33
30,10,0.0,-0.33,-0.00231,-0.33,0.0,-0.33
30,11,0.23,-0.33,0.22769,-0.33,0.23,-0.33
30,12,0.51,-0.33,0.50769,-0.33,0.51,-0.33
30,13,0.8,-0.33,0.79769,-0.33,0.8,-0.33
30,14,-0.8,-0.11,-0.8007700000000001,-0.11,-0.8,-0.11
30,15,-0.57,-0.11,-0.57077,-0.11,-0.57,-0.11
30,16,-0.29,-0.11,-0.29077,-0.11,-0.29,-0.11
30,17,0.0,-0.11,-0.0007700000000000001,-0.11,0.0,-0.11
30,18,0.23,-0.11,0.22923000000000002,-0.11,0.23,-0.11
30,19,0.51,-0.11,0.50923,-0.11,0.51,-0.11
30,20,0.8,-0.11,0.79923,-0.11,0.8,-0.11
30,21,-0.8,0.17,-0.79881,0.17,-0.8,0.17
30,22,-0.57,0.17,-0.5688099999999999,0.17,-0.57,0.17
30,23,-0.29,0.17,-0.28880999999999996,0.17,-0.29,0.17
30,24,0.0,0.17,0.00119,0.17,0.0,0.17
30,25,0.23,0.17,0.23119,0.17,0.23,0.17
30,26,0.51,0.17,0.51119,0.17,0.51,0.17
30,27,0.8,0.17,0.8011900000000001,0.17,0.8,0.17
30,28,-0.8,0.39,-0.79727,0.39,-0.8,0.39
30,29,-0.57,0.39,-0.5672699999999999,0.39,-0.57,0.39
30,30,-0.29,0.39,-0.28726999999999997,0.39,-0.29,0.39
30,31,0.0,0.39,0.0027300000000000002,0.39,0.0,0.39
30,32,0.23,0.39,0.23273000000000002,0.39,0.23,0.39
30,33,0.51,0.39,0.51273,0.39,0.51,0.39
30,34,0.8,0.39,0.80273,0.39,0.8,0.39
30,35,-0.8,0.6,-0.7958000000000001,0.6,-0.8,0.6
30,36,-0.57,0.6,-0.5658,0.6,-0.57,0.6
30,37,-0.29,0.6,-0.2858,0.6,-0.29,0.6
30,38,0.0,0.6,0.0042,0.6,0.0,0.6
30,39,0.23,0.6,0.23420000000000002,0.6,0.23,0.6
30,40,0.51,0.6,0.5142,0.6,0.51,0.6
30,41,0.8,0.6,0.8042,0.6,0.8,0.6
30,42,0.0,0.0,0.0,0.0,0.0,0.0
30,43,0.71,-0.23,0.70839,-0.23,0.71,-0.23
30,44,-0.37,0.53,-0.36629,0.53,-0.37,0.53
30,45,0.12,-0.49,0.11657,-0.49,0.12,-0.49
30,46,-0.73,0.08,-0.72944,0.08,-0.73,0.08
30,47,0.63,0.44,0.63308,0.44,0.63,0.44
30,48,-0.19,-0.56,-0.19392,-0.56,-0.19,-0.56
30,49,0.79,0.31,0.79217,0.31,0.79,0.31
30,50,-0.61,-0.41,-0.61287,-0.41,-0.61,-0.41
30,51,0.42,-0.52,0.41636,-0.52,0.42,-0.52
30,52,-0.48,0.27,-0.47811,0.27,-0.48,0.27
30,53,0.06,0.58,0.06405999999999999,0.58,0.06,0.58
31,0,-0.8,-0.6,-0.8042,-0.6,-0.8,-0.6
31,1,-0.57,-0.6,-0.5741999999999999,-0.6,-0.57,-0.6
31,2,-0.29,-0.6,-0.29419999999999996,-0.6,-0.29,-0.6
31,3,0.0,-0.6,-0.0042,-0.6,0.0,-0.6
31,4,0.23,-0.6,0.2258,-0.6,0.23,-0.6
31,5,0.51,-0.6,0.5058,-0.6,0.51,-0.6
31,6,0.8,-0.6,0.7958000000000001,-0.6,0.8,-0.6
31,7,-0.8,-0.33,-0.8023100000000001,-0.33,-0.8,-0.33
31,8,-0.57,-0.33,-0.57231,-0.33,-0.57,-0.33
31,9,-0.29,-0.33,-0.29230999999999996,-0.33,-0.29,-0.33
31,10,0.0,-0.33,-0.00231,-0.33,0.0,-0.33
31,11,0.23,-0.33,0.22769,-0.33,0.23,-0.33
31,12,0.51,-0.33,0.50769,-0.33,0.51,-0.33
31,13,0.8,-0.33,0.79769,-0.33,0.8,-0.33
31,14,-0.8,-0.11,-0.8007700000000001,-0.11,-0.8,-0.11
31,15,-0.57,-0.11,-0.57077,-0.11,-0.57,-0.11
31,16,-0.29,-0.11,-0.29077,-0.11,-0.29,-0.11
31,17,0.0,-0.11,-0.0007700000000000001,-0.11,0.0,-0.11
31,18,0.23,-0.11,0.22923000000000002,-0.11,0.23,-0.11
31,19,0.51,-0.11,0.50923,-0.11,0.51,-0.11
31,20,0.8,-0.11,0.79923,-0.11,0.8,-0.11
31,21,-0.8,0.17,-0.79881,0.17,-0.8,0.17
31,22,-0.57,0.17,-0.5688099999999999,0.17,-0.57,0.17
31,23,-0.29,0.17,-0.28880999999999996,0.17,-0.29,0.17
31,24,0.0,0.17,0.00119,0.17,0.0,0.17
31,25,0.23,0.17,0.23119,0.17,0.23,0.17
31,26,0.51,0.17,0.51119,0.17,0.51,0.17
31,27,0.8,0.17,0.8011900000000001,0.17,0.8,0.17
31,28,-0.8,0.39,-0.79727,0.39,-0.8,0.39
31,29,-0.57,0.39,-0.5672699999999999,0.39,-0.57,0.39
31,30,-0.29,0.39,-0.28726999999999997,0.39,-0.29,0.39
31,31,0.0,0.39,0.0027300000000000002,0.39,0.0,0.39
31,32,0.23,0.39,0.23273000000000002,0.39,0.23,0.39
31,33,0.51,0.39,0.51273,0.39,0.51,0.39
31,34,0.8,0.39,0.80273,0.39,0.8,0.39
31,35,-0.8,0.6,-0.7958000000000001,0.6,-0.8,0.6
31,36,-0.57,0.6,-0.5658,0.6,-0.57,0.6
31,37,-0.29,0.6,-0.2858,0.6,-0.29,0.6
31,38,0.0,0.6,0.0042,0.6,0.0,0.6
31,39,0.23,0.6,0.23420000000000002,0.6,0.23,0.6
31,40,0.51,0.6,0.5142,0.6,0.51,0.6
31,41,0.8,0.6,0.8042,0.6,0.8,0.6
31,42,0.0,0.0,0.0,0.0,0.0,0.0
31,43,0.71,-0.23,0.70839,-0.23,0.71,-0.23
31,44,-0.37,0.53,-0.36629,0.53,-0.37,0.53
31,45,0.12,-0.49,0.11657,-0.49,0.12,-0.49
31,46,-0.73,0.08,-0.72944,0.08,-0.73,0.08
31,47,0.63,0.44,0.63308,0.44,0.63,0.44
31,48,-0.19,-0.56,-0.19392,-0.56,-0.19,-0.56
31,49,0.79,0.31,0.79217,0.31,0.79,0.31
31,50,-0.61,-0.41,-0.61287,-0.41,-0.61,-0.41
31,51,0.42,-0.52,0.41636,-0.52,0.42,-0.52
31,52,-0.48,0.27,-0.47811,0.27,-0.48,0.27
31,53,0.06,0.58,0.06405999999999999,0.58,0.06,0.58
32,0,-0.8,-0.6,-0.79552,-0.6,-0.8,-0.6
32,1,-0.57,-0.6,-0.5677256999999999,-0.6,-0.57,-0.6
32,2,-0.29,-0.6,-0.2894113,-0.6,-0.29,-0.6
32,3,0.0,-0.6,0.0,-0.6,0.0,-0.6
32,4,0.23,-0.6,0.23037029999999997,-0.6,0.23,-0.6
32,5,0.51,-0.6,0.5118207,-0.6,0.51,-0.6
32,6,0.8,-0.6,0.8044800000000001,-0.6,0.8,-0.6
32,7,-0.8,-0.33,-0.79552,-0.33,-0.8,-0.33
32,8,-0.57,-0.33,-0.5677256999999999,-0.33,-0.57,-0.33
32,9,-0.29,-0.33,-0.2894113,-0.33,-0.29,-0.33
32,10,0.0,-0.33,0.0,-0.33,0.0,-0.33
32,11,0.23,-0.33,0.23037029999999997,-0.33,0.23,-0.33
32,12,0.51,-0.33,0.5118207,-0.33,0.51,-0.33
32,13,0.8,-0.33,0.8044800000000001,-0.33,0.8,-0.33
32,14,-0.8,-0.11,-0.79552,-0.11,-0.8,-0.11
32,15,-0.57,-0.11,-0.5677256999999999,-0.11,-0.57,-0.11
32,16,-0.29,-0.11,-0.2894113,-0.11,-0.29,-0.11
32,17,0.0,-0.11,0.0,-0.11,0.0,-0.11
32,18,0.23,-0.11,0.23037029999999997,-0.11,0.23,-0.11
32,19,0.51,-0.11,0.5118207,-0.11,0.51,-0.11
32,20,0.8,-0.11,0.8044800000000001,-0.11,0.8,-0.11
32,21,-0.8,0.17,-0.79552,0.17,-0.8,0.17
32,22,-0.57,0.17,-0.5677256999999999,0.17,-0.57,0.17
32,23,-0.29,0.17,-0.2894113,0.17,-0.29,0.17
32,24,0.0,0.17,0.0,0.17,0.0,0.17
32,25,0.23,0.17,0.23037029999999997,0.17,0.23,0.17
32,26,0.51,0.17,0.5118207,0.17,0.51,0.17
32,27,0.8,0.17,0.8044800000000001,0.17,0.8,0.17
32,28,-0.8,0.39,-0.79552,0.39,-0.8,0.39
32,29,-0.57,0.39,-0.5677256999999999,0.39,-0.57,0.39
32,30,-0.29,0.39,-0.2894113,0.39,-0.29,0.39
32,31,0.0,0.39,0.0,0.39,0.0,0.39
32,32,0.23,0.39,0.23037029999999997,0.39,0.23,0.39
32,33,0.51,0.39,0.5118207,0.39,0.51,0.39
32,34,0.8,0.39,0.8044800000000001,0.39,0.8,0.39
32,35,-0.8,0.6,-0.79552,0.6,-0.8,0.6
32,36,-0.57,0.6,-0.5677256999999999,0.6,-0.57,0.6
32,37,-0.29,0.6,-0.2894113,0.6,-0.29,0.6
32,38,0.0,0.6,0.0,0.6,0.0,0.6
32,39,0.23,0.6,0.23037029999999997,0.6,0.23,0.6
32,40,0.51,0.6,0.5118207,0.6,0.51,0.6
32,41,0.8,0.6,0.8044800000000001,0.6,0.8,0.6
32,42,0.0,0.0,0.0,0.0,0.0,0.0
32,43,0.71,-0.23,0.7135286999999999,-0.23,0.71,-0.23
32,44,-0.37,0.53,-0.36904170000000003,0.53,-0.37,0.53
32,45,0.12,-0.49,0.1201008,-0.49,0.12,-0.49
32,46,-0.73,0.08,-0.7262697,0.08,-0.73,0.08
32,47,0.63,0.44,0.6327783,0.44,0.63,0.44
32,48,-0.19,-0.56,-0.18974729999999998,-0.56,-0.19,-0.56
32,49,0.79,0.31,0.7943687,0.31,0.79,0.31
32,50,-0.61,-0.41,-0.6073953,-0.41,-0.61,-0.41
32,51,0.42,-0.52,0.42123479999999996,-0.52,0.42,-0.52
32,52,-0.48,0.27,-0.47838719999999996,0.27,-0.48,0.27
32,53,0.06,0.58,0.0600252,0.58,0.06,0.58
33,0,-0.8,-0.6,-0.79552,-0.6,-0.8,-0.6
33,1,-0.57,-0.6,-0.5677257,-0.6,-0.57,-0.6
33,2,-0.29,-0.6,-0.2894113,-0.6,-0.29,-0.6
33,3,0.0,-0.6,0.0,-0.6,0.0,-0.6
33,4,0.23,-0.6,0.2303703,-0.6,0.23,-0.6
33,5,0.51,-0.6,0.5118207,-0.6,0.51,-0.6
33,6,0.8,-0.6,0.8044800000000001,-0.6,0.8,-0.6
33,7,-0.8,-0.33,-0.79552,-0.33,-0.8,-0.33
33,8,-0.57,-0.33,-0.5677257,-0.33,-0.57,-0.33
33,9,-0.29,-0.33,-0.2894113,-0.33,-0.29,-0.33
33,10,0.0,-0.33,0.0,-0.33,0.0,-0.33
33,11,0.23,-0.33,0.2303703,-0.33,0.23,-0.33
33,12,0.51,-0.33,0.5118207,-0.33,0.51,-0.33
33,13,0.8,-0.33,0.8044800000000001,-0.33,0.8,-0.33
33,14,-0.8,-0.11,-0.79552,-0.11,-0.8,-0.11
33,15,-0.57,-0.11,-0.5677257,-0.11,-0.57,-0.11
33,16,-0.29,-0.11,-0.2894113,-0.11,-0.29,-0.11
33,17,0.0,-0.11,0.0,-0.11,0.0,-0.11
33,18,0.23,-0.11,0.2303703,-0.11,0.23,-0.11
33,19,0.51,-0.11,0.5118207,-0.11,0.51,-0.11
33,20,0.8,-0.11,0.8044800000000001,-0.11,0.8,-0.11
33,21,-0.8,0.17,-0.79552,0.17,-0.8,0.17
33,22,-0.57,0.17,-0.5677257,0.17,-0.57,0.17
33,23,-0.29,0.17,-0.2894113,0.17,-0.29,0.17
33,24,0.0,0.17,0.0,0.17,0.0,0.17
33,25,0.23,0.17,0.2303703,0.17,0.23,0.17
33,26,0.51,0.17,0.5118207,0.17,0.51,0.17
33,27,0.8,0.17,0.8044800000000001,0.17,0.8,0.17
33,28,-0.8,0.39,-0.79552,0.39,-0.8,0.39
33,29,-0.57,0.39,-0.5677257,0.39,-0.57,0.39
33,30,-0.29,0.39,-0.2894113,0.39,-0.29,0.39
33,31,0.0,0.39,0.0,0.39,0.0,0.39
33,32,0.23,0.39,0.2303703,0.39,0.23,0.39
33,33,0.51,0.39,0.5118207,0.39,0.51,0.39
33,34,0.8,0.39,0.8044800000000001,0.39,0.8,0.39
33,35,-0.8,0.6,-0.79552,0.6,-0.8,0.6
33,36,-0.57,0.6,-0.5677257,0.6,-0.57,0.6
33,37,-0.29,0.6,-0.2894113,0.6,-0.29,0.6
33,38,0.0,0.6,0.0,0.6,0.0,0.6
33,39,0.23,0.6,0.2303703,0.6,0.23,0.6
33,40,0.51,0.6,0.5118207,0.6,0.51,0.6
33,41,0.8,0.6,0.8044800000000001,0.6,0.8,0.6
33,42,0.0,0.0,0.0,0.0,0.0,0.0
33,43,0.71,-0.23,0.7135287,-0.23,0.71,-0.23
33,44,-0.37,0.53,-0.3690417,0.53,-0.37,0.53
33,45,0.12,-0.49,0.1201008,-0.49,0.12,-0.49
33,46,-0.73,0.08,-0.7262697,0.08,-0.73,0.08
33,47,0.63,0.44,0.6327783,0.44,0.63,0.44
33,48,-0.19,-0.56,-0.1897473,-0.56,-0.19,-0.56
33,49,0.79,0.31,0.7943687,0.31,0.79,0.31
33,50,-0.61,-0.41,-0.6073953,-0.41,-0.61,-0.41
33,51,0.42,-0.52,0.42123479999999996,-0.52,0.42,-0.52
33,52,-0.48,0.27,-0.47838719999999996,0.27,-0.48,0.27
33,53,0.06,0.58,0.0600252,0.58,0.06,0.58
34,0,-0.8,-0.6,-0.79664,-0.6,-0.8,-0.6
34,1,-0.57,-0.6,-0.5676059999999999,-0.6,-0.57,-0.6
34,2,-0.29,-0.6,-0.288782,-0.6,-0.29,-0.6
34,3,0.0,-0.6,0.0,-0.6,0.0,-0.6
34,4,0.23,-0.6,0.22903400000000002,-0.6,0.23,-0.6
34,5,0.51,-0.6,0.507858,-0.6,0.51,-0.6
34,6,0.8,-0.6,0.79664,-0.6,0.8,-0.6
34,7,-0.8,-0.33,-0.7981520000000001,-0.33,-0.8,-0.33
34,8,-0.57,-0.33,-0.5686833,-0.33,-0.57,-0.33
34,9,-0.29,-0.33,-0.2893301,-0.33,-0.29,-0.33
34,10,0.0,-0.33,0.0,-0.33,0.0,-0.33
34,11,0.23,-0.33,0.2294687,-0.33,0.23,-0.33
34,12,0.51,-0.33,0.5088219,-0.33,0.51,-0.33
34,13,0.8,-0.33,0.7981520000000001,-0.33,0.8,-0.33
34,14,-0.8,-0.11,-0.7993840000000001,-0.11,-0.8,-0.11
34,15,-0.57,-0.11,-0.5695610999999999,-0.11,-0.57,-0.11
34,16,-0.29,-0.11,-0.2897767,-0.11,-0.29,-0.11
34,17,0.0,-0.11,0.0,-0.11,0.0,-0.11
34,18,0.23,-0.11,0.2298229,-0.11,0.23,-0.11
34,19,0.51,-0.11,0.5096073,-0.11,0.51,-0.11
34,20,0.8,-0.11,0.7993840000000001,-0.11,0.8,-0.11
34,21,-0.8,0.17,-0.800952,0.17,-0.8,0.17
34,22,-0.57,0.17,-0.5706783,0.17,-0.57,0.17
34,23,-0.29,0.17,-0.29034509999999997,0.17,-0.29,0.17
34,24,0.0,0.17,0.0,0.17,0.0,0.17
34,25,0.23,0.17,0.2302737,0.17,0.23,0.17
34,26,0.51,0.17,0.5106069,0.17,0.51,0.17
34,27,0.8,0.17,0.800952,0.17,0.8,0.17
34,28,-0.8,0.39,-0.802184,0.39,-0.8,0.39
34,29,-0.57,0.39,-0.5715560999999999,0.39,-0.57,0.39
34,30,-0.29,0.39,-0.2907917,0.39,-0.29,0.39
34,31,0.0,0.39,0.0,0.39,0.0,0.39
34,32,0.23,0.39,0.2306279,0.39,0.23,0.39
34,33,0.51,0.39,0.5113923,0.39,0.51,0.39
34,34,0.8,0.39,0.802184,0.39,0.8,0.39
34,35,-0.8,0.6,-0.8033600000000001,0.6,-0.8,0.6
34,36,-0.57,0.6,-0.572394,0.6,-0.57,0.6
34,37,-0.29,0.6,-0.291218,0.6,-0.29,0.6
34,38,0.0,0.6,0.0,0.6,0.0,0.6
34,39,0.23,0.6,0.230966,0.6,0.23,0.6
34,40,0.51,0.6,0.512142,0.6,0.51,0.6
34,41,0.8,0.6,0.8033600000000001,0.6,0.8,0.6
34,42,0.0,0.0,0.0,0.0,0.0,0.0
34,43,0.71,-0.23,0.7088569,-0.23,0.71,-0.23
34,44,-0.37,0.53,-0.3713727,0.53,-0.37,0.53
34,45,0.12,-0.49,0.1195884,-0.49,0.12,-0.49
34,46,-0.73,0.08,-0.7304088,0.08,-0.73,0.08
34,47,0.63,0.44,0.6319404,0.44,0.63,0.44
34,48,-0.19,-0.56,-0.1892552,-0.56,-0.19,-0.56
34,49,0.79,0.31,0.7917143,0.31,0.79,0.31
34,50,-0.61,-0.41,-0.6082493,-0.41,-0.61,-0.41
34,51,0.42,-0.52,0.4184712,-0.52,0.42,-0.52
34,52,-0.48,0.27,-0.4809072,0.27,-0.48,0.27
34,53,0.06,0.58,0.060243599999999994,0.58,0.06,0.58
35,0,-0.8,-0.6,-0.79664,-0.6,-0.8,-0.6
35,1,-0.57,-0.6,-0.5676059999999999,-0.6,-0.57,-0.6
35,2,-0.29,-0.6,-0.288782,-0.6,-0.29,-0.6
35,3,0.0,-0.6,0.0,-0.6,0.0,-0.6
35,4,0.23,-0.6,0.22903400000000002,-0.6,0.23,-0.6
35,5,0.51,-0.6,0.507858,-0.6,0.51,-0.6
35,6,0.8,-0.6,0.79664,-0.6,0.8,-0.6
35,7,-0.8,-0.33,-0.7981520000000001,-0.33,-0.8,-0.33
35,8,-0.57,-0.33,-0.5686833,-0.33,-0.57,-0.33
35,9,-0.29,-0.33,-0.2893301,-0.33,-0.29,-0.33
35,10,0.0,-0.33,0.0,-0.33,0.0,-0.33
35,11,0.23,-0.33,0.2294687,-0.33,0.23,-0.33
35,12,0.51,-0.33,0.5088219,-0.33,0.51,-0.33
35,13,0.8,-0.33,0.7981520000000001,-0.33,0.8,-0.33
35,14,-0.8,-0.11,-0.7993840000000001,-0.11,-0.8,-0.11
35,15,-0.57,-0.11,-0.5695610999999999,-0.11,-0.57,-0.11
35,16,-0.29,-0.11,-0.2897767,-0.11,-0.29,-0.11
35,17,0.0,-0.11,0.0,-0.11,0.0,-0.11
35,18,0.23,-0.11,0.2298229,-0.11,0.23,-0.11
35,19,0.51,-0.11,0.5096073,-0.11,0.51,-0.11
35,20,0.8,-0.11,0.7993840000000001,-0.11,0.8,-0.11
35,21,-0.8,0.17,-0.800952,0.17,-0.8,0.17
35,22,-0.57,0.17,-0.5706783,0.17,-0.57,0.17
35,23,-0.29,0.17,-0.29034509999999997,0.17,-0.29,0.17
35,24,0.0,0.17,0.0,0.17,0.0,0.17
35,25,0.23,0.17,0.2302737,0.17,0.23,0.17
35,26,0.51,0.17,0.5106069,0.17,0.51,0.17
35,27,0.8,0.17,0.800952,0.17,0.8,0.17
35,28,-0.8,0.39,-0.802184,0.39,-0.8,0.39
35,29,-0.57,0.39,-0.5715560999999999,0.39,-0.57,0.39
35,30,-0.29,0.39,-0.2907917,0.39,-0.29,0.39
35,31,0.0,0.39,0.0,0.39,0.0,0.39
35,32,0.23,0.39,0.2306279,0.39,0.23,0.39
35,33,0.51,0.39,0.5113923,0.39,0.51,0.39
35,34,0.8,0.39,0.802184,0.39,0.8,0.39
35,35,-0.8,0.6,-0.8033600000000001,0.6,-0.8,0.6
35,36,-0.57,0.6,-0.572394,0.6,-0.57,0.6
35,37,-0.29,0.6,-0.291218,0.6,-0.29,0.6
35,38,0.0,0.6,0.0,0.6,0.0,0.6
35,39,0.23,0.6,0.230966,0.6,0.23,0.6
35,40,0.51,0.6,0.512142,0.6,0.51,0.6
35,41,0.8,0.6,0.8033600000000001,0.6,0.8,0.6
35,42,0.0,0.0,0.0,0.0,0.0,0.0
35,43,0.71,-0.23,0.7088569,-0.23,0.71,-0.23
35,44,-0.37,0.53,-0.3713727,0.53,-0.37,0.53
35,45,0.12,-0.49,0.1195884,-0.49,0.12,-0.49
35,46,-0.73,0.08,-0.7304088,0.08,-0.73,0.08
35,47,0.63,0.44,0.6319404,0.44,0.63,0.44
35,48,-0.19,-0.56,-0.1892552,-0.56,-0.19,-0.56
35,49,0.79,0.31,0.7917143,0.31,0.79,0.31
35,50,-0.61,-0.41,-0.6082493,-0.41,-0.61,-0.41
35,51,0.42,-0.52,0.4184712,-0.52,0.42,-0.52
35,52,-0.48,0.27,-0.4809072,0.27,-0.48,0.27
35,53,0.06,0.58,0.060243599999999994,0.58,0.06,0.58
36,0,-0.8,-0.6,-0.7974800000000001,-0.6,-0.8,-0.6
36,1,-0.57,-0.6,-0.56748,-0.6,-0.57,-0.6
36,2,-0.29,-0.6,-0.28747999999999996,-0.6,-0.29,-0.6
36,3,0.0,-0.6,0.0025199999999999997,-0.6,0.0,-0.6
36,4,0.23,-0.6,0.23252,-0.6,0.23,-0.6
36,5,0.51,-0.6,0.51252,-0.6,0.51,-0.6
36,6,0.8,-0.6,0.80252,-0.6,0.8,-0.6
36,7,-0.8,-0.33,-0.7992377,-0.33,-0.8,-0.33
36,8,-0.57,-0.33,-0.5692377,-0.33,-0.57,-0.33
36,9,-0.29,-0.33,-0.2892377,-0.33,-0.29,-0.33
36,10,0.0,-0.33,0.0007623,-0.33,0.0,-0.33
36,11,0.23,-0.33,0.2307623,-0.33,0.23,-0.33
36,12,0.51,-0.33,0.5107623,-0.33,0.51,-0.33
36,13,0.8,-0.33,0.8007623,-0.33,0.8,-0.33
36,14,-0.8,-0.11,-0.7999153,-0.11,-0.8,-0.11
36,15,-0.57,-0.11,-0.5699152999999999,-0.11,-0.57,-0.11
36,16,-0.29,-0.11,-0.2899153,-0.11,-0.29,-0.11
36,17,0.0,-0.11,8.470000000000001e-05,-0.11,0.0,-0.11
36,18,0.23,-0.11,0.2300847,-0.11,0.23,-0.11
36,19,0.51,-0.11,0.5100847000000001,-0.11,0.51,-0.11
36,20,0.8,-0.11,0.8000847000000001,-0.11,0.8,-0.11
36,21,-0.8,0.17,-0.7997977000000001,0.17,-0.8,0.17
36,22,-0.57,0.17,-0.5697977,0.17,-0.57,0.17
36,23,-0.29,0.17,-0.2897977,0.17,-0.29,0.17
36,24,0.0,0.17,0.00020230000000000004,0.17,0.0,0.17
36,25,0.23,0.17,0.2302023,0.17,0.23,0.17
36,26,0.51,0.17,0.5102023,0.17,0.51,0.17
36,27,0.8,0.17,0.8002023,0.17,0.8,0.17
36,28,-0.8,0.39,-0.7989353,0.39,-0.8,0.39
36,29,-0.57,0.39,-0.5689352999999999,0.39,-0.57,0.39
36,30,-0.29,0.39,-0.2889353,0.39,-0.29,0.39
36,31,0.0,0.39,0.0010647,0.39,0.0,0.39
36,32,0.23,0.39,0.2310647,0.39,0.23,0.39
36,33,0.51,0.39,0.5110647,0.39,0.51,0.39
36,34,0.8,0.39,0.8010647000000001,0.39,0.8,0.39
36,35,-0.8,0.6,-0.7974800000000001,0.6,-0.8,0.6
36,36,-0.57,0.6,-0.56748,0.6,-0.57,0.6
36,37,-0.29,0.6,-0.28747999999999996,0.6,-0.29,0.6
36,38,0.0,0.6,0.0025199999999999997,0.6,0.0,0.6
36,39,0.23,0.6,0.23252,0.6,0.23,0.6
36,40,0.51,0.6,0.51252,0.6,0.51,0.6
36,41,0.8,0.6,0.80252,0.6,0.8,0.6
36,42,0.0,0.0,0.0,0.0,0.0,0.0
36,43,0.71,-0.23,0.7103703,-0.23,0.71,-0.23
36,44,-0.37,0.53,-0.3680337,0.53,-0.37,0.53
36,45,0.12,-0.49,0.12168069999999999,-0.49,0.12,-0.49
36,46,-0.73,0.08,-0.7299552,0.08,-0.73,0.08
36,47,0.63,0.44,0.6313552,0.44,0.63,0.44
36,48,-0.19,-0.56,-0.1878048,-0.56,-0.19,-0.56
36,49,0.79,0.31,0.7906727,0.31,0.79,0.31
36,50,-0.61,-0.41,-0.6088233,-0.41,-0.61,-0.41
36,51,0.42,-0.52,0.42189279999999996,-0.52,0.42,-0.52
36,52,-0.48,0.27,-0.47948969999999996,0.27,-0.48,0.27
36,53,0.06,0.58,0.062354799999999995,0.58,0.06,0.58
37,0,-0.8,-0.6,-0.7974800000000001,-0.6,-0.8,-0.6
37,1,-0.57,-0.6,-0.56748,-0.6,-0.57,-0.6
37,2,-0.29,-0.6,-0.28747999999999996,-0.6,-0.29,-0.6
37,3,0.0,-0.6,0.0025199999999999997,-0.6,0.0,-0.6
37,4,0.23,-0.6,0.23252,-0.6,0.23,-0.6
37,5,0.51,-0.6,0.51252,-0.6,0.51,-0.6
37,6,0.8,-0.6,0.80252,-0.6,0.8,-0.6
37,7,-0.8,-0.33,-0.7992377,-0.33,-0.8,-0.33
37,8,-0.57,-0.33,-0.5692377,-0.33,-0.57,-0.33
37,9,-0.29,-0.33,-0.2892377,-0.33,-0.29,-0.33
37,10,0.0,-0.33,0.0007623,-0.33,0.0,-0.33
37,11,0.23,-0.33,0.2307623,-0.33,0.23,-0.33
37,12,0.51,-0.33,0.5107623,-0.33,0.51,-0.33
37,13,0.8,-0.33,0.8007623,-0.33,0.8,-0.33
37,14,-0.8,-0.11,-0.7999153,-0.11,-0.8,-0.11
37,15,-0.57,-0.11,-0.5699152999999999,-0.11,-0.57,-0.11
37,16,-0.29,-0.11,-0.2899153,-0.11,-0.29,-0.11
37,17,0.0,-0.11,8.470000000000001e-05,-0.11,0.0,-0.11
37,18,0.23,-0.11,0.2300847,-0.11,0.23,-0.11
37,19,0.51,-0.11,0.5100847000000001,-0.11,0.51,-0.11
37,20,0.8,-0.11,0.8000847000000001,-0.11,0.8,-0.11
37,21,-0.8,0.17,-0.7997977000000001,0.17,-0.8,0.17
37,22,-0.57,0.17,-0.5697977,0.17,-0.57,0.17
37,23,-0.29,0.17,-0.2897977,0.17,-0.29,0.17
37,24,0.0,0.17,0.00020230000000000004,0.17,0.0,0.17
37,25,0.23,0.17,0.2302023,0.17,0.23,0.17
37,26,0.51,0.17,0.5102023,0.17,0.51,0.17
37,27,0.8,0.17,0.8002023,0.17,0.8,0.17
37,28,-0.8,0.39,-0.7989353,0.39,-0.8,0.39
37,29,-0.57,0.39,-0.5689352999999999,0.39,-0.57,0.39
37,30,-0.29,0.39,-0.2889353,0.39,-0.29,0.39
37,31,0.0,0.39,0.0010647,0.39,0.0,0.39
37,32,0.23,0.39,0.2310647,0.39,0.23,0.39
37,33,0.51,0.39,0.5110647,0.39,0.51,0.39
37,34,0.8,0.39,0.8010647000000001,0.39,0.8,0.39
37,35,-0.8,0.6,-0.7974800000000001,0.6,-0.8,0.6
37,36,-0.57,0.6,-0.56748,0.6,-0.57,0.6
37,37,-0.29,0.6,-0.28747999999999996,0.6,-0.29,0.6
37,38,0.0,0.6,0.0025199999999999997,0.6,0.0,0.6
37,39,0.23,0.6,0.23252,0.6,0.23,0.6
37,40,0.51,0.6,0.51252,0.6,0.51,0.6
37,41,0.8,0.6,0.80252,0.6,0.8,0.6
37,42,0.0,0.0,0.0,0.0,0.0,0.0
37,43,0.71,-0.23,0.7103703,-0.23,0.71,-0.23
37,44,-0.37,0.53,-0.3680337,0.53,-0.37,0.53
37,45,0.12,-0.49,0.12168069999999999,-0.49,0.12,-0.49
37,46,-0.73,0.08,-0.7299552,0.08,-0.73,0.08
37,47,0.63,0.44,0.6313552,0.44,0.63,0.44
37,48,-0.19,-0.56,-0.1878048,-0.56,-0.19,-0.56
37,49,0.79,0.31,0.7906727,0.31,0.79,0.31
37,50,-0.61,-0.41,-0.6088233,-0.41,-0.61,-0.41
37,51,0.42,-0.52,0.42189279999999996,-0.52,0.42,-0.52
37,52,-0.48,0.27,-0.47948969999999996,0.27,-0.48,0.27
37,53,0.06,0.58,0.062354799999999995,0.58,0.06,0.58
38,0,-0.8,-0.6,-0.8035840000000001,-0.6,-0.8,-0.6
38,1,-0.57,-0.6,-0.571296351,-0.6,-0.57,-0.6
38,2,-0.29,-0.6,-0.29017072299999996,-0.6,-0.29,-0.6
38,3,0.0,-0.6,0.0,-0.6,0.0,-0.6
38,4,0.23,-0.6,0.230085169,-0.6,0.23,-0.6
38,5,0.51,-0.6,0.510928557,-0.6,0.51,-0.6
38,6,0.8,-0.6,0.8035840000000001,-0.6,0.8,-0.6
38,7,-0.8,-0.33,-0.8035840000000001,-0.33,-0.8,-0.33
38,8,-0.57,-0.33,-0.571296351,-0.33,-0.57,-0.33
38,9,-0.29,-0.33,-0.29017072299999996,-0.33,-0.29,-0.33
38,10,0.0,-0.33,0.0,-0.33,0.0,-0.33
38,11,0.23,-0.33,0.230085169,-0.33,0.23,-0.33
38,12,0.51,-0.33,0.510928557,-0.33,0.51,-0.33
38,13,0.8,-0.33,0.8035840000000001,-0.33,0.8,-0.33
38,14,-0.8,-0.11,-0.8035840000000001,-0.11,-0.8,-0.11
38,15,-0.57,-0.11,-0.571296351,-0.11,-0.57,-0.11
38,16,-0.29,-0.11,-0.29017072299999996,-0.11,-0.29,-0.11
38,17,0.0,-0.11,0.0,-0.11,0.0,-0.11
38,18,0.23,-0.11,0.230085169,-0.11,0.23,-0.11
38,19,0.51,-0.11,0.510928557,-0.11,0.51,-0.11
38,20,0.8,-0.11,0.8035840000000001,-0.11,0.8,-0.11
38,21,-0.8,0.17,-0.8035840000000001,0.17,-0.8,0.17
38,22,-0.57,0.17,-0.571296351,0.17,-0.57,0.17
38,23,-0.29,0.17,-0.29017072299999996,0.17,-0.29,0.17
38,24,0.0,0.17,0.0,0.17,0.0,0.17
38,25,0.23,0.17,0.230085169,0.17,0.23,0.17
38,26,0.51,0.17,0.510928557,0.17,0.51,0.17
38,27,0.8,0.17,0.8035840000000001,0.17,0.8,0.17
38,28,-0.8,0.39,-0.8035840000000001,0.39,-0.8,0.39
38,29,-0.57,0.39,-0.571296351,0.39,-0.57,0.39
38,30,-0.29,0.39,-0.29017072299999996,0.39,-0.29,0.39
38,31,0.0,0.39,0.0,0.39,0.0,0.39
38,32,0.23,0.39,0.230085169,0.39,0.23,0.39
38,33,0.51,0.39,0.510928557,0.39,0.51,0.39
38,34,0.8,0.39,0.8035840000000001,0.39,0.8,0.39
38,35,-0.8,0.6,-0.8035840000000001,0.6,-0.8,0.6
38,36,-0.57,0.6,-0.571296351,0.6,-0.57,0.6
38,37,-0.29,0.6,-0.29017072299999996,0.6,-0.29,0.6
38,38,0.0,0.6,0.0,0.6,0.0,0.6
38,39,0.23,0.6,0.230085169,0.6,0.23,0.6
38,40,0.51,0.6,0.510928557,0.6,0.51,0.6
38,41,0.8,0.6,0.8035840000000001,0.6,0.8,0.6
38,42,0.0,0.0,0.0,0.0,0.0,0.0
38,43,0.71,-0.23,0.7125053769999999,-0.23,0.71,-0.23
38,44,-0.37,0.53,-0.37035457099999997,0.53,-0.37,0.53
38,45,0.12,-0.49,0.120012096,-0.49,0.12,-0.49
38,46,-0.73,0.08,-0.732723119,0.08,-0.73,0.08
38,47,0.63,0.44,0.6317503289999999,0.44,0.63,0.44
38,48,-0.19,-0.56,-0.19004801300000002,-0.56,-0.19,-0.56
38,49,0.79,0.31,0.793451273,0.31,0.79,0.31
38,50,-0.61,-0.41,-0.611588867,-0.41,-0.61,-0.41
38,51,0.42,-0.52,0.42051861599999996,-0.52,0.42,-0.52
38,52,-0.48,0.27,-0.48077414399999996,0.27,-0.48,0.27
38,53,0.06,0.58,0.060001512,0.58,0.06,0.58
39,0,-0.8,-0.6,-0.8035840000000001,-0.6,-0.8,-0.6
39,1,-0.57,-0.6,-0.571296351,-0.6,-0.57,-0.6
39,2,-0.29,-0.6,-0.29017072299999996,-0.6,-0.29,-0.6
39,3,0.0,-0.6,0.0,-0.6,0.0,-0.6
39,4,0.23,-0.6,0.230085169,-0.6,0.23,-0.6
39,5,0.51,-0.6,0.5109285570000001,-0.6,0.51,-0.6
39,6,0.8,-0.6,0.8035840000000001,-0.6,0.8,-0.6
39,7,-0.8,-0.33,-0.8035840000000001,-0.33,-0.8,-0.33
39,8,-0.57,-0.33,-0.571296351,-0.33,-0.57,-0.33
39,9,-0.29,-0.33,-0.29017072299999996,-0.33,-0.29,-0.33
39,10,0.0,-0.33,0.0,-0.33,0.0,-0.33
39,11,0.23,-0.33,0.230085169,-0.33,0.23,-0.33
39,12,0.51,-0.33,0.5109285570000001,-0.33,0.51,-0.33
39,13,0.8,-0.33,0.8035840000000001,-0.33,0.8,-0.33
39,14,-0.8,-0.11,-0.8035840000000001,-0.11,-0.8,-0.11
39,15,-0.57,-0.11,-0.571296351,-0.11,-0.57,-0.11
39,16,-0.29,-0.11,-0.29017072299999996,-0.11,-0.29,-0.11
39,17,0.0,-0.11,0.0,-0.11,0.0,-0.11
39,18,0.23,-0.11,0.230085169,-0.11,0.23,-0.11
39,19,0.51,-0.11,0.5109285570000001,-0.11,0.51,-0.11
39,20,0.8,-0.11,0.8035840000000001,-0.11,0.8,-0.11
39,21,-0.8,0.17,-0.8035840000000001,0.17,-0.8,0.17
39,22,-0.57,0.17,-0.571296351,0.17,-0.57,0.17
39,23,-0.29,0.17,-0.29017072299999996,0.17,-0.29,0.17
39,24,0.0,0.17,0.0,0.17,0.0,0.17
39,25,0.23,0.17,0.230085169,0.17,0.23,0.17
39,26,0.51,0.17,0.5109285570000001,0.17,0.51,0.17
39,27,0.8,0.17,0.8035840000000001,0.17,0.8,0.17
39,28,-0.8,0.39,-0.8035840000000001,0.39,-0.8,0.39
39,29,-0.57,0.39,-0.571296351,0.39,-0.57,0.39
39,30,-0.29,0.39,-0.29017072299999996,0.39,-0.29,0.39
39,31,0.0,0.39,0.0,0.39,0.0,0.39
39,32,0.23,0.39,0.230085169,0.39,0.23,0.39
39,33,0.51,0.39,0.5109285570000001,0.39,0.51,0.39
39,34,0.8,0.39,0.8035840000000001,0.39,0.8,0.39
39,35,-0.8,0.6,-0.8035840000000001,0.6,-0.8,0.6
39,36,-0.57,0.6,-0.571296351,0.6,-0.57,0.6
39,37,-0.29,0.6,-0.29017072299999996,0.6,-0.29,0.6
39,38,0.0,0.6,0.0,0.6,0.0,0.6
39,39,0.23,0.6,0.230085169,0.6,0.23,0.6
39,40,0.51,0.6,0.5109285570000001,0.6,0.51,0.6
39,41,0.8,0.6,0.8035840000000001,0.6,0.8,0.6
39,42,0.0,0.0,0.0,0.0,0.0,0.0
39,43,0.71,-0.23,0.7125053769999999,-0.23,0.71,-0.23
39,44,-0.37,0.53,-0.370354571,0.53,-0.37,0.53
39,45,0.12,-0.49,0.120012096,-0.49,0.12,-0.49
39,46,-0.73,0.08,-0.732723119,0.08,-0.73,0.08
39,47,0.63,0.44,0.631750329,0.44,0.63,0.44
39,48,-0.19,-0.56,-0.19004801300000002,-0.56,-0.19,-0.56
39,49,0.79,0.31,0.7934512730000001,0.31,0.79,0.31
39,50,-0.61,-0.41,-0.611588867,-0.41,-0.61,-0.41
39,51,0.42,-0.52,0.420518616,-0.52,0.42,-0.52
39,52,-0.48,0.27,-0.48077414399999996,0.27,-0.48,0.27
39,53,0.06,0.58,0.060001512,0.58,0.06,0.58
40,0,-0.8,-0.6,-0.8026880000000001,-0.6,-0.8,-0.6
40,1,-0.57,-0.6,-0.5713645799999999,-0.6,-0.57,-0.6
40,2,-0.29,-0.6,-0.29035321999999997,-0.6,-0.29,-0.6
40,3,0.0,-0.6,0.0,-0.6,0.0,-0.6
40,4,0.23,-0.6,0.22977782000000002,-0.6,0.23,-0.6
40,5,0.51,-0.6,0.50890758,-0.6,0.51,-0.6
40,6,0.8,-0.6,0.797312,-0.6,0.8,-0.6
40,7,-0.8,-0.33,-0.8014784,-0.33,-0.8,-0.33
40,8,-0.57,-0.33,-0.570750519,-0.33,-0.57,-0.33
40,9,-0.29,-0.33,-0.290194271,-0.33,-0.29,-0.33
40,10,0.0,-0.33,0.0,-0.33,0.0,-0.33
40,11,0.23,-0.33,0.22987780100000002,-0.33,0.23,-0.33
40,12,0.51,-0.33,0.509399169,-0.33,0.51,-0.33
40,13,0.8,-0.33,0.7985216,-0.33,0.8,-0.33
40,14,-0.8,-0.11,-0.8004928,-0.11,-0.8,-0.11
40,15,-0.57,-0.11,-0.5702501729999999,-0.11,-0.57,-0.11
40,16,-0.29,-0.11,-0.290064757,-0.11,-0.29,-0.11
40,17,0.0,-0.11,0.0,-0.11,0.0,-0.11
40,18,0.23,-0.11,0.22995926700000002,-0.11,0.23,-0.11
40,19,0.51,-0.11,0.509799723,-0.11,0.51,-0.11
40,20,0.8,-0.11,0.7995072000000001,-0.11,0.8,-0.11
40,21,-0.8,0.17,-0.7992384,0.17,-0.8,0.17
40,22,-0.57,0.17,-0.5696133689999999,0.17,-0.57,0.17
40,23,-0.29,0.17,-0.289899921,0.17,-0.29,0.17
40,24,0.0,0.17,0.0,0.17,0.0,0.17
40,25,0.23,0.17,0.23006295100000002,0.17,0.23,0.17
40,26,0.51,0.17,0.510309519,0.17,0.51,0.17
40,27,0.8,0.17,0.8007616000000001,0.17,0.8,0.17
40,28,-0.8,0.39,-0.7982528000000001,0.39,-0.8,0.39
40,29,-0.57,0.39,-0.569113023,0.39,-0.57,0.39
40,30,-0.29,0.39,-0.289770407,0.39,-0.29,0.39
40,31,0.0,0.39,0.0,0.39,0.0,0.39
40,32,0.23,0.39,0.23014441700000002,0.39,0.23,0.39
40,33,0.51,0.39,0.510710073,0.39,0.51,0.39
40,34,0.8,0.39,0.8017472,0.39,0.8,0.39
40,35,-0.8,0.6,-0.797312,0.6,-0.8,0.6
40,36,-0.57,0.6,-0.56863542,0.6,-0.57,0.6
40,37,-0.29,0.6,-0.28964678,0.6,-0.29,0.6
40,38,0.0,0.6,0.0,0.6,0.0,0.6
40,39,0.23,0.6,0.23022218,0.6,0.23,0.6
40,40,0.51,0.6,0.51109242,0.6,0.51,0.6
40,41,0.8,0.6,0.8026880000000001,0.6,0.8,0.6
40,42,0.0,0.0,0.0,0.0,0.0,0.0
40,43,0.71,-0.23,0.709188399,-0.23,0.71,-0.23
40,44,-0.37,0.53,-0.369492101,0.53,-0.37,0.53
40,45,0.12,-0.49,0.119950608,-0.49,0.12,-0.49
40,46,-0.73,0.08,-0.729701576,0.08,-0.73,0.08
40,47,0.63,0.44,0.631222452,0.44,0.63,0.44
40,48,-0.19,-0.56,-0.190141512,-0.56,-0.19,-0.56
40,49,0.79,0.31,0.791354297,0.31,0.79,0.31
40,50,-0.61,-0.41,-0.611067927,-0.41,-0.61,-0.41
40,51,0.42,-0.52,0.419357904,-0.52,0.42,-0.52
40,52,-0.48,0.27,-0.479564544,0.27,-0.48,0.27
40,53,0.06,0.58,0.060014616,0.58,0.06,0.58
41,0,-0.8,-0.6,-0.8026880000000001,-0.6,-0.8,-0.6
41,1,-0.57,-0.6,-0.5713645799999999,-0.6,-0.57,-0.6
41,2,-0.29,-0.6,-0.29035321999999997,-0.6,-0.29,-0.6
41,3,0.0,-0.6,0.0,-0.6,0.0,-0.6
41,4,0.23,-0.6,0.22977782000000002,-0.6,0.23,-0.6
41,5,0.51,-0.6,0.50890758,-0.6,0.51,-0.6
41,6,0.8,-0.6,0.797312,-0.6,0.8,-0.6
41,7,-0.8,-0.33,-0.8014784,-0.33,-0.8,-0.33
41,8,-0.57,-0.33,-0.570750519,-0.33,-0.57,-0.33
41,9,-0.29,-0.33,-0.290194271,-0.33,-0.29,-0.33
41,10,0.0,-0.33,0.0,-0.33,0.0,-0.33
41,11,0.23,-0.33,0.22987780100000002,-0.33,0.23,-0.33
41,12,0.51,-0.33,0.509399169,-0.33,0.51,-0.33
41,13,0.8,-0.33,0.7985216,-0.33,0.8,-0.33
41,14,-0.8,-0.11,-0.8004928,-0.11,-0.8,-0.11
41,15,-0.57,-0.11,-0.5702501729999999,-0.11,-0.57,-0.11
41,16,-0.29,-0.11,-0.290064757,-0.11,-0.29,-0.11
41,17,0.0,-0.11,0.0,-0.11,0.0,-0.11
41,18,0.23,-0.11,0.22995926700000002,-0.11,0.23,-0.11
41,19,0.51,-0.11,0.509799723,-0.11,0.51,-0.11
41,20,0.8,-0.11,0.7995072000000001,-0.11,0.8,-0.11
41,21,-0.8,0.17,-0.7992384,0.17,-0.8,0.17
41,22,-0.57,0.17,-0.5696133689999999,0.17,-0.57,0.17
41,23,-0.29,0.17,-0.289899921,0.17,-0.29,0.17
41,24,0.0,0.17,0.0,0.17,0.0,0.17
41,25,0.23,0.17,0.23006295100000002,0.17,0.23,0.17
41,26,0.51,0.17,0.510309519,0.17,0.51,0.17
41,27,0.8,0.17,0.8007616000000001,0.17,0.8,0.17
41,28,-0.8,0.39,-0.7982528000000001,0.39,-0.8,0.39
41,29,-0.57,0.39,-0.569113023,0.39,-0.57,0.39
41,30,-0.29,0.39,-0.289770407,0.39,-0.29,0.39
41,31,0.0,0.39,0.0,0.39,0.0,0.39
41,32,0.23,0.39,0.23014441700000002,0.39,0.23,0.39
41,33,0.51,0.39,0.510710073,0.39,0.51,0.39
41,34,0.8,0.39,0.8017472,0.39,0.8,0.39
41,35,-0.8,0.6,-0.797312,0.6,-0.8,0.6
41,36,-0.57,0.6,-0.56863542,0.6,-0.57,0.6
41,37,-0.29,0.6,-0.28964678,0.6,-0.29,0.6
41,38,0.0,0.6,0.0,0.6,0.0,0.6
41,39,0.23,0.6,0.23022218,0.6,0.23,0.6
41,40,0.51,0.6,0.51109242,0.6,0.51,0.6
41,41,0.8,0.6,0.8026880000000001,0.6,0.8,0.6
41,42,0.0,0.0,0.0,0.0,0.0,0.0
41,43,0.71,-0.23,0.709188399,-0.23,0.71,-0.23
41,44,-0.37,0.53,-0.369492101,0.53,-0.37,0.53
41,45,0.12,-0.49,0.119950608,-0.49,0.12,-0.49
41,46,-0.73,0.08,-0.729701576,0.08,-0.73,0.08
41,47,0.63,0.44,0.631222452,0.44,0.63,0.44
41,48,-0.19,-0.56,-0.190141512,-0.56,-0.19,-0.56
41,49,0.79,0.31,0.791354297,0.31,0.79,0.31
41,50,-0.61,-0.41,-0.611067927,-0.41,-0.61,-0.41
41,51,0.42,-0.52,0.419357904,-0.52,0.42,-0.52
41,52,-0.48,0.27,-0.479564544,0.27,-0.48,0.27
41,53,0.06,0.58,0.060014616,0.58,0.06,0.58
42,0,-0.8,-0.6,-0.8020160000000001,-0.6,-0.8,-0.6
42,1,-0.57,-0.6,-0.5714364,-0.6,-0.57,-0.6
42,2,-0.29,-0.6,-0.29073079999999996,-0.6,-0.29,-0.6
42,3,0.0,-0.6,0.0,-0.6,0.0,-0.6
42,4,0.23,-0.6,0.23057960000000002,-0.6,0.23,-0.6
42,5,0.51,-0.6,0.5112852,-0.6,0.51,-0.6
42,6,0.8,-0.6,0.8020160000000001,-0.6,0.8,-0.6
42,7,-0.8,-0.33,-0.80060984,-0.33,-0.8,-0.33
42,8,-0.57,-0.33,-0.570434511,-0.33,-0.57,-0.33
42,9,-0.29,-0.33,-0.290221067,-0.33,-0.29,-0.33
42,10,0.0,-0.33,0.0,-0.33,0.0,-0.33
42,11,0.23,-0.33,0.230175329,-0.33,0.23,-0.33
42,12,0.51,-0.33,0.510388773,-0.33,0.51,-0.33
42,13,0.8,-0.33,0.80060984,-0.33,0.8,-0.33
42,14,-0.8,-0.11,-0.80006776,-0.11,-0.8,-0.11
42,15,-0.57,-0.11,-0.570048279,-0.11,-0.57,-0.11
42,16,-0.29,-0.11,-0.29002456299999996,-0.11,-0.29,-0.11
42,17,0.0,-0.11,0.0,-0.11,0.0,-0.11
42,18,0.23,-0.11,0.230019481,-0.11,0.23,-0.11
42,19,0.51,-0.11,0.510043197,-0.11,0.51,-0.11
42,20,0.8,-0.11,0.80006776,-0.11,0.8,-0.11
42,21,-0.8,0.17,-0.80016184,0.17,-0.8,0.17
42,22,-0.57,0.17,-0.5701153109999999,0.17,-0.57,0.17
42,23,-0.29,0.17,-0.290058667,0.17,-0.29,0.17
42,24,0.0,0.17,0.0,0.17,0.0,0.17
42,25,0.23,0.17,0.230046529,0.17,0.23,0.17
42,26,0.51,0.17,0.510103173,0.17,0.51,0.17
42,27,0.8,0.17,0.80016184,0.17,0.8,0.17
42,28,-0.8,0.39,-0.80085176,0.39,-0.8,0.39
42,29,-0.57,0.39,-0.570606879,0.39,-0.57,0.39
42,30,-0.29,0.39,-0.29030876299999997,0.39,-0.29,0.39
42,31,0.0,0.39,0.0,0.39,0.0,0.39
42,32,0.23,0.39,0.230244881,0.39,0.23,0.39
42,33,0.51,0.39,0.510542997,0.39,0.51,0.39
42,34,0.8,0.39,0.80085176,0.39,0.8,0.39
42,35,-0.8,0.6,-0.8020160000000001,0.6,-0.8,0.6
42,36,-0.57,0.6,-0.5714364,0.6,-0.57,0.6
42,37,-0.29,0.6,-0.29073079999999996,0.6,-0.29,0.6
42,38,0.0,0.6,0.0,0.6,0.0,0.6
42,39,0.23,0.6,0.23057960000000002,0.6,0.23,0.6
42,40,0.51,0.6,0.5112852,0.6,0.51,0.6
42,41,0.8,0.6,0.8020160000000001,0.6,0.8,0.6
42,42,0.0,0.0,0.0,0.0,0.0,0.0
42,43,0.71,-0.23,0.710262913,-0.23,0.71,-0.23
42,44,-0.37,0.53,-0.370727531,0.53,-0.37,0.53
42,45,0.12,-0.49,0.12020168399999999,-0.49,0.12,-0.49
42,46,-0.73,0.08,-0.730032704,0.08,-0.73,0.08
42,47,0.63,0.44,0.630853776,0.44,0.63,0.44
42,48,-0.19,-0.56,-0.190417088,-0.56,-0.19,-0.56
42,49,0.79,0.31,0.7905314330000001,0.31,0.79,0.31
42,50,-0.61,-0.41,-0.610717787,-0.41,-0.61,-0.41
42,51,0.42,-0.52,0.420794976,-0.52,0.42,-0.52
42,52,-0.48,0.27,-0.480244944,0.27,-0.48,0.27
42,53,0.06,0.58,0.060141288,0.58,0.06,0.58
43,0,-0.8,-0.6,-0.8020160000000001,-0.6,-0.8,-0.6
43,1,-0.57,-0.6,-0.5714364,-0.6,-0.57,-0.6
43,2,-0.29,-0.6,-0.29073079999999996,-0.6,-0.29,-0.6
43,3,0.0,-0.6,0.0,-0.6,0.0,-0.6
43,4,0.23,-0.6,0.23057960000000002,-0.6,0.23,-0.6
43,5,0.51,-0.6,0.5112852,-0.6,0.51,-0.6
43,6,0.8,-0.6,0.8020160000000001,-0.6,0.8,-0.6
43,7,-0.8,-0.33,-0.80060984,-0.33,-0.8,-0.33
43,8,-0.57,-0.33,-0.570434511,-0.33,-0.57,-0.33
43,9,-0.29,-0.33,-0.290221067,-0.33,-0.29,-0.33
43,10,0.0,-0.33,0.0,-0.33,0.0,-0.33
43,11,0.23,-0.33,0.230175329,-0.33,0.23,-0.33
43,12,0.51,-0.33,0.510388773,-0.33,0.51,-0.33
43,13,0.8,-0.33,0.80060984,-0.33,0.8,-0.33
43,14,-0.8,-0.11,-0.80006776,-0.11,-0.8,-0.11
43,15,-0.57,-0.11,-0.570048279,-0.11,-0.57,-0.11
43,16,-0.29,-0.11,-0.29002456299999996,-0.11,-0.29,-0.11
43,17,0.0,-0.11,0.0,-0.11,0.0,-0.11
43,18,0.23,-0.11,0.230019481,-0.11,0.23,-0.11
43,19,0.51,-0.11,0.510043197,-0.11,0.51,-0.11
43,20,0.8,-0.11,0.80006776,-0.11,0.8,-0.11
43,21,-0.8,0.17,-0.80016184,0.17,-0.8,0.17
43,22,-0.57,0.17,-0.5701153109999999,0.17,-0.57,0.17
43,23,-0.29,0.17,-0.290058667,0.17,-0.29,0.17
43,24,0.0,0.17,0.0,0.17,0.0,0.17
43,25,0.23,0.17,0.230046529,0.17,0.23,0.17
43,26,0.51,0.17,0.510103173,0.17,0.51,0.17
43,27,0.8,0.17,0.80016184,0.17,0.8,0.17
43,28,-0.8,0.39,-0.80085176,0.39,-0.8,0.39
43,29,-0.57,0.39,-0.570606879,0.39,-0.57,0.39
43,30,-0.29,0.39,-0.29030876299999997,0.39,-0.29,0.39
43,31,0.0,0.39,0.0,0.39,0.0,0.39
43,32,0.23,0.39,0.230244881,0.39,0.23,0.39
43,33,0.51,0.39,0.510542997,0.39,0.51,0.39
43,34,0.8,0.39,0.80085176,0.39,0.8,0.39
43,35,-0.8,0.6,-0.8020160000000001,0.6,-0.8,0.6
43,36,-0.57,0.6,-0.5714364,0.6,-0.57,0.6
43,37,-0.29,0.6,-0.29073079999999996,0.6,-0.29,0.6
43,38,0.0,0.6,0.0,0.6,0.0,0.6
43,39,0.23,0.6,0.23057960000000002,0.6,0.23,0.6
43,40,0.51,0.6,0.5112852,0.6,0.51,0.6
43,41,0.8,0.6,0.8020160000000001,0.6,0.8,0.6
43,42,0.0,0.0,0.0,0.0,0.0,0.0
43,43,0.71,-0.23,0.710262913,-0.23,0.71,-0.23
43,44,-0.37,0.53,-0.370727531,0.53,-0.37,0.53
43,45,0.12,-0.49,0.12020168399999999,-0.49,0.12,-0.49
43,46,-0.73,0.08,-0.730032704,0.08,-0.73,0.08
43,47,0.63,0.44,0.630853776,0.44,0.63,0.44
43,48,-0.19,-0.56,-0.190417088,-0.56,-0.19,-0.56
43,49,0.79,0.31,0.7905314330000001,0.31,0.79,0.31
43,50,-0.61,-0.41,-0.610717787,-0.41,-0.61,-0.41
43,51,0.42,-0.52,0.420794976,-0.52,0.42,-0.52
43,52,-0.48,0.27,-0.480244944,0.27,-0.48,0.27
43,53,0.06,0.58,0.060141288,0.58,0.06,0.58
44,0,-0.8,-0.6,-0.801512,-0.6,-0.8,-0.6
44,1,-0.57,-0.6,-0.5715119999999999,-0.6,-0.57,-0.6
44,2,-0.29,-0.6,-0.291512,-0.6,-0.29,-0.6
44,3,0.0,-0.6,-0.0015119999999999997,-0.6,0.0,-0.6
44,4,0.23,-0.6,0.228488,-0.6,0.23,-0.6
44,5,0.51,-0.6,0.508488,-0.6,0.51,-0.6
44,6,0.8,-0.6,0.7984880000000001,-0.6,0.8,-0.6
44,7,-0.8,-0.33,-0.800251559,-0.33,-0.8,-0.33
44,8,-0.57,-0.33,-0.5702515589999999,-0.33,-0.57,-0.33
44,9,-0.29,-0.33,-0.290251559,-0.33,-0.29,-0.33
44,10,0.0,-0.33,-0.00025155900000000005,-0.33,0.0,-0.33
44,11,0.23,-0.33,0.229748441,-0.33,0.23,-0.33
44,12,0.51,-0.33,0.509748441,-0.33,0.51,-0.33
44,13,0.8,-0.33,0.7997484410000001,-0.33,0.8,-0.33
44,14,-0.8,-0.11,-0.800009317,-0.11,-0.8,-0.11
44,15,-0.57,-0.11,-0.5700093169999999,-0.11,-0.57,-0.11
44,16,-0.29,-0.11,-0.290009317,-0.11,-0.29,-0.11
44,17,0.0,-0.11,-9.317e-06,-0.11,0.0,-0.11
44,18,0.23,-0.11,0.229990683,-0.11,0.23,-0.11
44,19,0.51,-0.11,0.5099906830000001,-0.11,0.51,-0.11
44,20,0.8,-0.11,0.7999906830000001,-0.11,0.8,-0.11
44,21,-0.8,0.17,-0.799965609,0.17,-0.8,0.17
44,22,-0.57,0.17,-0.5699656089999999,0.17,-0.57,0.17
44,23,-0.29,0.17,-0.28996560899999996,0.17,-0.29,0.17
44,24,0.0,0.17,3.439100000000001e-05,0.17,0.0,0.17
44,25,0.23,0.17,0.230034391,0.17,0.23,0.17
44,26,0.51,0.17,0.510034391,0.17,0.51,0.17
44,27,0.8,0.17,0.8000343910000001,0.17,0.8,0.17
44,28,-0.8,0.39,-0.799584767,0.39,-0.8,0.39
44,29,-0.57,0.39,-0.5695847669999999,0.39,-0.57,0.39
44,30,-0.29,0.39,-0.28958476699999997,0.39,-0.29,0.39
44,31,0.0,0.39,0.00041523300000000004,0.39,0.0,0.39
44,32,0.23,0.39,0.230415233,0.39,0.23,0.39
44,33,0.51,0.39,0.510415233,0.39,0.51,0.39
44,34,0.8,0.39,0.8004152330000001,0.39,0.8,0.39
44,35,-0.8,0.6,-0.7984880000000001,0.6,-0.8,0.6
44,36,-0.57,0.6,-0.568488,0.6,-0.57,0.6
44,37,-0.29,0.6,-0.28848799999999997,0.6,-0.29,0.6
44,38,0.0,0.6,0.0015119999999999997,0.6,0.0,0.6
44,39,0.23,0.6,0.23151200000000002,0.6,0.23,0.6
44,40,0.51,0.6,0.511512,0.6,0.51,0.6
44,41,0.8,0.6,0.801512,0.6,0.8,0.6
44,42,0.0,0.0,0.0,0.0,0.0,0.0
44,43,0.71,-0.23,0.709914831,-0.23,0.71,-0.23
44,44,-0.37,0.53,-0.368957861,0.53,-0.37,0.53
44,45,0.12,-0.49,0.119176457,-0.49,0.12,-0.49
44,46,-0.73,0.08,-0.729996416,0.08,-0.73,0.08
44,47,0.63,0.44,0.630596288,0.44,0.63,0.44
44,48,-0.19,-0.56,-0.191229312,-0.56,-0.19,-0.56
44,49,0.79,0.31,0.790208537,0.31,0.79,0.31
44,50,-0.61,-0.41,-0.610482447,-0.41,-0.61,-0.41
44,51,0.42,-0.52,0.41901574399999997,-0.52,0.42,-0.52
44,52,-0.48,0.27,-0.479862219,0.27,-0.48,0.27
44,53,0.06,0.58,0.061365784,0.58,0.06,0.58
45,0,-0.8,-0.6,-0.801512,-0.6,-0.8,-0.6
45,1,-0.57,-0.6,-0.5715119999999999,-0.6,-0.57,-0.6
45,2,-0.29,-0.6,-0.291512,-0.6,-0.29,-0.6
45,3,0.0,-0.6,-0.0015119999999999997,-0.6,0.0,-0.6
45,4,0.23,-0.6,0.228488,-0.6,0.23,-0.6
45,5,0.51,-0.6,0.508488,-0.6,0.51,-0.6
45,6,0.8,-0.6,0.7984880000000001,-0.6,0.8,-0.6
45,7,-0.8,-0.33,-0.800251559,-0.33,-0.8,-0.33
45,8,-0.57,-0.33,-0.5702515589999999,-0.33,-0.57,-0.33
45,9,-0.29,-0.33,-0.290251559,-0.33,-0.29,-0.33
45,10,0.0,-0.33,-0.00025155900000000005,-0.33,0.0,-0.33
45,11,0.23,-0.33,0.229748441,-0.33,0.23,-0.33
45,12,0.51,-0.33,0.509748441,-0.33,0.51,-0.33
45,13,0.8,-0.33,0.7997484410000001,-0.33,0.8,-0.33
45,14,-0.8,-0.11,-0.800009317,-0.11,-0.8,-0.11
45,15,-0.57,-0.11,-0.5700093169999999,-0.11,-0.57,-0.11
45,16,-0.29,-0.11,-0.290009317,-0.11,-0.29,-0.11
45,17,0.0,-0.11,-9.317e-06,-0.11,0.0,-0.11
45,18,0.23,-0.11,0.229990683,-0.11,0.23,-0.11
45,19,0.51,-0.11,0.5099906830000001,-0.11,0.51,-0.11
45,20,0.8,-0.11,0.7999906830000001,-0.11,0.8,-0.11
45,21,-0.8,0.17,-0.799965609,0.17,-0.8,0.17
45,22,-0.57,0.17,-0.5699656089999999,0.17,-0.57,0.17
45,23,-0.29,0.17,-0.28996560899999996,0.17,-0.29,0.17
45,24,0.0,0.17,3.439100000000001e-05,0.17,0.0,0.17
45,25,0.23,0.17,0.230034391,0.17,0.23,0.17
45,26,0.51,0.17,0.510034391,0.17,0.51,0.17
45,27,0.8,0.17,0.8000343910000001,0.17,0.8,0.17
45,28,-0.8,0.39,-0.799584767,0.39,-0.8,0.39
45,29,-0.57,0.39,-0.5695847669999999,0.39,-0.57,0.39
45,30,-0.29,0.39,-0.28958476699999997,0.39,-0.29,0.39
45,31,0.0,0.39,0.00041523300000000004,0.39,0.0,0.39
45,32,0.23,0.39,0.230415233,0.39,0.23,0.39
45,33,0.51,0.39,0.510415233,0.39,0.51,0.39
45,34,0.8,0.39,0.8004152330000001,0.39,0.8,0.39
45,35,-0.8,0.6,-0.7984880000000001,0.6,-0.8,0.6
45,36,-0.57,0.6,-0.568488,0.6,-0.57,0.6
45,37,-0.29,0.6,-0.28848799999999997,0.6,-0.29,0.6
45,38,0.0,0.6,0.0015119999999999997,0.6,0.0,0.6
45,39,0.23,0.6,0.23151200000000002,0.6,0.23,0.6
45,40,0.51,0.6,0.511512,0.6,0.51,0.6
45,41,0.8,0.6,0.801512,0.6,0.8,0.6
45,42,0.0,0.0,0.0,0.0,0.0,0.0
45,43,0.71,-0.23,0.709914831,-0.23,0.71,-0.23
45,44,-0.37,0.53,-0.368957861,0.53,-0.37,0.53
45,45,0.12,-0.49,0.119176457,-0.49,0.12,-0.49
45,46,-0.73,0.08,-0.729996416,0.08,-0.73,0.08
45,47,0.63,0.44,0.630596288,0.44,0.63,0.44
45,48,-0.19,-0.56,-0.191229312,-0.56,-0.19,-0.56
45,49,0.79,0.31,0.790208537,0.31,0.79,0.31
45,50,-0.61,-0.41,-0.610482447,-0.41,-0.61,-0.41
45,51,0.42,-0.52,0.41901574399999997,-0.52,0.42,-0.52
45,52,-0.48,0.27,-0.479862219,0.27,-0.48,0.27
45,53,0.06,0.58,0.061365784,0.58,0.06,0.58
46,0,-0.8,-0.6,-0.7971328,-0.6,-0.8,-0.6
46,1,-0.57,-0.6,-0.56926107993,-0.6,-0.57,-0.6
46,2,-0.29,-0.6,-0.28995049033,-0.6,-0.29,-0.6
46,3,0.0,-0.6,0.0,-0.6,0.0,-0.6
46,4,0.23,-0.6,0.23001958887000004,-0.6,0.23,-0.6
46,5,0.51,-0.6,0.51047356407,-0.6,0.51,-0.6
46,6,0.8,-0.6,0.8028672000000001,-0.6,0.8,-0.6
46,7,-0.8,-0.33,-0.7971328,-0.33,-0.8,-0.33
46,8,-0.57,-0.33,-0.56926107993,-0.33,-0.57,-0.33
46,9,-0.29,-0.33,-0.28995049033,-0.33,-0.29,-0.33
46,10,0.0,-0.33,0.0,-0.33,0.0,-0.33
46,11,0.23,-0.33,0.23001958887000004,-0.33,0.23,-0.33
46,12,0.51,-0.33,0.51047356407,-0.33,0.51,-0.33
46,13,0.8,-0.33,0.8028672000000001,-0.33,0.8,-0.33
46,14,-0.8,-0.11,-0.7971328,-0.11,-0.8,-0.11
46,15,-0.57,-0.11,-0.56926107993,-0.11,-0.57,-0.11
46,16,-0.29,-0.11,-0.28995049033,-0.11,-0.29,-0.11
46,17,0.0,-0.11,0.0,-0.11,0.0,-0.11
46,18,0.23,-0.11,0.23001958887000004,-0.11,0.23,-0.11
46,19,0.51,-0.11,0.51047356407,-0.11,0.51,-0.11
46,20,0.8,-0.11,0.8028672000000001,-0.11,0.8,-0.11
46,21,-0.8,0.17,-0.7971328,0.17,-0.8,0.17
46,22,-0.57,0.17,-0.56926107993,0.17,-0.57,0.17
46,23,-0.29,0.17,-0.28995049033,0.17,-0.29,0.17
46,24,0.0,0.17,0.0,0.17,0.0,0.17
46,25,0.23,0.17,0.23001958887000004,0.17,0.23,0.17
46,26,0.51,0.17,0.51047356407,0.17,0.51,0.17
46,27,0.8,0.17,0.8028672000000001,0.17,0.8,0.17
46,28,-0.8,0.39,-0.7971328,0.39,-0.8,0.39
46,29,-0.57,0.39,-0.56926107993,0.39,-0.57,0.39
46,30,-0.29,0.39,-0.28995049033,0.39,-0.29,0.39
46,31,0.0,0.39,0.0,0.39,0.0,0.39
46,32,0.23,0.39,0.23001958887000004,0.39,0.23,0.39
46,33,0.51,0.39,0.51047356407,0.39,0.51,0.39
46,34,0.8,0.39,0.8028672000000001,0.39,0.8,0.39
46,35,-0.8,0.6,-0.7971328,0.6,-0.8,0.6
46,36,-0.57,0.6,-0.56926107993,0.6,-0.57,0.6
46,37,-0.29,0.6,-0.28995049033,0.6,-0.29,0.6
46,38,0.0,0.6,0.0,0.6,0.0,0.6
46,39,0.23,0.6,0.23001958887000004,0.6,0.23,0.6
46,40,0.51,0.6,0.51047356407,0.6,0.51,0.6
46,41,0.8,0.6,0.8028672000000001,0.6,0.8,0.6
46,42,0.0,0.0,0.0,0.0,0.0,0.0
46,43,0.71,-0.23,0.7117788176700001,-0.23,0.71,-0.23
46,44,-0.37,0.53,-0.36986880873,0.53,-0.37,0.53
46,45,0.12,-0.49,0.12000145152000001,-0.49,0.12,-0.49
46,46,-0.73,0.08,-0.72801212313,0.08,-0.73,0.08
46,47,0.63,0.44,0.6311027072700001,0.44,0.63,0.44
46,48,-0.19,-0.56,-0.18999087753,-0.56,-0.19,-0.56
46,49,0.79,0.31,0.79272650567,0.31,0.79,0.31
46,50,-0.61,-0.41,-0.6090307911299999,-0.41,-0.61,-0.41
46,51,0.42,-0.52,0.42021781871999997,-0.52,0.42,-0.52
46,52,-0.48,0.27,-0.47962841087999997,0.27,-0.48,0.27
46,53,0.06,0.58,0.06000009072,0.58,0.06,0.58
47,0,-0.8,-0.6,-0.7971328000000001,-0.6,-0.8,-0.6
47,1,-0.57,-0.6,-0.56926107993,-0.6,-0.57,-0.6
47,2,-0.29,-0.6,-0.28995049033,-0.6,-0.29,-0.6
47,3,0.0,-0.6,0.0,-0.6,0.0,-0.6
47,4,0.23,-0.6,0.23001958887,-0.6,0.23,-0.6
47,5,0.51,-0.6,0.51047356407,-0.6,0.51,-0.6
47,6,0.8,-0.6,0.8028672,-0.6,0.8,-0.6
47,7,-0.8,-0.33,-0.7971328000000001,-0.33,-0.8,-0.33
47,8,-0.57,-0.33,-0.56926107993,-0.33,-0.57,-0.33
47,9,-0.29,-0.33,-0.28995049033,-0.33,-0.29,-0.33
47,10,0.0,-0.33,0.0,-0.33,0.0,-0.33
47,11,0.23,-0.33,0.23001958887,-0.33,0.23,-0.33
47,12,0.51,-0.33,0.51047356407,-0.33,0.51,-0.33
47,13,0.8,-0.33,0.8028672,-0.33,0.8,-0.33
47,14,-0.8,-0.11,-0.7971328000000001,-0.11,-0.8,-0.11
47,15,-0.57,-0.11,-0.56926107993,-0.11,-0.57,-0.11
47,16,-0.29,-0.11,-0.28995049033,-0.11,-0.29,-0.11
47,17,0.0,-0.11,0.0,-0.11,0.0,-0.11
47,18,0.23,-0.11,0.23001958887,-0.11,0.23,-0.11
47,19,0.51,-0.11,0.51047356407,-0.11,0.51,-0.11
47,20,0.8,-0.11,0.8028672,-0.11,0.8,-0.11
47,21,-0.8,0.17,-0.7971328000000001,0.17,-0.8,0.17
47,22,-0.57,0.17,-0.56926107993,0.17,-0.57,0.17
47,23,-0.29,0.17,-0.28995049033,0.17,-0.29,0.17
47,24,0.0,0.17,0.0,0.17,0.0,0.17
47,25,0.23,0.17,0.23001958887,0.17,0.23,0.17
47,26,0.51,0.17,0.51047356407,0.17,0.51,0.17
47,27,0.8,0.17,0.8028672,0.17,0.8,0.17
47,28,-0.8,0.39,-0.7971328000000001,0.39,-0.8,0.39
47,29,-0.57,0.39,-0.56926107993,0.39,-0.57,0.39
47,30,-0.29,0.39,-0.28995049033,0.39,-0.29,0.39
47,31,0.0,0.39,0.0,0.39,0.0,0.39
47,32,0.23,0.39,0.23001958887,0.39,0.23,0.39
47,33,0.51,0.39,0.51047356407,0.39,0.51,0.39
47,34,0.8,0.39,0.8028672,0.39,0.8,0.39
47,35,-0.8,0.6,-0.7971328000000001,0.6,-0.8,0.6
47,36,-0.57,0.6,-0.56926107993,0.6,-0.57,0.6
47,37,-0.29,0.6,-0.28995049033,0.6,-0.29,0.6
47,38,0.0,0.6,0.0,0.6,0.0,0.6
47,39,0.23,0.6,0.23001958887,0.6,0.23,0.6
47,40,0.51,0.6,0.51047356407,0.6,0.51,0.6
47,41,0.8,0.6,0.8028672,0.6,0.8,0.6
47,42,0.0,0.0,0.0,0.0,0.0,0.0
47,43,0.71,-0.23,0.71177881767,-0.23,0.71,-0.23
47,44,-0.37,0.53,-0.36986880873,0.53,-0.37,0.53
47,45,0.12,-0.49,0.12000145152,-0.49,0.12,-0.49
47,46,-0.73,0.08,-0.72801212313,0.08,-0.73,0.08
47,47,0.63,0.44,0.63110270727,0.44,0.63,0.44
47,48,-0.19,-0.56,-0.18999087753,-0.56,-0.19,-0.56
47,49,0.79,0.31,0.79272650567,0.31,0.79,0.31
47,50,-0.61,-0.41,-0.60903079113,-0.41,-0.61,-0.41
47,51,0.42,-0.52,0.42021781871999997,-0.52,0.42,-0.52
47,52,-0.48,0.27,-0.47962841087999997,0.27,-0.48,0.27
47,53,0.06,0.58,0.060000090719999996,0.58,0.06,0.58
48,0,-0.8,-0.6,-0.7978496,-0.6,-0.8,-0.6
48,1,-0.57,-0.6,-0.5692221893999999,-0.6,-0.57,-0.6
48,2,-0.29,-0.6,-0.28989756619999996,-0.6,-0.29,-0.6
48,3,0.0,-0.6,0.0,-0.6,0.0,-0.6
48,4,0.23,-0.6,0.2299488986,-0.6,0.23,-0.6
48,5,0.51,-0.6,0.5094428658,-0.6,0.51,-0.6
48,6,0.8,-0.6,0.7978496,-0.6,0.8,-0.6
48,7,-0.8,-0.33,-0.7988172800000001,-0.33,-0.8,-0.33
48,8,-0.57,-0.33,-0.56957220417,-0.33,-0.57,-0.33
48,9,-0.29,-0.33,-0.28994366141,-0.33,-0.29,-0.33
48,10,0.0,-0.33,0.0,-0.33,0.0,-0.33
48,11,0.23,-0.33,0.22997189423,-0.33,0.23,-0.33
48,12,0.51,-0.33,0.50969357619,-0.33,0.51,-0.33
48,13,0.8,-0.33,0.7988172800000001,-0.33,0.8,-0.33
48,14,-0.8,-0.11,-0.79960576,-0.11,-0.8,-0.11
48,15,-0.57,-0.11,-0.56985740139,-0.11,-0.57,-0.11
48,16,-0.29,-0.11,-0.28998122046999997,-0.11,-0.29,-0.11
48,17,0.0,-0.11,0.0,-0.11,0.0,-0.11
48,18,0.23,-0.11,0.22999063141,-0.11,0.23,-0.11
48,19,0.51,-0.11,0.50989785873,-0.11,0.51,-0.11
48,20,0.8,-0.11,0.79960576,-0.11,0.8,-0.11
48,21,-0.8,0.17,-0.8006092800000001,0.17,-0.8,0.17
48,22,-0.57,0.17,-0.5702203796699999,0.17,-0.57,0.17
48,23,-0.29,0.17,-0.29002902291,0.17,-0.29,0.17
48,24,0.0,0.17,0.0,0.17,0.0,0.17
48,25,0.23,0.17,0.23001447873,0.17,0.23,0.17
48,26,0.51,0.17,0.51015785469,0.17,0.51,0.17
48,27,0.8,0.17,0.8006092800000001,0.17,0.8,0.17
48,28,-0.8,0.39,-0.8013977600000001,0.39,-0.8,0.39
48,29,-0.57,0.39,-0.5705055768899999,0.39,-0.57,0.39
48,30,-0.29,0.39,-0.29006658196999996,0.39,-0.29,0.39
48,31,0.0,0.39,0.0,0.39,0.0,0.39
48,32,0.23,0.39,0.23003321591,0.39,0.23,0.39
48,33,0.51,0.39,0.51036213723,0.39,0.51,0.39
48,34,0.8,0.39,0.8013977600000001,0.39,0.8,0.39
48,35,-0.8,0.6,-0.8021504,0.6,-0.8,0.6
48,36,-0.57,0.6,-0.5707778106,0.6,-0.57,0.6
48,37,-0.29,0.6,-0.2901024338,0.6,-0.29,0.6
48,38,0.0,0.6,0.0,0.6,0.0,0.6
48,39,0.23,0.6,0.2300511014,0.6,0.23,0.6
48,40,0.51,0.6,0.5105571342,0.6,0.51,0.6
48,41,0.8,0.6,0.8021504,0.6,0.8,0.6
48,42,0.0,0.0,0.0,0.0,0.0,0.0
48,43,0.71,-0.23,0.70942376329,-0.23,0.71,-0.23
48,44,-0.37,0.53,-0.37018792263,0.53,-0.37,0.53
48,45,0.12,-0.49,0.11999407295999999,-0.49,0.12,-0.49
48,46,-0.73,0.08,-0.73021784952,0.08,-0.73,0.08
48,47,0.63,0.44,0.63077014476,0.44,0.63,0.44
48,48,-0.19,-0.56,-0.18997311272,-0.56,-0.19,-0.56
48,49,0.79,0.31,0.79106989463,0.31,0.79,0.31
48,50,-0.61,-0.41,-0.60934856453,-0.41,-0.61,-0.41
48,51,0.42,-0.52,0.41973031967999996,-0.52,0.42,-0.52
48,52,-0.48,0.27,-0.48020901888,0.27,-0.48,0.27
48,53,0.06,0.58,0.06000087696,0.58,0.06,0.58
49,0,-0.8,-0.6,-0.7978496,-0.6,-0.8,-0.6
49,1,-0.57,-0.6,-0.5692221893999999,-0.6,-0.57,-0.6
49,2,-0.29,-0.6,-0.28989756619999996,-0.6,-0.29,-0.6
49,3,0.0,-0.6,0.0,-0.6,0.0,-0.6
49,4,0.23,-0.6,0.2299488986,-0.6,0.23,-0.6
49,5,0.51,-0.6,0.5094428658,-0.6,0.51,-0.6
49,6,0.8,-0.6,0.7978496,-0.6,0.8,-0.6
49,7,-0.8,-0.33,-0.7988172800000001,-0.33,-0.8,-0.33
49,8,-0.57,-0.33,-0.56957220417,-0.33,-0.57,-0.33
49,9,-0.29,-0.33,-0.28994366141,-0.33,-0.29,-0.33
49,10,0.0,-0.33,0.0,-0.33,0.0,-0.33
49,11,0.23,-0.33,0.22997189423,-0.33,0.23,-0.33
49,12,0.51,-0.33,0.50969357619,-0.33,0.51,-0.33
49,13,0.8,-0.33,0.7988172800000001,-0.33,0.8,-0.33
49,14,-0.8,-0.11,-0.79960576,-0.11,-0.8,-0.11
49,15,-0.57,-0.11,-0.56985740139,-0.11,-0.57,-0.11
49,16,-0.29,-0.11,-0.28998122046999997,-0.11,-0.29,-0.11
49,17,0.0,-0.11,0.0,-0.11,0.0,-0.11
49,18,0.23,-0.11,0.22999063141,-0.11,0.23,-0.11
49,19,0.51,-0.11,0.50989785873,-0.11,0.51,-0.11
49,20,0.8,-0.11,0.79960576,-0.11,0.8,-0.11
49,21,-0.8,0.17,-0.8006092800000001,0.17,-0.8,0.17
49,22,-0.57,0.17,-0.5702203796699999,0.17,-0.57,0.17
49,23,-0.29,0.17,-0.29002902291,0.17,-0.29,0.17
49,24,0.0,0.17,0.0,0.17,0.0,0.17
49,25,0.23,0.17,0.23001447873,0.17,0.23,0.17
49,26,0.51,0.17,0.51015785469,0.17,0.51,0.17
49,27,0.8,0.17,0.8006092800000001,0.17,0.8,0.17
49,28,-0.8,0.39,-0.8013977600000001,0.39,-0.8,0.39
49,29,-0.57,0.39,-0.5705055768899999,0.39,-0.57,0.39
49,30,-0.29,0.39,-0.29006658196999996,0.39,-0.29,0.39
49,31,0.0,0.39,0.0,0.39,0.0,0.39
49,32,0.23,0.39,0.23003321591,0.39,0.23,0.39
49,33,0.51,0.39,0.51036213723,0.39,0.51,0.39
49,34,0.8,0.39,0.8013977600000001,0.39,0.8,0.39
49,35,-0.8,0.6,-0.8021504,0.6,-0.8,0.6
49,36,-0.57,0.6,-0.5707778106,0.6,-0.57,0.6
49,37,-0.29,0.6,-0.2901024338,0.6,-0.29,0.6
49,38,0.0,0.6,0.0,0.6,0.0,0.6
49,39,0.23,0.6,0.2300511014,0.6,0.23,0.6
49,40,0.51,0.6,0.5105571342,0.6,0.51,0.6
49,41,0.8,0.6,0.8021504,0.6,0.8,0.6
49,42,0.0,0.0,0.0,0.0,0.0,0.0
49,43,0.71,-0.23,0.70942376329,-0.23,0.71,-0.23
49,44,-0.37,0.53,-0.37018792263,0.53,-0.37,0.53
49,45,0.12,-0.49,0.11999407295999999,-0.49,0.12,-0.49
49,46,-0.73,0.08,-0.73021784952,0.08,-0.73,0.08
49,47,0.63,0.44,0.63077014476,0.44,0.63,0.44
49,48,-0.19,-0.56,-0.18997311272,-0.56,-0.19,-0.56
49,49,0.79,0.31,0.79106989463,0.31,0.79,0.31
49,50,-0.61,-0.41,-0.60934856453,-0.41,-0.61,-0.41
49,51,0.42,-0.52,0.41973031967999996,-0.52,0.42,-0.52
49,52,-0.48,0.27,-0.48020901888,0.27,-0.48,0.27
49,53,0.06,0.58,0.06000087696,0.58,0.06,0.58
50,0,-0.8,-0.6,-0.7983872000000001,-0.6,-0.8,-0.6
50,1,-0.57,-0.6,-0.5691812519999999,-0.6,-0.57,-0.6
50,2,-0.29,-0.6,-0.28978806799999995,-0.6,-0.29,-0.6
50,3,0.0,-0.6,0.0,-0.6,0.0,-0.6
50,4,0.23,-0.6,0.230133308,-0.6,0.23,-0.6
50,5,0.51,-0.6,0.510655452,-0.6,0.51,-0.6
50,6,0.8,-0.6,0.8016128,-0.6,0.8,-0.6
50,7,-0.8,-0.33,-0.799512128,-0.33,-0.8,-0.33
50,8,-0.57,-0.33,-0.5697523287299999,-0.33,-0.57,-0.33
50,9,-0.29,-0.33,-0.28993589056999997,-0.33,-0.29,-0.33
50,10,0.0,-0.33,0.0,-0.33,0.0,-0.33
50,11,0.23,-0.33,0.23004032567000002,-0.33,0.23,-0.33
50,12,0.51,-0.33,0.51019827423,-0.33,0.51,-0.33
50,13,0.8,-0.33,0.800487872,-0.33,0.8,-0.33
50,14,-0.8,-0.11,-0.799945792,-0.11,-0.8,-0.11
50,15,-0.57,-0.11,-0.56997248097,-0.11,-0.57,-0.11
50,16,-0.29,-0.11,-0.28999287672999996,-0.11,-0.29,-0.11
50,17,0.0,-0.11,0.0,-0.11,0.0,-0.11
50,18,0.23,-0.11,0.23000448063,-0.11,0.23,-0.11
50,19,0.51,-0.11,0.51002203047,-0.11,0.51,-0.11
50,20,0.8,-0.11,0.800054208,-0.11,0.8,-0.11
50,21,-0.8,0.17,-0.799870528,0.17,-0.8,0.17
50,22,-0.57,0.17,-0.56993427273,0.17,-0.57,0.17
50,23,-0.29,0.17,-0.28998298657,0.17,-0.29,0.17
50,24,0.0,0.17,0.0,0.17,0.0,0.17
50,25,0.23,0.17,0.23001070167,0.17,0.23,0.17
50,26,0.51,0.17,0.51005261823,0.17,0.51,0.17
50,27,0.8,0.17,0.8001294720000001,0.17,0.8,0.17
50,28,-0.8,0.39,-0.799318592,0.39,-0.8,0.39
50,29,-0.57,0.39,-0.56965407897,0.39,-0.57,0.39
50,30,-0.29,0.39,-0.28991045873,0.39,-0.29,0.39
50,31,0.0,0.39,0.0,0.39,0.0,0.39
50,32,0.23,0.39,0.23005632263,0.39,0.23,0.39
50,33,0.51,0.39,0.5102769284700001,0.39,0.51,0.39
50,34,0.8,0.39,0.8006814080000001,0.39,0.8,0.39
50,35,-0.8,0.6,-0.7983872000000001,0.6,-0.8,0.6
50,36,-0.57,0.6,-0.5691812519999999,0.6,-0.57,0.6
50,37,-0.29,0.6,-0.28978806799999995,0.6,-0.29,0.6
50,38,0.0,0.6,0.0,0.6,0.0,0.6
50,39,0.23,0.6,0.230133308,0.6,0.23,0.6
50,40,0.51,0.6,0.510655452,0.6,0.51,0.6
50,41,0.8,0.6,0.8016128,0.6,0.8,0.6
50,42,0.0,0.0,0.0,0.0,0.0,0.0
50,43,0.71,-0.23,0.71018666823,-0.23,0.71,-0.23
50,44,-0.37,0.53,-0.36973081353,0.53,-0.37,0.53
50,45,0.12,-0.49,0.12002420207999999,-0.49,0.12,-0.49
50,46,-0.73,0.08,-0.72997612608,0.08,-0.73,0.08
50,47,0.63,0.44,0.63053787888,0.44,0.63,0.44
50,48,-0.19,-0.56,-0.18992075328,-0.56,-0.19,-0.56
50,49,0.79,0.31,0.79041983207,0.31,0.79,0.31
50,50,-0.61,-0.41,-0.60956214993,-0.41,-0.61,-0.41
50,51,0.42,-0.52,0.42033388992,-0.52,0.42,-0.52
50,52,-0.48,0.27,-0.47988242688,0.27,-0.48,0.27
50,53,0.06,0.58,0.06000847728,0.58,0.06,0.58
51,0,-0.8,-0.6,-0.7983872000000001,-0.6,-0.8,-0.6
51,1,-0.57,-0.6,-0.5691812519999999,-0.6,-0.57,-0.6
51,2,-0.29,-0.6,-0.28978806799999995,-0.6,-0.29,-0.6
51,3,0.0,-0.6,0.0,-0.6,0.0,-0.6
51,4,0.23,-0.6,0.230133308,-0.6,0.23,-0.6
51,5,0.51,-0.6,0.510655452,-0.6,0.51,-0.6
51,6,0.8,-0.6,0.8016128,-0.6,0.8,-0.6
51,7,-0.8,-0.33,-0.799512128,-0.33,-0.8,-0.33
51,8,-0.57,-0.33,-0.5697523287299999,-0.33,-0.57,-0.33
51,9,-0.29,-0.33,-0.28993589056999997,-0.33,-0.29,-0.33
51,10,0.0,-0.33,0.0,-0.33,0.0,-0.33
51,11,0.23,-0.33,0.23004032567000002,-0.33,0.23,-0.33
51,12,0.51,-0.33,0.51019827423,-0.33,0.51,-0.33
51,13,0.8,-0.33,0.800487872,-0.33,0.8,-0.33
51,14,-0.8,-0.11,-0.799945792,-0.11,-0.8,-0.11
51,15,-0.57,-0.11,-0.56997248097,-0.11,-0.57,-0.11
51,16,-0.29,-0.11,-0.28999287672999996,-0.11,-0.29,-0.11
51,17,0.0,-0.11,0.0,-0.11,0.0,-0.11
51,18,0.23,-0.11,0.23000448063,-0.11,0.23,-0.11
51,19,0.51,-0.11,0.51002203047,-0.11,0.51,-0.11
51,20,0.8,-0.11,0.800054208,-0.11,0.8,-0.11
51,21,-0.8,0.17,-0.799870528,0.17,-0.8,0.17
51,22,-0.57,0.17,-0.56993427273,0.17,-0.57,0.17
51,23,-0.29,0.17,-0.28998298657,0.17,-0.29,0.17
51,24,0.0,0.17,0.0,0.17,0.0,0.17
51,25,0.23,0.17,0.23001070167,0.17,0.23,0.17
51,26,0.51,0.17,0.51005261823,0.17,0.51,0.17
51,27,0.8,0.17,0.8001294720000001,0.17,0.8,0.17
51,28,-0.8,0.39,-0.799318592,0.39,-0.8,0.39
51,29,-0.57,0.39,-0.56965407897,0.39,-0.57,0.39
51,30,-0.29,0.39,-0.28991045873,0.39,-0.29,0.39
51,31,0.0,0.39,0.0,0.39,0.0,0.39
51,32,0.23,0.39,0.23005632263,0.39,0.23,0.39
51,33,0.51,0.39,0.5102769284700001,0.39,0.51,0.39
51,34,0.8,0.39,0.8006814080000001,0.39,0.8,0.39
51,35,-0.8,0.6,-0.7983872000000001,0.6,-0.8,0.6
51,36,-0.57,0.6,-0.5691812519999999,0.6,-0.57,0.6
51,37,-0.29,0.6,-0.28978806799999995,0.6,-0.29,0.6
51,38,0.0,0.6,0.0,0.6,0.0,0.6
51,39,0.23,0.6,0.230133308,0.6,0.23,0.6
51,40,0.51,0.6,0.510655452,0.6,0.51,0.6
51,41,0.8,0.6,0.8016128,0.6,0.8,0.6
51,42,0.0,0.0,0.0,0.0,0.0,0.0
51,43,0.71,-0.23,0.71018666823,-0.23,0.71,-0.23
51,44,-0.37,0.53,-0.36973081353,0.53,-0.37,0.53
51,45,0.12,-0.49,0.12002420207999999,-0.49,0.12,-0.49
51,46,-0.73,0.08,-0.72997612608,0.08,-0.73,0.08
51,47,0.63,0.44,0.63053787888,0.44,0.63,0.44
51,48,-0.19,-0.56,-0.18992075328,-0.56,-0.19,-0.56
51,49,0.79,0.31,0.79041983207,0.31,0.79,0.31
51,50,-0.61,-0.41,-0.60956214993,-0.41,-0.61,-0.41
51,51,0.42,-0.52,0.42033388992,-0.52,0.42,-0.52
51,52,-0.48,0.27,-0.47988242688,0.27,-0.48,0.27
51,53,0.06,0.58,0.06000847728,0.58,0.06,0.58
52,0,-0.8,-0.6,-0.7987904,-0.6,-0.8,-0.6
52,1,-0.57,-0.6,-0.56913816,-0.6,-0.57,-0.6
52,2,-0.29,-0.6,-0.28956151999999996,-0.6,-0.29,-0.6
52,3,0.0,-0.6,0.0,-0.6,0.0,-0.6
52,4,0.23,-0.6,0.22965224,-0.6,0.23,-0.6
52,5,0.51,-0.6,0.50922888,-0.6,0.51,-0.6
52,6,0.8,-0.6,0.7987904,-0.6,0.8,-0.6
52,7,-0.8,-0.33,-0.7997987528,-0.33,-0.8,-0.33
52,8,-0.57,-0.33,-0.56985661137,-0.33,-0.57,-0.33
52,9,-0.29,-0.33,-0.28992704788999996,-0.33,-0.29,-0.33
52,10,0.0,-0.33,0.0,-0.33,0.0,-0.33
52,11,0.23,-0.33,0.22994214143,-0.33,0.23,-0.33
52,12,0.51,-0.33,0.50987170491,-0.33,0.51,-0.33
52,13,0.8,-0.33,0.7997987528,-0.33,0.8,-0.33
52,14,-0.8,-0.11,-0.7999925464000001,-0.11,-0.8,-0.11
52,15,-0.57,-0.11,-0.56999468931,-0.11,-0.57,-0.11
52,16,-0.29,-0.11,-0.28999729806999996,-0.11,-0.29,-0.11
52,17,0.0,-0.11,0.0,-0.11,0.0,-0.11
52,18,0.23,-0.11,0.22999785709,-0.11,0.23,-0.11
52,19,0.51,-0.11,0.50999524833,-0.11,0.51,-0.11
52,20,0.8,-0.11,0.7999925464000001,-0.11,0.8,-0.11
52,21,-0.8,0.17,-0.8000275128000001,0.17,-0.8,0.17
52,22,-0.57,0.17,-0.57001960287,0.17,-0.57,0.17
52,23,-0.29,0.17,-0.29000997338999995,0.17,-0.29,0.17
52,24,0.0,0.17,0.0,0.17,0.0,0.17
52,25,0.23,0.17,0.23000790993,0.17,0.23,0.17
52,26,0.51,0.17,0.51001753941,0.17,0.51,0.17
52,27,0.8,0.17,0.8000275128000001,0.17,0.8,0.17
52,28,-0.8,0.39,-0.8003321864,0.39,-0.8,0.39
52,29,-0.57,0.39,-0.57023668281,0.39,-0.57,0.39
52,30,-0.29,0.39,-0.29012041756999996,0.39,-0.29,0.39
52,31,0.0,0.39,0.0,0.39,0.0,0.39
52,32,0.23,0.39,0.23009550359,0.39,0.23,0.39
52,33,0.51,0.39,0.51021176883,0.39,0.51,0.39
52,34,0.8,0.39,0.8003321864,0.39,0.8,0.39
52,35,-0.8,0.6,-0.8012096000000001,0.6,-0.8,0.6
52,36,-0.57,0.6,-0.57086184,0.6,-0.57,0.6
52,37,-0.29,0.6,-0.29043848,0.6,-0.29,0.6
52,38,0.0,0.6,0.0,0.6,0.0,0.6
52,39,0.23,0.6,0.23034776,0.6,0.23,0.6
52,40,0.51,0.6,0.51077112,0.6,0.51,0.6
52,41,0.8,0.6,0.8012096000000001,0.6,0.8,0.6
52,42,0.0,0.0,0.0,0.0,0.0,0.0
52,43,0.71,-0.23,0.70993953001,-0.23,0.71,-0.23
52,44,-0.37,0.53,-0.37038559143,0.53,-0.37,0.53
52,45,0.12,-0.49,0.11990117484,-0.49,0.12,-0.49
52,46,-0.73,0.08,-0.73000261632,0.08,-0.73,0.08
52,47,0.63,0.44,0.63037566144,0.44,0.63,0.44
52,48,-0.19,-0.56,-0.18976643072,-0.56,-0.19,-0.56
52,49,0.79,0.31,0.79016474423,0.31,0.79,0.31
52,50,-0.61,-0.41,-0.60970570733,-0.41,-0.61,-0.41
52,51,0.42,-0.52,0.41958661248,-0.52,0.42,-0.52
52,52,-0.48,0.27,-0.48006613488,0.27,-0.48,0.27
52,53,0.06,0.58,0.06008194704,0.58,0.06,0.58
53,0,-0.8,-0.6,-0.7987904,-0.6,-0.8,-0.6
53,1,-0.57,-0.6,-0.56913816,-0.6,-0.57,-0.6
53,2,-0.29,-0.6,-0.28956151999999996,-0.6,-0.29,-0.6
53,3,0.0,-0.6,0.0,-0.6,0.0,-0.6
53,4,0.23,-0.6,0.22965224,-0.6,0.23,-0.6
53,5,0.51,-0.6,0.50922888,-0.6,0.51,-0.6
53,6,0.8,-0.6,0.7987904,-0.6,0.8,-0.6
53,7,-0.8,-0.33,-0.7997987528,-0.33,-0.8,-0.33
53,8,-0.57,-0.33,-0.56985661137,-0.33,-0.57,-0.33
53,9,-0.29,-0.33,-0.28992704788999996,-0.33,-0.29,-0.33
53,10,0.0,-0.33,0.0,-0.33,0.0,-0.33
53,11,0.23,-0.33,0.22994214143,-0.33,0.23,-0.33
53,12,0.51,-0.33,0.50987170491,-0.33,0.51,-0.33
53,13,0.8,-0.33,0.7997987528,-0.33,0.8,-0.33
53,14,-0.8,-0.11,-0.7999925464000001,-0.11,-0.8,-0.11
53,15,-0.57,-0.11,-0.56999468931,-0.11,-0.57,-0.11
53,16,-0.29,-0.11,-0.28999729806999996,-0.11,-0.29,-0.11
53,17,0.0,-0.11,0.0,-0.11,0.0,-0.11
53,18,0.23,-0.11,0.22999785709,-0.11,0.23,-0.11
53,19,0.51,-0.11,0.50999524833,-0.11,0.51,-0.11
53,20,0.8,-0.11,0.7999925464000001,-0.11,0.8,-0.11
53,21,-0.8,0.17,-0.8000275128000001,0.17,-0.8,0.17
53,22,-0.57,0.17,-0.57001960287,0.17,-0.57,0.17
53,23,-0.29,0.17,-0.29000997338999995,0.17,-0.29,0.17
53,24,0.0,0.17,0.0,0.17,0.0,0.17
53,25,0.23,0.17,0.23000790993,0.17,0.23,0.17
53,26,0.51,0.17,0.51001753941,0.17,0.51,0.17
53,27,0.8,0.17,0.8000275128000001,0.17,0.8,0.17
53,28,-0.8,0.39,-0.8003321864,0.39,-0.8,0.39
53,29,-0.57,0.39,-0.57023668281,0.39,-0.57,0.39
53,30,-0.29,0.39,-0.29012041756999996,0.39,-0.29,0.39
53,31,0.0,0.39,0.0,0.39,0.0,0.39
53,32,0.23,0.39,0.23009550359,0.39,0.23,0.39
53,33,0.51,0.39,0.51021176883,0.39,0.51,0.39
53,34,0.8,0.39,0.8003321864,0.39,0.8,0.39
53,35,-0.8,0.6,-0.8012096000000001,0.6,-0.8,0.6
53,36,-0.57,0.6,-0.57086184,0.6,-0.57,0.6
53,37,-0.29,0.6,-0.29043848,0.6,-0.29,0.6
53,38,0.0,0.6,0.0,0.6,0.0,0.6
53,39,0.23,0.6,0.23034776,0.6,0.23,0.6
53,40,0.51,0.6,0.51077112,0.6,0.51,0.6
53,41,0.8,0.6,0.8012096000000001,0.6,0.8,0.6
53,42,0.0,0.0,0.0,0.0,0.0,0.0
53,43,0.71,-0.23,0.70993953001,-0.23,0.71,-0.23
53,44,-0.37,0.53,-0.37038559143,0.53,-0.37,0.53
53,45,0.12,-0.49,0.11990117484,-0.49,0.12,-0.49
53,46,-0.73,0.08,-0.73000261632,0.08,-0.73,0.08
53,47,0.63,0.44,0.63037566144,0.44,0.63,0.44
53,48,-0.19,-0.56,-0.18976643072,-0.56,-0.19,-0.56
53,49,0.79,0.31,0.79016474423,0.31,0.79,0.31
53,50,-0.61,-0.41,-0.60970570733,-0.41,-0.61,-0.41
53,51,0.42,-0.52,0.41958661248,-0.52,0.42,-0.52
53,52,-0.48,0.27,-0.48006613488,0.27,-0.48,0.27
53,53,0.06,0.58,0.06008194704,0.58,0.06,0.58
54,0,-0.8,-0.6,-0.7990928,-0.6,-0.8,-0.6
54,1,-0.57,-0.6,-0.5690928,-0.6,-0.57,-0.6
54,2,-0.29,-0.6,-0.2890928,-0.6,-0.29,-0.6
54,3,0.0,-0.6,0.0009071999999999997,-0.6,0.0,-0.6
54,4,0.23,-0.6,0.2309072,-0.6,0.23,-0.6
54,5,0.51,-0.6,0.5109072,-0.6,0.51,-0.6
54,6,0.8,-0.6,0.8009072,-0.6,0.8,-0.6
54,7,-0.8,-0.33,-0.79991698553,-0.33,-0.8,-0.33
54,8,-0.57,-0.33,-0.5699169855299999,-0.33,-0.57,-0.33
54,9,-0.29,-0.33,-0.28991698553,-0.33,-0.29,-0.33
54,10,0.0,-0.33,8.301447000000002e-05,-0.33,0.0,-0.33
54,11,0.23,-0.33,0.23008301447,-0.33,0.23,-0.33
54,12,0.51,-0.33,0.51008301447,-0.33,0.51,-0.33
54,13,0.8,-0.33,0.8000830144700001,-0.33,0.8,-0.33
54,14,-0.8,-0.11,-0.7999989751300001,-0.11,-0.8,-0.11
54,15,-0.57,-0.11,-0.56999897513,-0.11,-0.57,-0.11
54,16,-0.29,-0.11,-0.28999897513,-0.11,-0.29,-0.11
54,17,0.0,-0.11,1.0248700000000002e-06,-0.11,0.0,-0.11
54,18,0.23,-0.11,0.23000102487000001,-0.11,0.23,-0.11
54,19,0.51,-0.11,0.51000102487,-0.11,0.51,-0.11
54,20,0.8,-0.11,0.80000102487,-0.11,0.8,-0.11
54,21,-0.8,0.17,-0.79999415353,0.17,-0.8,0.17
54,22,-0.57,0.17,-0.5699941535299999,0.17,-0.57,0.17
54,23,-0.29,0.17,-0.28999415352999997,0.17,-0.29,0.17
54,24,0.0,0.17,5.846470000000002e-06,0.17,0.0,0.17
54,25,0.23,0.17,0.23000584647,0.17,0.23,0.17
54,26,0.51,0.17,0.51000584647,0.17,0.51,0.17
54,27,0.8,0.17,0.8000058464700001,0.17,0.8,0.17
54,28,-0.8,0.39,-0.7998380591300001,0.39,-0.8,0.39
54,29,-0.57,0.39,-0.56983805913,0.39,-0.57,0.39
54,30,-0.29,0.39,-0.28983805913,0.39,-0.29,0.39
54,31,0.0,0.39,0.00016194087000000003,0.39,0.0,0.39
54,32,0.23,0.39,0.23016194087,0.39,0.23,0.39
54,33,0.51,0.39,0.51016194087,0.39,0.51,0.39
54,34,0.8,0.39,0.80016194087,0.39,0.8,0.39
54,35,-0.8,0.6,-0.7990928,0.6,-0.8,0.6
54,36,-0.57,0.6,-0.5690928,0.6,-0.57,0.6
54,37,-0.29,0.6,-0.2890928,0.6,-0.29,0.6
54,38,0.0,0.6,0.0009071999999999997,0.6,0.0,0.6
54,39,0.23,0.6,0.2309072,0.6,0.23,0.6
54,40,0.51,0.6,0.5109072,0.6,0.51,0.6
54,41,0.8,0.6,0.8009072,0.6,0.8,0.6
54,42,0.0,0.0,0.0,0.0,0.0,0.0
54,43,0.71,-0.23,0.7100195888699999,-0.23,0.71,-0.23
54,44,-0.37,0.53,-0.36944766633,0.53,-0.37,0.53
54,45,0.12,-0.49,0.12040353607,-0.49,0.12,-0.49
54,46,-0.73,0.08,-0.72999971328,0.08,-0.73,0.08
54,47,0.63,0.44,0.63026236672,0.44,0.63,0.44
54,48,-0.19,-0.56,-0.18931158528,-0.56,-0.19,-0.56
54,49,0.79,0.31,0.7900646464700001,0.31,0.79,0.31
54,50,-0.61,-0.41,-0.60980219673,-0.41,-0.61,-0.41
54,51,0.42,-0.52,0.42051181311999997,-0.52,0.42,-0.52
54,52,-0.48,0.27,-0.47996279913,0.27,-0.48,0.27
54,53,0.06,0.58,0.06079215472,0.58,0.06,0.58
55,0,-0.8,-0.6,-0.7990928,-0.6,-0.8,-0.6
55,1,-0.57,-0.6,-0.5690928,-0.6,-0.57,-0.6
55,2,-0.29,-0.6,-0.2890928,-0.6,-0.29,-0.6
55,3,0.0,-0.6,0.0009071999999999997,-0.6,0.0,-0.6
55,4,0.23,-0.6,0.2309072,-0.6,0.23,-0.6
55,5,0.51,-0.6,0.5109072,-0.6,0.51,-0.6
55,6,0.8,-0.6,0.8009072,-0.6,0.8,-0.6
55,7,-0.8,-0.33,-0.79991698553,-0.33,-0.8,-0.33
55,8,-0.57,-0.33,-0.5699169855299999,-0.33,-0.57,-0.33
55,9,-0.29,-0.33,-0.28991698553,-0.33,-0.29,-0.33
55,10,0.0,-0.33,8.301447000000002e-05,-0.33,0.0,-0.33
55,11,0.23,-0.33,0.23008301447,-0.33,0.23,-0.33
55,12,0.51,-0.33,0.51008301447,-0.33,0.51,-0.33
55,13,0.8,-0.33,0.8000830144700001,-0.33,0.8,-0.33
55,14,-0.8,-0.11,-0.7999989751300001,-0.11,-0.8,-0.11
55,15,-0.57,-0.11,-0.56999897513,-0.11,-0.57,-0.11
55,16,-0.29,-0.11,-0.28999897513,-0.11,-0.29,-0.11
55,17,0.0,-0.11,1.0248700000000002e-06,-0.11,0.0,-0.11
55,18,0.23,-0.11,0.23000102487000001,-0.11,0.23,-0.11
55,19,0.51,-0.11,0.51000102487,-0.11,0.51,-0.11
55,20,0.8,-0.11,0.80000102487,-0.11,0.8,-0.11
55,21,-0.8,0.17,-0.79999415353,0.17,-0.8,0.17
55,22,-0.57,0.17,-0.5699941535299999,0.17,-0.57,0.17
55,23,-0.29,0.17,-0.28999415352999997,0.17,-0.29,0.17
55,24,0.0,0.17,5.846470000000002e-06,0.17,0.0,0.17
55,25,0.23,0.17,0.23000584647,0.17,0.23,0.17
55,26,0.51,0.17,0.51000584647,0.17,0.51,0.17
55,27,0.8,0.17,0.8000058464700001,0.17,0.8,0.17
55,28,-0.8,0.39,-0.7998380591300001,0.39,-0.8,0.39
55,29,-0.57,0.39,-0.56983805913,0.39,-0.57,0.39
55,30,-0.29,0.39,-0.28983805913,0.39,-0.29,0.39
55,31,0.0,0.39,0.00016194087000000003,0.39,0.0,0.39
55,32,0.23,0.39,0.23016194087,0.39,0.23,0.39
55,33,0.51,0.39,0.51016194087,0.39,0.51,0.39
55,34,0.8,0.39,0.80016194087,0.39,0.8,0.39
55,35,-0.8,0.6,-0.7990928,0.6,-0.8,0.6
55,36,-0.57,0.6,-0.5690928,0.6,-0.57,0.6
55,37,-0.29,0.6,-0.2890928,0.6,-0.29,0.6
55,38,0.0,0.6,0.0009071999999999997,0.6,0.0,0.6
55,39,0.23,0.6,0.2309072,0.6,0.23,0.6
55,40,0.51,0.6,0.5109072,0.6,0.51,0.6
55,41,0.8,0.6,0.8009072,0.6,0.8,0.6
55,42,0.0,0.0,0.0,0.0,0.0,0.0
55,43,0.71,-0.23,0.7100195888699999,-0.23,0.71,-0.23
55,44,-0.37,0.53,-0.36944766633,0.53,-0.37,0.53
55,45,0.12,-0.49,0.12040353607,-0.49,0.12,-0.49
55,46,-0.73,0.08,-0.72999971328,0.08,-0.73,0.08
55,47,0.63,0.44,0.63026236672,0.44,0.63,0.44
55,48,-0.19,-0.56,-0.18931158528,-0.56,-0.19,-0.56
55,49,0.79,0.31,0.7900646464700001,0.31,0.79,0.31
55,50,-0.61,-0.41,-0.60980219673,-0.41,-0.61,-0.41
55,51,0.42,-0.52,0.42051181311999997,-0.52,0.42,-0.52
55,52,-0.48,0.27,-0.47996279913,0.27,-0.48,0.27
55,53,0.06,0.58,0.06079215472,0.58,0.06,0.58
56,0,-0.8,-0.6,-0.8022937600000001,-0.6,-0.8,-0.6
56,1,-0.57,-0.6,-0.5704211844399,-0.6,-0.57,-0.6
56,2,-0.29,-0.6,-0.29001435780429996,-0.6,-0.29,-0.6
56,3,0.0,-0.6,0.0,-0.6,0.0,-0.6
56,4,0.23,-0.6,0.23000450544010004,-0.6,0.23,-0.6
56,5,0.51,-0.6,0.5102415176757,-0.6,0.51,-0.6
56,6,0.8,-0.6,0.8022937600000001,-0.6,0.8,-0.6
56,7,-0.8,-0.33,-0.8022937600000001,-0.33,-0.8,-0.33
56,8,-0.57,-0.33,-0.5704211844399,-0.33,-0.57,-0.33
56,9,-0.29,-0.33,-0.29001435780429996,-0.33,-0.29,-0.33
56,10,0.0,-0.33,0.0,-0.33,0.0,-0.33
56,11,0.23,-0.33,0.23000450544010004,-0.33,0.23,-0.33
56,12,0.51,-0.33,0.5102415176757,-0.33,0.51,-0.33
56,13,0.8,-0.33,0.8022937600000001,-0.33,0.8,-0.33
56,14,-0.8,-0.11,-0.8022937600000001,-0.11,-0.8,-0.11
56,15,-0.57,-0.11,-0.5704211844399,-0.11,-0.57,-0.11
56,16,-0.29,-0.11,-0.29001435780429996,-0.11,-0.29,-0.11
56,17,0.0,-0.11,0.0,-0.11,0.0,-0.11
56,18,0.23,-0.11,0.23000450544010004,-0.11,0.23,-0.11
56,19,0.51,-0.11,0.5102415176757,-0.11,0.51,-0.11
56,20,0.8,-0.11,0.8022937600000001,-0.11,0.8,-0.11
56,21,-0.8,0.17,-0.8022937600000001,0.17,-0.8,0.17
56,22,-0.57,0.17,-0.5704211844399,0.17,-0.57,0.17
56,23,-0.29,0.17,-0.29001435780429996,0.17,-0.29,0.17
56,24,0.0,0.17,0.0,0.17,0.0,0.17
56,25,0.23,0.17,0.23000450544010004,0.17,0.23,0.17
56,26,0.51,0.17,0.5102415176757,0.17,0.51,0.17
56,27,0.8,0.17,0.8022937600000001,0.17,0.8,0.17
56,28,-0.8,0.39,-0.8022937600000001,0.39,-0.8,0.39
56,29,-0.57,0.39,-0.5704211844399,0.39,-0.57,0.39
56,30,-0.29,0.39,-0.29001435780429996,0.39,-0.29,0.39
56,31,0.0,0.39,0.0,0.39,0.0,0.39
56,32,0.23,0.39,0.23000450544010004,0.39,0.23,0.39
56,33,0.51,0.39,0.5102415176757,0.39,0.51,0.39
56,34,0.8,0.39,0.8022937600000001,0.39,0.8,0.39
56,35,-0.8,0.6,-0.8022937600000001,0.6,-0.8,0.6
56,36,-0.57,0.6,-0.5704211844399,0.6,-0.57,0.6
56,37,-0.29,0.6,-0.29001435780429996,0.6,-0.29,0.6
56,38,0.0,0.6,0.0,0.6,0.0,0.6
56,39,0.23,0.6,0.23000450544010004,0.6,0.23,0.6
56,40,0.51,0.6,0.5102415176757,0.6,0.51,0.6
56,41,0.8,0.6,0.8022937600000001,0.6,0.8,0.6
56,42,0.0,0.0,0.0,0.0,0.0,0.0
56,43,0.71,-0.23,0.7112629605456999,-0.23,0.71,-0.23
56,44,-0.37,0.53,-0.37004854076989996,0.53,-0.37,0.53
56,45,0.12,-0.49,0.1200001741824,-0.49,0.12,-0.49
56,46,-0.73,0.08,-0.7314511501150999,0.08,-0.73,0.08
56,47,0.63,0.44,0.6306947055801,0.44,0.63,0.44
56,48,-0.19,-0.56,-0.1900017332693,-0.56,-0.19,-0.56
56,49,0.79,0.31,0.7921539394793001,0.31,0.79,0.31
56,50,-0.61,-0.41,-0.6105912174107,-0.41,-0.61,-0.41
56,51,0.42,-0.52,0.4200914838624,-0.52,0.42,-0.52
56,52,-0.48,0.27,-0.4801783627776,0.27,-0.48,0.27
56,53,0.06,0.58,0.06000000544319999,0.58,0.06,0.58
57,0,-0.8,-0.6,-0.8022937600000001,-0.6,-0.8,-0.6
57,1,-0.57,-0.6,-0.5704211844399,-0.6,-0.57,-0.6
57,2,-0.29,-0.6,-0.29001435780429996,-0.6,-0.29,-0.6
57,3,0.0,-0.6,0.0,-0.6,0.0,-0.6
57,4,0.23,-0.6,0.2300045054401,-0.6,0.23,-0.6
57,5,0.51,-0.6,0.5102415176757,-0.6,0.51,-0.6
57,6,0.8,-0.6,0.8022937600000001,-0.6,0.8,-0.6
57,7,-0.8,-0.33,-0.8022937600000001,-0.33,-0.8,-0.33
57,8,-0.57,-0.33,-0.5704211844399,-0.33,-0.57,-0.33
57,9,-0.29,-0.33,-0.29001435780429996,-0.33,-0.29,-0.33
57,10,0.0,-0.33,0.0,-0.33,0.0,-0.33
57,11,0.23,-0.33,0.2300045054401,-0.33,0.23,-0.33
57,12,0.51,-0.33,0.5102415176757,-0.33,0.51,-0.33
57,13,0.8,-0.33,0.8022937600000001,-0.33,0.8,-0.33
57,14,-0.8,-0.11,-0.8022937600000001,-0.11,-0.8,-0.11
57,15,-0.57,-0.11,-0.5704211844399,-0.11,-0.57,-0.11
57,16,-0.29,-0.11,-0.29001435780429996,-0.11,-0.29,-0.11
57,17,0.0,-0.11,0.0,-0.11,0.0,-0.11
57,18,0.23,-0.11,0.2300045054401,-0.11,0.23,-0.11
57,19,0.51,-0.11,0.5102415176757,-0.11,0.51,-0.11
57,20,0.8,-0.11,0.8022937600000001,-0.11,0.8,-0.11
57,21,-0.8,0.17,-0.8022937600000001,0.17,-0.8,0.17
57,22,-0.57,0.17,-0.5704211844399,0.17,-0.57,0.17
57,23,-0.29,0.17,-0.29001435780429996,0.17,-0.29,0.17
57,24,0.0,0.17,0.0,0.17,0.0,0.17
57,25,0.23,0.17,0.2300045054401,0.17,0.23,0.17
57,26,0.51,0.17,0.5102415176757,0.17,0.51,0.17
57,27,0.8,0.17,0.8022937600000001,0.17,0.8,0.17
57,28,-0.8,0.39,-0.8022937600000001,0.39,-0.8,0.39
57,29,-0.57,0.39,-0.5704211844399,0.39,-0.57,0.39
57,30,-0.29,0.39,-0.29001435780429996,0.39,-0.29,0.39
57,31,0.0,0.39,0.0,0.39,0.0,0.39
57,32,0.23,0.39,0.2300045054401,0.39,0.23,0.39
57,33,0.51,0.39,0.5102415176757,0.39,0.51,0.39
57,34,0.8,0.39,0.8022937600000001,0.39,0.8,0.39
57,35,-0.8,0.6,-0.8022937600000001,0.6,-0.8,0.6
57,36,-0.57,0.6,-0.5704211844399,0.6,-0.57,0.6
57,37,-0.29,0.6,-0.29001435780429996,0.6,-0.29,0.6
57,38,0.0,0.6,0.0,0.6,0.0,0.6
57,39,0.23,0.6,0.2300045054401,0.6,0.23,0.6
57,40,0.51,0.6,0.5102415176757,0.6,0.51,0.6
57,41,0.8,0.6,0.8022937600000001,0.6,0.8,0.6
57,42,0.0,0.0,0.0,0.0,0.0,0.0
57,43,0.71,-0.23,0.7112629605456999,-0.23,0.71,-0.23
57,44,-0.37,0.53,-0.3700485407699,0.53,-0.37,0.53
57,45,0.12,-0.49,0.1200001741824,-0.49,0.12,-0.49
57,46,-0.73,0.08,-0.7314511501151,0.08,-0.73,0.08
57,47,0.63,0.44,0.6306947055801,0.44,0.63,0.44
57,48,-0.19,-0.56,-0.1900017332693,-0.56,-0.19,-0.56
57,49,0.79,0.31,0.7921539394793,0.31,0.79,0.31
57,50,-0.61,-0.41,-0.6105912174107,-0.41,-0.61,-0.41
57,51,0.42,-0.52,0.4200914838624,-0.52,0.42,-0.52
57,52,-0.48,0.27,-0.4801783627776,0.27,-0.48,0.27
57,53,0.06,0.58,0.0600000054432,0.58,0.06,0.58
58,0,-0.8,-0.6,-0.80172032,-0.6,-0.8,-0.6
58,1,-0.57,-0.6,-0.5704433520419999,-0.6,-0.57,-0.6
58,2,-0.29,-0.6,-0.290029705802,-0.6,-0.29,-0.6
58,3,0.0,-0.6,0.0,-0.6,0.0,-0.6
58,4,0.23,-0.6,0.229988246678,-0.6,0.23,-0.6
58,5,0.51,-0.6,0.509715861558,-0.6,0.51,-0.6
58,6,0.8,-0.6,0.79827968,-0.6,0.8,-0.6
58,7,-0.8,-0.33,-0.8009461760000001,-0.33,-0.8,-0.33
58,8,-0.57,-0.33,-0.5702438436231,-0.33,-0.57,-0.33
58,9,-0.29,-0.33,-0.29001633819109995,-0.33,-0.29,-0.33
58,10,0.0,-0.33,0.0,-0.33,0.0,-0.33
58,11,0.23,-0.33,0.2299935356729,-0.33,0.23,-0.33
58,12,0.51,-0.33,0.5098437238569,-0.33,0.51,-0.33
58,13,0.8,-0.33,0.799053824,-0.33,0.8,-0.33
58,14,-0.8,-0.11,-0.800315392,-0.11,-0.8,-0.11
58,15,-0.57,-0.11,-0.5700812812077,-0.11,-0.57,-0.11
58,16,-0.29,-0.11,-0.2900054460637,-0.11,-0.29,-0.11
58,17,0.0,-0.11,0.0,-0.11,0.0,-0.11
58,18,0.23,-0.11,0.2299978452243,-0.11,0.23,-0.11
58,19,0.51,-0.11,0.5099479079523,-0.11,0.51,-0.11
58,20,0.8,-0.11,0.7996846080000001,-0.11,0.8,-0.11
58,21,-0.8,0.17,-0.799512576,0.17,-0.8,0.17
58,22,-0.57,0.17,-0.5698743835880999,0.17,-0.57,0.17
58,23,-0.29,0.17,-0.2899915833561,0.17,-0.29,0.17
58,24,0.0,0.17,0.0,0.17,0.0,0.17
58,25,0.23,0.17,0.2300033301079,0.17,0.23,0.17
58,26,0.51,0.17,0.5100805058919,0.17,0.51,0.17
58,27,0.8,0.17,0.8004874240000001,0.17,0.8,0.17
58,28,-0.8,0.39,-0.7988817920000001,0.39,-0.8,0.39
58,29,-0.57,0.39,-0.5697118211726999,0.39,-0.57,0.39
58,30,-0.29,0.39,-0.28998069122869996,0.39,-0.29,0.39
58,31,0.0,0.39,0.0,0.39,0.0,0.39
58,32,0.23,0.39,0.23000763965930002,0.39,0.23,0.39
58,33,0.51,0.39,0.5101846899873,0.39,0.51,0.39
58,34,0.8,0.39,0.801118208,0.39,0.8,0.39
58,35,-0.8,0.6,-0.79827968,0.6,-0.8,0.6
58,36,-0.57,0.6,-0.569556647958,0.6,-0.57,0.6
58,37,-0.29,0.6,-0.28997029419799997,0.6,-0.29,0.6
58,38,0.0,0.6,0.0,0.6,0.0,0.6
58,39,0.23,0.6,0.23001175332200002,0.6,0.23,0.6
58,40,0.51,0.6,0.510284138442,0.6,0.51,0.6
58,41,0.8,0.6,0.80172032,0.6,0.8,0.6
58,42,0.0,0.0,0.0,0.0,0.0,0.0
58,43,0.71,-0.23,0.7095908719359,-0.23,0.71,-0.23
58,44,-0.37,0.53,-0.3699304686269,0.53,-0.37,0.53
58,45,0.12,-0.49,0.1199992887552,-0.49,0.12,-0.49
58,46,-0.73,0.08,-0.7298409698504,0.08,-0.73,0.08
58,47,0.63,0.44,0.6304851911988,0.44,0.63,0.44
58,48,-0.19,-0.56,-0.1900051085832,-0.56,-0.19,-0.56
58,49,0.79,0.31,0.7908452167577,0.31,0.79,0.31
58,50,-0.61,-0.41,-0.6103973756366999,-0.41,-0.61,-0.41
58,51,0.42,-0.52,0.41988673426559997,-0.52,0.42,-0.52
58,52,-0.48,0.27,-0.4798996709376,0.27,-0.48,0.27
58,53,0.06,0.58,0.0600000526176,0.58,0.06,0.58
59,0,-0.8,-0.6,-0.80172032,-0.6,-0.8,-0.6
59,1,-0.57,-0.6,-0.5704433520419999,-0.6,-0.57,-0.6
59,2,-0.29,-0.6,-0.290029705802,-0.6,-0.29,-0.6
59,3,0.0,-0.6,0.0,-0.6,0.0,-0.6
59,4,0.23,-0.6,0.229988246678,-0.6,0.23,-0.6
59,5,0.51,-0.6,0.509715861558,-0.6,0.51,-0.6
59,6,0.8,-0.6,0.79827968,-0.6,0.8,-0.6
59,7,-0.8,-0.33,-0.8009461760000001,-0.33,-0.8,-0.33
59,8,-0.57,-0.33,-0.5702438436231,-0.33,-0.57,-0.33
59,9,-0.29,-0.33,-0.29001633819109995,-0.33,-0.29,-0.33
59,10,0.0,-0.33,0.0,-0.33,0.0,-0.33
59,11,0.23,-0.33,0.2299935356729,-0.33,0.23,-0.33
59,12,0.51,-0.33,0.5098437238569,-0.33,0.51,-0.33
59,13,0.8,-0.33,0.799053824,-0.33,0.8,-0.33
59,14,-0.8,-0.11,-0.800315392,-0.11,-0.8,-0.11
59,15,-0.57,-0.11,-0.5700812812077,-0.11,-0.57,-0.11
59,16,-0.29,-0.11,-0.2900054460637,-0.11,-0.29,-0.11
59,17,0.0,-0.11,0.0,-0.11,0.0,-0.11
59,18,0.23,-0.11,0.2299978452243,-0.11,0.23,-0.11
59,19,0.51,-0.11,0.5099479079523,-0.11,0.51,-0.11
59,20,0.8,-0.11,0.7996846080000001,-0.11,0.8,-0.11
59,21,-0.8,0.17,-0.799512576,0.17,-0.8,0.17
59,22,-0.57,0.17,-0.5698743835880999,0.17,-0.57,0.17
59,23,-0.29,0.17,-0.2899915833561,0.17,-0.29,0.17
59,24,0.0,0.17,0.0,0.17,0.0,0.17
59,25,0.23,0.17,0.2300033301079,0.17,0.23,0.17
59,26,0.51,0.17,0.5100805058919,0.17,0.51,0.17
59,27,0.8,0.17,0.8004874240000001,0.17,0.8,0.17
59,28,-0.8,0.39,-0.7988817920000001,0.39,-0.8,0.39
59,29,-0.57,0.39,-0.5697118211726999,0.39,-0.57,0.39
59,30,-0.29,0.39,-0.28998069122869996,0.39,-0.29,0.39
59,31,0.0,0.39,0.0,0.39,0.0,0.39
59,32,0.23,0.39,0.23000763965930002,0.39,0.23,0.39
59,33,0.51,0.39,0.5101846899873,0.39,0.51,0.39
59,34,0.8,0.39,0.801118208,0.39,0.8,0.39
59,35,-0.8,0.6,-0.79827968,0.6,-0.8,0.6
59,36,-0.57,0.6,-0.569556647958,0.6,-0.57,0.6
59,37,-0.29,0.6,-0.28997029419799997,0.6,-0.29,0.6
59,38,0.0,0.6,0.0,0.6,0.0,0.6
59,39,0.23,0.6,0.23001175332200002,0.6,0.23,0.6
59,40,0.51,0.6,0.510284138442,0.6,0.51,0.6
59,41,0.8,0.6,0.80172032,0.6,0.8,0.6
59,42,0.0,0.0,0.0,0.0,0.0,0.0
59,43,0.71,-0.23,0.7095908719359,-0.23,0.71,-0.23
59,44,-0.37,0.53,-0.3699304686269,0.53,-0.37,0.53
59,45,0.12,-0.49,0.1199992887552,-0.49,0.12,-0.49
59,46,-0.73,0.08,-0.7298409698504,0.08,-0.73,0.08
59,47,0.63,0.44,0.6304851911988,0.44,0.63,0.44
59,48,-0.19,-0.56,-0.1900051085832,-0.56,-0.19,-0.56
59,49,0.79,0.31,0.7908452167577,0.31,0.79,0.31
59,50,-0.61,-0.41,-0.6103973756366999,-0.41,-0.61,-0.41
59,51,0.42,-0.52,0.41988673426559997,-0.52,0.42,-0.52
59,52,-0.48,0.27,-0.4798996709376,0.27,-0.48,0.27
59,53,0.06,0.58,0.0600000526176,0.58,0.06,0.58
60,0,-0.8,-0.6,-0.80129024,-0.6,-0.8,-0.6
60,1,-0.57,-0.6,-0.57046668636,-0.6,-0.57,-0.6
60,2,-0.29,-0.6,-0.29006146027999996,-0.6,-0.29,-0.6
60,3,0.0,-0.6,0.0,-0.6,0.0,-0.6
60,4,0.23,-0.6,0.23003066084,-0.6,0.23,-0.6
60,5,0.51,-0.6,0.51033428052,-0.6,0.51,-0.6
60,6,0.8,-0.6,0.80129024,-0.6,0.8,-0.6
60,7,-0.8,-0.33,-0.8003902976,-0.33,-0.8,-0.33
60,8,-0.57,-0.33,-0.5701411726239,-0.33,-0.57,-0.33
60,9,-0.29,-0.33,-0.29001859173469996,-0.33,-0.29,-0.33
60,10,0.0,-0.33,0.0,-0.33,0.0,-0.33
60,11,0.23,-0.33,0.2300092749041,-0.33,0.23,-0.33
60,12,0.51,-0.33,0.5101011198573,-0.33,0.51,-0.33
60,13,0.8,-0.33,0.8003902976,-0.33,0.8,-0.33
60,14,-0.8,-0.11,-0.8000433664000001,-0.11,-0.8,-0.11
60,15,-0.57,-0.11,-0.5700156858470999,-0.11,-0.57,-0.11
60,16,-0.29,-0.11,-0.29000206574829995,-0.11,-0.29,-0.11
60,17,0.0,-0.11,0.0,-0.11,0.0,-0.11
60,18,0.23,-0.11,0.2300010305449,-0.11,0.23,-0.11
60,19,0.51,-0.11,0.5100112355397,-0.11,0.51,-0.11
60,20,0.8,-0.11,0.8000433664000001,-0.11,0.8,-0.11
60,21,-0.8,0.17,-0.8001035776000001,0.17,-0.8,0.17
60,22,-0.57,0.17,-0.5700374645438999,0.17,-0.57,0.17
60,23,-0.29,0.17,-0.2900049338947,0.17,-0.29,0.17
60,24,0.0,0.17,0.0,0.17,0.0,0.17
60,25,0.23,0.17,0.23000246138410002,0.17,0.23,0.17
60,26,0.51,0.17,0.5100268352973,0.17,0.51,0.17
60,27,0.8,0.17,0.8001035776000001,0.17,0.8,0.17
60,28,-0.8,0.39,-0.8005451264000001,0.39,-0.8,0.39
60,29,-0.57,0.39,-0.5701971749871,0.39,-0.57,0.39
60,30,-0.29,0.39,-0.29002596696829996,0.39,-0.29,0.39
60,31,0.0,0.39,0.0,0.39,0.0,0.39
60,32,0.23,0.39,0.2300129542049,0.39,0.23,0.39
60,33,0.51,0.39,0.5101412335197,0.39,0.51,0.39
60,34,0.8,0.39,0.8005451264000001,0.39,0.8,0.39
60,35,-0.8,0.6,-0.80129024,0.6,-0.8,0.6
60,36,-0.57,0.6,-0.57046668636,0.6,-0.57,0.6
60,37,-0.29,0.6,-0.29006146027999996,0.6,-0.29,0.6
60,38,0.0,0.6,0.0,0.6,0.0,0.6
60,39,0.23,0.6,0.23003066084,0.6,0.23,0.6
60,40,0.51,0.6,0.51033428052,0.6,0.51,0.6
60,41,0.8,0.6,0.80129024,0.6,0.8,0.6
60,42,0.0,0.0,0.0,0.0,0.0,0.0
60,43,0.71,-0.23,0.7101325344432999,-0.23,0.71,-0.23
60,44,-0.37,0.53,-0.3700995989939,0.53,-0.37,0.53
60,45,0.12,-0.49,0.1200029042496,-0.49,0.12,-0.49
60,46,-0.73,0.08,-0.7300174279616,0.08,-0.73,0.08
60,47,0.63,0.44,0.6303388636944,0.44,0.63,0.44
60,48,-0.19,-0.56,-0.1900150568768,-0.56,-0.19,-0.56
60,49,0.79,0.31,0.7903316673353,0.31,0.79,0.31
60,50,-0.61,-0.41,-0.6102670885427,-0.41,-0.61,-0.41
60,51,0.42,-0.52,0.4201402337664,-0.52,0.42,-0.52
60,52,-0.48,0.27,-0.4800564350976,0.27,-0.48,0.27
60,53,0.06,0.58,0.060000508636799996,0.58,0.06,0.58
61,0,-0.8,-0.6,-0.80129024,-0.6,-0.8,-0.6
61,1,-0.57,-0.6,-0.57046668636,-0.6,-0.57,-0.6
61,2,-0.29,-0.6,-0.29006146027999996,-0.6,-0.29,-0.6
61,3,0.0,-0.6,0.0,-0.6,0.0,-0.6
61,4,0.23,-0.6,0.23003066084,-0.6,0.23,-0.6
61,5,0.51,-0.6,0.51033428052,-0.6,0.51,-0.6
61,6,0.8,-0.6,0.80129024,-0.6,0.8,-0.6
61,7,-0.8,-0.33,-0.8003902976,-0.33,-0.8,-0.33
61,8,-0.57,-0.33,-0.5701411726239,-0.33,-0.57,-0.33
61,9,-0.29,-0.33,-0.29001859173469996,-0.33,-0.29,-0.33
61,10,0.0,-0.33,0.0,-0.33,0.0,-0.33
61,11,0.23,-0.33,0.2300092749041,-0.33,0.23,-0.33
61,12,0.51,-0.33,0.5101011198573,-0.33,0.51,-0.33
61,13,0.8,-0.33,0.8003902976,-0.33,0.8,-0.33
61,14,-0.8,-0.11,-0.8000433664000001,-0.11,-0.8,-0.11
61,15,-0.57,-0.11,-0.5700156858470999,-0.11,-0.57,-0.11
61,16,-0.29,-0.11,-0.29000206574829995,-0.11,-0.29,-0.11
61,17,0.0,-0.11,0.0,-0.11,0.0,-0.11
61,18,0.23,-0.11,0.2300010305449,-0.11,0.23,-0.11
61,19,0.51,-0.11,0.5100112355397,-0.11,0.51,-0.11
61,20,0.8,-0.11,0.8000433664000001,-0.11,0.8,-0.11
61,21,-0.8,0.17,-0.8001035776000001,0.17,-0.8,0.17
61,22,-0.57,0.17,-0.5700374645438999,0.17,-0.57,0.17
61,23,-0.29,0.17,-0.2900049338947,0.17,-0.29,0.17
61,24,0.0,0.17,0.0,0.17,0.0,0.17
61,25,0.23,0.17,0.23000246138410002,0.17,0.23,0.17
61,26,0.51,0.17,0.5100268352973,0.17,0.51,0.17
61,27,0.8,0.17,0.8001035776000001,0.17,0.8,0.17
61,28,-0.8,0.39,-0.8005451264000001,0.39,-0.8,0.39
61,29,-0.57,0.39,-0.5701971749871,0.39,-0.57,0.39
61,30,-0.29,0.39,-0.29002596696829996,0.39,-0.29,0.39
61,31,0.0,0.39,0.0,0.39,0.0,0.39
61,32,0.23,0.39,0.2300129542049,0.39,0.23,0.39
61,33,0.51,0.39,0.5101412335197,0.39,0.51,0.39
61,34,0.8,0.39,0.8005451264000001,0.39,0.8,0.39
61,35,-0.8,0.6,-0.80129024,0.6,-0.8,0.6
61,36,-0.57,0.6,-0.57046668636,0.6,-0.57,0.6
61,37,-0.29,0.6,-0.29006146027999996,0.6,-0.29,0.6
61,38,0.0,0.6,0.0,0.6,0.0,0.6
61,39,0.23,0.6,0.23003066084,0.6,0.23,0.6
61,40,0.51,0.6,0.51033428052,0.6,0.51,0.6
61,41,0.8,0.6,0.80129024,0.6,0.8,0.6
61,42,0.0,0.0,0.0,0.0,0.0,0.0
61,43,0.71,-0.23,0.7101325344432999,-0.23,0.71,-0.23
61,44,-0.37,0.53,-0.3700995989939,0.53,-0.37,0.53
61,45,0.12,-0.49,0.1200029042496,-0.49,0.12,-0.49
61,46,-0.73,0.08,-0.7300174279616,0.08,-0.73,0.08
61,47,0.63,0.44,0.6303388636944,0.44,0.63,0.44
61,48,-0.19,-0.56,-0.1900150568768,-0.56,-0.19,-0.56
61,49,0.79,0.31,0.7903316673353,0.31,0.79,0.31
61,50,-0.61,-0.41,-0.6102670885427,-0.41,-0.61,-0.41
61,51,0.42,-0.52,0.4201402337664,-0.52,0.42,-0.52
61,52,-0.48,0.27,-0.4800564350976,0.27,-0.48,0.27
61,53,0.06,0.58,0.060000508636799996,0.58,0.06,0.58
62,0,-0.8,-0.6,-0.8009676800000001,-0.6,-0.8,-0.6
62,1,-0.57,-0.6,-0.5704912487999999,-0.6,-0.57,-0.6
62,2,-0.29,-0.6,-0.2901271592,-0.6,-0.29,-0.6
62,3,0.0,-0.6,0.0,-0.6,0.0,-0.6
62,4,0.23,-0.6,0.22992001520000002,-0.6,0.23,-0.6
62,5,0.51,-0.6,0.5096067288,-0.6,0.51,-0.6
62,6,0.8,-0.6,0.79903232,-0.6,0.8,-0.6
62,7,-0.8,-0.33,-0.80016099776,-0.33,-0.8,-0.33
62,8,-0.57,-0.33,-0.5700817315190999,-0.33,-0.57,-0.33
62,9,-0.29,-0.33,-0.2900211561119,-0.33,-0.29,-0.33
62,10,0.0,-0.33,0.0,-0.33,0.0,-0.33
62,11,0.23,-0.33,0.2299866925289,-0.33,0.23,-0.33
62,12,0.51,-0.33,0.5099345695041,-0.33,0.51,-0.33
62,13,0.8,-0.33,0.79983900224,-0.33,0.8,-0.33
62,14,-0.8,-0.11,-0.80000596288,-0.11,-0.8,-0.11
62,15,-0.57,-0.11,-0.5700030270933,-0.11,-0.57,-0.11
62,16,-0.29,-0.11,-0.2900007835597,-0.11,-0.29,-0.11
62,17,0.0,-0.11,0.0,-0.11,0.0,-0.11
62,18,0.23,-0.11,0.2299995071307,-0.11,0.23,-0.11
62,19,0.51,-0.11,0.5099975766483,-0.11,0.51,-0.11
62,20,0.8,-0.11,0.7999940371200001,-0.11,0.8,-0.11
62,21,-0.8,0.17,-0.79997798976,0.17,-0.8,0.17
62,22,-0.57,0.17,-0.5699888263641,0.17,-0.57,0.17
62,23,-0.29,0.17,-0.28999710771689996,0.17,-0.29,0.17
62,24,0.0,0.17,0.0,0.17,0.0,0.17
62,25,0.23,0.17,0.2300018192839,0.17,0.23,0.17
62,26,0.51,0.17,0.5100089450991,0.17,0.51,0.17
62,27,0.8,0.17,0.8000220102400001,0.17,0.8,0.17
62,28,-0.8,0.39,-0.79973425088,0.39,-0.8,0.39
62,29,-0.57,0.39,-0.5698650907983,0.39,-0.57,0.39
62,30,-0.29,0.39,-0.28996507890469997,0.39,-0.29,0.39
62,31,0.0,0.39,0.0,0.39,0.0,0.39
62,32,0.23,0.39,0.2300219658257,0.39,0.23,0.39
62,33,0.51,0.39,0.5101080021033,0.39,0.51,0.39
62,34,0.8,0.39,0.80026574912,0.39,0.8,0.39
62,35,-0.8,0.6,-0.79903232,0.6,-0.8,0.6
62,36,-0.57,0.6,-0.5695087512,0.6,-0.57,0.6
62,37,-0.29,0.6,-0.2898728408,0.6,-0.29,0.6
62,38,0.0,0.6,0.0,0.6,0.0,0.6
62,39,0.23,0.6,0.2300799848,0.6,0.23,0.6
62,40,0.51,0.6,0.5103932712,0.6,0.51,0.6
62,41,0.8,0.6,0.8009676800000001,0.6,0.8,0.6
62,42,0.0,0.0,0.0,0.0,0.0,0.0
62,43,0.71,-0.23,0.7099570663071,-0.23,0.71,-0.23
62,44,-0.37,0.53,-0.36985733117089997,0.53,-0.37,0.53
62,45,0.12,-0.49,0.11998814098079999,-0.49,0.12,-0.49
62,46,-0.73,0.08,-0.7299980900863999,0.08,-0.73,0.08
62,47,0.63,0.44,0.6302366667072,0.44,0.63,0.44
62,48,-0.19,-0.56,-0.1900443781632,-0.56,-0.19,-0.56
62,49,0.79,0.31,0.7901301479417,0.31,0.79,0.31
62,50,-0.61,-0.41,-0.6101795185287,-0.41,-0.61,-0.41
62,51,0.42,-0.52,0.4198263772416,-0.52,0.42,-0.52
62,52,-0.48,0.27,-0.4799682552576,0.27,-0.48,0.27
62,53,0.06,0.58,0.0600049168224,0.58,0.06,0.58
63,0,-0.8,-0.6,-0.8009676800000001,-0.6,-0.8,-0.6
63,1,-0.57,-0.6,-0.5704912487999999,-0.6,-0.57,-0.6
63,2,-0.29,-0.6,-0.2901271592,-0.6,-0.29,-0.6
63,3,0.0,-0.6,0.0,-0.6,0.0,-0.6
63,4,0.23,-0.6,0.22992001520000002,-0.6,0.23,-0.6
63,5,0.51,-0.6,0.5096067288,-0.6,0.51,-0.6
63,6,0.8,-0.6,0.79903232,-0.6,0.8,-0.6
63,7,-0.8,-0.33,-0.80016099776,-0.33,-0.8,-0.33
63,8,-0.57,-0.33,-0.5700817315190999,-0.33,-0.57,-0.33
63,9,-0.29,-0.33,-0.2900211561119,-0.33,-0.29,-0.33
63,10,0.0,-0.33,0.0,-0.33,0.0,-0.33
63,11,0.23,-0.33,0.2299866925289,-0.33,0.23,-0.33
63,12,0.51,-0.33,0.5099345695041,-0.33,0.51,-0.33
63,13,0.8,-0.33,0.79983900224,-0.33,0.8,-0.33
63,14,-0.8,-0.11,-0.80000596288,-0.11,-0.8,-0.11
63,15,-0.57,-0.11,-0.5700030270933,-0.11,-0.57,-0.11
63,16,-0.29,-0.11,-0.2900007835597,-0.11,-0.29,-0.11
63,17,0.0,-0.11,0.0,-0.11,0.0,-0.11
63,18,0.23,-0.11,0.2299995071307,-0.11,0.23,-0.11
63,19,0.51,-0.11,0.5099975766483,-0.11,0.51,-0.11
63,20,0.8,-0.11,0.7999940371200001,-0.11,0.8,-0.11
63,21,-0.8,0.17,-0.79997798976,0.17,-0.8,0.17
63,22,-0.57,0.17,-0.5699888263641,0.17,-0.57,0.17
63,23,-0.29,0.17,-0.28999710771689996,0.17,-0.29,0.17
63,24,0.0,0.17,0.0,0.17,0.0,0.17
63,25,0.23,0.17,0.2300018192839,0.17,0.23,0.17
63,26,0.51,0.17,0.5100089450991,0.17,0.51,0.17
63,27,0.8,0.17,0.8000220102400001,0.17,0.8,0.17
63,28,-0.8,0.39,-0.79973425088,0.39,-0.8,0.39
63,29,-0.57,0.39,-0.5698650907983,0.39,-0.57,0.39
63,30,-0.29,0.39,-0.28996507890469997,0.39,-0.29,0.39
63,31,0.0,0.39,0.0,0.39,0.0,0.39
63,32,0.23,0.39,0.2300219658257,0.39,0.23,0.39
63,33,0.51,0.39,0.5101080021033,0.39,0.51,0.39
63,34,0.8,0.39,0.80026574912,0.39,0.8,0.39
63,35,-0.8,0.6,-0.79903232,0.6,-0.8,0.6
63,36,-0.57,0.6,-0.5695087512,0.6,-0.57,0.6
63,37,-0.29,0.6,-0.2898728408,0.6,-0.29,0.6
63,38,0.0,0.6,0.0,0.6,0.0,0.6
63,39,0.23,0.6,0.2300799848,0.6,0.23,0.6
63,40,0.51,0.6,0.5103932712,0.6,0.51,0.6
63,41,0.8,0.6,0.8009676800000001,0.6,0.8,0.6
63,42,0.0,0.0,0.0,0.0,0.0,0.0
63,43,0.71,-0.23,0.7099570663071,-0.23,0.71,-0.23
63,44,-0.37,0.53,-0.36985733117089997,0.53,-0.37,0.53
63,45,0.12,-0.49,0.11998814098079999,-0.49,0.12,-0.49
63,46,-0.73,0.08,-0.7299980900863999,0.08,-0.73,0.08
63,47,0.63,0.44,0.6302366667072,0.44,0.63,0.44
63,48,-0.19,-0.56,-0.1900443781632,-0.56,-0.19,-0.56
63,49,0.79,0.31,0.7901301479417,0.31,0.79,0.31
63,50,-0.61,-0.41,-0.6101795185287,-0.41,-0.61,-0.41
63,51,0.42,-0.52,0.4198263772416,-0.52,0.42,-0.52
63,52,-0.48,0.27,-0.4799682552576,0.27,-0.48,0.27
63,53,0.06,0.58,0.0600049168224,0.58,0.06,0.58
64,0,-0.8,-0.6,-0.8007257600000001,-0.6,-0.8,-0.6
64,1,-0.57,-0.6,-0.570517104,-0.6,-0.57,-0.6
64,2,-0.29,-0.6,-0.290263088,-0.6,-0.29,-0.6
64,3,0.0,-0.6,0.0,-0.6,0.0,-0.6
64,4,0.23,-0.6,0.230208656,-0.6,0.23,-0.6
64,5,0.51,-0.6,0.5104626720000001,-0.6,0.51,-0.6
64,6,0.8,-0.6,0.8007257600000001,-0.6,0.8,-0.6
64,7,-0.8,-0.33,-0.800066411576,-0.33,-0.8,-0.33
64,8,-0.57,-0.33,-0.5700473182479,-0.33,-0.57,-0.33
64,9,-0.29,-0.33,-0.2900240741963,-0.33,-0.29,-0.33
64,10,0.0,-0.33,0.0,-0.33,0.0,-0.33
64,11,0.23,-0.33,0.2300190933281,-0.33,0.23,-0.33
64,12,0.51,-0.33,0.5100423373797001,-0.33,0.51,-0.33
64,13,0.8,-0.33,0.800066411576,-0.33,0.8,-0.33
64,14,-0.8,-0.11,-0.800000819896,-0.11,-0.8,-0.11
64,15,-0.57,-0.11,-0.5700005841758999,-0.11,-0.57,-0.11
64,16,-0.29,-0.11,-0.2900002972123,-0.11,-0.29,-0.11
64,17,0.0,-0.11,0.0,-0.11,0.0,-0.11
64,18,0.23,-0.11,0.2300002357201,-0.11,0.23,-0.11
64,19,0.51,-0.11,0.5100005226837,-0.11,0.51,-0.11
64,20,0.8,-0.11,0.800000819896,-0.11,0.8,-0.11
64,21,-0.8,0.17,-0.800004677176,0.17,-0.8,0.17
64,22,-0.57,0.17,-0.5700033324878999,0.17,-0.57,0.17
64,23,-0.29,0.17,-0.2900016954763,0.17,-0.29,0.17
64,24,0.0,0.17,0.0,0.17,0.0,0.17
64,25,0.23,0.17,0.23000134468810002,0.17,0.23,0.17
64,26,0.51,0.17,0.5100029816997,0.17,0.51,0.17
64,27,0.8,0.17,0.800004677176,0.17,0.8,0.17
64,28,-0.8,0.39,-0.8001295526960001,0.39,-0.8,0.39
64,29,-0.57,0.39,-0.5700923062958999,0.39,-0.57,0.39
64,30,-0.29,0.39,-0.29004696285229997,0.39,-0.29,0.39
64,31,0.0,0.39,0.0,0.39,0.0,0.39
64,32,0.23,0.39,0.2300372464001,0.39,0.23,0.39
64,33,0.51,0.39,0.5100825898437,0.39,0.51,0.39
64,34,0.8,0.39,0.8001295526960001,0.39,0.8,0.39
64,35,-0.8,0.6,-0.8007257600000001,0.6,-0.8,0.6
64,36,-0.57,0.6,-0.570517104,0.6,-0.57,0.6
64,37,-0.29,0.6,-0.290263088,0.6,-0.29,0.6
64,38,0.0,0.6,0.0,0.6,0.0,0.6
64,39,0.23,0.6,0.230208656,0.6,0.23,0.6
64,40,0.51,0.6,0.5104626720000001,0.6,0.51,0.6
64,41,0.8,0.6,0.8007257600000001,0.6,0.8,0.6
64,42,0.0,0.0,0.0,0.0,0.0,0.0
64,43,0.71,-0.23,0.7100139080976999,-0.23,0.71,-0.23
64,44,-0.37,0.53,-0.3702043634579,0.53,-0.37,0.53
64,45,0.12,-0.49,0.1200484243284,-0.49,0.12,-0.49
64,46,-0.73,0.08,-0.7300002093056,0.08,-0.73,0.08
64,47,0.63,0.44,0.6301652910336,0.44,0.63,0.44
64,48,-0.19,-0.56,-0.1901307987968,-0.56,-0.19,-0.56
64,49,0.79,0.31,0.7900510707113,0.31,0.79,0.31
64,50,-0.61,-0.41,-0.6101206599947,-0.41,-0.61,-0.41
64,51,0.42,-0.52,0.4202149615104,-0.52,0.42,-0.52
64,52,-0.48,0.27,-0.4800178564176,0.27,-0.48,0.27
64,53,0.06,0.58,0.0600475292832,0.58,0.06,0.58
65,0,-0.8,-0.6,-0.8007257600000001,-0.6,-0.8,-0.6
65,1,-0.57,-0.6,-0.570517104,-0.6,-0.57,-0.6
65,2,-0.29,-0.6,-0.290263088,-0.6,-0.29,-0.6
65,3,0.0,-0.6,0.0,-0.6,0.0,-0.6
65,4,0.23,-0.6,0.230208656,-0.6,0.23,-0.6
65,5,0.51,-0.6,0.5104626720000001,-0.6,0.51,-0.6
65,6,0.8,-0.6,0.8007257600000001,-0.6,0.8,-0.6
65,7,-0.8,-0.33,-0.800066411576,-0.33,-0.8,-0.33
65,8,-0.57,-0.33,-0.5700473182479,-0.33,-0.57,-0.33
65,9,-0.29,-0.33,-0.2900240741963,-0.33,-0.29,-0.33
65,10,0.0,-0.33,0.0,-0.33,0.0,-0.33
65,11,0.23,-0.33,0.2300190933281,-0.33,0.23,-0.33
65,12,0.51,-0.33,0.5100423373797001,-0.33,0.51,-0.33
65,13,0.8,-0.33,0.800066411576,-0.33,0.8,-0.33
65,14,-0.8,-0.11,-0.800000819896,-0.11,-0.8,-0.11
65,15,-0.57,-0.11,-0.5700005841758999,-0.11,-0.57,-0.11
65,16,-0.29,-0.11,-0.2900002972123,-0.11,-0.29,-0.11
65,17,0.0,-0.11,0.0,-0.11,0.0,-0.11
65,18,0.23,-0.11,0.2300002357201,-0.11,0.23,-0.11
65,19,0.51,-0.11,0.5100005226837,-0.11,0.51,-0.11
65,20,0.8,-0.11,0.800000819896,-0.11,0.8,-0.11
65,21,-0.8,0.17,-0.800004677176,0.17,-0.8,0.17
65,22,-0.57,0.17,-0.5700033324878999,0.17,-0.57,0.17
65,23,-0.29,0.17,-0.2900016954763,0.17,-0.29,0.17
65,24,0.0,0.17,0.0,0.17,0.0,0.17
65,25,0.23,0.17,0.23000134468810002,0.17,0.23,0.17
65,26,0.51,0.17,0.5100029816997,0.17,0.51,0.17
65,27,0.8,0.17,0.800004677176,0.17,0.8,0.17
65,28,-0.8,0.39,-0.8001295526960001,0.39,-0.8,0.39
65,29,-0.57,0.39,-0.5700923062958999,0.39,-0.57,0.39
65,30,-0.29,0.39,-0.29004696285229997,0.39,-0.29,0.39
65,31,0.0,0.39,0.0,0.39,0.0,0.39
65,32,0.23,0.39,0.2300372464001,0.39,0.23,0.39
65,33,0.51,0.39,0.5100825898437,0.39,0.51,0.39
65,34,0.8,0.39,0.8001295526960001,0.39,0.8,0.39
65,35,-0.8,0.6,-0.8007257600000001,0.6,-0.8,0.6
65,36,-0.57,0.6,-0.570517104,0.6,-0.57,0.6
65,37,-0.29,0.6,-0.290263088,0.6,-0.29,0.6
65,38,0.0,0.6,0.0,0.6,0.0,0.6
65,39,0.23,0.6,0.230208656,0.6,0.23,0.6
65,40,0.51,0.6,0.5104626720000001,0.6,0.51,0.6
65,41,0.8,0.6,0.8007257600000001,0.6,0.8,0.6
65,42,0.0,0.0,0.0,0.0,0.0,0.0
65,43,0.71,-0.23,0.7100139080976999,-0.23,0.71,-0.23
65,44,-0.37,0.53,-0.3702043634579,0.53,-0.37,0.53
65,45,0.12,-0.49,0.1200484243284,-0.49,0.12,-0.49
65,46,-0.73,0.08,-0.7300002093056,0.08,-0.73,0.08
65,47,0.63,0.44,0.6301652910336,0.44,0.63,0.44
65,48,-0.19,-0.56,-0.1901307987968,-0.56,-0.19,-0.56
65,49,0.79,0.31,0.7900510707113,0.31,0.79,0.31
65,50,-0.61,-0.41,-0.6101206599947,-0.41,-0.61,-0.41
65,51,0.42,-0.52,0.4202149615104,-0.52,0.42,-0.52
65,52,-0.48,0.27,-0.4800178564176,0.27,-0.48,0.27
65,53,0.06,0.58,0.0600475292832,0.58,0.06,0.58
66,0,-0.8,-0.6,-0.8005443200000001,-0.6,-0.8,-0.6
66,1,-0.57,-0.6,-0.57054432,-0.6,-0.57,-0.6
66,2,-0.29,-0.6,-0.29054431999999997,-0.6,-0.29,-0.6
66,3,0.0,-0.6,-0.0005443199999999998,-0.6,0.0,-0.6
66,4,0.23,-0.6,0.22945568000000002,-0.6,0.23,-0.6
66,5,0.51,-0.6,0.50945568,-0.6,0.51,-0.6
66,6,0.8,-0.6,0.79945568,-0.6,0.8,-0.6
66,7,-0.8,-0.33,-0.8000273947751001,-0.33,-0.8,-0.33
66,8,-0.57,-0.33,-0.5700273947751,-0.33,-0.57,-0.33
66,9,-0.29,-0.33,-0.2900273947751,-0.33,-0.29,-0.33
66,10,0.0,-0.33,-2.7394775100000007e-05,-0.33,0.0,-0.33
66,11,0.23,-0.33,0.2299726052249,-0.33,0.23,-0.33
66,12,0.51,-0.33,0.5099726052249,-0.33,0.51,-0.33
66,13,0.8,-0.33,0.7999726052249,-0.33,0.8,-0.33
66,14,-0.8,-0.11,-0.8000001127357,-0.11,-0.8,-0.11
66,15,-0.57,-0.11,-0.5700001127357,-0.11,-0.57,-0.11
66,16,-0.29,-0.11,-0.2900001127357,-0.11,-0.29,-0.11
66,17,0.0,-0.11,-1.1273570000000002e-07,-0.11,0.0,-0.11
66,18,0.23,-0.11,0.2299998872643,-0.11,0.23,-0.11
66,19,0.51,-0.11,0.5099998872643,-0.11,0.51,-0.11
66,20,0.8,-0.11,0.7999998872643,-0.11,0.8,-0.11
66,21,-0.8,0.17,-0.7999990061001,0.17,-0.8,0.17
66,22,-0.57,0.17,-0.5699990061000999,0.17,-0.57,0.17
66,23,-0.29,0.17,-0.2899990061001,0.17,-0.29,0.17
66,24,0.0,0.17,9.938999000000004e-07,0.17,0.0,0.17
66,25,0.23,0.17,0.2300009938999,0.17,0.23,0.17
66,26,0.51,0.17,0.5100009938999001,0.17,0.51,0.17
66,27,0.8,0.17,0.8000009938999001,0.17,0.8,0.17
66,28,-0.8,0.39,-0.7999368430607,0.39,-0.8,0.39
66,29,-0.57,0.39,-0.5699368430606999,0.39,-0.57,0.39
66,30,-0.29,0.39,-0.2899368430607,0.39,-0.29,0.39
66,31,0.0,0.39,6.315693930000002e-05,0.39,0.0,0.39
66,32,0.23,0.39,0.23006315693930002,0.39,0.23,0.39
66,33,0.51,0.39,0.5100631569393,0.39,0.51,0.39
66,34,0.8,0.39,0.8000631569393001,0.39,0.8,0.39
66,35,-0.8,0.6,-0.79945568,0.6,-0.8,0.6
66,36,-0.57,0.6,-0.5694556799999999,0.6,-0.57,0.6
66,37,-0.29,0.6,-0.28945568,0.6,-0.29,0.6
66,38,0.0,0.6,0.0005443199999999998,0.6,0.0,0.6
66,39,0.23,0.6,0.23054432,0.6,0.23,0.6
66,40,0.51,0.6,0.51054432,0.6,0.51,0.6
66,41,0.8,0.6,0.8005443200000001,0.6,0.8,0.6
66,42,0.0,0.0,0.0,0.0,0.0,0.0
66,43,0.71,-0.23,0.7099954945599,-0.23,0.71,-0.23
66,44,-0.37,0.53,-0.3697072631549,0.53,-0.37,0.53
66,45,0.12,-0.49,0.1198022673257,-0.49,0.12,-0.49
66,46,-0.73,0.08,-0.7299999770623999,0.08,-0.73,0.08
66,47,0.63,0.44,0.6301154413568,0.44,0.63,0.44
66,48,-0.19,-0.56,-0.1903855122432,-0.56,-0.19,-0.56
66,49,0.79,0.31,0.7900200404057001,0.31,0.79,0.31
66,50,-0.61,-0.41,-0.6100810993407,-0.41,-0.61,-0.41
66,51,0.42,-0.52,0.4197338571776,-0.52,0.42,-0.52
66,52,-0.48,0.27,-0.4799899557651,0.27,-0.48,0.27
66,53,0.06,0.58,0.0604594497376,0.58,0.06,0.58
67,0,-0.8,-0.6,-0.8005443200000001,-0.6,-0.8,-0.6
67,1,-0.57,-0.6,-0.57054432,-0.6,-0.57,-0.6
67,2,-0.29,-0.6,-0.29054431999999997,-0.6,-0.29,-0.6
67,3,0.0,-0.6,-0.0005443199999999998,-0.6,0.0,-0.6
67,4,0.23,-0.6,0.22945568000000002,-0.6,0.23,-0.6
67,5,0.51,-0.6,0.50945568,-0.6,0.51,-0.6
67,6,0.8,-0.6,0.79945568,-0.6,0.8,-0.6
67,7,-0.8,-0.33,-0.8000273947751001,-0.33,-0.8,-0.33
67,8,-0.57,-0.33,-0.5700273947751,-0.33,-0.57,-0.33
67,9,-0.29,-0.33,-0.2900273947751,-0.33,-0.29,-0.33
67,10,0.0,-0.33,-2.7394775100000007e-05,-0.33,0.0,-0.33
67,11,0.23,-0.33,0.2299726052249,-0.33,0.23,-0.33
67,12,0.51,-0.33,0.5099726052249,-0.33,0.51,-0.33
67,13,0.8,-0.33,0.7999726052249,-0.33,0.8,-0.33
67,14,-0.8,-0.11,-0.8000001127357,-0.11,-0.8,-0.11
67,15,-0.57,-0.11,-0.5700001127357,-0.11,-0.57,-0.11
67,16,-0.29,-0.11,-0.2900001127357,-0.11,-0.29,-0.11
67,17,0.0,-0.11,-1.1273570000000002e-07,-0.11,0.0,-0.11
67,18,0.23,-0.11,0.2299998872643,-0.11,0.23,-0.11
67,19,0.51,-0.11,0.5099998872643,-0.11,0.51,-0.11
67,20,0.8,-0.11,0.7999998872643,-0.11,0.8,-0.11
67,21,-0.8,0.17,-0.7999990061001,0.17,-0.8,0.17
67,22,-0.57,0.17,-0.5699990061000999,0.17,-0.57,0.17
67,23,-0.29,0.17,-0.2899990061001,0.17,-0.29,0.17
67,24,0.0,0.17,9.938999000000004e-07,0.17,0.0,0.17
67,25,0.23,0.17,0.2300009938999,0.17,0.23,0.17
67,26,0.51,0.17,0.5100009938999001,0.17,0.51,0.17
67,27,0.8,0.17,0.8000009938999001,0.17,0.8,0.17
67,28,-0.8,0.39,-0.7999368430607,0.39,-0.8,0.39
67,29,-0.57,0.39,-0.5699368430606999,0.39,-0.57,0.39
67,30,-0.29,0.39,-0.2899368430607,0.39,-0.29,0.39
67,31,0.0,0.39,6.315693930000002e-05,0.39,0.0,0.39
67,32,0.23,0.39,0.23006315693930002,0.39,0.23,0.39
67,33,0.51,0.39,0.5100631569393,0.39,0.51,0.39
67,34,0.8,0.39,0.8000631569393001,0.39,0.8,0.39
67,35,-0.8,0.6,-0.79945568,0.6,-0.8,0.6
67,36,-0.57,0.6,-0.5694556799999999,0.6,-0.57,0.6
67,37,-0.29,0.6,-0.28945568,0.6,-0.29,0.6
67,38,0.0,0.6,0.0005443199999999998,0.6,0.0,0.6
67,39,0.23,0.6,0.23054432,0.6,0.23,0.6
67,40,0.51,0.6,0.51054432,0.6,0.51,0.6
67,41,0.8,0.6,0.8005443200000001,0.6,0.8,0.6
67,42,0.0,0.0,0.0,0.0,0.0,0.0
67,43,0.71,-0.23,0.7099954945599,-0.23,0.71,-0.23
67,44,-0.37,0.53,-0.3697072631549,0.53,-0.37,0.53
67,45,0.12,-0.49,0.1198022673257,-0.49,0.12,-0.49
67,46,-0.73,0.08,-0.7299999770623999,0.08,-0.73,0.08
67,47,0.63,0.44,0.6301154413568,0.44,0.63,0.44
67,48,-0.19,-0.56,-0.1903855122432,-0.56,-0.19,-0.56
67,49,0.79,0.31,0.7900200404057001,0.31,0.79,0.31
67,50,-0.61,-0.41,-0.6100810993407,-0.41,-0.61,-0.41
67,51,0.42,-0.52,0.4197338571776,-0.52,0.42,-0.52
67,52,-0.48,0.27,-0.4799899557651,0.27,-0.48,0.27
67,53,0.06,0.58,0.0604594497376,0.58,0.06,0.58
68,0,-0.8,-0.6,-0.798164992,-0.6,-0.8,-0.6
68,1,-0.57,-0.6,-0.569759924869257,-0.6,-0.57,-0.6
68,2,-0.29,-0.6,-0.28999583623675296,-0.6,-0.29,-0.6
68,3,0.0,-0.6,0.0,-0.6,0.0,-0.6
68,4,0.23,-0.6,0.23000103625122303,-0.6,0.23,-0.6
68,5,0.51,-0.6,0.510123174014607,-0.6,0.51,-0.6
68,6,0.8,-0.6,0.801835008,-0.6,0.8,-0.6
68,7,-0.8,-0.33,-0.798164992,-0.33,-0.8,-0.33
68,8,-0.57,-0.33,-0.569759924869257,-0.33,-0.57,-0.33
68,9,-0.29,-0.33,-0.28999583623675296,-0.33,-0.29,-0.33
68,10,0.0,-0.33,0.0,-0.33,0.0,-0.33
68,11,0.23,-0.33,0.23000103625122303,-0.33,0.23,-0.33
68,12,0.51,-0.33,0.510123174014607,-0.33,0.51,-0.33
68,13,0.8,-0.33,0.801835008,-0.33,0.8,-0.33
68,14,-0.8,-0.11,-0.798164992,-0.11,-0.8,-0.11
68,15,-0.57,-0.11,-0.569759924869257,-0.11,-0.57,-0.11
68,16,-0.29,-0.11,-0.28999583623675296,-0.11,-0.29,-0.11
68,17,0.0,-0.11,0.0,-0.11,0.0,-0.11
68,18,0.23,-0.11,0.23000103625122303,-0.11,0.23,-0.11
68,19,0.51,-0.11,0.510123174014607,-0.11,0.51,-0.11
68,20,0.8,-0.11,0.801835008,-0.11,0.8,-0.11
68,21,-0.8,0.17,-0.798164992,0.17,-0.8,0.17
68,22,-0.57,0.17,-0.569759924869257,0.17,-0.57,0.17
68,23,-0.29,0.17,-0.28999583623675296,0.17,-0.29,0.17
68,24,0.0,0.17,0.0,0.17,0.0,0.17
68,25,0.23,0.17,0.23000103625122303,0.17,0.23,0.17
68,26,0.51,0.17,0.510123174014607,0.17,0.51,0.17
68,27,0.8,0.17,0.801835008,0.17,0.8,0.17
68,28,-0.8,0.39,-0.798164992,0.39,-0.8,0.39
68,29,-0.57,0.39,-0.569759924869257,0.39,-0.57,0.39
68,30,-0.29,0.39,-0.28999583623675296,0.39,-0.29,0.39
68,31,0.0,0.39,0.0,0.39,0.0,0.39
68,32,0.23,0.39,0.23000103625122303,0.39,0.23,0.39
68,33,0.51,0.39,0.510123174014607,0.39,0.51,0.39
68,34,0.8,0.39,0.801835008,0.39,0.8,0.39
68,35,-0.8,0.6,-0.798164992,0.6,-0.8,0.6
68,36,-0.57,0.6,-0.569759924869257,0.6,-0.57,0.6
68,37,-0.29,0.6,-0.28999583623675296,0.6,-0.29,0.6
68,38,0.0,0.6,0.0,0.6,0.0,0.6
68,39,0.23,0.6,0.23000103625122303,0.6,0.23,0.6
68,40,0.51,0.6,0.510123174014607,0.6,0.51,0.6
68,41,0.8,0.6,0.801835008,0.6,0.8,0.6
68,42,0.0,0.0,0.0,0.0,0.0,0.0
68,43,0.71,-0.23,0.7108967019874469,-0.23,0.71,-0.23
68,44,-0.37,0.53,-0.369982039915137,0.53,-0.37,0.53
68,45,0.12,-0.49,0.12000002090188801,-0.49,0.12,-0.49
68,46,-0.73,0.08,-0.7289406604159769,0.08,-0.73,0.08
68,47,0.63,0.44,0.630437664515463,0.44,0.63,0.44
68,48,-0.19,-0.56,-0.189999670678833,-0.56,-0.19,-0.56
68,49,0.79,0.31,0.791701612188647,0.31,0.79,0.31
68,50,-0.61,-0.41,-0.609639357379473,-0.41,-0.61,-0.41
68,51,0.42,-0.52,0.42003842322220797,-0.52,0.42,-0.52
68,52,-0.48,0.27,-0.479914385866752,0.27,-0.48,0.27
68,53,0.06,0.58,0.060000000326591994,0.58,0.06,0.58
69,0,-0.8,-0.6,-0.798164992,-0.6,-0.8,-0.6
69,1,-0.57,-0.6,-0.569759924869257,-0.6,-0.57,-0.6
69,2,-0.29,-0.6,-0.28999583623675296,-0.6,-0.29,-0.6
69,3,0.0,-0.6,0.0,-0.6,0.0,-0.6
69,4,0.23,-0.6,0.230001036251223,-0.6,0.23,-0.6
69,5,0.51,-0.6,0.510123174014607,-0.6,0.51,-0.6
69,6,0.8,-0.6,0.8018350080000001,-0.6,0.8,-0.6
69,7,-0.8,-0.33,-0.798164992,-0.33,-0.8,-0.33
69,8,-0.57,-0.33,-0.569759924869257,-0.33,-0.57,-0.33
69,9,-0.29,-0.33,-0.28999583623675296,-0.33,-0.29,-0.33
69,10,0.0,-0.33,0.0,-0.33,0.0,-0.33
69,11,0.23,-0.33,0.230001036251223,-0.33,0.23,-0.33
69,12,0.51,-0.33,0.510123174014607,-0.33,0.51,-0.33
69,13,0.8,-0.33,0.8018350080000001,-0.33,0.8,-0.33
69,14,-0.8,-0.11,-0.798164992,-0.11,-0.8,-0.11
69,15,-0.57,-0.11,-0.569759924869257,-0.11,-0.57,-0.11
69,16,-0.29,-0.11,-0.28999583623675296,-0.11,-0.29,-0.11
69,17,0.0,-0.11,0.0,-0.11,0.0,-0.11
69,18,0.23,-0.11,0.230001036251223,-0.11,0.23,-0.11
69,19,0.51,-0.11,0.510123174014607,-0.11,0.51,-0.11
69,20,0.8,-0.11,0.8018350080000001,-0.11,0.8,-0.11
69,21,-0.8,0.17,-0.798164992,0.17,-0.8,0.17
69,22,-0.57,0.17,-0.569759924869257,0.17,-0.57,0.17
69,23,-0.29,0.17,-0.28999583623675296,0.17,-0.29,0.17
69,24,0.0,0.17,0.0,0.17,0.0,0.17
69,25,0.23,0.17,0.230001036251223,0.17,0.23,0.17
69,26,0.51,0.17,0.510123174014607,0.17,0.51,0.17
69,27,0.8,0.17,0.8018350080000001,0.17,0.8,0.17
69,28,-0.8,0.39,-0.798164992,0.39,-0.8,0.39
69,29,-0.57,0.39,-0.569759924869257,0.39,-0.57,0.39
69,30,-0.29,0.39,-0.28999583623675296,0.39,-0.29,0.39
69,31,0.0,0.39,0.0,0.39,0.0,0.39
69,32,0.23,0.39,0.230001036251223,0.39,0.23,0.39
69,33,0.51,0.39,0.510123174014607,0.39,0.51,0.39
69,34,0.8,0.39,0.8018350080000001,0.39,0.8,0.39
69,35,-0.8,0.6,-0.798164992,0.6,-0.8,0.6
69,36,-0.57,0.6,-0.569759924869257,0.6,-0.57,0.6
69,37,-0.29,0.6,-0.28999583623675296,0.6,-0.29,0.6
69,38,0.0,0.6,0.0,0.6,0.0,0.6
69,39,0.23,0.6,0.230001036251223,0.6,0.23,0.6
69,40,0.51,0.6,0.510123174014607,0.6,0.51,0.6
69,41,0.8,0.6,0.8018350080000001,0.6,0.8,0.6
69,42,0.0,0.0,0.0,0.0,0.0,0.0
69,43,0.71,-0.23,0.7108967019874469,-0.23,0.71,-0.23
69,44,-0.37,0.53,-0.369982039915137,0.53,-0.37,0.53
69,45,0.12,-0.49,0.120000020901888,-0.49,0.12,-0.49
69,46,-0.73,0.08,-0.7289406604159769,0.08,-0.73,0.08
69,47,0.63,0.44,0.630437664515463,0.44,0.63,0.44
69,48,-0.19,-0.56,-0.189999670678833,-0.56,-0.19,-0.56
69,49,0.79,0.31,0.791701612188647,0.31,0.79,0.31
69,50,-0.61,-0.41,-0.609639357379473,-0.41,-0.61,-0.41
69,51,0.42,-0.52,0.42003842322220797,-0.52,0.42,-0.52
69,52,-0.48,0.27,-0.479914385866752,0.27,-0.48,0.27
69,53,0.06,0.58,0.060000000326592,0.58,0.06,0.58
70,0,-0.8,-0.6,-0.798623744,-0.6,-0.8,-0.6
70,1,-0.57,-0.6,-0.56974728933606,-0.6,-0.57,-0.6
70,2,-0.29,-0.6,-0.28999138531741997,-0.6,-0.29,-0.6
70,3,0.0,-0.6,0.0,-0.6,0.0,-0.6
70,4,0.23,-0.6,0.22999729673594002,-0.6,0.23,-0.6
70,5,0.51,-0.6,0.50985508939458,-0.6,0.51,-0.6
70,6,0.8,-0.6,0.798623744,-0.6,0.8,-0.6
70,7,-0.8,-0.33,-0.7992430592,-0.33,-0.8,-0.33
70,8,-0.57,-0.33,-0.569861009134833,-0.33,-0.57,-0.33
70,9,-0.29,-0.33,-0.28999526192458097,-0.33,-0.29,-0.33
70,10,0.0,-0.33,0.0,-0.33,0.0,-0.33
70,11,0.23,-0.33,0.229998513204767,-0.33,0.23,-0.33
70,12,0.51,-0.33,0.509920299167019,-0.33,0.51,-0.33
70,13,0.8,-0.33,0.7992430592,-0.33,0.8,-0.33
70,14,-0.8,-0.11,-0.7997476864,-0.11,-0.8,-0.11
70,15,-0.57,-0.11,-0.569953669711611,-0.11,-0.57,-0.11
70,16,-0.29,-0.11,-0.289998420641527,-0.11,-0.29,-0.11
70,17,0.0,-0.11,0.0,-0.11,0.0,-0.11
70,18,0.23,-0.11,0.229999504401589,-0.11,0.23,-0.11
70,19,0.51,-0.11,0.509973433055673,-0.11,0.51,-0.11
70,20,0.8,-0.11,0.7997476864,-0.11,0.8,-0.11
70,21,-0.8,0.17,-0.8003899392,0.17,-0.8,0.17
70,22,-0.57,0.17,-0.570071601354783,0.17,-0.57,0.17
70,23,-0.29,0.17,-0.290002440826731,0.17,-0.29,0.17
70,24,0.0,0.17,0.0,0.17,0.0,0.17
70,25,0.23,0.17,0.230000765924817,0.17,0.23,0.17
70,26,0.51,0.17,0.510041058004869,0.17,0.51,0.17
70,27,0.8,0.17,0.8003899392,0.17,0.8,0.17
70,28,-0.8,0.39,-0.8008945664,0.39,-0.8,0.39
70,29,-0.57,0.39,-0.570164261931561,0.39,-0.57,0.39
70,30,-0.29,0.39,-0.290005599543677,0.39,-0.29,0.39
70,31,0.0,0.39,0.0,0.39,0.0,0.39
70,32,0.23,0.39,0.230001757121639,0.39,0.23,0.39
70,33,0.51,0.39,0.510094191893523,0.39,0.51,0.39
70,34,0.8,0.39,0.8008945664,0.39,0.8,0.39
70,35,-0.8,0.6,-0.8013762560000001,0.6,-0.8,0.6
70,36,-0.57,0.6,-0.5702527106639399,0.6,-0.57,0.6
70,37,-0.29,0.6,-0.29000861468258,0.6,-0.29,0.6
70,38,0.0,0.6,0.0,0.6,0.0,0.6
70,39,0.23,0.6,0.23000270326406,0.6,0.23,0.6
70,40,0.51,0.6,0.51014491060542,0.6,0.51,0.6
70,41,0.8,0.6,0.8013762560000001,0.6,0.8,0.6
70,42,0.0,0.0,0.0,0.0,0.0,0.0
70,43,0.71,-0.23,0.709709519074489,-0.23,0.71,-0.23
70,44,-0.37,0.53,-0.370025726608047,0.53,-0.37,0.53
70,45,0.12,-0.49,0.119999914650624,-0.49,0.12,-0.49
70,46,-0.73,0.08,-0.730116092009208,0.08,-0.73,0.08
70,47,0.63,0.44,0.630305670455244,0.44,0.63,0.44
70,48,-0.19,-0.56,-0.189999029369192,-0.56,-0.19,-0.56
70,49,0.79,0.31,0.7906677212385831,0.31,0.79,0.31
70,50,-0.61,-0.41,-0.609757600861613,-0.41,-0.61,-0.41
70,51,0.42,-0.52,0.419952428391552,-0.52,0.42,-0.52
70,52,-0.48,0.27,-0.480048157949952,0.27,-0.48,0.27
70,53,0.06,0.58,0.060000003157055996,0.58,0.06,0.58
71,0,-0.8,-0.6,-0.798623744,-0.6,-0.8,-0.6
71,1,-0.57,-0.6,-0.56974728933606,-0.6,-0.57,-0.6
71,2,-0.29,-0.6,-0.28999138531741997,-0.6,-0.29,-0.6
71,3,0.0,-0.6,0.0,-0.6,0.0,-0.6
71,4,0.23,-0.6,0.22999729673594002,-0.6,0.23,-0.6
71,5,0.51,-0.6,0.50985508939458,-0.6,0.51,-0.6
71,6,0.8,-0.6,0.798623744,-0.6,0.8,-0.6
71,7,-0.8,-0.33,-0.7992430592,-0.33,-0.8,-0.33
71,8,-0.57,-0.33,-0.569861009134833,-0.33,-0.57,-0.33
71,9,-0.29,-0.33,-0.28999526192458097,-0.33,-0.29,-0.33
71,10,0.0,-0.33,0.0,-0.33,0.0,-0.33
71,11,0.23,-0.33,0.229998513204767,-0.33,0.23,-0.33
71,12,0.51,-0.33,0.509920299167019,-0.33,0.51,-0.33
71,13,0.8,-0.33,0.7992430592,-0.33,0.8,-0.33
71,14,-0.8,-0.11,-0.7997476864,-0.11,-0.8,-0.11
71,15,-0.57,-0.11,-0.569953669711611,-0.11,-0.57,-0.11
71,16,-0.29,-0.11,-0.289998420641527,-0.11,-0.29,-0.11
71,17,0.0,-0.11,0.0,-0.11,0.0,-0.11
71,18,0.23,-0.11,0.229999504401589,-0.11,0.23,-0.11
71,19,0.51,-0.11,0.509973433055673,-0.11,0.51,-0.11
71,20,0.8,-0.11,0.7997476864,-0.11,0.8,-0.11
71,21,-0.8,0.17,-0.8003899392,0.17,-0.8,0.17
71,22,-0.57,0.17,-0.570071601354783,0.17,-0.57,0.17
71,23,-0.29,0.17,-0.290002440826731,0.17,-0.29,0.17
71,24,0.0,0.17,0.0,0.17,0.0,0.17
71,25,0.23,0.17,0.230000765924817,0.17,0.23,0.17
71,26,0.51,0.17,0.510041058004869,0.17,0.51,0.17
71,27,0.8,0.17,0.8003899392,0.17,0.8,0.17
71,28,-0.8,0.39,-0.8008945664,0.39,-0.8,0.39
71,29,-0.57,0.39,-0.570164261931561,0.39,-0.57,0.39
71,30,-0.29,0.39,-0.290005599543677,0.39,-0.29,0.39
71,31,0.0,0.39,0.0,0.39,0.0,0.39
71,32,0.23,0.39,0.230001757121639,0.39,0.23,0.39
71,33,0.51,0.39,0.510094191893523,0.39,0.51,0.39
71,34,0.8,0.39,0.8008945664,0.39,0.8,0.39
71,35,-0.8,0.6,-0.8013762560000001,0.6,-0.8,0.6
71,36,-0.57,0.6,-0.5702527106639399,0.6,-0.57,0.6
71,37,-0.29,0.6,-0.29000861468258,0.6,-0.29,0.6
71,38,0.0,0.6,0.0,0.6,0.0,0.6
71,39,0.23,0.6,0.23000270326406,0.6,0.23,0.6
71,40,0.51,0.6,0.51014491060542,0.6,0.51,0.6
71,41,0.8,0.6,0.8013762560000001,0.6,0.8,0.6
71,42,0.0,0.0,0.0,0.0,0.0,0.0
71,43,0.71,-0.23,0.709709519074489,-0.23,0.71,-0.23
71,44,-0.37,0.53,-0.370025726608047,0.53,-0.37,0.53
71,45,0.12,-0.49,0.119999914650624,-0.49,0.12,-0.49
71,46,-0.73,0.08,-0.730116092009208,0.08,-0.73,0.08
71,47,0.63,0.44,0.630305670455244,0.44,0.63,0.44
71,48,-0.19,-0.56,-0.189999029369192,-0.56,-0.19,-0.56
71,49,0.79,0.31,0.7906677212385831,0.31,0.79,0.31
71,50,-0.61,-0.41,-0.609757600861613,-0.41,-0.61,-0.41
71,51,0.42,-0.52,0.419952428391552,-0.52,0.42,-0.52
71,52,-0.48,0.27,-0.480048157949952,0.27,-0.48,0.27
71,53,0.06,0.58,0.060000003157055996,0.58,0.06,0.58
72,0,-0.8,-0.6,-0.798967808,-0.6,-0.8,-0.6
72,1,-0.57,-0.6,-0.5697339887748,-0.6,-0.57,-0.6
72,2,-0.29,-0.6,-0.2899821765188,-0.6,-0.29,-0.6
72,3,0.0,-0.6,0.0,-0.6,0.0,-0.6
72,4,0.23,-0.6,0.2300070519932,-0.6,0.23,-0.6
72,5,0.51,-0.6,0.5101704830652,-0.6,0.51,-0.6
72,6,0.8,-0.6,0.8010321920000001,-0.6,0.8,-0.6
72,7,-0.8,-0.33,-0.79968776192,-0.33,-0.8,-0.33
72,8,-0.57,-0.33,-0.5699195316043769,-0.33,-0.57,-0.33
72,9,-0.29,-0.33,-0.28999460839693697,-0.33,-0.29,-0.33
72,10,0.0,-0.33,0.0,-0.33,0.0,-0.33
72,11,0.23,-0.33,0.23000213322794302,-0.33,0.23,-0.33
72,12,0.51,-0.33,0.510051571127223,-0.33,0.51,-0.33
72,13,0.8,-0.33,0.8003122380800001,-0.33,0.8,-0.33
72,14,-0.8,-0.11,-0.79996530688,-0.11,-0.8,-0.11
72,15,-0.57,-0.11,-0.569991059067153,-0.11,-0.57,-0.11
72,16,-0.29,-0.11,-0.289999400932993,-0.11,-0.29,-0.11
72,17,0.0,-0.11,0.0,-0.11,0.0,-0.11
72,18,0.23,-0.11,0.23000023702532701,-0.11,0.23,-0.11
72,19,0.51,-0.11,0.510005730125247,-0.11,0.51,-0.11
72,20,0.8,-0.11,0.8000346931200001,-0.11,0.8,-0.11
72,21,-0.8,0.17,-0.7999171379200001,0.17,-0.8,0.17
72,22,-0.57,0.17,-0.569978645209977,0.17,-0.57,0.17
72,23,-0.29,0.17,-0.28999856917053696,0.17,-0.29,0.17
72,24,0.0,0.17,0.0,0.17,0.0,0.17
72,25,0.23,0.17,0.23000056611834302,0.17,0.23,0.17
72,26,0.51,0.17,0.510013686001623,0.17,0.51,0.17
72,27,0.8,0.17,0.80008286208,0.17,0.8,0.17
72,28,-0.8,0.39,-0.79956389888,0.39,-0.8,0.39
72,29,-0.57,0.39,-0.5698876102573529,0.39,-0.57,0.39
72,30,-0.29,0.39,-0.289992469579193,0.39,-0.29,0.39
72,31,0.0,0.39,0.0,0.39,0.0,0.39
72,32,0.23,0.39,0.230002979467127,0.39,0.23,0.39
72,33,0.51,0.39,0.510072029095047,0.39,0.51,0.39
72,34,0.8,0.39,0.8004361011200001,0.39,0.8,0.39
72,35,-0.8,0.6,-0.798967808,0.6,-0.8,0.6
72,36,-0.57,0.6,-0.5697339887748,0.6,-0.57,0.6
72,37,-0.29,0.6,-0.2899821765188,0.6,-0.29,0.6
72,38,0.0,0.6,0.0,0.6,0.0,0.6
72,39,0.23,0.6,0.2300070519932,0.6,0.23,0.6
72,40,0.51,0.6,0.5101704830652,0.6,0.51,0.6
72,41,0.8,0.6,0.8010321920000001,0.6,0.8,0.6
72,42,0.0,0.0,0.0,0.0,0.0,0.0
72,43,0.71,-0.23,0.710094099454743,-0.23,0.71,-0.23
72,44,-0.37,0.53,-0.369963148372257,0.53,-0.37,0.53
72,45,0.12,-0.49,0.12000034850995199,-0.49,0.12,-0.49
72,46,-0.73,0.08,-0.729987277588032,0.08,-0.73,0.08
72,47,0.63,0.44,0.630213484127472,0.44,0.63,0.44
72,48,-0.19,-0.56,-0.189997139193408,-0.56,-0.19,-0.56
72,49,0.79,0.31,0.7902620171948871,0.31,0.79,0.31
72,50,-0.61,-0.41,-0.609837075988953,-0.41,-0.61,-0.41
72,51,0.42,-0.52,0.42005889818188796,-0.52,0.42,-0.52
72,52,-0.48,0.27,-0.479972911153152,0.27,-0.48,0.27
72,53,0.06,0.58,0.060000030518208,0.58,0.06,0.58
73,0,-0.8,-0.6,-0.798967808,-0.6,-0.8,-0.6
73,1,-0.57,-0.6,-0.5697339887748,-0.6,-0.57,-0.6
73,2,-0.29,-0.6,-0.2899821765188,-0.6,-0.29,-0.6
73,3,0.0,-0.6,0.0,-0.6,0.0,-0.6
73,4,0.23,-0.6,0.2300070519932,-0.6,0.23,-0.6
73,5,0.51,-0.6,0.5101704830652,-0.6,0.51,-0.6
73,6,0.8,-0.6,0.8010321920000001,-0.6,0.8,-0.6
73,7,-0.8,-0.33,-0.79968776192,-0.33,-0.8,-0.33
73,8,-0.57,-0.33,-0.5699195316043769,-0.33,-0.57,-0.33
73,9,-0.29,-0.33,-0.28999460839693697,-0.33,-0.29,-0.33
73,10,0.0,-0.33,0.0,-0.33,0.0,-0.33
73,11,0.23,-0.33,0.23000213322794302,-0.33,0.23,-0.33
73,12,0.51,-0.33,0.510051571127223,-0.33,0.51,-0.33
73,13,0.8,-0.33,0.8003122380800001,-0.33,0.8,-0.33
73,14,-0.8,-0.11,-0.79996530688,-0.11,-0.8,-0.11
73,15,-0.57,-0.11,-0.569991059067153,-0.11,-0.57,-0.11
73,16,-0.29,-0.11,-0.289999400932993,-0.11,-0.29,-0.11
73,17,0.0,-0.11,0.0,-0.11,0.0,-0.11
73,18,0.23,-0.11,0.23000023702532701,-0.11,0.23,-0.11
73,19,0.51,-0.11,0.510005730125247,-0.11,0.51,-0.11
73,20,0.8,-0.11,0.8000346931200001,-0.11,0.8,-0.11
73,21,-0.8,0.17,-0.7999171379200001,0.17,-0.8,0.17
73,22,-0.57,0.17,-0.569978645209977,0.17,-0.57,0.17
73,23,-0.29,0.17,-0.28999856917053696,0.17,-0.29,0.17
73,24,0.0,0.17,0.0,0.17,0.0,0.17
73,25,0.23,0.17,0.23000056611834302,0.17,0.23,0.17
73,26,0.51,0.17,0.510013686001623,0.17,0.51,0.17
73,27,0.8,0.17,0.80008286208,0.17,0.8,0.17
73,28,-0.8,0.39,-0.79956389888,0.39,-0.8,0.39
73,29,-0.57,0.39,-0.5698876102573529,0.39,-0.57,0.39
73,30,-0.29,0.39,-0.289992469579193,0.39,-0.29,0.39
73,31,0.0,0.39,0.0,0.39,0.0,0.39
73,32,0.23,0.39,0.230002979467127,0.39,0.23,0.39
73,33,0.51,0.39,0.510072029095047,0.39,0.51,0.39
73,34,0.8,0.39,0.8004361011200001,0.39,0.8,0.39
73,35,-0.8,0.6,-0.798967808,0.6,-0.8,0.6
73,36,-0.57,0.6,-0.5697339887748,0.6,-0.57,0.6
73,37,-0.29,0.6,-0.2899821765188,0.6,-0.29,0.6
73,38,0.0,0.6,0.0,0.6,0.0,0.6
73,39,0.23,0.6,0.2300070519932,0.6,0.23,0.6
73,40,0.51,0.6,0.5101704830652,0.6,0.51,0.6
73,41,0.8,0.6,0.8010321920000001,0.6,0.8,0.6
73,42,0.0,0.0,0.0,0.0,0.0,0.0
73,43,0.71,-0.23,0.710094099454743,-0.23,0.71,-0.23
73,44,-0.37,0.53,-0.369963148372257,0.53,-0.37,0.53
73,45,0.12,-0.49,0.12000034850995199,-0.49,0.12,-0.49
73,46,-0.73,0.08,-0.729987277588032,0.08,-0.73,0.08
73,47,0.63,0.44,0.630213484127472,0.44,0.63,0.44
73,48,-0.19,-0.56,-0.189997139193408,-0.56,-0.19,-0.56
73,49,0.79,0.31,0.7902620171948871,0.31,0.79,0.31
73,50,-0.61,-0.41,-0.609837075988953,-0.41,-0.61,-0.41
73,51,0.42,-0.52,0.42005889818188796,-0.52,0.42,-0.52
73,52,-0.48,0.27,-0.479972911153152,0.27,-0.48,0.27
73,53,0.06,0.58,0.060000030518208,0.58,0.06,0.58
74,0,-0.8,-0.6,-0.7992258560000001,-0.6,-0.8,-0.6
74,1,-0.57,-0.6,-0.5697199881839999,-0.6,-0.57,-0.6
74,2,-0.29,-0.6,-0.28996312383199996,-0.6,-0.29,-0.6
74,3,0.0,-0.6,0.0,-0.6,0.0,-0.6
74,4,0.23,-0.6,0.229981603496,-0.6,0.23,-0.6
74,5,0.51,-0.6,0.509799431688,-0.6,0.51,-0.6
74,6,0.8,-0.6,0.7992258560000001,-0.6,0.8,-0.6
74,7,-0.8,-0.33,-0.799871201792,-0.33,-0.8,-0.33
74,8,-0.57,-0.33,-0.569953413034113,-0.33,-0.57,-0.33
74,9,-0.29,-0.33,-0.28999386472754896,-0.33,-0.29,-0.33
74,10,0.0,-0.33,0.0,-0.33,0.0,-0.33
74,11,0.23,-0.33,0.22999693928164702,-0.33,0.23,-0.33
74,12,0.51,-0.33,0.509966630447091,-0.33,0.51,-0.33
74,13,0.8,-0.33,0.799871201792,-0.33,0.8,-0.33
74,14,-0.8,-0.11,-0.799995229696,-0.11,-0.8,-0.11
74,15,-0.57,-0.11,-0.569998274556819,-0.11,-0.57,-0.11
74,16,-0.29,-0.11,-0.28999977276768696,-0.11,-0.29,-0.11
74,17,0.0,-0.11,0.0,-0.11,0.0,-0.11
74,18,0.23,-0.11,0.22999988664006102,-0.11,0.23,-0.11
74,19,0.51,-0.11,0.509998764090633,-0.11,0.51,-0.11
74,20,0.8,-0.11,0.799995229696,-0.11,0.8,-0.11
74,21,-0.8,0.17,-0.8000176081920001,0.17,-0.8,0.17
74,22,-0.57,0.17,-0.5700063689724629,0.17,-0.57,0.17
74,23,-0.29,0.17,-0.290000838762099,0.17,-0.29,0.17
74,24,0.0,0.17,0.0,0.17,0.0,0.17
74,25,0.23,0.17,0.230000418435297,0.17,0.23,0.17
74,26,0.51,0.17,0.510004562000541,0.17,0.51,0.17
74,27,0.8,0.17,0.8000176081920001,0.17,0.8,0.17
74,28,-0.8,0.39,-0.8002125992960001,0.39,-0.8,0.39
74,29,-0.57,0.39,-0.570076898244969,0.39,-0.57,0.39
74,30,-0.29,0.39,-0.29001012711763696,0.39,-0.29,0.39
74,31,0.0,0.39,0.0,0.39,0.0,0.39
74,32,0.23,0.39,0.23000505213991101,0.39,0.23,0.39
74,33,0.51,0.39,0.510055081072683,0.39,0.51,0.39
74,34,0.8,0.39,0.8002125992960001,0.39,0.8,0.39
74,35,-0.8,0.6,-0.800774144,0.6,-0.8,0.6
74,36,-0.57,0.6,-0.570280011816,0.6,-0.57,0.6
74,37,-0.29,0.6,-0.290036876168,0.6,-0.29,0.6
74,38,0.0,0.6,0.0,0.6,0.0,0.6
74,39,0.23,0.6,0.23001839650400002,0.6,0.23,0.6
74,40,0.51,0.6,0.510200568312,0.6,0.51,0.6
74,41,0.8,0.6,0.800774144,0.6,0.8,0.6
74,42,0.0,0.0,0.0,0.0,0.0,0.0
74,43,0.71,-0.23,0.709969517078041,-0.23,0.71,-0.23
74,44,-0.37,0.53,-0.370052787466767,0.53,-0.37,0.53
74,45,0.12,-0.49,0.119998576917696,-0.49,0.12,-0.49
74,46,-0.73,0.08,-0.730001394236928,0.08,-0.73,0.08
74,47,0.63,0.44,0.630149100025536,0.44,0.63,0.44
74,48,-0.19,-0.56,-0.189991568148992,-0.56,-0.19,-0.56
74,49,0.79,0.31,0.790102816873943,0.31,0.79,0.31
74,50,-0.61,-0.41,-0.609890493697493,-0.41,-0.61,-0.41
74,51,0.42,-0.52,0.419927078441472,-0.52,0.42,-0.52
74,52,-0.48,0.27,-0.480015237476352,0.27,-0.48,0.27
74,53,0.06,0.58,0.060000295009344,0.58,0.06,0.58
75,0,-0.8,-0.6,-0.7992258560000001,-0.6,-0.8,-0.6
75,1,-0.57,-0.6,-0.5697199881839999,-0.6,-0.57,-0.6
75,2,-0.29,-0.6,-0.28996312383199996,-0.6,-0.29,-0.6
75,3,0.0,-0.6,0.0,-0.6,0.0,-0.6
75,4,0.23,-0.6,0.229981603496,-0.6,0.23,-0.6
75,5,0.51,-0.6,0.509799431688,-0.6,0.51,-0.6
75,6,0.8,-0.6,0.7992258560000001,-0.6,0.8,-0.6
75,7,-0.8,-0.33,-0.799871201792,-0.33,-0.8,-0.33
75,8,-0.57,-0.33,-0.569953413034113,-0.33,-0.57,-0.33
75,9,-0.29,-0.33,-0.28999386472754896,-0.33,-0.29,-0.33
75,10,0.0,-0.33,0.0,-0.33,0.0,-0.33
75,11,0.23,-0.33,0.22999693928164702,-0.33,0.23,-0.33
75,12,0.51,-0.33,0.509966630447091,-0.33,0.51,-0.33
75,13,0.8,-0.33,0.799871201792,-0.33,0.8,-0.33
75,14,-0.8,-0.11,-0.799995229696,-0.11,-0.8,-0.11
75,15,-0.57,-0.11,-0.569998274556819,-0.11,-0.57,-0.11
75,16,-0.29,-0.11,-0.28999977276768696,-0.11,-0.29,-0.11
75,17,0.0,-0.11,0.0,-0.11,0.0,-0.11
75,18,0.23,-0.11,0.22999988664006102,-0.11,0.23,-0.11
75,19,0.51,-0.11,0.509998764090633,-0.11,0.51,-0.11
75,20,0.8,-0.11,0.799995229696,-0.11,0.8,-0.11
75,21,-0.8,0.17,-0.8000176081920001,0.17,-0.8,0.17
75,22,-0.57,0.17,-0.5700063689724629,0.17,-0.57,0.17
75,23,-0.29,0.17,-0.290000838762099,0.17,-0.29,0.17
75,24,0.0,0.17,0.0,0.17,0.0,0.17
75,25,0.23,0.17,0.230000418435297,0.17,0.23,0.17
75,26,0.51,0.17,0.510004562000541,0.17,0.51,0.17
75,27,0.8,0.17,0.8000176081920001,0.17,0.8,0.17
75,28,-0.8,0.39,-0.8002125992960001,0.39,-0.8,0.39
75,29,-0.57,0.39,-0.570076898244969,0.39,-0.57,0.39
75,30,-0.29,0.39,-0.29001012711763696,0.39,-0.29,0.39
75,31,0.0,0.39,0.0,0.39,0.0,0.39
75,32,0.23,0.39,0.23000505213991101,0.39,0.23,0.39
75,33,0.51,0.39,0.510055081072683,0.39,0.51,0.39
75,34,0.8,0.39,0.8002125992960001,0.39,0.8,0.39
75,35,-0.8,0.6,-0.800774144,0.6,-0.8,0.6
75,36,-0.57,0.6,-0.570280011816,0.6,-0.57,0.6
75,37,-0.29,0.6,-0.290036876168,0.6,-0.29,0.6
75,38,0.0,0.6,0.0,0.6,0.0,0.6
75,39,0.23,0.6,0.23001839650400002,0.6,0.23,0.6
75,40,0.51,0.6,0.510200568312,0.6,0.51,0.6
75,41,0.8,0.6,0.800774144,0.6,0.8,0.6
75,42,0.0,0.0,0.0,0.0,0.0,0.0
75,43,0.71,-0.23,0.709969517078041,-0.23,0.71,-0.23
75,44,-0.37,0.53,-0.370052787466767,0.53,-0.37,0.53
75,45,0.12,-0.49,0.119998576917696,-0.49,0.12,-0.49
75,46,-0.73,0.08,-0.730001394236928,0.08,-0.73,0.08
75,47,0.63,0.44,0.630149100025536,0.44,0.63,0.44
75,48,-0.19,-0.56,-0.189991568148992,-0.56,-0.19,-0.56
75,49,0.79,0.31,0.790102816873943,0.31,0.79,0.31
75,50,-0.61,-0.41,-0.609890493697493,-0.41,-0.61,-0.41
75,51,0.42,-0.52,0.419927078441472,-0.52,0.42,-0.52
75,52,-0.48,0.27,-0.480015237476352,0.27,-0.48,0.27
75,53,0.06,0.58,0.060000295009344,0.58,0.06,0.58
76,0,-0.8,-0.6,-0.799419392,-0.6,-0.8,-0.6
76,1,-0.57,-0.6,-0.56970525072,-0.6,-0.57,-0.6
76,2,-0.29,-0.6,-0.28992370448,-0.6,-0.29,-0.6
76,3,0.0,-0.6,0.0,-0.6,0.0,-0.6
76,4,0.23,-0.6,0.23004799088,-0.6,0.23,-0.6
76,5,0.51,-0.6,0.51023596272,-0.6,0.51,-0.6
76,6,0.8,-0.6,0.8005806080000001,-0.6,0.8,-0.6
76,7,-0.8,-0.33,-0.7999468707392,-0.33,-0.8,-0.33
76,8,-0.57,-0.33,-0.5699730285986969,-0.33,-0.57,-0.33
76,9,-0.29,-0.33,-0.28999301848307296,-0.33,-0.29,-0.33
76,10,0.0,-0.33,0.0,-0.33,0.0,-0.33
76,11,0.23,-0.33,0.230004391465463,-0.33,0.23,-0.33
76,12,0.51,-0.33,0.5100215920636471,-0.33,0.51,-0.33
76,13,0.8,-0.33,0.8000531292608001,-0.33,0.8,-0.33
76,14,-0.8,-0.11,-0.7999993440832001,-0.11,-0.8,-0.11
76,15,-0.57,-0.11,-0.5699996670197369,-0.11,-0.57,-0.11
76,16,-0.29,-0.11,-0.289999913808433,-0.11,-0.29,-0.11
76,17,0.0,-0.11,0.0,-0.11,0.0,-0.11
76,18,0.23,-0.11,0.230000054215623,-0.11,0.23,-0.11
76,19,0.51,-0.11,0.510000266568687,-0.11,0.51,-0.11
76,20,0.8,-0.11,0.8000006559168,-0.11,0.8,-0.11
76,21,-0.8,0.17,-0.7999962582592001,0.17,-0.8,0.17
76,22,-0.57,0.17,-0.5699981004818969,0.17,-0.57,0.17
76,23,-0.29,0.17,-0.289999508311873,0.17,-0.29,0.17
76,24,0.0,0.17,0.0,0.17,0.0,0.17
76,25,0.23,0.17,0.230000309278263,0.17,0.23,0.17
76,26,0.51,0.17,0.510001520666847,0.17,0.51,0.17
76,27,0.8,0.17,0.8000037417408,0.17,0.8,0.17
76,28,-0.8,0.39,-0.7998963578432,0.39,-0.8,0.39
76,29,-0.57,0.39,-0.5699473854113369,0.39,-0.57,0.39
76,30,-0.29,0.39,-0.28998638077283295,0.39,-0.29,0.39
76,31,0.0,0.39,0.0,0.39,0.0,0.39
76,32,0.23,0.39,0.23000856667202302,0.39,0.23,0.39
76,33,0.51,0.39,0.510042120820287,0.39,0.51,0.39
76,34,0.8,0.39,0.8001036421568001,0.39,0.8,0.39
76,35,-0.8,0.6,-0.799419392,0.6,-0.8,0.6
76,36,-0.57,0.6,-0.56970525072,0.6,-0.57,0.6
76,37,-0.29,0.6,-0.28992370448,0.6,-0.29,0.6
76,38,0.0,0.6,0.0,0.6,0.0,0.6
76,39,0.23,0.6,0.23004799088,0.6,0.23,0.6
76,40,0.51,0.6,0.51023596272,0.6,0.51,0.6
76,41,0.8,0.6,0.8005806080000001,0.6,0.8,0.6
76,42,0.0,0.0,0.0,0.0,0.0,0.0
76,43,0.71,-0.23,0.7100098747493669,-0.23,0.71,-0.23
76,44,-0.37,0.53,-0.369924385520577,0.53,-0.37,0.53
76,45,0.12,-0.49,0.120005810919408,-0.49,0.12,-0.49
76,46,-0.73,0.08,-0.729999847206912,0.08,-0.73,0.08
76,47,0.63,0.44,0.630104133351168,0.44,0.63,0.44
76,48,-0.19,-0.56,-0.189975148228608,-0.56,-0.19,-0.56
76,49,0.79,0.31,0.7900403458619271,0.31,0.79,0.31
76,50,-0.61,-0.41,-0.609926397403233,-0.41,-0.61,-0.41
76,51,0.42,-0.52,0.420090283834368,-0.52,0.42,-0.52
76,52,-0.48,0.27,-0.479991428919552,0.27,-0.48,0.27
76,53,0.06,0.58,0.060002851756992,0.58,0.06,0.58
77,0,-0.8,-0.6,-0.799419392,-0.6,-0.8,-0.6
77,1,-0.57,-0.6,-0.56970525072,-0.6,-0.57,-0.6
77,2,-0.29,-0.6,-0.28992370448,-0.6,-0.29,-0.6
77,3,0.0,-0.6,0.0,-0.6,0.0,-0.6
77,4,0.23,-0.6,0.23004799088,-0.6,0.23,-0.6
77,5,0.51,-0.6,0.51023596272,-0.6,0.51,-0.6
77,6,0.8,-0.6,0.8005806080000001,-0.6,0.8,-0.6
77,7,-0.8,-0.33,-0.7999468707392,-0.33,-0.8,-0.33
77,8,-0.57,-0.33,-0.5699730285986969,-0.33,-0.57,-0.33
77,9,-0.29,-0.33,-0.28999301848307296,-0.33,-0.29,-0.33
77,10,0.0,-0.33,0.0,-0.33,0.0,-0.33
77,11,0.23,-0.33,0.230004391465463,-0.33,0.23,-0.33
77,12,0.51,-0.33,0.5100215920636471,-0.33,0.51,-0.33
77,13,0.8,-0.33,0.8000531292608001,-0.33,0.8,-0.33
77,14,-0.8,-0.11,-0.7999993440832001,-0.11,-0.8,-0.11
77,15,-0.57,-0.11,-0.5699996670197369,-0.11,-0.57,-0.11
77,16,-0.29,-0.11,-0.289999913808433,-0.11,-0.29,-0.11
77,17,0.0,-0.11,0.0,-0.11,0.0,-0.11
77,18,0.23,-0.11,0.230000054215623,-0.11,0.23,-0.11
77,19,0.51,-0.11,0.510000266568687,-0.11,0.51,-0.11
77,20,0.8,-0.11,0.8000006559168,-0.11,0.8,-0.11
77,21,-0.8,0.17,-0.7999962582592001,0.17,-0.8,0.17
77,22,-0.57,0.17,-0.5699981004818969,0.17,-0.57,0.17
77,23,-0.29,0.17,-0.289999508311873,0.17,-0.29,0.17
77,24,0.0,0.17,0.0,0.17,0.0,0.17
77,25,0.23,0.17,0.230000309278263,0.17,0.23,0.17
77,26,0.51,0.17,0.510001520666847,0.17,0.51,0.17
77,27,0.8,0.17,0.8000037417408,0.17,0.8,0.17
77,28,-0.8,0.39,-0.7998963578432,0.39,-0.8,0.39
77,29,-0.57,0.39,-0.5699473854113369,0.39,-0.57,0.39
77,30,-0.29,0.39,-0.28998638077283295,0.39,-0.29,0.39
77,31,0.0,0.39,0.0,0.39,0.0,0.39
77,32,0.23,0.39,0.23000856667202302,0.39,0.23,0.39
77,33,0.51,0.39,0.510042120820287,0.39,0.51,0.39
77,34,0.8,0.39,0.8001036421568001,0.39,0.8,0.39
77,35,-0.8,0.6,-0.799419392,0.6,-0.8,0.6
77,36,-0.57,0.6,-0.56970525072,0.6,-0.57,0.6
77,37,-0.29,0.6,-0.28992370448,0.6,-0.29,0.6
77,38,0.0,0.6,0.0,0.6,0.0,0.6
77,39,0.23,0.6,0.23004799088,0.6,0.23,0.6
77,40,0.51,0.6,0.51023596272,0.6,0.51,0.6
77,41,0.8,0.6,0.8005806080000001,0.6,0.8,0.6
77,42,0.0,0.0,0.0,0.0,0.0,0.0
77,43,0.71,-0.23,0.7100098747493669,-0.23,0.71,-0.23
77,44,-0.37,0.53,-0.369924385520577,0.53,-0.37,0.53
77,45,0.12,-0.49,0.120005810919408,-0.49,0.12,-0.49
77,46,-0.73,0.08,-0.729999847206912,0.08,-0.73,0.08
77,47,0.63,0.44,0.630104133351168,0.44,0.63,0.44
77,48,-0.19,-0.56,-0.189975148228608,-0.56,-0.19,-0.56
77,49,0.79,0.31,0.7900403458619271,0.31,0.79,0.31
77,50,-0.61,-0.41,-0.609926397403233,-0.41,-0.61,-0.41
77,51,0.42,-0.52,0.420090283834368,-0.52,0.42,-0.52
77,52,-0.48,0.27,-0.479991428919552,0.27,-0.48,0.27
77,53,0.06,0.58,0.060002851756992,0.58,0.06,0.58
78,0,-0.8,-0.6,-0.7995645440000001,-0.6,-0.8,-0.6
78,1,-0.57,-0.6,-0.5696897376,-0.6,-0.57,-0.6
78,2,-0.29,-0.6,-0.28984214719999996,-0.6,-0.29,-0.6
78,3,0.0,-0.6,0.0,-0.6,0.0,-0.6
78,4,0.23,-0.6,0.22987480640000002,-0.6,0.23,-0.6
78,5,0.51,-0.6,0.5097223968,-0.6,0.51,-0.6
78,6,0.8,-0.6,0.7995645440000001,-0.6,0.8,-0.6
78,7,-0.8,-0.33,-0.79997808417992,-0.33,-0.8,-0.33
78,8,-0.57,-0.33,-0.5699843849781929,-0.33,-0.57,-0.33
78,9,-0.29,-0.33,-0.289992055515221,-0.33,-0.29,-0.33
78,10,0.0,-0.33,0.0,-0.33,0.0,-0.33
78,11,0.23,-0.33,0.22999369920172702,-0.33,0.23,-0.33
78,12,0.51,-0.33,0.509986028664699,-0.33,0.51,-0.33
78,13,0.8,-0.33,0.79997808417992,-0.33,0.8,-0.33
78,14,-0.8,-0.11,-0.7999999098114401,-0.11,-0.8,-0.11
78,15,-0.57,-0.11,-0.569999935740651,-0.11,-0.57,-0.11
78,16,-0.29,-0.11,-0.28999996730664696,-0.11,-0.29,-0.11
78,17,0.0,-0.11,0.0,-0.11,0.0,-0.11
78,18,0.23,-0.11,0.229999974070789,-0.11,0.23,-0.11
78,19,0.51,-0.11,0.509999942504793,-0.11,0.51,-0.11
78,20,0.8,-0.11,0.7999999098114401,-0.11,0.8,-0.11
78,21,-0.8,0.17,-0.8000007951199201,0.17,-0.8,0.17
78,22,-0.57,0.17,-0.570000566522943,0.17,-0.57,0.17
78,23,-0.29,0.17,-0.29000028823097096,0.17,-0.29,0.17
78,24,0.0,0.17,0.0,0.17,0.0,0.17
78,25,0.23,0.17,0.230000228596977,0.17,0.23,0.17
78,26,0.51,0.17,0.510000506888949,0.17,0.51,0.17
78,27,0.8,0.17,0.8000007951199201,0.17,0.8,0.17
78,28,-0.8,0.39,-0.8000505255514401,0.39,-0.8,0.39
78,29,-0.57,0.39,-0.570035999455401,0.39,-0.57,0.39
78,30,-0.29,0.39,-0.290018315512397,0.39,-0.29,0.39
78,31,0.0,0.39,0.0,0.39,0.0,0.39
78,32,0.23,0.39,0.230014526096039,0.39,0.23,0.39
78,33,0.51,0.39,0.510032210039043,0.39,0.51,0.39
78,34,0.8,0.39,0.8000505255514401,0.39,0.8,0.39
78,35,-0.8,0.6,-0.800435456,0.6,-0.8,0.6
78,36,-0.57,0.6,-0.5703102623999999,0.6,-0.57,0.6
78,37,-0.29,0.6,-0.2901578528,0.6,-0.29,0.6
78,38,0.0,0.6,0.0,0.6,0.0,0.6
78,39,0.23,0.6,0.2301251936,0.6,0.23,0.6
78,40,0.51,0.6,0.5102776032,0.6,0.51,0.6
78,41,0.8,0.6,0.800435456,0.6,0.8,0.6
78,42,0.0,0.0,0.0,0.0,0.0,0.0
78,43,0.71,-0.23,0.7099968011375289,-0.23,0.71,-0.23
78,44,-0.37,0.53,-0.370108312632687,0.53,-0.37,0.53
78,45,0.12,-0.49,0.119976272079084,-0.49,0.12,-0.49
78,46,-0.73,0.08,-0.730000016744448,0.08,-0.73,0.08
78,47,0.63,0.44,0.630072728054784,0.44,0.63,0.44
78,48,-0.19,-0.56,-0.189926752673792,-0.56,-0.19,-0.56
78,49,0.79,0.31,0.7900158319205031,0.31,0.79,0.31
78,50,-0.61,-0.41,-0.609950529402173,-0.41,-0.61,-0.41
78,51,0.42,-0.52,0.419888220014592,-0.52,0.42,-0.52
78,52,-0.48,0.27,-0.48000482123275195,0.27,-0.48,0.27
78,53,0.06,0.58,0.060027566984256,0.58,0.06,0.58
79,0,-0.8,-0.6,-0.7995645440000001,-0.6,-0.8,-0.6
79,1,-0.57,-0.6,-0.5696897376,-0.6,-0.57,-0.6
79,2,-0.29,-0.6,-0.28984214719999996,-0.6,-0.29,-0.6
79,3,0.0,-0.6,0.0,-0.6,0.0,-0.6
79,4,0.23,-0.6,0.22987480640000002,-0.6,0.23,-0.6
79,5,0.51,-0.6,0.5097223968,-0.6,0.51,-0.6
79,6,0.8,-0.6,0.7995645440000001,-0.6,0.8,-0.6
79,7,-0.8,-0.33,-0.79997808417992,-0.33,-0.8,-0.33
79,8,-0.57,-0.33,-0.5699843849781929,-0.33,-0.57,-0.33
79,9,-0.29,-0.33,-0.289992055515221,-0.33,-0.29,-0.33
79,10,0.0,-0.33,0.0,-0.33,0.0,-0.33
79,11,0.23,-0.33,0.22999369920172702,-0.33,0.23,-0.33
79,12,0.51,-0.33,0.509986028664699,-0.33,0.51,-0.33
79,13,0.8,-0.33,0.79997808417992,-0.33,0.8,-0.33
79,14,-0.8,-0.11,-0.7999999098114401,-0.11,-0.8,-0.11
79,15,-0.57,-0.11,-0.569999935740651,-0.11,-0.57,-0.11
79,16,-0.29,-0.11,-0.28999996730664696,-0.11,-0.29,-0.11
79,17,0.0,-0.11,0.0,-0.11,0.0,-0.11
79,18,0.23,-0.11,0.229999974070789,-0.11,0.23,-0.11
79,19,0.51,-0.11,0.509999942504793,-0.11,0.51,-0.11
79,20,0.8,-0.11,0.7999999098114401,-0.11,0.8,-0.11
79,21,-0.8,0.17,-0.8000007951199201,0.17,-0.8,0.17
79,22,-0.57,0.17,-0.570000566522943,0.17,-0.57,0.17
79,23,-0.29,0.17,-0.29000028823097096,0.17,-0.29,0.17
79,24,0.0,0.17,0.0,0.17,0.0,0.17
79,25,0.23,0.17,0.230000228596977,0.17,0.23,0.17
79,26,0.51,0.17,0.510000506888949,0.17,0.51,0.17
79,27,0.8,0.17,0.8000007951199201,0.17,0.8,0.17
79,28,-0.8,0.39,-0.8000505255514401,0.39,-0.8,0.39
79,29,-0.57,0.39,-0.570035999455401,0.39,-0.57,0.39
79,30,-0.29,0.39,-0.290018315512397,0.39,-0.29,0.39
79,31,0.0,0.39,0.0,0.39,0.0,0.39
79,32,0.23,0.39,0.230014526096039,0.39,0.23,0.39
79,33,0.51,0.39,0.510032210039043,0.39,0.51,0.39
79,34,0.8,0.39,0.8000505255514401,0.39,0.8,0.39
79,35,-0.8,0.6,-0.800435456,0.6,-0.8,0.6
79,36,-0.57,0.6,-0.5703102623999999,0.6,-0.57,0.6
79,37,-0.29,0.6,-0.2901578528,0.6,-0.29,0.6
79,38,0.0,0.6,0.0,0.6,0.0,0.6
79,39,0.23,0.6,0.2301251936,0.6,0.23,0.6
79,40,0.51,0.6,0.5102776032,0.6,0.51,0.6
79,41,0.8,0.6,0.800435456,0.6,0.8,0.6
79,42,0.0,0.0,0.0,0.0,0.0,0.0
79,43,0.71,-0.23,0.7099968011375289,-0.23,0.71,-0.23
79,44,-0.37,0.53,-0.370108312632687,0.53,-0.37,0.53
79,45,0.12,-0.49,0.119976272079084,-0.49,0.12,-0.49
79,46,-0.73,0.08,-0.730000016744448,0.08,-0.73,0.08
79,47,0.63,0.44,0.630072728054784,0.44,0.63,0.44
79,48,-0.19,-0.56,-0.189926752673792,-0.56,-0.19,-0.56
79,49,0.79,0.31,0.7900158319205031,0.31,0.79,0.31
79,50,-0.61,-0.41,-0.609950529402173,-0.41,-0.61,-0.41
79,51,0.42,-0.52,0.419888220014592,-0.52,0.42,-0.52
79,52,-0.48,0.27,-0.48000482123275195,0.27,-0.48,0.27
79,53,0.06,0.58,0.060027566984256,0.58,0.06,0.58
80,0,-0.8,-0.6,-0.7996734080000001,-0.6,-0.8,-0.6
80,1,-0.57,-0.6,-0.569673408,-0.6,-0.57,-0.6
80,2,-0.29,-0.6,-0.28967340799999997,-0.6,-0.29,-0.6
80,3,0.0,-0.6,0.0003265919999999999,-0.6,0.0,-0.6
80,4,0.23,-0.6,0.230326592,-0.6,0.23,-0.6
80,5,0.51,-0.6,0.510326592,-0.6,0.51,-0.6
80,6,0.8,-0.6,0.800326592,-0.6,0.8,-0.6
80,7,-0.8,-0.33,-0.7999909597242171,-0.33,-0.8,-0.33
80,8,-0.57,-0.33,-0.569990959724217,-0.33,-0.57,-0.33
80,9,-0.29,-0.33,-0.28999095972421696,-0.33,-0.29,-0.33
80,10,0.0,-0.33,9.040275783000003e-06,-0.33,0.0,-0.33
80,11,0.23,-0.33,0.230009040275783,-0.33,0.23,-0.33
80,12,0.51,-0.33,0.510009040275783,-0.33,0.51,-0.33
80,13,0.8,-0.33,0.800009040275783,-0.33,0.8,-0.33
80,14,-0.8,-0.11,-0.7999999875990731,-0.11,-0.8,-0.11
80,15,-0.57,-0.11,-0.569999987599073,-0.11,-0.57,-0.11
80,16,-0.29,-0.11,-0.289999987599073,-0.11,-0.29,-0.11
80,17,0.0,-0.11,1.2400927000000003e-08,-0.11,0.0,-0.11
80,18,0.23,-0.11,0.23000001240092702,-0.11,0.23,-0.11
80,19,0.51,-0.11,0.510000012400927,-0.11,0.51,-0.11
80,20,0.8,-0.11,0.800000012400927,-0.11,0.8,-0.11
80,21,-0.8,0.17,-0.799999831037017,0.17,-0.8,0.17
80,22,-0.57,0.17,-0.5699998310370169,0.17,-0.57,0.17
80,23,-0.29,0.17,-0.289999831037017,0.17,-0.29,0.17
80,24,0.0,0.17,1.6896298300000007e-07,0.17,0.0,0.17
80,25,0.23,0.17,0.230000168962983,0.17,0.23,0.17
80,26,0.51,0.17,0.5100001689629831,0.17,0.51,0.17
80,27,0.8,0.17,0.8000001689629831,0.17,0.8,0.17
80,28,-0.8,0.39,-0.799975368793673,0.39,-0.8,0.39
80,29,-0.57,0.39,-0.5699753687936729,0.39,-0.57,0.39
80,30,-0.29,0.39,-0.28997536879367297,0.39,-0.29,0.39
80,31,0.0,0.39,2.463120632700001e-05,0.39,0.0,0.39
80,32,0.23,0.39,0.23002463120632702,0.39,0.23,0.39
80,33,0.51,0.39,0.510024631206327,0.39,0.51,0.39
80,34,0.8,0.39,0.800024631206327,0.39,0.8,0.39
80,35,-0.8,0.6,-0.7996734080000001,0.6,-0.8,0.6
80,36,-0.57,0.6,-0.569673408,0.6,-0.57,0.6
80,37,-0.29,0.6,-0.28967340799999997,0.6,-0.29,0.6
80,38,0.0,0.6,0.0003265919999999999,0.6,0.0,0.6
80,39,0.23,0.6,0.230326592,0.6,0.23,0.6
80,40,0.51,0.6,0.510326592,0.6,0.51,0.6
80,41,0.8,0.6,0.800326592,0.6,0.8,0.6
80,42,0.0,0.0,0.0,0.0,0.0,0.0
80,43,0.71,-0.23,0.710001036251223,-0.23,0.71,-0.23
80,44,-0.37,0.53,-0.369844849472097,0.53,-0.37,0.53
80,45,0.12,-0.49,0.12009688901040699,-0.49,0.12,-0.49
80,46,-0.73,0.08,-0.729999998164992,0.08,-0.73,0.08
80,47,0.63,0.44,0.6300507941969921,0.44,0.63,0.44
80,48,-0.19,-0.56,-0.189784113143808,-0.56,-0.19,-0.56
80,49,0.79,0.31,0.7900062125257671,0.31,0.79,0.31
80,50,-0.61,-0.41,-0.609966749270313,-0.41,-0.61,-0.41
80,51,0.42,-0.52,0.420138394267648,-0.52,0.42,-0.52
80,52,-0.48,0.27,-0.479997288056577,0.27,-0.48,0.27
80,53,0.06,0.58,0.060266480847807995,0.58,0.06,0.58
81,0,-0.8,-0.6,-0.7996734080000001,-0.6,-0.8,-0.6
81,1,-0.57,-0.6,-0.569673408,-0.6,-0.57,-0.6
81,2,-0.29,-0.6,-0.28967340799999997,-0.6,-0.29,-0.6
81,3,0.0,-0.6,0.0003265919999999999,-0.6,0.0,-0.6
81,4,0.23,-0.6,0.230326592,-0.6,0.23,-0.6
81,5,0.51,-0.6,0.510326592,-0.6,0.51,-0.6
81,6,0.8,-0.6,0.800326592,-0.6,0.8,-0.6
81,7,-0.8,-0.33,-0.7999909597242171,-0.33,-0.8,-0.33
81,8,-0.57,-0.33,-0.569990959724217,-0.33,-0.57,-0.33
81,9,-0.29,-0.33,-0.28999095972421696,-0.33,-0.29,-0.33
81,10,0.0,-0.33,9.040275783000003e-06,-0.33,0.0,-0.33
81,11,0.23,-0.33,0.230009040275783,-0.33,0.23,-0.33
81,12,0.51,-0.33,0.510009040275783,-0.33,0.51,-0.33
81,13,0.8,-0.33,0.800009040275783,-0.33,0.8,-0.33
81,14,-0.8,-0.11,-0.7999999875990731,-0.11,-0.8,-0.11
81,15,-0.57,-0.11,-0.569999987599073,-0.11,-0.57,-0.11
81,16,-0.29,-0.11,-0.289999987599073,-0.11,-0.29,-0.11
81,17,0.0,-0.11,1.2400927000000003e-08,-0.11,0.0,-0.11
81,18,0.23,-0.11,0.23000001240092702,-0.11,0.23,-0.11
81,19,0.51,-0.11,0.510000012400927,-0.11,0.51,-0.11
81,20,0.8,-0.11,0.800000012400927,-0.11,0.8,-0.11
81,21,-0.8,0.17,-0.799999831037017,0.17,-0.8,0.17
81,22,-0.57,0.17,-0.5699998310370169,0.17,-0.57,0.17
81,23,-0.29,0.17,-0.289999831037017,0.17,-0.29,0.17
81,24,0.0,0.17,1.6896298300000007e-07,0.17,0.0,0.17
81,25,0.23,0.17,0.230000168962983,0.17,0.23,0.17
81,26,0.51,0.17,0.5100001689629831,0.17,0.51,0.17
81,27,0.8,0.17,0.8000001689629831,0.17,0.8,0.17
81,28,-0.8,0.39,-0.799975368793673,0.39,-0.8,0.39
81,29,-0.57,0.39,-0.5699753687936729,0.39,-0.57,0.39
81,30,-0.29,0.39,-0.28997536879367297,0.39,-0.29,0.39
81,31,0.0,0.39,2.463120632700001e-05,0.39,0.0,0.39
81,32,0.23,0.39,0.23002463120632702,0.39,0.23,0.39
81,33,0.51,0.39,0.510024631206327,0.39,0.51,0.39
81,34,0.8,0.39,0.800024631206327,0.39,0.8,0.39
81,35,-0.8,0.6,-0.7996734080000001,0.6,-0.8,0.6
81,36,-0.57,0.6,-0.569673408,0.6,-0.57,0.6
81,37,-0.29,0.6,-0.28967340799999997,0.6,-0.29,0.6
81,38,0.0,0.6,0.0003265919999999999,0.6,0.0,0.6
81,39,0.23,0.6,0.230326592,0.6,0.23,0.6
81,40,0.51,0.6,0.510326592,0.6,0.51,0.6
81,41,0.8,0.6,0.800326592,0.6,0.8,0.6
81,42,0.0,0.0,0.0,0.0,0.0,0.0
81,43,0.71,-0.23,0.710001036251223,-0.23,0.71,-0.23
81,44,-0.37,0.53,-0.369844849472097,0.53,-0.37,0.53
81,45,0.12,-0.49,0.12009688901040699,-0.49,0.12,-0.49
81,46,-0.73,0.08,-0.729999998164992,0.08,-0.73,0.08
81,47,0.63,0.44,0.6300507941969921,0.44,0.63,0.44
81,48,-0.19,-0.56,-0.189784113143808,-0.56,-0.19,-0.56
81,49,0.79,0.31,0.7900062125257671,0.31,0.79,0.31
81,50,-0.61,-0.41,-0.609966749270313,-0.41,-0.61,-0.41
81,51,0.42,-0.52,0.420138394267648,-0.52,0.42,-0.52
81,52,-0.48,0.27,-0.479997288056577,0.27,-0.48,0.27
81,53,0.06,0.58,0.060266480847807995,0.58,0.06,0.58
82,0,-0.8,-0.6,-0.8014680064,-0.6,-0.8,-0.6
82,1,-0.57,-0.6,-0.5701368428245235,-0.6,-0.57,-0.6
82,2,-0.29,-0.6,-0.2900012074913416,-0.6,-0.29,-0.6
82,3,0.0,-0.6,0.0,-0.6,0.0,-0.6
82,4,0.23,-0.6,0.2300002383377813,-0.6,0.23,-0.6
82,5,0.51,-0.6,0.5100628187474496,-0.6,0.51,-0.6
82,6,0.8,-0.6,0.8014680064,-0.6,0.8,-0.6
82,7,-0.8,-0.33,-0.8014680064,-0.33,-0.8,-0.33
82,8,-0.57,-0.33,-0.5701368428245235,-0.33,-0.57,-0.33
82,9,-0.29,-0.33,-0.2900012074913416,-0.33,-0.29,-0.33
82,10,0.0,-0.33,0.0,-0.33,0.0,-0.33
82,11,0.23,-0.33,0.2300002383377813,-0.33,0.23,-0.33
82,12,0.51,-0.33,0.5100628187474496,-0.33,0.51,-0.33
82,13,0.8,-0.33,0.8014680064,-0.33,0.8,-0.33
82,14,-0.8,-0.11,-0.8014680064,-0.11,-0.8,-0.11
82,15,-0.57,-0.11,-0.5701368428245235,-0.11,-0.57,-0.11
82,16,-0.29,-0.11,-0.2900012074913416,-0.11,-0.29,-0.11
82,17,0.0,-0.11,0.0,-0.11,0.0,-0.11
82,18,0.23,-0.11,0.2300002383377813,-0.11,0.23,-0.11
82,19,0.51,-0.11,0.5100628187474496,-0.11,0.51,-0.11
82,20,0.8,-0.11,0.8014680064,-0.11,0.8,-0.11
82,21,-0.8,0.17,-0.8014680064,0.17,-0.8,0.17
82,22,-0.57,0.17,-0.5701368428245235,0.17,-0.57,0.17
82,23,-0.29,0.17,-0.2900012074913416,0.17,-0.29,0.17
82,24,0.0,0.17,0.0,0.17,0.0,0.17
82,25,0.23,0.17,0.2300002383377813,0.17,0.23,0.17
82,26,0.51,0.17,0.5100628187474496,0.17,0.51,0.17
82,27,0.8,0.17,0.8014680064,0.17,0.8,0.17
82,28,-0.8,0.39,-0.8014680064,0.39,-0.8,0.39
82,29,-0.57,0.39,-0.5701368428245235,0.39,-0.57,0.39
82,30,-0.29,0.39,-0.2900012074913416,0.39,-0.29,0.39
82,31,0.0,0.39,0.0,0.39,0.0,0.39
82,32,0.23,0.39,0.2300002383377813,0.39,0.23,0.39
82,33,0.51,0.39,0.5100628187474496,0.39,0.51,0.39
82,34,0.8,0.39,0.8014680064,0.39,0.8,0.39
82,35,-0.8,0.6,-0.8014680064,0.6,-0.8,0.6
82,36,-0.57,0.6,-0.5701368428245235,0.6,-0.57,0.6
82,37,-0.29,0.6,-0.2900012074913416,0.6,-0.29,0.6
82,38,0.0,0.6,0.0,0.6,0.0,0.6
82,39,0.23,0.6,0.2300002383377813,0.6,0.23,0.6
82,40,0.51,0.6,0.5100628187474496,0.6,0.51,0.6
82,41,0.8,0.6,0.8014680064,0.6,0.8,0.6
82,42,0.0,0.0,0.0,0.0,0.0,0.0
82,43,0.71,-0.23,0.7106366584110874,-0.23,0.71,-0.23
82,44,-0.37,0.53,-0.37000664523139937,0.53,-0.37,0.53
82,45,0.12,-0.49,0.12000000250822655,-0.49,0.12,-0.49
82,46,-0.73,0.08,-0.7307733178963368,0.08,-0.73,0.08
82,47,0.63,0.44,0.6302757286447417,0.44,0.63,0.44
82,48,-0.19,-0.56,-0.19000006257102173,-0.56,-0.19,-0.56
82,49,0.79,0.31,0.7913442736290313,0.31,0.79,0.31
82,50,-0.61,-0.41,-0.6102199919985214,-0.41,-0.61,-0.41
82,51,0.42,-0.52,0.4200161377533273,-0.52,0.42,-0.52
82,52,-0.48,0.27,-0.480041094783959,0.27,-0.48,0.27
82,53,0.06,0.58,0.060000000019595524,0.58,0.06,0.58
83,0,-0.8,-0.6,-0.8014680064,-0.6,-0.8,-0.6
83,1,-0.57,-0.6,-0.5701368428245235,-0.6,-0.57,-0.6
83,2,-0.29,-0.6,-0.2900012074913416,-0.6,-0.29,-0.6
83,3,0.0,-0.6,0.0,-0.6,0.0,-0.6
83,4,0.23,-0.6,0.2300002383377813,-0.6,0.23,-0.6
83,5,0.51,-0.6,0.5100628187474496,-0.6,0.51,-0.6
83,6,0.8,-0.6,0.8014680064,-0.6,0.8,-0.6
83,7,-0.8,-0.33,-0.8014680064,-0.33,-0.8,-0.33
83,8,-0.57,-0.33,-0.5701368428245235,-0.33,-0.57,-0.33
83,9,-0.29,-0.33,-0.2900012074913416,-0.33,-0.29,-0.33
83,10,0.0,-0.33,0.0,-0.33,0.0,-0.33
83,11,0.23,-0.33,0.2300002383377813,-0.33,0.23,-0.33
83,12,0.51,-0.33,0.5100628187474496,-0.33,0.51,-0.33
83,13,0.8,-0.33,0.8014680064,-0.33,0.8,-0.33
83,14,-0.8,-0.11,-0.8014680064,-0.11,-0.8,-0.11
83,15,-0.57,-0.11,-0.5701368428245235,-0.11,-0.57,-0.11
83,16,-0.29,-0.11,-0.2900012074913416,-0.11,-0.29,-0.11
83,17,0.0,-0.11,0.0,-0.11,0.0,-0.11
83,18,0.23,-0.11,0.2300002383377813,-0.11,0.23,-0.11
83,19,0.51,-0.11,0.5100628187474496,-0.11,0.51,-0.11
83,20,0.8,-0.11,0.8014680064,-0.11,0.8,-0.11
83,21,-0.8,0.17,-0.8014680064,0.17,-0.8,0.17
83,22,-0.57,0.17,-0.5701368428245235,0.17,-0.57,0.17
83,23,-0.29,0.17,-0.2900012074913416,0.17,-0.29,0.17
83,24,0.0,0.17,0.0,0.17,0.0,0.17
83,25,0.23,0.17,0.2300002383377813,0.17,0.23,0.17
83,26,0.51,0.17,0.5100628187474496,0.17,0.51,0.17
83,27,0.8,0.17,0.8014680064,0.17,0.8,0.17
83,28,-0.8,0.39,-0.8014680064,0.39,-0.8,0.39
83,29,-0.57,0.39,-0.5701368428245235,0.39,-0.57,0.39
83,30,-0.29,0.39,-0.2900012074913416,0.39,-0.29,0.39
83,31,0.0,0.39,0.0,0.39,0.0,0.39
83,32,0.23,0.39,0.2300002383377813,0.39,0.23,0.39
83,33,0.51,0.39,0.5100628187474496,0.39,0.51,0.39
83,34,0.8,0.39,0.8014680064,0.39,0.8,0.39
83,35,-0.8,0.6,-0.8014680064,0.6,-0.8,0.6
83,36,-0.57,0.6,-0.5701368428245235,0.6,-0.57,0.6
83,37,-0.29,0.6,-0.2900012074913416,0.6,-0.29,0.6
83,38,0.0,0.6,0.0,0.6,0.0,0.6
83,39,0.23,0.6,0.2300002383377813,0.6,0.23,0.6
83,40,0.51,0.6,0.5100628187474496,0.6,0.51,0.6
83,41,0.8,0.6,0.8014680064,0.6,0.8,0.6
83,42,0.0,0.0,0.0,0.0,0.0,0.0
83,43,0.71,-0.23,0.7106366584110874,-0.23,0.71,-0.23
83,44,-0.37,0.53,-0.3700066452313993,0.53,-0.37,0.53
83,45,0.12,-0.49,0.12000000250822655,-0.49,0.12,-0.49
83,46,-0.73,0.08,-0.7307733178963368,0.08,-0.73,0.08
83,47,0.63,0.44,0.6302757286447417,0.44,0.63,0.44
83,48,-0.19,-0.56,-0.19000006257102173,-0.56,-0.19,-0.56
83,49,0.79,0.31,0.7913442736290311,0.31,0.79,0.31
83,50,-0.61,-0.41,-0.6102199919985215,-0.41,-0.61,-0.41
83,51,0.42,-0.52,0.42001613775332736,-0.52,0.42,-0.52
83,52,-0.48,0.27,-0.480041094783959,0.27,-0.48,0.27
83,53,0.06,0.58,0.06000000001959552,0.58,0.06,0.58
84,0,-0.8,-0.6,-0.8011010048,-0.6,-0.8,-0.6
84,1,-0.57,-0.6,-0.5701440450784457,-0.6,-0.57,-0.6
84,2,-0.29,-0.6,-0.29000249825794816,-0.6,-0.29,-0.6
84,3,0.0,-0.6,0.0,-0.6,0.0,-0.6
84,4,0.23,-0.6,0.22999937824926622,-0.6,0.23,-0.6
84,5,0.51,-0.6,0.5099260955912358,-0.6,0.51,-0.6
84,6,0.8,-0.6,0.7988989952000001,-0.6,0.8,-0.6
84,7,-0.8,-0.33,-0.80060555264,-0.33,-0.8,-0.33
84,8,-0.57,-0.33,-0.5700792247931451,-0.33,-0.57,-0.33
84,9,-0.29,-0.33,-0.2900013740418715,-0.33,-0.29,-0.33
84,10,0.0,-0.33,0.0,-0.33,0.0,-0.33
84,11,0.23,-0.33,0.22999965803709643,-0.33,0.23,-0.33
84,12,0.51,-0.33,0.5099593525751797,-0.33,0.51,-0.33
84,13,0.8,-0.33,0.7993944473600001,-0.33,0.8,-0.33
84,14,-0.8,-0.11,-0.8002018508800001,-0.11,-0.8,-0.11
84,15,-0.57,-0.11,-0.5700264082643817,-0.11,-0.57,-0.11
84,16,-0.29,-0.11,-0.29000045801395713,-0.11,-0.29,-0.11
84,17,0.0,-0.11,0.0,-0.11,0.0,-0.11
84,18,0.23,-0.11,0.22999988601236548,-0.11,0.23,-0.11
84,19,0.51,-0.11,0.5099864508583932,-0.11,0.51,-0.11
84,20,0.8,-0.11,0.79979814912,-0.11,0.8,-0.11
84,21,-0.8,0.17,-0.7996880486400001,0.17,-0.8,0.17
84,22,-0.57,0.17,-0.5699591872277736,0.17,-0.57,0.17
84,23,-0.29,0.17,-0.289999292160248,0.17,-0.29,0.17
84,24,0.0,0.17,0.0,0.17,0.0,0.17
84,25,0.23,0.17,0.23000017616270793,0.17,0.23,0.17
84,26,0.51,0.17,0.5100209395824832,0.17,0.51,0.17
84,27,0.8,0.17,0.80031195136,0.17,0.8,0.17
84,28,-0.8,0.39,-0.79928434688,0.39,-0.8,0.39
84,29,-0.57,0.39,-0.5699063706990102,0.39,-0.57,0.39
84,30,-0.29,0.39,-0.28999837613233365,0.39,-0.29,0.39
84,31,0.0,0.39,0.0,0.39,0.0,0.39
84,32,0.23,0.39,0.23000040413797698,0.39,0.23,0.39
84,33,0.51,0.39,0.5100480378656967,0.39,0.51,0.39
84,34,0.8,0.39,0.80071565312,0.39,0.8,0.39
84,35,-0.8,0.6,-0.7988989952000001,0.6,-0.8,0.6
84,36,-0.57,0.6,-0.5698559549215542,0.6,-0.57,0.6
84,37,-0.29,0.6,-0.2899975017420518,0.6,-0.29,0.6
84,38,0.0,0.6,0.0,0.6,0.0,0.6
84,39,0.23,0.6,0.2300006217507338,0.6,0.23,0.6
84,40,0.51,0.6,0.5100739044087642,0.6,0.51,0.6
84,41,0.8,0.6,0.8011010048,0.6,0.8,0.6
84,42,0.0,0.0,0.0,0.0,0.0,0.0
84,43,0.71,-0.23,0.7097937585428872,-0.23,0.71,-0.23
84,44,-0.37,0.53,-0.3699904811550226,0.53,-0.37,0.53
84,45,0.12,-0.49,0.11999998975807488,-0.49,0.12,-0.49
84,46,-0.73,0.08,-0.7299152528332782,0.08,-0.73,0.08
84,47,0.63,0.44,0.6301925723868037,0.44,0.63,0.44
84,48,-0.19,-0.56,-0.19000018441985353,-0.56,-0.19,-0.56
84,49,0.79,0.31,0.7905274997784806,0.31,0.79,0.31
84,50,-0.61,-0.41,-0.6101478634744161,-0.41,-0.61,-0.41
84,51,0.42,-0.52,0.41998001992445183,-0.52,0.42,-0.52
84,52,-0.48,0.27,-0.479976884184023,0.27,-0.48,0.27
84,53,0.06,0.58,0.06000000018942336,0.58,0.06,0.58
85,0,-0.8,-0.6,-0.8011010048,-0.6,-0.8,-0.6
85,1,-0.57,-0.6,-0.5701440450784457,-0.6,-0.57,-0.6
85,2,-0.29,-0.6,-0.29000249825794816,-0.6,-0.29,-0.6
85,3,0.0,-0.6,0.0,-0.6,0.0,-0.6
85,4,0.23,-0.6,0.22999937824926622,-0.6,0.23,-0.6
85,5,0.51,-0.6,0.5099260955912358,-0.6,0.51,-0.6
85,6,0.8,-0.6,0.7988989952000001,-0.6,0.8,-0.6
85,7,-0.8,-0.33,-0.80060555264,-0.33,-0.8,-0.33
85,8,-0.57,-0.33,-0.5700792247931451,-0.33,-0.57,-0.33
85,9,-0.29,-0.33,-0.2900013740418715,-0.33,-0.29,-0.33
85,10,0.0,-0.33,0.0,-0.33,0.0,-0.33
85,11,0.23,-0.33,0.22999965803709643,-0.33,0.23,-0.33
85,12,0.51,-0.33,0.5099593525751797,-0.33,0.51,-0.33
85,13,0.8,-0.33,0.7993944473600001,-0.33,0.8,-0.33
85,14,-0.8,-0.11,-0.8002018508800001,-0.11,-0.8,-0.11
85,15,-0.57,-0.11,-0.5700264082643817,-0.11,-0.57,-0.11
85,16,-0.29,-0.11,-0.29000045801395713,-0.11,-0.29,-0.11
85,17,0.0,-0.11,0.0,-0.11,0.0,-0.11
85,18,0.23,-0.11,0.22999988601236548,-0.11,0.23,-0.11
85,19,0.51,-0.11,0.5099864508583932,-0.11,0.51,-0.11
85,20,0.8,-0.11,0.79979814912,-0.11,0.8,-0.11
85,21,-0.8,0.17,-0.7996880486400001,0.17,-0.8,0.17
85,22,-0.57,0.17,-0.5699591872277736,0.17,-0.57,0.17
85,23,-0.29,0.17,-0.289999292160248,0.17,-0.29,0.17
85,24,0.0,0.17,0.0,0.17,0.0,0.17
85,25,0.23,0.17,0.23000017616270793,0.17,0.23,0.17
85,26,0.51,0.17,0.5100209395824832,0.17,0.51,0.17
85,27,0.8,0.17,0.80031195136,0.17,0.8,0.17
85,28,-0.8,0.39,-0.79928434688,0.39,-0.8,0.39
85,29,-0.57,0.39,-0.5699063706990102,0.39,-0.57,0.39
85,30,-0.29,0.39,-0.28999837613233365,0.39,-0.29,0.39
85,31,0.0,0.39,0.0,0.39,0.0,0.39
85,32,0.23,0.39,0.23000040413797698,0.39,0.23,0.39
85,33,0.51,0.39,0.5100480378656967,0.39,0.51,0.39
85,34,0.8,0.39,0.80071565312,0.39,0.8,0.39
85,35,-0.8,0.6,-0.7988989952000001,0.6,-0.8,0.6
85,36,-0.57,0.6,-0.5698559549215542,0.6,-0.57,0.6
85,37,-0.29,0.6,-0.2899975017420518,0.6,-0.29,0.6
85,38,0.0,0.6,0.0,0.6,0.0,0.6
85,39,0.23,0.6,0.2300006217507338,0.6,0.23,0.6
85,40,0.51,0.6,0.5100739044087642,0.6,0.51,0.6
85,41,0.8,0.6,0.8011010048,0.6,0.8,0.6
85,42,0.0,0.0,0.0,0.0,0.0,0.0
85,43,0.71,-0.23,0.7097937585428872,-0.23,0.71,-0.23
85,44,-0.37,0.53,-0.3699904811550226,0.53,-0.37,0.53
85,45,0.12,-0.49,0.11999998975807488,-0.49,0.12,-0.49
85,46,-0.73,0.08,-0.7299152528332782,0.08,-0.73,0.08
85,47,0.63,0.44,0.6301925723868037,0.44,0.63,0.44
85,48,-0.19,-0.56,-0.19000018441985353,-0.56,-0.19,-0.56
85,49,0.79,0.31,0.7905274997784806,0.31,0.79,0.31
85,50,-0.61,-0.41,-0.6101478634744161,-0.41,-0.61,-0.41
85,51,0.42,-0.52,0.41998001992445183,-0.52,0.42,-0.52
85,52,-0.48,0.27,-0.479976884184023,0.27,-0.48,0.27
85,53,0.06,0.58,0.06000000018942336,0.58,0.06,0.58
86,0,-0.8,-0.6,-0.8008257536000001,-0.6,-0.8,-0.6
86,1,-0.57,-0.6,-0.5701516263983639,-0.6,-0.57,-0.6
86,2,-0.29,-0.6,-0.29000516880954796,-0.6,-0.29,-0.6
86,3,0.0,-0.6,0.0,-0.6,0.0,-0.6
86,4,0.23,-0.6,0.23000162195843601,-0.6,0.23,-0.6
86,5,0.51,-0.6,0.510086946363252,-0.6,0.51,-0.6
86,6,0.8,-0.6,0.8008257536000001,-0.6,0.8,-0.6
86,7,-0.8,-0.33,-0.800249790464,-0.33,-0.8,-0.33
86,8,-0.57,-0.33,-0.5700458669855051,-0.33,-0.57,-0.33
86,9,-0.29,-0.33,-0.29000156356488827,-0.33,-0.29,-0.33
86,10,0.0,-0.33,0.0,-0.33,0.0,-0.33
86,11,0.23,-0.33,0.2300004906424269,-0.33,0.23,-0.33
86,12,0.51,-0.33,0.5100263012748837,-0.33,0.51,-0.33
86,13,0.8,-0.33,0.800249790464,-0.33,0.8,-0.33
86,14,-0.8,-0.11,-0.800027754496,-0.11,-0.8,-0.11
86,15,-0.57,-0.11,-0.5700050963317227,-0.11,-0.57,-0.11
86,16,-0.29,-0.11,-0.290000173729432,-0.11,-0.29,-0.11
86,17,0.0,-0.11,0.0,-0.11,0.0,-0.11
86,18,0.23,-0.11,0.23000005451582523,-0.11,0.23,-0.11
86,19,0.51,-0.11,0.510002922363876,-0.11,0.51,-0.11
86,20,0.8,-0.11,0.800027754496,-0.11,0.8,-0.11
86,21,-0.8,0.17,-0.8000662896640001,0.17,-0.8,0.17
86,22,-0.57,0.17,-0.5700121722303131,0.17,-0.57,0.17
86,23,-0.29,0.17,-0.29000041494054424,0.17,-0.29,0.17
86,24,0.0,0.17,0.0,0.17,0.0,0.17
86,25,0.23,0.17,0.2300001302072189,0.17,0.23,0.17
86,26,0.51,0.17,0.5100069798608278,0.17,0.51,0.17
86,27,0.8,0.17,0.8000662896640001,0.17,0.8,0.17
86,28,-0.8,0.39,-0.8003488808960001,0.39,-0.8,0.39
86,29,-0.57,0.39,-0.5700640621533087,0.39,-0.57,0.39
86,30,-0.29,0.39,-0.290002183822034,0.39,-0.29,0.39
86,31,0.0,0.39,0.0,0.39,0.0,0.39
86,32,0.23,0.39,0.23000068527743922,0.39,0.23,0.39
86,33,0.51,0.39,0.510036734838474,0.39,0.51,0.39
86,34,0.8,0.39,0.8003488808960001,0.39,0.8,0.39
86,35,-0.8,0.6,-0.8008257536000001,0.6,-0.8,0.6
86,36,-0.57,0.6,-0.5701516263983639,0.6,-0.57,0.6
86,37,-0.29,0.6,-0.29000516880954796,0.6,-0.29,0.6
86,38,0.0,0.6,0.0,0.6,0.0,0.6
86,39,0.23,0.6,0.23000162195843601,0.6,0.23,0.6
86,40,0.51,0.6,0.510086946363252,0.6,0.51,0.6
86,41,0.8,0.6,0.8008257536000001,0.6,0.8,0.6
86,42,0.0,0.0,0.0,0.0,0.0,0.0
86,43,0.71,-0.23,0.7100668106128675,-0.23,0.71,-0.23
86,44,-0.37,0.53,-0.3700136351022649,0.53,-0.37,0.53
86,45,0.12,-0.49,0.12000004182119424,-0.49,0.12,-0.49
86,46,-0.73,0.08,-0.7300092873607367,0.08,-0.73,0.08
86,47,0.63,0.44,0.6301344950003074,0.44,0.63,0.44
86,48,-0.19,-0.56,-0.1900005435532525,-0.56,-0.19,-0.56
86,49,0.79,0.31,0.7902069935839607,0.31,0.79,0.31
86,50,-0.61,-0.41,-0.6100993836467387,-0.41,-0.61,-0.41
86,51,0.42,-0.52,0.42002473723639294,-0.52,0.42,-0.52
86,52,-0.48,0.27,-0.480013002646487,0.27,-0.48,0.27
86,53,0.06,0.58,0.06000000183109248,0.58,0.06,0.58
87,0,-0.8,-0.6,-0.8008257536000001,-0.6,-0.8,-0.6
87,1,-0.57,-0.6,-0.5701516263983639,-0.6,-0.57,-0.6
87,2,-0.29,-0.6,-0.29000516880954796,-0.6,-0.29,-0.6
87,3,0.0,-0.6,0.0,-0.6,0.0,-0.6
87,4,0.23,-0.6,0.23000162195843601,-0.6,0.23,-0.6
87,5,0.51,-0.6,0.510086946363252,-0.6,0.51,-0.6
87,6,0.8,-0.6,0.8008257536000001,-0.6,0.8,-0.6
87,7,-0.8,-0.33,-0.800249790464,-0.33,-0.8,-0.33
87,8,-0.57,-0.33,-0.5700458669855051,-0.33,-0.57,-0.33
87,9,-0.29,-0.33,-0.29000156356488827,-0.33,-0.29,-0.33
87,10,0.0,-0.33,0.0,-0.33,0.0,-0.33
87,11,0.23,-0.33,0.2300004906424269,-0.33,0.23,-0.33
87,12,0.51,-0.33,0.5100263012748837,-0.33,0.51,-0.33
87,13,0.8,-0.33,0.800249790464,-0.33,0.8,-0.33
87,14,-0.8,-0.11,-0.800027754496,-0.11,-0.8,-0.11
87,15,-0.57,-0.11,-0.5700050963317227,-0.11,-0.57,-0.11
87,16,-0.29,-0.11,-0.290000173729432,-0.11,-0.29,-0.11
87,17,0.0,-0.11,0.0,-0.11,0.0,-0.11
87,18,0.23,-0.11,0.23000005451582523,-0.11,0.23,-0.11
87,19,0.51,-0.11,0.510002922363876,-0.11,0.51,-0.11
87,20,0.8,-0.11,0.800027754496,-0.11,0.8,-0.11
87,21,-0.8,0.17,-0.8000662896640001,0.17,-0.8,0.17
87,22,-0.57,0.17,-0.5700121722303131,0.17,-0.57,0.17
87,23,-0.29,0.17,-0.29000041494054424,0.17,-0.29,0.17
87,24,0.0,0.17,0.0,0.17,0.0,0.17
87,25,0.23,0.17,0.2300001302072189,0.17,0.23,0.17
87,26,0.51,0.17,0.5100069798608278,0.17,0.51,0.17
87,27,0.8,0.17,0.8000662896640001,0.17,0.8,0.17
87,28,-0.8,0.39,-0.8003488808960001,0.39,-0.8,0.39
87,29,-0.57,0.39,-0.5700640621533087,0.39,-0.57,0.39
87,30,-0.29,0.39,-0.290002183822034,0.39,-0.29,0.39
87,31,0.0,0.39,0.0,0.39,0.0,0.39
87,32,0.23,0.39,0.23000068527743922,0.39,0.23,0.39
87,33,0.51,0.39,0.510036734838474,0.39,0.51,0.39
87,34,0.8,0.39,0.8003488808960001,0.39,0.8,0.39
87,35,-0.8,0.6,-0.8008257536000001,0.6,-0.8,0.6
87,36,-0.57,0.6,-0.5701516263983639,0.6,-0.57,0.6
87,37,-0.29,0.6,-0.29000516880954796,0.6,-0.29,0.6
87,38,0.0,0.6,0.0,0.6,0.0,0.6
87,39,0.23,0.6,0.23000162195843601,0.6,0.23,0.6
87,40,0.51,0.6,0.510086946363252,0.6,0.51,0.6
87,41,0.8,0.6,0.8008257536000001,0.6,0.8,0.6
87,42,0.0,0.0,0.0,0.0,0.0,0.0
87,43,0.71,-0.23,0.7100668106128675,-0.23,0.71,-0.23
87,44,-0.37,0.53,-0.3700136351022649,0.53,-0.37,0.53
87,45,0.12,-0.49,0.12000004182119424,-0.49,0.12,-0.49
87,46,-0.73,0.08,-0.7300092873607367,0.08,-0.73,0.08
87,47,0.63,0.44,0.6301344950003074,0.44,0.63,0.44
87,48,-0.19,-0.56,-0.1900005435532525,-0.56,-0.19,-0.56
87,49,0.79,0.31,0.7902069935839607,0.31,0.79,0.31
87,50,-0.61,-0.41,-0.6100993836467387,-0.41,-0.61,-0.41
87,51,0.42,-0.52,0.42002473723639294,-0.52,0.42,-0.52
87,52,-0.48,0.27,-0.480013002646487,0.27,-0.48,0.27
87,53,0.06,0.58,0.06000000183109248,0.58,0.06,0.58
88,0,-0.8,-0.6,-0.8006193152000001,-0.6,-0.8,-0.6
88,1,-0.57,-0.6,-0.57015960673512,-0.6,-0.57,-0.6
88,2,-0.29,-0.6,-0.29001069408872,-0.6,-0.29,-0.6
88,3,0.0,-0.6,0.0,-0.6,0.0,-0.6
88,4,0.23,-0.6,0.22999576880408001,-0.6,0.23,-0.6
88,5,0.51,-0.6,0.50989771016088,-0.6,0.51,-0.6
88,6,0.8,-0.6,0.7993806848,-0.6,0.8,-0.6
88,7,-0.8,-0.33,-0.8001030385664001,-0.33,-0.8,-0.33
88,8,-0.57,-0.33,-0.5700265545705555,-0.33,-0.57,-0.33
88,9,-0.29,-0.33,-0.29000177922901077,-0.33,-0.29,-0.33
88,10,0.0,-0.33,0.0,-0.33,0.0,-0.33
88,11,0.23,-0.33,0.2299992960347788,-0.33,0.23,-0.33
88,12,0.51,-0.33,0.5099829815280165,-0.33,0.51,-0.33
88,13,0.8,-0.33,0.7998969614336,-0.33,0.8,-0.33
88,14,-0.8,-0.11,-0.8000038162432,-0.11,-0.8,-0.11
88,15,-0.57,-0.11,-0.5700009835026131,-0.11,-0.57,-0.11
88,16,-0.29,-0.11,-0.29000006589737076,-0.11,-0.29,-0.11
88,17,0.0,-0.11,0.0,-0.11,0.0,-0.11
88,18,0.23,-0.11,0.22999997392721405,-0.11,0.23,-0.11
88,19,0.51,-0.11,0.5099993696862228,-0.11,0.51,-0.11
88,20,0.8,-0.11,0.7999961837568,-0.11,0.8,-0.11
88,21,-0.8,0.17,-0.7999859134464,0.17,-0.8,0.17
88,22,-0.57,0.17,-0.569996369685696,0.17,-0.57,0.17
88,23,-0.29,0.17,-0.28999975675899126,0.17,-0.29,0.17
88,24,0.0,0.17,0.0,0.17,0.0,0.17
88,25,0.23,0.17,0.23000009624011833,0.17,0.23,0.17
88,26,0.51,0.17,0.5100023266202759,0.17,0.51,0.17
88,27,0.8,0.17,0.8000140865536001,0.17,0.8,0.17
88,28,-0.8,0.39,-0.7998299205632,0.39,-0.8,0.39
88,29,-0.57,0.39,-0.5699561680003676,0.39,-0.57,0.39
88,30,-0.29,0.39,-0.28999706313588525,0.39,-0.29,0.39
88,31,0.0,0.39,0.0,0.39,0.0,0.39
88,32,0.23,0.39,0.23000116199217954,0.39,0.23,0.39
88,33,0.51,0.39,0.5100280913470684,0.39,0.51,0.39
88,34,0.8,0.39,0.8001700794368001,0.39,0.8,0.39
88,35,-0.8,0.6,-0.7993806848,0.6,-0.8,0.6
88,36,-0.57,0.6,-0.5698403932648799,0.6,-0.57,0.6
88,37,-0.29,0.6,-0.28998930591127997,0.6,-0.29,0.6
88,38,0.0,0.6,0.0,0.6,0.0,0.6
88,39,0.23,0.6,0.23000423119592,0.6,0.23,0.6
88,40,0.51,0.6,0.51010228983912,0.6,0.51,0.6
88,41,0.8,0.6,0.8006193152000001,0.6,0.8,0.6
88,42,0.0,0.0,0.0,0.0,0.0,0.0
88,43,0.71,-0.23,0.709978357125409,-0.23,0.71,-0.23
88,44,-0.37,0.53,-0.3699804686372962,0.53,-0.37,0.53
88,45,0.12,-0.49,0.11999982923012352,-0.49,0.12,-0.49
88,46,-0.73,0.08,-0.7299989822070425,0.08,-0.73,0.08
88,47,0.63,0.44,0.6300939330160877,0.44,0.63,0.44
88,48,-0.19,-0.56,-0.19000160205169153,-0.56,-0.19,-0.56
88,49,0.79,0.31,0.790081225330415,0.31,0.79,0.31
88,50,-0.61,-0.41,-0.6100667988445293,-0.41,-0.61,-0.41
88,51,0.42,-0.52,0.41996937294541825,-0.52,0.42,-0.52
88,52,-0.48,0.27,-0.47999268601135103,0.27,-0.48,0.27
88,53,0.06,0.58,0.06000001770056064,0.58,0.06,0.58
89,0,-0.8,-0.6,-0.8006193152000001,-0.6,-0.8,-0.6
89,1,-0.57,-0.6,-0.57015960673512,-0.6,-0.57,-0.6
89,2,-0.29,-0.6,-0.29001069408872,-0.6,-0.29,-0.6
89,3,0.0,-0.6,0.0,-0.6,0.0,-0.6
89,4,0.23,-0.6,0.22999576880408001,-0.6,0.23,-0.6
89,5,0.51,-0.6,0.50989771016088,-0.6,0.51,-0.6
89,6,0.8,-0.6,0.7993806848,-0.6,0.8,-0.6
89,7,-0.8,-0.33,-0.8001030385664001,-0.33,-0.8,-0.33
89,8,-0.57,-0.33,-0.5700265545705555,-0.33,-0.57,-0.33
89,9,-0.29,-0.33,-0.29000177922901077,-0.33,-0.29,-0.33
89,10,0.0,-0.33,0.0,-0.33,0.0,-0.33
89,11,0.23,-0.33,0.2299992960347788,-0.33,0.23,-0.33
89,12,0.51,-0.33,0.5099829815280165,-0.33,0.51,-0.33
89,13,0.8,-0.33,0.7998969614336,-0.33,0.8,-0.33
89,14,-0.8,-0.11,-0.8000038162432,-0.11,-0.8,-0.11
89,15,-0.57,-0.11,-0.5700009835026131,-0.11,-0.57,-0.11
89,16,-0.29,-0.11,-0.29000006589737076,-0.11,-0.29,-0.11
89,17,0.0,-0.11,0.0,-0.11,0.0,-0.11
89,18,0.23,-0.11,0.22999997392721405,-0.11,0.23,-0.11
89,19,0.51,-0.11,0.5099993696862228,-0.11,0.51,-0.11
89,20,0.8,-0.11,0.7999961837568,-0.11,0.8,-0.11
89,21,-0.8,0.17,-0.7999859134464,0.17,-0.8,0.17
89,22,-0.57,0.17,-0.569996369685696,0.17,-0.57,0.17
89,23,-0.29,0.17,-0.28999975675899126,0.17,-0.29,0.17
89,24,0.0,0.17,0.0,0.17,0.0,0.17
89,25,0.23,0.17,0.23000009624011833,0.17,0.23,0.17
89,26,0.51,0.17,0.5100023266202759,0.17,0.51,0.17
89,27,0.8,0.17,0.8000140865536001,0.17,0.8,0.17
89,28,-0.8,0.39,-0.7998299205632,0.39,-0.8,0.39
89,29,-0.57,0.39,-0.5699561680003676,0.39,-0.57,0.39
89,30,-0.29,0.39,-0.28999706313588525,0.39,-0.29,0.39
89,31,0.0,0.39,0.0,0.39,0.0,0.39
89,32,0.23,0.39,0.23000116199217954,0.39,0.23,0.39
89,33,0.51,0.39,0.5100280913470684,0.39,0.51,0.39
89,34,0.8,0.39,0.8001700794368001,0.39,0.8,0.39
89,35,-0.8,0.6,-0.7993806848,0.6,-0.8,0.6
89,36,-0.57,0.6,-0.5698403932648799,0.6,-0.57,0.6
89,37,-0.29,0.6,-0.28998930591127997,0.6,-0.29,0.6
89,38,0.0,0.6,0.0,0.6,0.0,0.6
89,39,0.23,0.6,0.23000423119592,0.6,0.23,0.6
89,40,0.51,0.6,0.51010228983912,0.6,0.51,0.6
89,41,0.8,0.6,0.8006193152000001,0.6,0.8,0.6
89,42,0.0,0.0,0.0,0.0,0.0,0.0
89,43,0.71,-0.23,0.709978357125409,-0.23,0.71,-0.23
89,44,-0.37,0.53,-0.3699804686372962,0.53,-0.37,0.53
89,45,0.12,-0.49,0.11999982923012352,-0.49,0.12,-0.49
89,46,-0.73,0.08,-0.7299989822070425,0.08,-0.73,0.08
89,47,0.63,0.44,0.6300939330160877,0.44,0.63,0.44
89,48,-0.19,-0.56,-0.19000160205169153,-0.56,-0.19,-0.56
89,49,0.79,0.31,0.790081225330415,0.31,0.79,0.31
89,50,-0.61,-0.41,-0.6100667988445293,-0.41,-0.61,-0.41
89,51,0.42,-0.52,0.41996937294541825,-0.52,0.42,-0.52
89,52,-0.48,0.27,-0.47999268601135103,0.27,-0.48,0.27
89,53,0.06,0.58,0.06000001770056064,0.58,0.06,0.58
90,0,-0.8,-0.6,-0.8004644864,-0.6,-0.8,-0.6
90,1,-0.57,-0.6,-0.5701680070895999,-0.6,-0.57,-0.6
90,2,-0.29,-0.6,-0.2900221257008,-0.6,-0.29,-0.6
90,3,0.0,-0.6,0.0,-0.6,0.0,-0.6
90,4,0.23,-0.6,0.23001103790240002,-0.6,0.23,-0.6
90,5,0.51,-0.6,0.5101203409872,-0.6,0.51,-0.6
90,6,0.8,-0.6,0.8004644864,-0.6,0.8,-0.6
90,7,-0.8,-0.33,-0.80004250340864,-0.33,-0.8,-0.33
90,8,-0.57,-0.33,-0.5700153736987427,-0.33,-0.57,-0.33
90,9,-0.29,-0.33,-0.2900020246399088,-0.33,-0.29,-0.33
90,10,0.0,-0.33,0.0,-0.33,0.0,-0.33
90,11,0.23,-0.33,0.2300010100370565,-0.33,0.23,-0.33
90,12,0.51,-0.33,0.51001101195246,-0.33,0.51,-0.33
90,13,0.8,-0.33,0.80004250340864,-0.33,0.8,-0.33
90,14,-0.8,-0.11,-0.8000005247334401,-0.11,-0.8,-0.11
90,15,-0.57,-0.11,-0.5700001897987499,-0.11,-0.57,-0.11
90,16,-0.29,-0.11,-0.2900000249955544,-0.11,-0.29,-0.11
90,17,0.0,-0.11,0.0,-0.11,0.0,-0.11
90,18,0.23,-0.11,0.2300000124695933,-0.11,0.23,-0.11
90,19,0.51,-0.11,0.5100001359500304,-0.11,0.51,-0.11
90,20,0.8,-0.11,0.8000005247334401,-0.11,0.8,-0.11
90,21,-0.8,0.17,-0.80000299339264,0.17,-0.8,0.17
90,22,-0.57,0.17,-0.5700010827253187,0.17,-0.57,0.17
90,23,-0.29,0.17,-0.2900001425895568,0.17,-0.29,0.17
90,24,0.0,0.17,0.0,0.17,0.0,0.17
90,25,0.23,0.17,0.2300000711340005,0.17,0.23,0.17
90,26,0.51,0.17,0.5100007755400919,0.17,0.51,0.17
90,27,0.8,0.17,0.80000299339264,0.17,0.8,0.17
90,28,-0.8,0.39,-0.80008291372544,0.39,-0.8,0.39
90,29,-0.57,0.39,-0.5700299903155379,0.39,-0.57,0.39
90,30,-0.29,0.39,-0.2900039495758784,0.39,-0.29,0.39
90,31,0.0,0.39,0.0,0.39,0.0,0.39
90,32,0.23,0.39,0.2300019703345653,0.39,0.23,0.39
90,33,0.51,0.39,0.5100214816183464,0.39,0.51,0.39
90,34,0.8,0.39,0.80008291372544,0.39,0.8,0.39
90,35,-0.8,0.6,-0.8004644864,0.6,-0.8,0.6
90,36,-0.57,0.6,-0.5701680070895999,0.6,-0.57,0.6
90,37,-0.29,0.6,-0.2900221257008,0.6,-0.29,0.6
90,38,0.0,0.6,0.0,0.6,0.0,0.6
90,39,0.23,0.6,0.23001103790240002,0.6,0.23,0.6
90,40,0.51,0.6,0.5101203409872,0.6,0.51,0.6
90,41,0.8,0.6,0.8004644864,0.6,0.8,0.6
90,42,0.0,0.0,0.0,0.0,0.0,0.0
90,43,0.71,-0.23,0.7100070110720506,-0.23,0.71,-0.23
90,44,-0.37,0.53,-0.3700279773573865,0.53,-0.37,0.53
90,45,0.12,-0.49,0.12000069731032896,-0.49,0.12,-0.49
90,46,-0.73,0.08,-0.7300001115389543,0.08,-0.73,0.08
90,47,0.63,0.44,0.6300656040112358,0.44,0.63,0.44
90,48,-0.19,-0.56,-0.19000472183656447,-0.56,-0.19,-0.56
90,49,0.79,0.31,0.7900318732309224,0.31,0.79,0.31
90,50,-0.61,-0.41,-0.6100448975840279,-0.41,-0.61,-0.41
90,51,0.42,-0.52,0.42003791921043454,-0.52,0.42,-0.52
90,52,-0.48,0.27,-0.48000411411861504,0.27,-0.48,0.27
90,53,0.06,0.58,0.06000017110541952,0.58,0.06,0.58
91,0,-0.8,-0.6,-0.8004644864,-0.6,-0.8,-0.6
91,1,-0.57,-0.6,-0.5701680070895999,-0.6,-0.57,-0.6
91,2,-0.29,-0.6,-0.2900221257008,-0.6,-0.29,-0.6
91,3,0.0,-0.6,0.0,-0.6,0.0,-0.6
91,4,0.23,-0.6,0.23001103790240002,-0.6,0.23,-0.6
91,5,0.51,-0.6,0.5101203409872,-0.6,0.51,-0.6
91,6,0.8,-0.6,0.8004644864,-0.6,0.8,-0.6
91,7,-0.8,-0.33,-0.80004250340864,-0.33,-0.8,-0.33
91,8,-0.57,-0.33,-0.5700153736987427,-0.33,-0.57,-0.33
91,9,-0.29,-0.33,-0.2900020246399088,-0.33,-0.29,-0.33
91,10,0.0,-0.33,0.0,-0.33,0.0,-0.33
91,11,0.23,-0.33,0.2300010100370565,-0.33,0.23,-0.33
91,12,0.51,-0.33,0.51001101195246,-0.33,0.51,-0.33
91,13,0.8,-0.33,0.80004250340864,-0.33,0.8,-0.33
91,14,-0.8,-0.11,-0.8000005247334401,-0.11,-0.8,-0.11
91,15,-0.57,-0.11,-0.5700001897987499,-0.11,-0.57,-0.11
91,16,-0.29,-0.11,-0.2900000249955544,-0.11,-0.29,-0.11
91,17,0.0,-0.11,0.0,-0.11,0.0,-0.11
91,18,0.23,-0.11,0.2300000124695933,-0.11,0.23,-0.11
91,19,0.51,-0.11,0.5100001359500304,-0.11,0.51,-0.11
91,20,0.8,-0.11,0.8000005247334401,-0.11,0.8,-0.11
91,21,-0.8,0.17,-0.80000299339264,0.17,-0.8,0.17
91,22,-0.57,0.17,-0.5700010827253187,0.17,-0.57,0.17
91,23,-0.29,0.17,-0.2900001425895568,0.17,-0.29,0.17
91,24,0.0,0.17,0.0,0.17,0.0,0.17
91,25,0.23,0.17,0.2300000711340005,0.17,0.23,0.17
91,26,0.51,0.17,0.5100007755400919,0.17,0.51,0.17
91,27,0.8,0.17,0.80000299339264,0.17,0.8,0.17
91,28,-0.8,0.39,-0.80008291372544,0.39,-0.8,0.39
91,29,-0.57,0.39,-0.5700299903155379,0.39,-0.57,0.39
91,30,-0.29,0.39,-0.2900039495758784,0.39,-0.29,0.39
91,31,0.0,0.39,0.0,0.39,0.0,0.39
91,32,0.23,0.39,0.2300019703345653,0.39,0.23,0.39
91,33,0.51,0.39,0.5100214816183464,0.39,0.51,0.39
91,34,0.8,0.39,0.80008291372544,0.39,0.8,0.39
91,35,-0.8,0.6,-0.8004644864,0.6,-0.8,0.6
91,36,-0.57,0.6,-0.5701680070895999,0.6,-0.57,0.6
91,37,-0.29,0.6,-0.2900221257008,0.6,-0.29,0.6
91,38,0.0,0.6,0.0,0.6,0.0,0.6
91,39,0.23,0.6,0.23001103790240002,0.6,0.23,0.6
91,40,0.51,0.6,0.5101203409872,0.6,0.51,0.6
91,41,0.8,0.6,0.8004644864,0.6,0.8,0.6
91,42,0.0,0.0,0.0,0.0,0.0,0.0
91,43,0.71,-0.23,0.7100070110720506,-0.23,0.71,-0.23
91,44,-0.37,0.53,-0.3700279773573865,0.53,-0.37,0.53
91,45,0.12,-0.49,0.12000069731032896,-0.49,0.12,-0.49
91,46,-0.73,0.08,-0.7300001115389543,0.08,-0.73,0.08
91,47,0.63,0.44,0.6300656040112358,0.44,0.63,0.44
91,48,-0.19,-0.56,-0.19000472183656447,-0.56,-0.19,-0.56
91,49,0.79,0.31,0.7900318732309224,0.31,0.79,0.31
91,50,-0.61,-0.41,-0.6100448975840279,-0.41,-0.61,-0.41
91,51,0.42,-0.52,0.42003791921043454,-0.52,0.42,-0.52
91,52,-0.48,0.27,-0.48000411411861504,0.27,-0.48,0.27
91,53,0.06,0.58,0.06000017110541952,0.58,0.06,0.58
92,0,-0.8,-0.6,-0.8003483648,-0.6,-0.8,-0.6
92,1,-0.57,-0.6,-0.570176849568,-0.6,-0.57,-0.6
92,2,-0.29,-0.6,-0.290045777312,-0.6,-0.29,-0.6
92,3,0.0,-0.6,0.0,-0.6,0.0,-0.6
92,4,0.23,-0.6,0.229971205472,-0.6,0.23,-0.6
92,5,0.51,-0.6,0.509858422368,-0.6,0.51,-0.6
92,6,0.8,-0.6,0.7996516352,-0.6,0.8,-0.6
92,7,-0.8,-0.33,-0.800017532656064,-0.33,-0.8,-0.33
92,8,-0.57,-0.33,-0.5700089005624299,-0.33,-0.57,-0.33
92,9,-0.29,-0.33,-0.2900023039005859,-0.33,-0.29,-0.33
92,10,0.0,-0.33,0.0,-0.33,0.0,-0.33
92,11,0.23,-0.33,0.22999855081639722,-0.33,0.23,-0.33
92,12,0.51,-0.33,0.5099928746189965,-0.33,0.51,-0.33
92,13,0.8,-0.33,0.7999824673439361,-0.33,0.8,-0.33
92,14,-0.8,-0.11,-0.800000072150848,-0.11,-0.8,-0.11
92,15,-0.57,-0.11,-0.5700000366278288,-0.11,-0.57,-0.11
92,16,-0.29,-0.11,-0.29000000948107235,-0.11,-0.29,-0.11
92,17,0.0,-0.11,0.0,-0.11,0.0,-0.11
92,18,0.23,-0.11,0.2299999940362815,-0.11,0.23,-0.11
92,19,0.51,-0.11,0.5099999706774444,-0.11,0.51,-0.11
92,20,0.8,-0.11,0.7999999278491521,-0.11,0.8,-0.11
92,21,-0.8,0.17,-0.799999363904064,0.17,-0.8,0.17
92,22,-0.57,0.17,-0.5699996770819225,0.17,-0.57,0.17
92,23,-0.29,0.17,-0.28999991641301837,0.17,-0.29,0.17
92,24,0.0,0.17,0.0,0.17,0.0,0.17
92,25,0.23,0.17,0.23000005257730471,0.17,0.23,0.17
92,26,0.51,0.17,0.510000258513364,0.17,0.51,0.17
92,27,0.8,0.17,0.8000006360959361,0.17,0.8,0.17
92,28,-0.8,0.39,-0.799959579558848,0.39,-0.8,0.39
92,29,-0.57,0.39,-0.5699794803104213,0.39,-0.57,0.39
92,30,-0.29,0.39,-0.28999468850140486,0.39,-0.29,0.39
92,31,0.0,0.39,0.0,0.39,0.0,0.39
92,32,0.23,0.39,0.23000334100208897,0.39,0.23,0.39
92,33,0.51,0.39,0.5100164271199119,0.39,0.51,0.39
92,34,0.8,0.39,0.8000404204411521,0.39,0.8,0.39
92,35,-0.8,0.6,-0.7996516352,0.6,-0.8,0.6
92,36,-0.57,0.6,-0.5698231504319999,0.6,-0.57,0.6
92,37,-0.29,0.6,-0.289954222688,0.6,-0.29,0.6
92,38,0.0,0.6,0.0,0.6,0.0,0.6
92,39,0.23,0.6,0.230028794528,0.6,0.23,0.6
92,40,0.51,0.6,0.510141577632,0.6,0.51,0.6
92,41,0.8,0.6,0.8003483648,0.6,0.8,0.6
92,42,0.0,0.0,0.0,0.0,0.0,0.0
92,43,0.71,-0.23,0.7099977288076456,-0.23,0.71,-0.23
92,44,-0.37,0.53,-0.3699599243259058,0.53,-0.37,0.53
92,45,0.12,-0.49,0.11999715264949007,-0.49,0.12,-0.49
92,46,-0.73,0.08,-0.729999987776553,0.08,-0.73,0.08
92,47,0.63,0.44,0.6300458186745139,0.44,0.63,0.44
92,48,-0.19,-0.56,-0.19001391699197953,-0.56,-0.19,-0.56
92,49,0.79,0.31,0.7900125072171974,0.31,0.79,0.31
92,50,-0.61,-0.41,-0.6100301770646744,-0.41,-0.61,-0.41
92,51,0.42,-0.52,0.4199530524061286,-0.52,0.42,-0.52
92,52,-0.48,0.27,-0.479997685808279,0.27,-0.48,0.27
92,53,0.06,0.58,0.060001654019055356,0.58,0.06,0.58
93,0,-0.8,-0.6,-0.8003483648,-0.6,-0.8,-0.6
93,1,-0.57,-0.6,-0.570176849568,-0.6,-0.57,-0.6
93,2,-0.29,-0.6,-0.290045777312,-0.6,-0.29,-0.6
93,3,0.0,-0.6,0.0,-0.6,0.0,-0.6
93,4,0.23,-0.6,0.229971205472,-0.6,0.23,-0.6
93,5,0.51,-0.6,0.509858422368,-0.6,0.51,-0.6
93,6,0.8,-0.6,0.7996516352,-0.6,0.8,-0.6
93,7,-0.8,-0.33,-0.800017532656064,-0.33,-0.8,-0.33
93,8,-0.57,-0.33,-0.5700089005624299,-0.33,-0.57,-0.33
93,9,-0.29,-0.33,-0.2900023039005859,-0.33,-0.29,-0.33
93,10,0.0,-0.33,0.0,-0.33,0.0,-0.33
93,11,0.23,-0.33,0.22999855081639722,-0.33,0.23,-0.33
93,12,0.51,-0.33,0.5099928746189965,-0.33,0.51,-0.33
93,13,0.8,-0.33,0.7999824673439361,-0.33,0.8,-0.33
93,14,-0.8,-0.11,-0.800000072150848,-0.11,-0.8,-0.11
93,15,-0.57,-0.11,-0.5700000366278288,-0.11,-0.57,-0.11
93,16,-0.29,-0.11,-0.29000000948107235,-0.11,-0.29,-0.11
93,17,0.0,-0.11,0.0,-0.11,0.0,-0.11
93,18,0.23,-0.11,0.2299999940362815,-0.11,0.23,-0.11
93,19,0.51,-0.11,0.5099999706774444,-0.11,0.51,-0.11
93,20,0.8,-0.11,0.7999999278491521,-0.11,0.8,-0.11
93,21,-0.8,0.17,-0.799999363904064,0.17,-0.8,0.17
93,22,-0.57,0.17,-0.5699996770819225,0.17,-0.57,0.17
93,23,-0.29,0.17,-0.28999991641301837,0.17,-0.29,0.17
93,24,0.0,0.17,0.0,0.17,0.0,0.17
93,25,0.23,0.17,0.23000005257730471,0.17,0.23,0.17
93,26,0.51,0.17,0.510000258513364,0.17,0.51,0.17
93,27,0.8,0.17,0.8000006360959361,0.17,0.8,0.17
93,28,-0.8,0.39,-0.799959579558848,0.39,-0.8,0.39
93,29,-0.57,0.39,-0.5699794803104213,0.39,-0.57,0.39
93,30,-0.29,0.39,-0.28999468850140486,0.39,-0.29,0.39
93,31,0.0,0.39,0.0,0.39,0.0,0.39
93,32,0.23,0.39,0.23000334100208897,0.39,0.23,0.39
93,33,0.51,0.39,0.5100164271199119,0.39,0.51,0.39
93,34,0.8,0.39,0.8000404204411521,0.39,0.8,0.39
93,35,-0.8,0.6,-0.7996516352,0.6,-0.8,0.6
93,36,-0.57,0.6,-0.5698231504319999,0.6,-0.57,0.6
93,37,-0.29,0.6,-0.289954222688,0.6,-0.29,0.6
93,38,0.0,0.6,0.0,0.6,0.0,0.6
93,39,0.23,0.6,0.230028794528,0.6,0.23,0.6
93,40,0.51,0.6,0.510141577632,0.6,0.51,0.6
93,41,0.8,0.6,0.8003483648,0.6,0.8,0.6
93,42,0.0,0.0,0.0,0.0,0.0,0.0
93,43,0.71,-0.23,0.7099977288076456,-0.23,0.71,-0.23
93,44,-0.37,0.53,-0.3699599243259058,0.53,-0.37,0.53
93,45,0.12,-0.49,0.11999715264949007,-0.49,0.12,-0.49
93,46,-0.73,0.08,-0.729999987776553,0.08,-0.73,0.08
93,47,0.63,0.44,0.6300458186745139,0.44,0.63,0.44
93,48,-0.19,-0.56,-0.19001391699197953,-0.56,-0.19,-0.56
93,49,0.79,0.31,0.7900125072171974,0.31,0.79,0.31
93,50,-0.61,-0.41,-0.6100301770646744,-0.41,-0.61,-0.41
93,51,0.42,-0.52,0.4199530524061286,-0.52,0.42,-0.52
93,52,-0.48,0.27,-0.479997685808279,0.27,-0.48,0.27
93,53,0.06,0.58,0.060001654019055356,0.58,0.06,0.58
94,0,-0.8,-0.6,-0.8002612736,-0.6,-0.8,-0.6
94,1,-0.57,-0.6,-0.5701861574399999,-0.6,-0.57,-0.6
94,2,-0.29,-0.6,-0.29009471168,-0.6,-0.29,-0.6
94,3,0.0,-0.6,0.0,-0.6,0.0,-0.6
94,4,0.23,-0.6,0.23007511616,-0.6,0.23,-0.6
94,5,0.51,-0.6,0.51016656192,-0.6,0.51,-0.6
94,6,0.8,-0.6,0.8002612736,-0.6,0.8,-0.6
94,7,-0.8,-0.33,-0.8000072322206264,-0.33,-0.8,-0.33
94,8,-0.57,-0.33,-0.5700051529571962,-0.33,-0.57,-0.33
94,9,-0.29,-0.33,-0.29000262167997704,-0.33,-0.29,-0.33
94,10,0.0,-0.33,0.0,-0.33,0.0,-0.33
94,11,0.23,-0.33,0.2300020792634301,-0.33,0.23,-0.33
94,12,0.51,-0.33,0.5100046105406494,-0.33,0.51,-0.33
94,13,0.8,-0.33,0.8000072322206264,-0.33,0.8,-0.33
94,14,-0.8,-0.11,-0.8000000099207416,-0.11,-0.8,-0.11
94,15,-0.57,-0.11,-0.5700000070685284,-0.11,-0.57,-0.11
94,16,-0.29,-0.11,-0.2900000035962688,-0.11,-0.29,-0.11
94,17,0.0,-0.11,0.0,-0.11,0.0,-0.11
94,18,0.23,-0.11,0.23000000285221323,-0.11,0.23,-0.11
94,19,0.51,-0.11,0.5100000063244727,-0.11,0.51,-0.11
94,20,0.8,-0.11,0.8000000099207416,-0.11,0.8,-0.11
94,21,-0.8,0.17,-0.8000001351703865,0.17,-0.8,0.17
94,22,-0.57,0.17,-0.5700000963089003,0.17,-0.57,0.17
94,23,-0.29,0.17,-0.29000004899926507,0.17,-0.29,0.17
94,24,0.0,0.17,0.0,0.17,0.0,0.17
94,25,0.23,0.17,0.2300000388614861,0.17,0.23,0.17
94,26,0.51,0.17,0.5100000861711214,0.17,0.51,0.17
94,27,0.8,0.17,0.8000001351703865,0.17,0.8,0.17
94,28,-0.8,0.39,-0.8000197049650617,0.39,-0.8,0.39
94,29,-0.57,0.39,-0.5700140397876063,0.39,-0.57,0.39
94,30,-0.29,0.39,-0.2900071430498348,0.39,-0.29,0.39
94,31,0.0,0.39,0.0,0.39,0.0,0.39
94,32,0.23,0.39,0.23000566517745522,0.39,0.23,0.39
94,33,0.51,0.39,0.5100125619152268,0.39,0.51,0.39
94,34,0.8,0.39,0.8000197049650617,0.39,0.8,0.39
94,35,-0.8,0.6,-0.8002612736,0.6,-0.8,0.6
94,36,-0.57,0.6,-0.5701861574399999,0.6,-0.57,0.6
94,37,-0.29,0.6,-0.29009471168,0.6,-0.29,0.6
94,38,0.0,0.6,0.0,0.6,0.0,0.6
94,39,0.23,0.6,0.23007511616,0.6,0.23,0.6
94,40,0.51,0.6,0.51016656192,0.6,0.51,0.6
94,41,0.8,0.6,0.8002612736,0.6,0.8,0.6
94,42,0.0,0.0,0.0,0.0,0.0,0.0
94,43,0.71,-0.23,0.7100007357383683,-0.23,0.71,-0.23
94,44,-0.37,0.53,-0.3700574056953241,0.53,-0.37,0.53
94,45,0.12,-0.49,0.12001162668124883,-0.49,0.12,-0.49
94,46,-0.73,0.08,-0.7300000013395558,0.08,-0.73,0.08
94,47,0.63,0.44,0.630032000344105,0.44,0.63,0.44
94,48,-0.19,-0.56,-0.1900410185026765,-0.56,-0.19,-0.56
94,49,0.79,0.31,0.7900049078953559,0.31,0.79,0.31
94,50,-0.61,-0.41,-0.610020282945109,-0.41,-0.61,-0.41
94,51,0.42,-0.52,0.4200581255924121,-0.52,0.42,-0.52
94,52,-0.48,0.27,-0.480001301732843,0.27,-0.48,0.27
94,53,0.06,0.58,0.06001598885086848,0.58,0.06,0.58
95,0,-0.8,-0.6,-0.8002612736,-0.6,-0.8,-0.6
95,1,-0.57,-0.6,-0.5701861574399999,-0.6,-0.57,-0.6
95,2,-0.29,-0.6,-0.29009471168,-0.6,-0.29,-0.6
95,3,0.0,-0.6,0.0,-0.6,0.0,-0.6
95,4,0.23,-0.6,0.23007511616,-0.6,0.23,-0.6
95,5,0.51,-0.6,0.51016656192,-0.6,0.51,-0.6
95,6,0.8,-0.6,0.8002612736,-0.6,0.8,-0.6
95,7,-0.8,-0.33,-0.8000072322206264,-0.33,-0.8,-0.33
95,8,-0.57,-0.33,-0.5700051529571962,-0.33,-0.57,-0.33
95,9,-0.29,-0.33,-0.29000262167997704,-0.33,-0.29,-0.33
95,10,0.0,-0.33,0.0,-0.33,0.0,-0.33
95,11,0.23,-0.33,0.2300020792634301,-0.33,0.23,-0.33
95,12,0.51,-0.33,0.5100046105406494,-0.33,0.51,-0.33
95,13,0.8,-0.33,0.8000072322206264,-0.33,0.8,-0.33
95,14,-0.8,-0.11,-0.8000000099207416,-0.11,-0.8,-0.11
95,15,-0.57,-0.11,-0.5700000070685284,-0.11,-0.57,-0.11
95,16,-0.29,-0.11,-0.2900000035962688,-0.11,-0.29,-0.11
95,17,0.0,-0.11,0.0,-0.11,0.0,-0.11
95,18,0.23,-0.11,0.23000000285221323,-0.11,0.23,-0.11
95,19,0.51,-0.11,0.5100000063244727,-0.11,0.51,-0.11
95,20,0.8,-0.11,0.8000000099207416,-0.11,0.8,-0.11
95,21,-0.8,0.17,-0.8000001351703865,0.17,-0.8,0.17
95,22,-0.57,0.17,-0.5700000963089003,0.17,-0.57,0.17
95,23,-0.29,0.17,-0.29000004899926507,0.17,-0.29,0.17
95,24,0.0,0.17,0.0,0.17,0.0,0.17
95,25,0.23,0.17,0.2300000388614861,0.17,0.23,0.17
95,26,0.51,0.17,0.5100000861711214,0.17,0.51,0.17
95,27,0.8,0.17,0.8000001351703865,0.17,0.8,0.17
95,28,-0.8,0.39,-0.8000197049650617,0.39,-0.8,0.39
95,29,-0.57,0.39,-0.5700140397876063,0.39,-0.57,0.39
95,30,-0.29,0.39,-0.2900071430498348,0.39,-0.29,0.39
95,31,0.0,0.39,0.0,0.39,0.0,0.39
95,32,0.23,0.39,0.23000566517745522,0.39,0.23,0.39
95,33,0.51,0.39,0.5100125619152268,0.39,0.51,0.39
95,34,0.8,0.39,0.8000197049650617,0.39,0.8,0.39
95,35,-0.8,0.6,-0.8002612736,0.6,-0.8,0.6
95,36,-0.57,0.6,-0.5701861574399999,0.6,-0.57,0.6
95,37,-0.29,0.6,-0.29009471168,0.6,-0.29,0.6
95,38,0.0,0.6,0.0,0.6,0.0,0.6
95,39,0.23,0.6,0.23007511616,0.6,0.23,0.6
95,40,0.51,0.6,0.51016656192,0.6,0.51,0.6
95,41,0.8,0.6,0.8002612736,0.6,0.8,0.6
95,42,0.0,0.0,0.0,0.0,0.0,0.0
95,43,0.71,-0.23,0.7100007357383683,-0.23,0.71,-0.23
95,44,-0.37,0.53,-0.3700574056953241,0.53,-0.37,0.53
95,45,0.12,-0.49,0.12001162668124883,-0.49,0.12,-0.49
95,46,-0.73,0.08,-0.7300000013395558,0.08,-0.73,0.08
95,47,0.63,0.44,0.630032000344105,0.44,0.63,0.44
95,48,-0.19,-0.56,-0.1900410185026765,-0.56,-0.19,-0.56
95,49,0.79,0.31,0.7900049078953559,0.31,0.79,0.31
95,50,-0.61,-0.41,-0.610020282945109,-0.41,-0.61,-0.41
95,51,0.42,-0.52,0.4200581255924121,-0.52,0.42,-0.52
95,52,-0.48,0.27,-0.480001301732843,0.27,-0.48,0.27
95,53,0.06,0.58,0.06001598885086848,0.58,0.06,0.58
96,0,-0.8,-0.6,-0.8001959552000001,-0.6,-0.8,-0.6
96,1,-0.57,-0.6,-0.5701959552,-0.6,-0.57,-0.6
96,2,-0.29,-0.6,-0.29019595519999997,-0.6,-0.29,-0.6
96,3,0.0,-0.6,-0.00019595519999999992,-0.6,0.0,-0.6
96,4,0.23,-0.6,0.22980404480000002,-0.6,0.23,-0.6
96,5,0.51,-0.6,0.5098040448,-0.6,0.51,-0.6
96,6,0.8,-0.6,0.7998040448,-0.6,0.8,-0.6
96,7,-0.8,-0.33,-0.8000029832910084,-0.33,-0.8,-0.33
96,8,-0.57,-0.33,-0.5700029832910083,-0.33,-0.57,-0.33
96,9,-0.29,-0.33,-0.2900029832910084,-0.33,-0.29,-0.33
96,10,0.0,-0.33,-2.983291008390001e-06,-0.33,0.0,-0.33
96,11,0.23,-0.33,0.22999701670899161,-0.33,0.23,-0.33
96,12,0.51,-0.33,0.5099970167089917,-0.33,0.51,-0.33
96,13,0.8,-0.33,0.7999970167089917,-0.33,0.8,-0.33
96,14,-0.8,-0.11,-0.800000001364102,-0.11,-0.8,-0.11
96,15,-0.57,-0.11,-0.5700000013641019,-0.11,-0.57,-0.11
96,16,-0.29,-0.11,-0.2900000013641019,-0.11,-0.29,-0.11
96,17,0.0,-0.11,-1.3641019700000004e-09,-0.11,0.0,-0.11
96,18,0.23,-0.11,0.22999999863589804,-0.11,0.23,-0.11
96,19,0.51,-0.11,0.5099999986358981,-0.11,0.51,-0.11
96,20,0.8,-0.11,0.7999999986358981,-0.11,0.8,-0.11
96,21,-0.8,0.17,-0.799999971276293,0.17,-0.8,0.17
96,22,-0.57,0.17,-0.5699999712762929,0.17,-0.57,0.17
96,23,-0.29,0.17,-0.28999997127629284,0.17,-0.29,0.17
96,24,0.0,0.17,2.8723707110000015e-08,0.17,0.0,0.17
96,25,0.23,0.17,0.23000002872370712,0.17,0.23,0.17
96,26,0.51,0.17,0.5100000287237071,0.17,0.51,0.17
96,27,0.8,0.17,0.8000000287237071,0.17,0.8,0.17
96,28,-0.8,0.39,-0.7999903938295325,0.39,-0.8,0.39
96,29,-0.57,0.39,-0.5699903938295324,0.39,-0.57,0.39
96,30,-0.29,0.39,-0.28999039382953246,0.39,-0.29,0.39
96,31,0.0,0.39,9.606170467530004e-06,0.39,0.0,0.39
96,32,0.23,0.39,0.23000960617046753,0.39,0.23,0.39
96,33,0.51,0.39,0.5100096061704675,0.39,0.51,0.39
96,34,0.8,0.39,0.8000096061704676,0.39,0.8,0.39
96,35,-0.8,0.6,-0.7998040448,0.6,-0.8,0.6
96,36,-0.57,0.6,-0.5698040447999999,0.6,-0.57,0.6
96,37,-0.29,0.6,-0.2898040448,0.6,-0.29,0.6
96,38,0.0,0.6,0.00019595519999999992,0.6,0.0,0.6
96,39,0.23,0.6,0.2301959552,0.6,0.23,0.6
96,40,0.51,0.6,0.5101959552,0.6,0.51,0.6
96,41,0.8,0.6,0.8001959552000001,0.6,0.8,0.6
96,42,0.0,0.0,0.0,0.0,0.0,0.0
96,43,0.71,-0.23,0.7099997616622187,-0.23,0.71,-0.23
96,44,-0.37,0.53,-0.3699177702202114,0.53,-0.37,0.53
96,45,0.12,-0.49,0.11995252438490056,-0.49,0.12,-0.49
96,46,-0.73,0.08,-0.7299999998531993,0.08,-0.73,0.08
96,47,0.63,0.44,0.6300223494466765,0.44,0.63,0.44
96,48,-0.19,-0.56,-0.19012089663946752,-0.56,-0.19,-0.56
96,49,0.79,0.31,0.7900019258829878,0.31,0.79,0.31
96,50,-0.61,-0.41,-0.6100136327991716,-0.41,-0.61,-0.41
96,51,0.42,-0.52,0.41992803498082304,-0.52,0.42,-0.52
96,52,-0.48,0.27,-0.4799992677752758,0.27,-0.48,0.27
96,53,0.06,0.58,0.06015455889172864,0.58,0.06,0.58
97,0,-0.8,-0.6,-0.8001959552000001,-0.6,-0.8,-0.6
97,1,-0.57,-0.6,-0.5701959552,-0.6,-0.57,-0.6
97,2,-0.29,-0.6,-0.29019595519999997,-0.6,-0.29,-0.6
97,3,0.0,-0.6,-0.00019595519999999992,-0.6,0.0,-0.6
97,4,0.23,-0.6,0.22980404480000002,-0.6,0.23,-0.6
97,5,0.51,-0.6,0.5098040448,-0.6,0.51,-0.6
97,6,0.8,-0.6,0.7998040448,-0.6,0.8,-0.6
97,7,-0.8,-0.33,-0.8000029832910084,-0.33,-0.8,-0.33
97,8,-0.57,-0.33,-0.5700029832910083,-0.33,-0.57,-0.33
97,9,-0.29,-0.33,-0.2900029832910084,-0.33,-0.29,-0.33
97,10,0.0,-0.33,-2.983291008390001e-06,-0.33,0.0,-0.33
97,11,0.23,-0.33,0.22999701670899161,-0.33,0.23,-0.33
97,12,0.51,-0.33,0.5099970167089917,-0.33,0.51,-0.33
97,13,0.8,-0.33,0.7999970167089917,-0.33,0.8,-0.33
97,14,-0.8,-0.11,-0.800000001364102,-0.11,-0.8,-0.11
97,15,-0.57,-0.11,-0.5700000013641019,-0.11,-0.57,-0.11
97,16,-0.29,-0.11,-0.2900000013641019,-0.11,-0.29,-0.11
97,17,0.0,-0.11,-1.3641019700000004e-09,-0.11,0.0,-0.11
97,18,0.23,-0.11,0.22999999863589804,-0.11,0.23,-0.11
97,19,0.51,-0.11,0.5099999986358981,-0.11,0.51,-0.11
97,20,0.8,-0.11,0.7999999986358981,-0.11,0.8,-0.11
97,21,-0.8,0.17,-0.799999971276293,0.17,-0.8,0.17
97,22,-0.57,0.17,-0.5699999712762929,0.17,-0.57,0.17
97,23,-0.29,0.17,-0.28999997127629284,0.17,-0.29,0.17
97,24,0.0,0.17,2.8723707110000015e-08,0.17,0.0,0.17
97,25,0.23,0.17,0.23000002872370712,0.17,0.23,0.17
97,26,0.51,0.17,0.5100000287237071,0.17,0.51,0.17
97,27,0.8,0.17,0.8000000287237071,0.17,0.8,0.17
97,28,-0.8,0.39,-0.7999903938295325,0.39,-0.8,0.39
97,29,-0.57,0.39,-0.5699903938295324,0.39,-0.57,0.39
97,30,-0.29,0.39,-0.28999039382953246,0.39,-0.29,0.39
97,31,0.0,0.39,9.606170467530004e-06,0.39,0.0,0.39
97,32,0.23,0.39,0.23000960617046753,0.39,0.23,0.39
97,33,0.51,0.39,0.5100096061704675,0.39,0.51,0.39
97,34,0.8,0.39,0.8000096061704676,0.39,0.8,0.39
97,35,-0.8,0.6,-0.7998040448,0.6,-0.8,0.6
97,36,-0.57,0.6,-0.5698040447999999,0.6,-0.57,0.6
97,37,-0.29,0.6,-0.2898040448,0.6,-0.29,0.6
97,38,0.0,0.6,0.00019595519999999992,0.6,0.0,0.6
97,39,0.23,0.6,0.2301959552,0.6,0.23,0.6
97,40,0.51,0.6,0.5101959552,0.6,0.51,0.6
97,41,0.8,0.6,0.8001959552000001,0.6,0.8,0.6
97,42,0.0,0.0,0.0,0.0,0.0,0.0
97,43,0.71,-0.23,0.7099997616622187,-0.23,0.71,-0.23
97,44,-0.37,0.53,-0.3699177702202114,0.53,-0.37,0.53
97,45,0.12,-0.49,0.11995252438490056,-0.49,0.12,-0.49
97,46,-0.73,0.08,-0.7299999998531993,0.08,-0.73,0.08
97,47,0.63,0.44,0.6300223494466765,0.44,0.63,0.44
97,48,-0.19,-0.56,-0.19012089663946752,-0.56,-0.19,-0.56
97,49,0.79,0.31,0.7900019258829878,0.31,0.79,0.31
97,50,-0.61,-0.41,-0.6100136327991716,-0.41,-0.61,-0.41
97,51,0.42,-0.52,0.41992803498082304,-0.52,0.42,-0.52
97,52,-0.48,0.27,-0.4799992677752758,0.27,-0.48,0.27
97,53,0.06,0.58,0.06015455889172864,0.58,0.06,0.58
98,0,-0.8,-0.6,-0.8,-0.593,-0.8,-0.6
98,1,-0.57,-0.6,-0.57,-0.593,-0.57,-0.6
98,2,-0.29,-0.6,-0.29,-0.593,-0.29,-0.6
98,3,0.0,-0.6,0.0,-0.593,0.0,-0.6
98,4,0.23,-0.6,0.23,-0.593,0.23,-0.6
98,5,0.51,-0.6,0.51,-0.593,0.51,-0.6
98,6,0.8,-0.6,0.8,-0.593,0.8,-0.6
98,7,-0.8,-0.33,-0.8,-0.323,-0.8,-0.33
98,8,-0.57,-0.33,-0.57,-0.323,-0.57,-0.33
98,9,-0.29,-0.33,-0.29,-0.323,-0.29,-0.33
98,10,0.0,-0.33,0.0,-0.323,0.0,-0.33
98,11,0.23,-0.33,0.23,-0.323,0.23,-0.33
98,12,0.51,-0.33,0.51,-0.323,0.51,-0.33
98,13,0.8,-0.33,0.8,-0.323,0.8,-0.33
98,14,-0.8,-0.11,-0.8,-0.103,-0.8,-0.11
98,15,-0.57,-0.11,-0.57,-0.103,-0.57,-0.11
98,16,-0.29,-0.11,-0.29,-0.103,-0.29,-0.11
98,17,0.0,-0.11,0.0,-0.103,0.0,-0.11
98,18,0.23,-0.11,0.23,-0.103,0.23,-0.11
98,19,0.51,-0.11,0.51,-0.103,0.51,-0.11
98,20,0.8,-0.11,0.8,-0.103,0.8,-0.11
98,21,-0.8,0.17,-0.8,0.17700000000000002,-0.8,0.17
98,22,-0.57,0.17,-0.57,0.17700000000000002,-0.57,0.17
98,23,-0.29,0.17,-0.29,0.17700000000000002,-0.29,0.17
98,24,0.0,0.17,0.0,0.17700000000000002,0.0,0.17
98,25,0.23,0.17,0.23,0.17700000000000002,0.23,0.17
98,26,0.51,0.17,0.51,0.17700000000000002,0.51,0.17
98,27,0.8,0.17,0.8,0.17700000000000002,0.8,0.17
98,28,-0.8,0.39,-0.8,0.397,-0.8,0.39
98,29,-0.57,0.39,-0.57,0.397,-0.57,0.39
98,30,-0.29,0.39,-0.29,0.397,-0.29,0.39
98,31,0.0,0.39,0.0,0.397,0.0,0.39
98,32,0.23,0.39,0.23,0.397,0.23,0.39
98,33,0.51,0.39,0.51,0.397,0.51,0.39
98,34,0.8,0.39,0.8,0.397,0.8,0.39
98,35,-0.8,0.6,-0.8,0.607,-0.8,0.6
98,36,-0.57,0.6,-0.57,0.607,-0.57,0.6
98,37,-0.29,0.6,-0.29,0.607,-0.29,0.6
98,38,0.0,0.6,0.0,0.607,0.0,0.6
98,39,0.23,0.6,0.23,0.607,0.23,0.6
98,40,0.51,0.6,0.51,0.607,0.51,0.6
98,41,0.8,0.6,0.8,0.607,0.8,0.6
98,42,0.0,0.0,0.0,0.007,0.0,0.0
98,43,0.71,-0.23,0.71,-0.223,0.71,-0.23
98,44,-0.37,0.53,-0.37,0.537,-0.37,0.53
98,45,0.12,-0.49,0.12,-0.483,0.12,-0.49
98,46,-0.73,0.08,-0.73,0.08700000000000001,-0.73,0.08
98,47,0.63,0.44,0.63,0.447,0.63,0.44
98,48,-0.19,-0.56,-0.19,-0.553,-0.19,-0.56
98,49,0.79,0.31,0.79,0.317,0.79,0.31
98,50,-0.61,-0.41,-0.61,-0.40299999999999997,-0.61,-0.41
98,51,0.42,-0.52,0.42,-0.513,0.42,-0.52
98,52,-0.48,0.27,-0.48,0.277,-0.48,0.27
98,53,0.06,0.58,0.06,0.587,0.06,0.58
99,0,-0.8,-0.6,-0.8,-0.593,-0.8,-0.6
99,1,-0.57,-0.6,-0.57,-0.593,-0.57,-0.6
99,2,-0.29,-0.6,-0.29,-0.593,-0.29,-0.6
99,3,0.0,-0.6,0.0,-0.593,0.0,-0.6
99,4,0.23,-0.6,0.23,-0.593,0.23,-0.6
99,5,0.51,-0.6,0.51,-0.593,0.51,-0.6
99,6,0.8,-0.6,0.8,-0.593,0.8,-0.6
99,7,-0.8,-0.33,-0.8,-0.323,-0.8,-0.33
99,8,-0.57,-0.33,-0.57,-0.323,-0.57,-0.33
99,9,-0.29,-0.33,-0.29,-0.323,-0.29,-0.33
99,10,0.0,-0.33,0.0,-0.323,0.0,-0.33
99,11,0.23,-0.33,0.23,-0.323,0.23,-0.33
99,12,0.51,-0.33,0.51,-0.323,0.51,-0.33
99,13,0.8,-0.33,0.8,-0.323,0.8,-0.33
99,14,-0.8,-0.11,-0.8,-0.103,-0.8,-0.11
99,15,-0.57,-0.11,-0.57,-0.103,-0.57,-0.11
99,16,-0.29,-0.11,-0.29,-0.103,-0.29,-0.11
99,17,0.0,-0.11,0.0,-0.103,0.0,-0.11
99,18,0.23,-0.11,0.23,-0.103,0.23,-0.11
99,19,0.51,-0.11,0.51,-0.103,0.51,-0.11
99,20,0.8,-0.11,0.8,-0.103,0.8,-0.11
99,21,-0.8,0.17,-0.8,0.17700000000000002,-0.8,0.17
99,22,-0.57,0.17,-0.57,0.17700000000000002,-0.57,0.17
99,23,-0.29,0.17,-0.29,0.17700000000000002,-0.29,0.17
99,24,0.0,0.17,0.0,0.17700000000000002,0.0,0.17
99,25,0.23,0.17,0.23,0.17700000000000002,0.23,0.17
99,26,0.51,0.17,0.51,0.17700000000000002,0.51,0.17
99,27,0.8,0.17,0.8,0.17700000000000002,0.8,0.17
99,28,-0.8,0.39,-0.8,0.397,-0.8,0.39
99,29,-0.57,0.39,-0.57,0.397,-0.57,0.39
99,30,-0.29,0.39,-0.29,0.397,-0.29,0.39
99,31,0.0,0.39,0.0,0.397,0.0,0.39
99,32,0.23,0.39,0.23,0.397,0.23,0.39
99,33,0.51,0.39,0.51,0.397,0.51,0.39
99,34,0.8,0.39,0.8,0.397,0.8,0.39
99,35,-0.8,0.6,-0.8,0.607,-0.8,0.6
99,36,-0.57,0.6,-0.57,0.607,-0.57,0.6
99,37,-0.29,0.6,-0.29,0.607,-0.29,0.6
99,38,0.0,0.6,0.0,0.607,0.0,0.6
99,39,0.23,0.6,0.23,0.607,0.23,0.6
99,40,0.51,0.6,0.51,0.607,0.51,0.6
99,41,0.8,0.6,0.8,0.607,0.8,0.6
99,42,0.0,0.0,0.0,0.007,0.0,0.0
99,43,0.71,-0.23,0.71,-0.223,0.71,-0.23
99,44,-0.37,0.53,-0.37,0.537,-0.37,0.53
99,45,0.12,-0.49,0.12,-0.483,0.12,-0.49
99,46,-0.73,0.08,-0.73,0.08700000000000001,-0.73,0.08
99,47,0.63,0.44,0.63,0.447,0.63,0.44
99,48,-0.19,-0.56,-0.19,-0.553,-0.19,-0.56
99,49,0.79,0.31,0.79,0.317,0.79,0.31
99,50,-0.61,-0.41,-0.61,-0.40299999999999997,-0.61,-0.41
99,51,0.42,-0.52,0.42,-0.513,0.42,-0.52
99,52,-0.48,0.27,-0.48,0.277,-0.48,0.27
99,53,0.06,0.58,0.06,0.587,0.06,0.58
100,0,-0.8,-0.6,-0.8,-0.6056,-0.8,-0.6
100,1,-0.57,-0.6,-0.57,-0.60399,-0.57,-0.6
100,2,-0.29,-0.6,-0.29,-0.60203,-0.29,-0.6
100,3,0.0,-0.6,0.0,-0.6,0.0,-0.6
100,4,0.23,-0.6,0.23,-0.59839,0.23,-0.6
100,5,0.51,-0.6,0.51,-0.59643,0.51,-0.6
100,6,0.8,-0.6,0.8,-0.5943999999999999,0.8,-0.6
100,7,-0.8,-0.33,-0.8,-0.3356,-0.8,-0.33
100,8,-0.57,-0.33,-0.57,-0.33399,-0.57,-0.33
100,9,-0.29,-0.33,-0.29,-0.33203,-0.29,-0.33
100,10,0.0,-0.33,0.0,-0.33,0.0,-0.33
100,11,0.23,-0.33,0.23,-0.32839,0.23,-0.33
100,12,0.51,-0.33,0.51,-0.32643,0.51,-0.33
100,13,0.8,-0.33,0.8,-0.3244,0.8,-0.33
100,14,-0.8,-0.11,-0.8,-0.11560000000000001,-0.8,-0.11
100,15,-0.57,-0.11,-0.57,-0.11399,-0.57,-0.11
100,16,-0.29,-0.11,-0.29,-0.11203,-0.29,-0.11
100,17,0.0,-0.11,0.0,-0.11,0.0,-0.11
100,18,0.23,-0.11,0.23,-0.10839,0.23,-0.11
100,19,0.51,-0.11,0.51,-0.10643,0.51,-0.11
100,20,0.8,-0.11,0.8,-0.10439999999999999,0.8,-0.11
100,21,-0.8,0.17,-0.8,0.16440000000000002,-0.8,0.17
100,22,-0.57,0.17,-0.57,0.16601000000000002,-0.57,0.17
100,23,-0.29,0.17,-0.29,0.16797,-0.29,0.17
100,24,0.0,0.17,0.0,0.17,0.0,0.17
100,25,0.23,0.17,0.23,0.17161,0.23,0.17
100,26,0.51,0.17,0.51,0.17357,0.51,0.17
100,27,0.8,0.17,0.8,0.1756,0.8,0.17
100,28,-0.8,0.39,-0.8,0.3844,-0.8,0.39
100,29,-0.57,0.39,-0.57,0.38601,-0.57,0.39
100,30,-0.29,0.39,-0.29,0.38797000000000004,-0.29,0.39
100,31,0.0,0.39,0.0,0.39,0.0,0.39
100,32,0.23,0.39,0.23,0.39161,0.23,0.39
100,33,0.51,0.39,0.51,0.39357000000000003,0.51,0.39
100,34,0.8,0.39,0.8,0.3956,0.8,0.39
100,35,-0.8,0.6,-0.8,0.5943999999999999,-0.8,0.6
100,36,-0.57,0.6,-0.57,0.5960099999999999,-0.57,0.6
100,37,-0.29,0.6,-0.29,0.59797,-0.29,0.6
100,38,0.0,0.6,0.0,0.6,0.0,0.6
100,39,0.23,0.6,0.23,0.60161,0.23,0.6
100,40,0.51,0.6,0.51,0.6035699999999999,0.51,0.6
100,41,0.8,0.6,0.8,0.6056,0.8,0.6
100,42,0.0,0.0,0.0,0.0,0.0,0.0
100,43,0.71,-0.23,0.71,-0.22503,0.71,-0.23
100,44,-0.37,0.53,-0.37,0.52741,-0.37,0.53
100,45,0.12,-0.49,0.12,-0.48916,0.12,-0.49
100,46,-0.73,0.08,-0.73,0.07489,-0.73,0.08
100,47,0.63,0.44,0.63,0.44441,0.63,0.44
100,48,-0.19,-0.56,-0.19,-0.5613300000000001,-0.19,-0.56
100,49,0.79,0.31,0.79,0.31553,0.79,0.31
100,50,-0.61,-0.41,-0.61,-0.41426999999999997,-0.61,-0.41
100,51,0.42,-0.52,0.42,-0.51706,0.42,-0.52
100,52,-0.48,0.27,-0.48,0.26664000000000004,-0.48,0.27
100,53,0.06,0.58,0.06,0.5804199999999999,0.06,0.58
101,0,-0.8,-0.6,-0.8,-0.6056,-0.8,-0.6
101,1,-0.57,-0.6,-0.57,-0.60399,-0.57,-0.6
101,2,-0.29,-0.6,-0.29,-0.60203,-0.29,-0.6
101,3,0.0,-0.6,0.0,-0.6,0.0,-0.6
101,4,0.23,-0.6,0.23,-0.59839,0.23,-0.6
101,5,0.51,-0.6,0.51,-0.59643,0.51,-0.6
101,6,0.8,-0.6,0.8,-0.5943999999999999,0.8,-0.6
101,7,-0.8,-0.33,-0.8,-0.3356,-0.8,-0.33
101,8,-0.57,-0.33,-0.57,-0.33399,-0.57,-0.33
101,9,-0.29,-0.33,-0.29,-0.33203,-0.29,-0.33
101,10,0.0,-0.33,0.0,-0.33,0.0,-0.33
101,11,0.23,-0.33,0.23,-0.32839,0.23,-0.33
101,12,0.51,-0.33,0.51,-0.32643,0.51,-0.33
101,13,0.8,-0.33,0.8,-0.3244,0.8,-0.33
101,14,-0.8,-0.11,-0.8,-0.11560000000000001,-0.8,-0.11
101,15,-0.57,-0.11,-0.57,-0.11399,-0.57,-0.11
101,16,-0.29,-0.11,-0.29,-0.11203,-0.29,-0.11
101,17,0.0,-0.11,0.0,-0.11,0.0,-0.11
101,18,0.23,-0.11,0.23,-0.10839,0.23,-0.11
101,19,0.51,-0.11,0.51,-0.10643,0.51,-0.11
101,20,0.8,-0.11,0.8,-0.10439999999999999,0.8,-0.11
101,21,-0.8,0.17,-0.8,0.16440000000000002,-0.8,0.17
101,22,-0.57,0.17,-0.57,0.16601000000000002,-0.57,0.17
101,23,-0.29,0.17,-0.29,0.16797,-0.29,0.17
101,24,0.0,0.17,0.0,0.17,0.0,0.17
101,25,0.23,0.17,0.23,0.17161,0.23,0.17
101,26,0.51,0.17,0.51,0.17357,0.51,0.17
101,27,0.8,0.17,0.8,0.1756,0.8,0.17
101,28,-0.8,0.39,-0.8,0.3844,-0.8,0.39
101,29,-0.57,0.39,-0.57,0.38601,-0.57,0.39
101,30,-0.29,0.39,-0.29,0.38797000000000004,-0.29,0.39
101,31,0.0,0.39,0.0,0.39,0.0,0.39
101,32,0.23,0.39,0.23,0.39161,0.23,0.39
101,33,0.51,0.39,0.51,0.39357000000000003,0.51,0.39
101,34,0.8,0.39,0.8,0.3956,0.8,0.39
101,35,-0.8,0.6,-0.8,0.5943999999999999,-0.8,0.6
101,36,-0.57,0.6,-0.57,0.5960099999999999,-0.57,0.6
101,37,-0.29,0.6,-0.29,0.59797,-0.29,0.6
101,38,0.0,0.6,0.0,0.6,0.0,0.6
101,39,0.23,0.6,0.23,0.60161,0.23,0.6
101,40,0.51,0.6,0.51,0.6035699999999999,0.51,0.6
101,41,0.8,0.6,0.8,0.6056,0.8,0.6
101,42,0.0,0.0,0.0,0.0,0.0,0.0
101,43,0.71,-0.23,0.71,-0.22503,0.71,-0.23
101,44,-0.37,0.53,-0.37,0.52741,-0.37,0.53
101,45,0.12,-0.49,0.12,-0.48916,0.12,-0.49
101,46,-0.73,0.08,-0.73,0.07489,-0.73,0.08
101,47,0.63,0.44,0.63,0.44441,0.63,0.44
101,48,-0.19,-0.56,-0.19,-0.5613300000000001,-0.19,-0.56
101,49,0.79,0.31,0.79,0.31553,0.79,0.31
101,50,-0.61,-0.41,-0.61,-0.41426999999999997,-0.61,-0.41
101,51,0.42,-0.52,0.42,-0.51706,0.42,-0.52
101,52,-0.48,0.27,-0.48,0.26664000000000004,-0.48,0.27
101,53,0.06,0.58,0.06,0.5804199999999999,0.06,0.58
102,0,-0.8,-0.6,-0.8,-0.6042,-0.8,-0.6
102,1,-0.57,-0.6,-0.57,-0.6042,-0.57,-0.6
102,2,-0.29,-0.6,-0.29,-0.6042,-0.29,-0.6
102,3,0.0,-0.6,0.0,-0.6042,0.0,-0.6
102,4,0.23,-0.6,0.23,-0.6042,0.23,-0.6
102,5,0.51,-0.6,0.51,-0.6042,0.51,-0.6
102,6,0.8,-0.6,0.8,-0.6042,0.8,-0.6
102,7,-0.8,-0.33,-0.8,-0.33231,-0.8,-0.33
102,8,-0.57,-0.33,-0.57,-0.33231,-0.57,-0.33
102,9,-0.29,-0.33,-0.29,-0.33231,-0.29,-0.33
102,10,0.0,-0.33,0.0,-0.33231,0.0,-0.33
102,11,0.23,-0.33,0.23,-0.33231,0.23,-0.33
102,12,0.51,-0.33,0.51,-0.33231,0.51,-0.33
102,13,0.8,-0.33,0.8,-0.33231,0.8,-0.33
102,14,-0.8,-0.11,-0.8,-0.11077,-0.8,-0.11
102,15,-0.57,-0.11,-0.57,-0.11077,-0.57,-0.11
102,16,-0.29,-0.11,-0.29,-0.11077,-0.29,-0.11
102,17,0.0,-0.11,0.0,-0.11077,0.0,-0.11
102,18,0.23,-0.11,0.23,-0.11077,0.23,-0.11
102,19,0.51,-0.11,0.51,-0.11077,0.51,-0.11
102,20,0.8,-0.11,0.8,-0.11077,0.8,-0.11
102,21,-0.8,0.17,-0.8,0.17118999999999998,-0.8,0.17
102,22,-0.57,0.17,-0.57,0.17118999999999998,-0.57,0.17
102,23,-0.29,0.17,-0.29,0.17118999999999998,-0.29,0.17
102,24,0.0,0.17,0.0,0.17118999999999998,0.0,0.17
102,25,0.23,0.17,0.23,0.17118999999999998,0.23,0.17
102,26,0.51,0.17,0.51,0.17118999999999998,0.51,0.17
102,27,0.8,0.17,0.8,0.17118999999999998,0.8,0.17
102,28,-0.8,0.39,-0.8,0.39272999999999997,-0.8,0.39
102,29,-0.57,0.39,-0.57,0.39272999999999997,-0.57,0.39
102,30,-0.29,0.39,-0.29,0.39272999999999997,-0.29,0.39
102,31,0.0,0.39,0.0,0.39272999999999997,0.0,0.39
102,32,0.23,0.39,0.23,0.39272999999999997,0.23,0.39
102,33,0.51,0.39,0.51,0.39272999999999997,0.51,0.39
102,34,0.8,0.39,0.8,0.39272999999999997,0.8,0.39
102,35,-0.8,0.6,-0.8,0.6042,-0.8,0.6
102,36,-0.57,0.6,-0.57,0.6042,-0.57,0.6
102,37,-0.29,0.6,-0.29,0.6042,-0.29,0.6
102,38,0.0,0.6,0.0,0.6042,0.0,0.6
102,39,0.23,0.6,0.23,0.6042,0.23,0.6
102,40,0.51,0.6,0.51,0.6042,0.51,0.6
102,41,0.8,0.6,0.8,0.6042,0.8,0.6
102,42,0.0,0.0,0.0,0.0,0.0,0.0
102,43,0.71,-0.23,0.71,-0.23160999999999998,0.71,-0.23
102,44,-0.37,0.53,-0.37,0.53371,-0.37,0.53
102,45,0.12,-0.49,0.12,-0.4934299999999999,0.12,-0.49
102,46,-0.73,0.08,-0.73,0.08055999999999999,-0.73,0.08
102,47,0.63,0.44,0.63,0.44308,0.63,0.44
102,48,-0.19,-0.56,-0.19,-0.56392,-0.19,-0.56
102,49,0.79,0.31,0.79,0.31216999999999995,0.79,0.31
102,50,-0.61,-0.41,-0.61,-0.41286999999999996,-0.61,-0.41
102,51,0.42,-0.52,0.42,-0.52364,0.42,-0.52
102,52,-0.48,0.27,-0.48,0.27188999999999997,-0.48,0.27
102,53,0.06,0.58,0.06,0.5840599999999999,0.06,0.58
103,0,-0.8,-0.6,-0.8,-0.6042,-0.8,-0.6
103,1,-0.57,-0.6,-0.57,-0.6042,-0.57,-0.6
103,2,-0.29,-0.6,-0.29,-0.6042,-0.29,-0.6
103,3,0.0,-0.6,0.0,-0.6042,0.0,-0.6
103,4,0.23,-0.6,0.23,-0.6042,0.23,-0.6
103,5,0.51,-0.6,0.51,-0.6042,0.51,-0.6
103,6,0.8,-0.6,0.8,-0.6042,0.8,-0.6
103,7,-0.8,-0.33,-0.8,-0.33231,-0.8,-0.33
103,8,-0.57,-0.33,-0.57,-0.33231,-0.57,-0.33
103,9,-0.29,-0.33,-0.29,-0.33231,-0.29,-0.33
103,10,0.0,-0.33,0.0,-0.33231,0.0,-0.33
103,11,0.23,-0.33,0.23,-0.33231,0.23,-0.33
103,12,0.51,-0.33,0.51,-0.33231,0.51,-0.33
103,13,0.8,-0.33,0.8,-0.33231,0.8,-0.33
103,14,-0.8,-0.11,-0.8,-0.11077000000000001,-0.8,-0.11
103,15,-0.57,-0.11,-0.57,-0.11077000000000001,-0.57,-0.11
103,16,-0.29,-0.11,-0.29,-0.11077000000000001,-0.29,-0.11
103,17,0.0,-0.11,0.0,-0.11077000000000001,0.0,-0.11
103,18,0.23,-0.11,0.23,-0.11077000000000001,0.23,-0.11
103,19,0.51,-0.11,0.51,-0.11077000000000001,0.51,-0.11
103,20,0.8,-0.11,0.8,-0.11077000000000001,0.8,-0.11
103,21,-0.8,0.17,-0.8,0.17119,-0.8,0.17
103,22,-0.57,0.17,-0.57,0.17119,-0.57,0.17
103,23,-0.29,0.17,-0.29,0.17119,-0.29,0.17
103,24,0.0,0.17,0.0,0.17119,0.0,0.17
103,25,0.23,0.17,0.23,0.17119,0.23,0.17
103,26,0.51,0.17,0.51,0.17119,0.51,0.17
103,27,0.8,0.17,0.8,0.17119,0.8,0.17
103,28,-0.8,0.39,-0.8,0.39273,-0.8,0.39
103,29,-0.57,0.39,-0.57,0.39273,-0.57,0.39
103,30,-0.29,0.39,-0.29,0.39273,-0.29,0.39
103,31,0.0,0.39,0.0,0.39273,0.0,0.39
103,32,0.23,0.39,0.23,0.39273,0.23,0.39
103,33,0.51,0.39,0.51,0.39273,0.51,0.39
103,34,0.8,0.39,0.8,0.39273,0.8,0.39
103,35,-0.8,0.6,-0.8,0.6042,-0.8,0.6
103,36,-0.57,0.6,-0.57,0.6042,-0.57,0.6
103,37,-0.29,0.6,-0.29,0.6042,-0.29,0.6
103,38,0.0,0.6,0.0,0.6042,0.0,0.6
103,39,0.23,0.6,0.23,0.6042,0.23,0.6
103,40,0.51,0.6,0.51,0.6042,0.51,0.6
103,41,0.8,0.6,0.8,0.6042,0.8,0.6
103,42,0.0,0.0,0.0,0.0,0.0,0.0
103,43,0.71,-0.23,0.71,-0.23161,0.71,-0.23
103,44,-0.37,0.53,-0.37,0.53371,-0.37,0.53
103,45,0.12,-0.49,0.12,-0.49343,0.12,-0.49
103,46,-0.73,0.08,-0.73,0.08056,-0.73,0.08
103,47,0.63,0.44,0.63,0.44308000000000003,0.63,0.44
103,48,-0.19,-0.56,-0.19,-0.5639200000000001,-0.19,-0.56
103,49,0.79,0.31,0.79,0.31217,0.79,0.31
103,50,-0.61,-0.41,-0.61,-0.41286999999999996,-0.61,-0.41
103,51,0.42,-0.52,0.42,-0.52364,0.42,-0.52
103,52,-0.48,0.27,-0.48,0.27189,-0.48,0.27
103,53,0.06,0.58,0.06,0.5840599999999999,0.06,0.58
104,0,-0.8,-0.6,-0.8,-0.5955199999999999,-0.8,-0.6
104,1,-0.57,-0.6,-0.57,-0.5977257,-0.57,-0.6
104,2,-0.29,-0.6,-0.29,-0.5994113,-0.29,-0.6
104,3,0.0,-0.6,0.0,-0.6,0.0,-0.6
104,4,0.23,-0.6,0.23,-0.5996296999999999,0.23,-0.6
104,5,0.51,-0.6,0.51,-0.5981793,0.51,-0.6
104,6,0.8,-0.6,0.8,-0.5955199999999999,0.8,-0.6
104,7,-0.8,-0.33,-0.8,-0.32552000000000003,-0.8,-0.33
104,8,-0.57,-0.33,-0.57,-0.3277257,-0.57,-0.33
104,9,-0.29,-0.33,-0.29,-0.3294113,-0.29,-0.33
104,10,0.0,-0.33,0.0,-0.33,0.0,-0.33
104,11,0.23,-0.33,0.23,-0.3296297,0.23,-0.33
104,12,0.51,-0.33,0.51,-0.3281793,0.51,-0.33
104,13,0.8,-0.33,0.8,-0.32552000000000003,0.8,-0.33
104,14,-0.8,-0.11,-0.8,-0.10552,-0.8,-0.11
104,15,-0.57,-0.11,-0.57,-0.10772570000000001,-0.57,-0.11
104,16,-0.29,-0.11,-0.29,-0.1094113,-0.29,-0.11
104,17,0.0,-0.11,0.0,-0.11,0.0,-0.11
104,18,0.23,-0.11,0.23,-0.1096297,0.23,-0.11
104,19,0.51,-0.11,0.51,-0.1081793,0.51,-0.11
104,20,0.8,-0.11,0.8,-0.10552,0.8,-0.11
104,21,-0.8,0.17,-0.8,0.17448000000000002,-0.8,0.17
104,22,-0.57,0.17,-0.57,0.17227430000000002,-0.57,0.17
104,23,-0.29,0.17,-0.29,0.1705887,-0.29,0.17
104,24,0.0,0.17,0.0,0.17,0.0,0.17
104,25,0.23,0.17,0.23,0.1703703,0.23,0.17
104,26,0.51,0.17,0.51,0.17182070000000002,0.51,0.17
104,27,0.8,0.17,0.8,0.17448000000000002,0.8,0.17
104,28,-0.8,0.39,-0.8,0.39448,-0.8,0.39
104,29,-0.57,0.39,-0.57,0.3922743,-0.57,0.39
104,30,-0.29,0.39,-0.29,0.3905887,-0.29,0.39
104,31,0.0,0.39,0.0,0.39,0.0,0.39
104,32,0.23,0.39,0.23,0.3903703,0.23,0.39
104,33,0.51,0.39,0.51,0.3918207,0.51,0.39
104,34,0.8,0.39,0.8,0.39448,0.8,0.39
104,35,-0.8,0.6,-0.8,0.60448,-0.8,0.6
104,36,-0.57,0.6,-0.57,0.6022742999999999,-0.57,0.6
104,37,-0.29,0.6,-0.29,0.6005887,-0.29,0.6
104,38,0.0,0.6,0.0,0.6,0.0,0.6
104,39,0.23,0.6,0.23,0.6003703,0.23,0.6
104,40,0.51,0.6,0.51,0.6018207,0.51,0.6
104,41,0.8,0.6,0.8,0.60448,0.8,0.6
104,42,0.0,0.0,0.0,0.0,0.0,0.0
104,43,0.71,-0.23,0.71,-0.22647130000000001,0.71,-0.23
104,44,-0.37,0.53,-0.37,0.5309583,-0.37,0.53
104,45,0.12,-0.49,0.12,-0.4898992,0.12,-0.49
104,46,-0.73,0.08,-0.73,0.08373030000000001,-0.73,0.08
104,47,0.63,0.44,0.63,0.4427783,0.63,0.44
104,48,-0.19,-0.56,-0.19,-0.5597473000000001,-0.19,-0.56
104,49,0.79,0.31,0.79,0.3143687,0.79,0.31
104,50,-0.61,-0.41,-0.61,-0.40739529999999996,-0.61,-0.41
104,51,0.42,-0.52,0.42,-0.5187652,0.42,-0.52
104,52,-0.48,0.27,-0.48,0.27161280000000004,-0.48,0.27
104,53,0.06,0.58,0.06,0.5800251999999999,0.06,0.58
105,0,-0.8,-0.6,-0.8,-0.5955199999999999,-0.8,-0.6
105,1,-0.57,-0.6,-0.57,-0.5977257,-0.57,-0.6
105,2,-0.29,-0.6,-0.29,-0.5994113,-0.29,-0.6
105,3,0.0,-0.6,0.0,-0.6,0.0,-0.6
105,4,0.23,-0.6,0.23,-0.5996296999999999,0.23,-0.6
105,5,0.51,-0.6,0.51,-0.5981793,0.51,-0.6
105,6,0.8,-0.6,0.8,-0.5955199999999999,0.8,-0.6
105,7,-0.8,-0.33,-0.8,-0.32552000000000003,-0.8,-0.33
105,8,-0.57,-0.33,-0.57,-0.3277257,-0.57,-0.33
105,9,-0.29,-0.33,-0.29,-0.3294113,-0.29,-0.33
105,10,0.0,-0.33,0.0,-0.33,0.0,-0.33
105,11,0.23,-0.33,0.23,-0.3296297,0.23,-0.33
105,12,0.51,-0.33,0.51,-0.3281793,0.51,-0.33
105,13,0.8,-0.33,0.8,-0.32552000000000003,0.8,-0.33
105,14,-0.8,-0.11,-0.8,-0.10552,-0.8,-0.11
105,15,-0.57,-0.11,-0.57,-0.10772570000000001,-0.57,-0.11
105,16,-0.29,-0.11,-0.29,-0.1094113,-0.29,-0.11
105,17,0.0,-0.11,0.0,-0.11,0.0,-0.11
105,18,0.23,-0.11,0.23,-0.1096297,0.23,-0.11
105,19,0.51,-0.11,0.51,-0.1081793,0.51,-0.11
105,20,0.8,-0.11,0.8,-0.10552,0.8,-0.11
105,21,-0.8,0.17,-0.8,0.17448000000000002,-0.8,0.17
105,22,-0.57,0.17,-0.57,0.17227430000000002,-0.57,0.17
105,23,-0.29,0.17,-0.29,0.1705887,-0.29,0.17
105,24,0.0,0.17,0.0,0.17,0.0,0.17
105,25,0.23,0.17,0.23,0.1703703,0.23,0.17
105,26,0.51,0.17,0.51,0.17182070000000002,0.51,0.17
105,27,0.8,0.17,0.8,0.17448000000000002,0.8,0.17
105,28,-0.8,0.39,-0.8,0.39448,-0.8,0.39
105,29,-0.57,0.39,-0.57,0.3922743,-0.57,0.39
105,30,-0.29,0.39,-0.29,0.3905887,-0.29,0.39
105,31,0.0,0.39,0.0,0.39,0.0,0.39
105,32,0.23,0.39,0.23,0.3903703,0.23,0.39
105,33,0.51,0.39,0.51,0.3918207,0.51,0.39
105,34,0.8,0.39,0.8,0.39448,0.8,0.39
105,35,-0.8,0.6,-0.8,0.60448,-0.8,0.6
105,36,-0.57,0.6,-0.57,0.6022742999999999,-0.57,0.6
105,37,-0.29,0.6,-0.29,0.6005887,-0.29,0.6
105,38,0.0,0.6,0.0,0.6,0.0,0.6
105,39,0.23,0.6,0.23,0.6003703,0.23,0.6
105,40,0.51,0.6,0.51,0.6018207,0.51,0.6
105,41,0.8,0.6,0.8,0.60448,0.8,0.6
105,42,0.0,0.0,0.0,0.0,0.0,0.0
105,43,0.71,-0.23,0.71,-0.22647130000000001,0.71,-0.23
105,44,-0.37,0.53,-0.37,0.5309583,-0.37,0.53
105,45,0.12,-0.49,0.12,-0.4898992,0.12,-0.49
105,46,-0.73,0.08,-0.73,0.08373030000000001,-0.73,0.08
105,47,0.63,0.44,0.63,0.4427783,0.63,0.44
105,48,-0.19,-0.56,-0.19,-0.5597473000000001,-0.19,-0.56
105,49,0.79,0.31,0.79,0.3143687,0.79,0.31
105,50,-0.61,-0.41,-0.61,-0.40739529999999996,-0.61,-0.41
105,51,0.42,-0.52,0.42,-0.5187652,0.42,-0.52
105,52,-0.48,0.27,-0.48,0.27161280000000004,-0.48,0.27
105,53,0.06,0.58,0.06,0.5800251999999999,0.06,0.58
106,0,-0.8,-0.6,-0.8,-0.59664,-0.8,-0.6
106,1,-0.57,-0.6,-0.57,-0.597606,-0.57,-0.6
106,2,-0.29,-0.6,-0.29,-0.598782,-0.29,-0.6
106,3,0.0,-0.6,0.0,-0.6,0.0,-0.6
106,4,0.23,-0.6,0.23,-0.6009659999999999,0.23,-0.6
106,5,0.51,-0.6,0.51,-0.6021420000000001,0.51,-0.6
106,6,0.8,-0.6,0.8,-0.60336,0.8,-0.6
106,7,-0.8,-0.33,-0.8,-0.328152,-0.8,-0.33
106,8,-0.57,-0.33,-0.57,-0.3286833,-0.57,-0.33
106,9,-0.29,-0.33,-0.29,-0.3293301,-0.29,-0.33
106,10,0.0,-0.33,0.0,-0.33,0.0,-0.33
106,11,0.23,-0.33,0.23,-0.3305313,0.23,-0.33
106,12,0.51,-0.33,0.51,-0.33117810000000003,0.51,-0.33
106,13,0.8,-0.33,0.8,-0.33184800000000003,0.8,-0.33
106,14,-0.8,-0.11,-0.8,-0.109384,-0.8,-0.11
106,15,-0.57,-0.11,-0.57,-0.1095611,-0.57,-0.11
106,16,-0.29,-0.11,-0.29,-0.1097767,-0.29,-0.11
106,17,0.0,-0.11,0.0,-0.11,0.0,-0.11
106,18,0.23,-0.11,0.23,-0.11017709999999999,0.23,-0.11
106,19,0.51,-0.11,0.51,-0.11039270000000001,0.51,-0.11
106,20,0.8,-0.11,0.8,-0.110616,0.8,-0.11
106,21,-0.8,0.17,-0.8,0.169048,-0.8,0.17
106,22,-0.57,0.17,-0.57,0.1693217,-0.57,0.17
106,23,-0.29,0.17,-0.29,0.16965490000000003,-0.29,0.17
106,24,0.0,0.17,0.0,0.17,0.0,0.17
106,25,0.23,0.17,0.23,0.1702737,0.23,0.17
106,26,0.51,0.17,0.51,0.17060690000000003,0.51,0.17
106,27,0.8,0.17,0.8,0.17095200000000002,0.8,0.17
106,28,-0.8,0.39,-0.8,0.387816,-0.8,0.39
106,29,-0.57,0.39,-0.57,0.3884439,-0.57,0.39
106,30,-0.29,0.39,-0.29,0.3892083,-0.29,0.39
106,31,0.0,0.39,0.0,0.39,0.0,0.39
106,32,0.23,0.39,0.23,0.3906279,0.23,0.39
106,33,0.51,0.39,0.51,0.3913923,0.51,0.39
106,34,0.8,0.39,0.8,0.39218400000000003,0.8,0.39
106,35,-0.8,0.6,-0.8,0.59664,-0.8,0.6
106,36,-0.57,0.6,-0.57,0.597606,-0.57,0.6
106,37,-0.29,0.6,-0.29,0.598782,-0.29,0.6
106,38,0.0,0.6,0.0,0.6,0.0,0.6
106,39,0.23,0.6,0.23,0.6009659999999999,0.23,0.6
106,40,0.51,0.6,0.51,0.6021420000000001,0.51,0.6
106,41,0.8,0.6,0.8,0.60336,0.8,0.6
106,42,0.0,0.0,0.0,0.0,0.0,0.0
106,43,0.71,-0.23,0.71,-0.2311431,0.71,-0.23
106,44,-0.37,0.53,-0.37,0.5286273,-0.37,0.53
106,45,0.12,-0.49,0.12,-0.49041159999999995,0.12,-0.49
106,46,-0.73,0.08,-0.73,0.0795912,-0.73,0.08
106,47,0.63,0.44,0.63,0.4419404,0.63,0.44
106,48,-0.19,-0.56,-0.19,-0.5592552000000001,-0.19,-0.56
106,49,0.79,0.31,0.79,0.3117143,0.79,0.31
106,50,-0.61,-0.41,-0.61,-0.4082493,-0.61,-0.41
106,51,0.42,-0.52,0.42,-0.5215288,0.42,-0.52
106,52,-0.48,0.27,-0.48,0.2690928,-0.48,0.27
106,53,0.06,0.58,0.06,0.5802436,0.06,0.58
107,0,-0.8,-0.6,-0.8,-0.59664,-0.8,-0.6
107,1,-0.57,-0.6,-0.57,-0.597606,-0.57,-0.6
107,2,-0.29,-0.6,-0.29,-0.5987819999999999,-0.29,-0.6
107,3,0.0,-0.6,0.0,-0.6,0.0,-0.6
107,4,0.23,-0.6,0.23,-0.600966,0.23,-0.6
107,5,0.51,-0.6,0.51,-0.602142,0.51,-0.6
107,6,0.8,-0.6,0.8,-0.60336,0.8,-0.6
107,7,-0.8,-0.33,-0.8,-0.328152,-0.8,-0.33
107,8,-0.57,-0.33,-0.57,-0.3286833,-0.57,-0.33
107,9,-0.29,-0.33,-0.29,-0.3293301,-0.29,-0.33
107,10,0.0,-0.33,0.0,-0.33,0.0,-0.33
107,11,0.23,-0.33,0.23,-0.33053130000000003,0.23,-0.33
107,12,0.51,-0.33,0.51,-0.33117810000000003,0.51,-0.33
107,13,0.8,-0.33,0.8,-0.33184800000000003,0.8,-0.33
107,14,-0.8,-0.11,-0.8,-0.109384,-0.8,-0.11
107,15,-0.57,-0.11,-0.57,-0.1095611,-0.57,-0.11
107,16,-0.29,-0.11,-0.29,-0.1097767,-0.29,-0.11
107,17,0.0,-0.11,0.0,-0.11,0.0,-0.11
107,18,0.23,-0.11,0.23,-0.1101771,0.23,-0.11
107,19,0.51,-0.11,0.51,-0.1103927,0.51,-0.11
107,20,0.8,-0.11,0.8,-0.110616,0.8,-0.11
107,21,-0.8,0.17,-0.8,0.169048,-0.8,0.17
107,22,-0.57,0.17,-0.57,0.16932170000000002,-0.57,0.17
107,23,-0.29,0.17,-0.29,0.16965490000000003,-0.29,0.17
107,24,0.0,0.17,0.0,0.17,0.0,0.17
107,25,0.23,0.17,0.23,0.1702737,0.23,0.17
107,26,0.51,0.17,0.51,0.1706069,0.51,0.17
107,27,0.8,0.17,0.8,0.17095200000000002,0.8,0.17
107,28,-0.8,0.39,-0.8,0.387816,-0.8,0.39
107,29,-0.57,0.39,-0.57,0.3884439,-0.57,0.39
107,30,-0.29,0.39,-0.29,0.3892083,-0.29,0.39
107,31,0.0,0.39,0.0,0.39,0.0,0.39
107,32,0.23,0.39,0.23,0.39062790000000003,0.23,0.39
107,33,0.51,0.39,0.51,0.3913923,0.51,0.39
107,34,0.8,0.39,0.8,0.39218400000000003,0.8,0.39
107,35,-0.8,0.6,-0.8,0.59664,-0.8,0.6
107,36,-0.57,0.6,-0.57,0.597606,-0.57,0.6
107,37,-0.29,0.6,-0.29,0.5987819999999999,-0.29,0.6
107,38,0.0,0.6,0.0,0.6,0.0,0.6
107,39,0.23,0.6,0.23,0.600966,0.23,0.6
107,40,0.51,0.6,0.51,0.602142,0.51,0.6
107,41,0.8,0.6,0.8,0.60336,0.8,0.6
107,42,0.0,0.0,0.0,0.0,0.0,0.0
107,43,0.71,-0.23,0.71,-0.23114310000000002,0.71,-0.23
107,44,-0.37,0.53,-0.37,0.5286273,-0.37,0.53
107,45,0.12,-0.49,0.12,-0.4904116,0.12,-0.49
107,46,-0.73,0.08,-0.73,0.0795912,-0.73,0.08
107,47,0.63,0.44,0.63,0.4419404,0.63,0.44
107,48,-0.19,-0.56,-0.19,-0.5592552000000001,-0.19,-0.56
107,49,0.79,0.31,0.79,0.3117143,0.79,0.31
107,50,-0.61,-0.41,-0.61,-0.4082493,-0.61,-0.41
107,51,0.42,-0.52,0.42,-0.5215288,0.42,-0.52
107,52,-0.48,0.27,-0.48,0.2690928,-0.48,0.27
107,53,0.06,0.58,0.06,0.5802436,0.06,0.58
108,0,-0.8,-0.6,-0.8,-0.59748,-0.8,-0.6
108,1,-0.57,-0.6,-0.57,-0.59748,-0.57,-0.6
108,2,-0.29,-0.6,-0.29,-0.59748,-0.29,-0.6
108,3,0.0,-0.6,0.0,-0.59748,0.0,-0.6
108,4,0.23,-0.6,0.23,-0.59748,0.23,-0.6
108,5,0.51,-0.6,0.51,-0.59748,0.51,-0.6
108,6,0.8,-0.6,0.8,-0.59748,0.8,-0.6
108,7,-0.8,-0.33,-0.8,-0.3292377,-0.8,-0.33
108,8,-0.57,-0.33,-0.57,-0.3292377,-0.57,-0.33
108,9,-0.29,-0.33,-0.29,-0.3292377,-0.29,-0.33
108,10,0.0,-0.33,0.0,-0.3292377,0.0,-0.33
108,11,0.23,-0.33,0.23,-0.3292377,0.23,-0.33
108,12,0.51,-0.33,0.51,-0.3292377,0.51,-0.33
108,13,0.8,-0.33,0.8,-0.3292377,0.8,-0.33
108,14,-0.8,-0.11,-0.8,-0.1099153,-0.8,-0.11
108,15,-0.57,-0.11,-0.57,-0.1099153,-0.57,-0.11
108,16,-0.29,-0.11,-0.29,-0.1099153,-0.29,-0.11
108,17,0.0,-0.11,0.0,-0.1099153,0.0,-0.11
108,18,0.23,-0.11,0.23,-0.1099153,0.23,-0.11
108,19,0.51,-0.11,0.51,-0.1099153,0.51,-0.11
108,20,0.8,-0.11,0.8,-0.1099153,0.8,-0.11
108,21,-0.8,0.17,-0.8,0.17020230000000003,-0.8,0.17
108,22,-0.57,0.17,-0.57,0.17020230000000003,-0.57,0.17
108,23,-0.29,0.17,-0.29,0.17020230000000003,-0.29,0.17
108,24,0.0,0.17,0.0,0.17020230000000003,0.0,0.17
108,25,0.23,0.17,0.23,0.17020230000000003,0.23,0.17
108,26,0.51,0.17,0.51,0.17020230000000003,0.51,0.17
108,27,0.8,0.17,0.8,0.17020230000000003,0.8,0.17
108,28,-0.8,0.39,-0.8,0.3910647,-0.8,0.39
108,29,-0.57,0.39,-0.57,0.3910647,-0.57,0.39
108,30,-0.29,0.39,-0.29,0.3910647,-0.29,0.39
108,31,0.0,0.39,0.0,0.3910647,0.0,0.39
108,32,0.23,0.39,0.23,0.3910647,0.23,0.39
108,33,0.51,0.39,0.51,0.3910647,0.51,0.39
108,34,0.8,0.39,0.8,0.3910647,0.8,0.39
108,35,-0.8,0.6,-0.8,0.60252,-0.8,0.6
108,36,-0.57,0.6,-0.57,0.60252,-0.57,0.6
108,37,-0.29,0.6,-0.29,0.60252,-0.29,0.6
108,38,0.0,0.6,0.0,0.60252,0.0,0.6
108,39,0.23,0.6,0.23,0.60252,0.23,0.6
108,40,0.51,0.6,0.51,0.60252,0.51,0.6
108,41,0.8,0.6,0.8,0.60252,0.8,0.6
108,42,0.0,0.0,0.0,0.0,0.0,0.0
108,43,0.71,-0.23,0.71,-0.22962970000000002,0.71,-0.23
108,44,-0.37,0.53,-0.37,0.5319663000000001,-0.37,0.53
108,45,0.12,-0.49,0.12,-0.48831929999999996,0.12,-0.49
108,46,-0.73,0.08,-0.73,0.0800448,-0.73,0.08
108,47,0.63,0.44,0.63,0.4413552,0.63,0.44
108,48,-0.19,-0.56,-0.19,-0.5578048,-0.19,-0.56
108,49,0.79,0.31,0.79,0.3106727,0.79,0.31
108,50,-0.61,-0.41,-0.61,-0.40882329999999995,-0.61,-0.41
108,51,0.42,-0.52,0.42,-0.5181072,0.42,-0.52
108,52,-0.48,0.27,-0.48,0.2705103,-0.48,0.27
108,53,0.06,0.58,0.06,0.5823548,0.06,0.58
109,0,-0.8,-0.6,-0.8,-0.59748,-0.8,-0.6
109,1,-0.57,-0.6,-0.57,-0.59748,-0.57,-0.6
109,2,-0.29,-0.6,-0.29,-0.59748,-0.29,-0.6
109,3,0.0,-0.6,0.0,-0.59748,0.0,-0.6
109,4,0.23,-0.6,0.23,-0.59748,0.23,-0.6
109,5,0.51,-0.6,0.51,-0.59748,0.51,-0.6
109,6,0.8,-0.6,0.8,-0.59748,0.8,-0.6
109,7,-0.8,-0.33,-0.8,-0.3292377,-0.8,-0.33
109,8,-0.57,-0.33,-0.57,-0.3292377,-0.57,-0.33
109,9,-0.29,-0.33,-0.29,-0.3292377,-0.29,-0.33
109,10,0.0,-0.33,0.0,-0.3292377,0.0,-0.33
109,11,0.23,-0.33,0.23,-0.3292377,0.23,-0.33
109,12,0.51,-0.33,0.51,-0.3292377,0.51,-0.33
109,13,0.8,-0.33,0.8,-0.3292377,0.8,-0.33
109,14,-0.8,-0.11,-0.8,-0.10991530000000001,-0.8,-0.11
109,15,-0.57,-0.11,-0.57,-0.10991530000000001,-0.57,-0.11
109,16,-0.29,-0.11,-0.29,-0.10991530000000001,-0.29,-0.11
109,17,0.0,-0.11,0.0,-0.10991530000000001,0.0,-0.11
109,18,0.23,-0.11,0.23,-0.10991530000000001,0.23,-0.11
109,19,0.51,-0.11,0.51,-0.10991530000000001,0.51,-0.11
109,20,0.8,-0.11,0.8,-0.10991530000000001,0.8,-0.11
109,21,-0.8,0.17,-0.8,0.1702023,-0.8,0.17
109,22,-0.57,0.17,-0.57,0.1702023,-0.57,0.17
109,23,-0.29,0.17,-0.29,0.1702023,-0.29,0.17
109,24,0.0,0.17,0.0,0.1702023,0.0,0.17
109,25,0.23,0.17,0.23,0.1702023,0.23,0.17
109,26,0.51,0.17,0.51,0.1702023,0.51,0.17
109,27,0.8,0.17,0.8,0.1702023,0.8,0.17
109,28,-0.8,0.39,-0.8,0.3910647,-0.8,0.39
109,29,-0.57,0.39,-0.57,0.3910647,-0.57,0.39
109,30,-0.29,0.39,-0.29,0.3910647,-0.29,0.39
109,31,0.0,0.39,0.0,0.3910647,0.0,0.39
109,32,0.23,0.39,0.23,0.3910647,0.23,0.39
109,33,0.51,0.39,0.51,0.3910647,0.51,0.39
109,34,0.8,0.39,0.8,0.3910647,0.8,0.39
109,35,-0.8,0.6,-0.8,0.60252,-0.8,0.6
109,36,-0.57,0.6,-0.57,0.60252,-0.57,0.6
109,37,-0.29,0.6,-0.29,0.60252,-0.29,0.6
109,38,0.0,0.6,0.0,0.60252,0.0,0.6
109,39,0.23,0.6,0.23,0.60252,0.23,0.6
109,40,0.51,0.6,0.51,0.60252,0.51,0.6
109,41,0.8,0.6,0.8,0.60252,0.8,0.6
109,42,0.0,0.0,0.0,0.0,0.0,0.0
109,43,0.71,-0.23,0.71,-0.22962970000000002,0.71,-0.23
109,44,-0.37,0.53,-0.37,0.5319663,-0.37,0.53
109,45,0.12,-0.49,0.12,-0.4883193,0.12,-0.49
109,46,-0.73,0.08,-0.73,0.0800448,-0.73,0.08
109,47,0.63,0.44,0.63,0.4413552,0.63,0.44
109,48,-0.19,-0.56,-0.19,-0.5578048000000001,-0.19,-0.56
109,49,0.79,0.31,0.79,0.3106727,0.79,0.31
109,50,-0.61,-0.41,-0.61,-0.4088233,-0.61,-0.41
109,51,0.42,-0.52,0.42,-0.5181072,0.42,-0.52
109,52,-0.48,0.27,-0.48,0.27051030000000004,-0.48,0.27
109,53,0.06,0.58,0.06,0.5823548,0.06,0.58
110,0,-0.8,-0.6,-0.8,-0.603584,-0.8,-0.6
110,1,-0.57,-0.6,-0.57,-0.601296351,-0.57,-0.6
110,2,-0.29,-0.6,-0.29,-0.600170723,-0.29,-0.6
110,3,0.0,-0.6,0.0,-0.6,0.0,-0.6
110,4,0.23,-0.6,0.23,-0.599914831,0.23,-0.6
110,5,0.51,-0.6,0.51,-0.5990714429999999,0.51,-0.6
110,6,0.8,-0.6,0.8,-0.596416,0.8,-0.6
110,7,-0.8,-0.33,-0.8,-0.333584,-0.8,-0.33
110,8,-0.57,-0.33,-0.57,-0.331296351,-0.57,-0.33
110,9,-0.29,-0.33,-0.29,-0.330170723,-0.29,-0.33
110,10,0.0,-0.33,0.0,-0.33,0.0,-0.33
110,11,0.23,-0.33,0.23,-0.329914831,0.23,-0.33
110,12,0.51,-0.33,0.51,-0.329071443,0.51,-0.33
110,13,0.8,-0.33,0.8,-0.32641600000000004,0.8,-0.33
110,14,-0.8,-0.11,-0.8,-0.113584,-0.8,-0.11
110,15,-0.57,-0.11,-0.57,-0.111296351,-0.57,-0.11
110,16,-0.29,-0.11,-0.29,-0.110170723,-0.29,-0.11
110,17,0.0,-0.11,0.0,-0.11,0.0,-0.11
110,18,0.23,-0.11,0.23,-0.109914831,0.23,-0.11
110,19,0.51,-0.11,0.51,-0.109071443,0.51,-0.11
110,20,0.8,-0.11,0.8,-0.106416,0.8,-0.11
110,21,-0.8,0.17,-0.8,0.166416,-0.8,0.17
110,22,-0.57,0.17,-0.57,0.168703649,-0.57,0.17
110,23,-0.29,0.17,-0.29,0.169829277,-0.29,0.17
110,24,0.0,0.17,0.0,0.17,0.0,0.17
110,25,0.23,0.17,0.23,0.170085169,0.23,0.17
110,26,0.51,0.17,0.51,0.170928557,0.51,0.17
110,27,0.8,0.17,0.8,0.17358400000000002,0.8,0.17
110,28,-0.8,0.39,-0.8,0.38641600000000004,-0.8,0.39
110,29,-0.57,0.39,-0.57,0.38870364900000004,-0.57,0.39
110,30,-0.29,0.39,-0.29,0.38982927700000003,-0.29,0.39
110,31,0.0,0.39,0.0,0.39,0.0,0.39
110,32,0.23,0.39,0.23,0.390085169,0.23,0.39
110,33,0.51,0.39,0.51,0.390928557,0.51,0.39
110,34,0.8,0.39,0.8,0.393584,0.8,0.39
110,35,-0.8,0.6,-0.8,0.596416,-0.8,0.6
110,36,-0.57,0.6,-0.57,0.598703649,-0.57,0.6
110,37,-0.29,0.6,-0.29,0.599829277,-0.29,0.6
110,38,0.0,0.6,0.0,0.6,0.0,0.6
110,39,0.23,0.6,0.23,0.600085169,0.23,0.6
110,40,0.51,0.6,0.51,0.600928557,0.51,0.6
110,41,0.8,0.6,0.8,0.603584,0.8,0.6
110,42,0.0,0.0,0.0,0.0,0.0,0.0
110,43,0.71,-0.23,0.71,-0.227494623,0.71,-0.23
110,44,-0.37,0.53,-0.37,0.529645429,-0.37,0.53
110,45,0.12,-0.49,0.12,-0.489987904,0.12,-0.49
110,46,-0.73,0.08,-0.73,0.077276881,-0.73,0.08
110,47,0.63,0.44,0.63,0.441750329,0.63,0.44
110,48,-0.19,-0.56,-0.19,-0.5600480130000001,-0.19,-0.56
110,49,0.79,0.31,0.79,0.313451273,0.79,0.31
110,50,-0.61,-0.41,-0.61,-0.41158886699999997,-0.61,-0.41
110,51,0.42,-0.52,0.42,-0.519481384,0.42,-0.52
110,52,-0.48,0.27,-0.48,0.26922585600000004,-0.48,0.27
110,53,0.06,0.58,0.06,0.5800015119999999,0.06,0.58
111,0,-0.8,-0.6,-0.8,-0.603584,-0.8,-0.6
111,1,-0.57,-0.6,-0.57,-0.601296351,-0.57,-0.6
111,2,-0.29,-0.6,-0.29,-0.600170723,-0.29,-0.6
111,3,0.0,-0.6,0.0,-0.6,0.0,-0.6
111,4,0.23,-0.6,0.23,-0.599914831,0.23,-0.6
111,5,0.51,-0.6,0.51,-0.5990714429999999,0.51,-0.6
111,6,0.8,-0.6,0.8,-0.596416,0.8,-0.6
111,7,-0.8,-0.33,-0.8,-0.333584,-0.8,-0.33
111,8,-0.57,-0.33,-0.57,-0.331296351,-0.57,-0.33
111,9,-0.29,-0.33,-0.29,-0.330170723,-0.29,-0.33
111,10,0.0,-0.33,0.0,-0.33,0.0,-0.33
111,11,0.23,-0.33,0.23,-0.329914831,0.23,-0.33
111,12,0.51,-0.33,0.51,-0.329071443,0.51,-0.33
111,13,0.8,-0.33,0.8,-0.32641600000000004,0.8,-0.33
111,14,-0.8,-0.11,-0.8,-0.113584,-0.8,-0.11
111,15,-0.57,-0.11,-0.57,-0.111296351,-0.57,-0.11
111,16,-0.29,-0.11,-0.29,-0.110170723,-0.29,-0.11
111,17,0.0,-0.11,0.0,-0.11,0.0,-0.11
111,18,0.23,-0.11,0.23,-0.109914831,0.23,-0.11
111,19,0.51,-0.11,0.51,-0.109071443,0.51,-0.11
111,20,0.8,-0.11,0.8,-0.106416,0.8,-0.11
111,21,-0.8,0.17,-0.8,0.166416,-0.8,0.17
111,22,-0.57,0.17,-0.57,0.168703649,-0.57,0.17
111,23,-0.29,0.17,-0.29,0.169829277,-0.29,0.17
111,24,0.0,0.17,0.0,0.17,0.0,0.17
111,25,0.23,0.17,0.23,0.170085169,0.23,0.17
111,26,0.51,0.17,0.51,0.170928557,0.51,0.17
111,27,0.8,0.17,0.8,0.17358400000000002,0.8,0.17
111,28,-0.8,0.39,-0.8,0.38641600000000004,-0.8,0.39
111,29,-0.57,0.39,-0.57,0.38870364900000004,-0.57,0.39
111,30,-0.29,0.39,-0.29,0.38982927700000003,-0.29,0.39
111,31,0.0,0.39,0.0,0.39,0.0,0.39
111,32,0.23,0.39,0.23,0.390085169,0.23,0.39
111,33,0.51,0.39,0.51,0.390928557,0.51,0.39
111,34,0.8,0.39,0.8,0.393584,0.8,0.39
111,35,-0.8,0.6,-0.8,0.596416,-0.8,0.6
111,36,-0.57,0.6,-0.57,0.598703649,-0.57,0.6
111,37,-0.29,0.6,-0.29,0.599829277,-0.29,0.6
111,38,0.0,0.6,0.0,0.6,0.0,0.6
111,39,0.23,0.6,0.23,0.600085169,0.23,0.6
111,40,0.51,0.6,0.51,0.600928557,0.51,0.6
111,41,0.8,0.6,0.8,0.603584,0.8,0.6
111,42,0.0,0.0,0.0,0.0,0.0,0.0
111,43,0.71,-0.23,0.71,-0.227494623,0.71,-0.23
111,44,-0.37,0.53,-0.37,0.529645429,-0.37,0.53
111,45,0.12,-0.49,0.12,-0.489987904,0.12,-0.49
111,46,-0.73,0.08,-0.73,0.077276881,-0.73,0.08
111,47,0.63,0.44,0.63,0.441750329,0.63,0.44
111,48,-0.19,-0.56,-0.19,-0.5600480130000001,-0.19,-0.56
111,49,0.79,0.31,0.79,0.313451273,0.79,0.31
111,50,-0.61,-0.41,-0.61,-0.41158886699999997,-0.61,-0.41
111,51,0.42,-0.52,0.42,-0.519481384,0.42,-0.52
111,52,-0.48,0.27,-0.48,0.26922585600000004,-0.48,0.27
111,53,0.06,0.58,0.06,0.5800015119999999,0.06,0.58
112,0,-0.8,-0.6,-0.8,-0.602688,-0.8,-0.6
112,1,-0.57,-0.6,-0.57,-0.60136458,-0.57,-0.6
112,2,-0.29,-0.6,-0.29,-0.60035322,-0.29,-0.6
112,3,0.0,-0.6,0.0,-0.6,0.0,-0.6
112,4,0.23,-0.6,0.23,-0.6002221799999999,0.23,-0.6
112,5,0.51,-0.6,0.51,-0.60109242,0.51,-0.6
112,6,0.8,-0.6,0.8,-0.602688,0.8,-0.6
112,7,-0.8,-0.33,-0.8,-0.3314784,-0.8,-0.33
112,8,-0.57,-0.33,-0.57,-0.330750519,-0.57,-0.33
112,9,-0.29,-0.33,-0.29,-0.33019427100000004,-0.29,-0.33
112,10,0.0,-0.33,0.0,-0.33,0.0,-0.33
112,11,0.23,-0.33,0.23,-0.330122199,0.23,-0.33
112,12,0.51,-0.33,0.51,-0.330600831,0.51,-0.33
112,13,0.8,-0.33,0.8,-0.3314784,0.8,-0.33
112,14,-0.8,-0.11,-0.8,-0.1104928,-0.8,-0.11
112,15,-0.57,-0.11,-0.57,-0.110250173,-0.57,-0.11
112,16,-0.29,-0.11,-0.29,-0.110064757,-0.29,-0.11
112,17,0.0,-0.11,0.0,-0.11,0.0,-0.11
112,18,0.23,-0.11,0.23,-0.11004073299999999,0.23,-0.11
112,19,0.51,-0.11,0.51,-0.11020027699999999,0.51,-0.11
112,20,0.8,-0.11,0.8,-0.1104928,0.8,-0.11
112,21,-0.8,0.17,-0.8,0.1707616,-0.8,0.17
112,22,-0.57,0.17,-0.57,0.170386631,-0.57,0.17
112,23,-0.29,0.17,-0.29,0.17010007900000002,-0.29,0.17
112,24,0.0,0.17,0.0,0.17,0.0,0.17
112,25,0.23,0.17,0.23,0.170062951,0.23,0.17
112,26,0.51,0.17,0.51,0.170309519,0.51,0.17
112,27,0.8,0.17,0.8,0.1707616,0.8,0.17
112,28,-0.8,0.39,-0.8,0.3917472,-0.8,0.39
112,29,-0.57,0.39,-0.57,0.390886977,-0.57,0.39
112,30,-0.29,0.39,-0.29,0.390229593,-0.29,0.39
112,31,0.0,0.39,0.0,0.39,0.0,0.39
112,32,0.23,0.39,0.23,0.39014441699999997,0.23,0.39
112,33,0.51,0.39,0.51,0.390710073,0.51,0.39
112,34,0.8,0.39,0.8,0.3917472,0.8,0.39
112,35,-0.8,0.6,-0.8,0.602688,-0.8,0.6
112,36,-0.57,0.6,-0.57,0.60136458,-0.57,0.6
112,37,-0.29,0.6,-0.29,0.60035322,-0.29,0.6
112,38,0.0,0.6,0.0,0.6,0.0,0.6
112,39,0.23,0.6,0.23,0.6002221799999999,0.23,0.6
112,40,0.51,0.6,0.51,0.60109242,0.51,0.6
112,41,0.8,0.6,0.8,0.602688,0.8,0.6
112,42,0.0,0.0,0.0,0.0,0.0,0.0
112,43,0.71,-0.23,0.71,-0.230811601,0.71,-0.23
112,44,-0.37,0.53,-0.37,0.5305078990000001,-0.37,0.53
112,45,0.12,-0.49,0.12,-0.490049392,0.12,-0.49
112,46,-0.73,0.08,-0.73,0.080298424,-0.73,0.08
112,47,0.63,0.44,0.63,0.44122245199999993,0.63,0.44
112,48,-0.19,-0.56,-0.19,-0.5601415120000001,-0.19,-0.56
112,49,0.79,0.31,0.79,0.31135429699999995,0.79,0.31
112,50,-0.61,-0.41,-0.61,-0.411067927,-0.61,-0.41
112,51,0.42,-0.52,0.42,-0.520642096,0.42,-0.52
112,52,-0.48,0.27,-0.48,0.270435456,-0.48,0.27
112,53,0.06,0.58,0.06,0.580014616,0.06,0.58
113,0,-0.8,-0.6,-0.8,-0.602688,-0.8,-0.6
113,1,-0.57,-0.6,-0.57,-0.6013645799999999,-0.57,-0.6
113,2,-0.29,-0.6,-0.29,-0.60035322,-0.29,-0.6
113,3,0.0,-0.6,0.0,-0.6,0.0,-0.6
113,4,0.23,-0.6,0.23,-0.6002221799999999,0.23,-0.6
113,5,0.51,-0.6,0.51,-0.60109242,0.51,-0.6
113,6,0.8,-0.6,0.8,-0.602688,0.8,-0.6
113,7,-0.8,-0.33,-0.8,-0.3314784,-0.8,-0.33
113,8,-0.57,-0.33,-0.57,-0.330750519,-0.57,-0.33
113,9,-0.29,-0.33,-0.29,-0.33019427100000004,-0.29,-0.33
113,10,0.0,-0.33,0.0,-0.33,0.0,-0.33
113,11,0.23,-0.33,0.23,-0.330122199,0.23,-0.33
113,12,0.51,-0.33,0.51,-0.33060083100000004,0.51,-0.33
113,13,0.8,-0.33,0.8,-0.3314784,0.8,-0.33
113,14,-0.8,-0.11,-0.8,-0.1104928,-0.8,-0.11
113,15,-0.57,-0.11,-0.57,-0.110250173,-0.57,-0.11
113,16,-0.29,-0.11,-0.29,-0.110064757,-0.29,-0.11
113,17,0.0,-0.11,0.0,-0.11,0.0,-0.11
113,18,0.23,-0.11,0.23,-0.110040733,0.23,-0.11
113,19,0.51,-0.11,0.51,-0.110200277,0.51,-0.11
113,20,0.8,-0.11,0.8,-0.1104928,0.8,-0.11
113,21,-0.8,0.17,-0.8,0.1707616,-0.8,0.17
113,22,-0.57,0.17,-0.57,0.170386631,-0.57,0.17
113,23,-0.29,0.17,-0.29,0.17010007900000002,-0.29,0.17
113,24,0.0,0.17,0.0,0.17,0.0,0.17
113,25,0.23,0.17,0.23,0.17006295100000002,0.23,0.17
113,26,0.51,0.17,0.51,0.17030951900000002,0.51,0.17
113,27,0.8,0.17,0.8,0.1707616,0.8,0.17
113,28,-0.8,0.39,-0.8,0.3917472,-0.8,0.39
113,29,-0.57,0.39,-0.57,0.390886977,-0.57,0.39
113,30,-0.29,0.39,-0.29,0.390229593,-0.29,0.39
113,31,0.0,0.39,0.0,0.39,0.0,0.39
113,32,0.23,0.39,0.23,0.390144417,0.23,0.39
113,33,0.51,0.39,0.51,0.390710073,0.51,0.39
113,34,0.8,0.39,0.8,0.3917472,0.8,0.39
113,35,-0.8,0.6,-0.8,0.602688,-0.8,0.6
113,36,-0.57,0.6,-0.57,0.6013645799999999,-0.57,0.6
113,37,-0.29,0.6,-0.29,0.60035322,-0.29,0.6
113,38,0.0,0.6,0.0,0.6,0.0,0.6
113,39,0.23,0.6,0.23,0.6002221799999999,0.23,0.6
113,40,0.51,0.6,0.51,0.60109242,0.51,0.6
113,41,0.8,0.6,0.8,0.602688,0.8,0.6
113,42,0.0,0.0,0.0,0.0,0.0,0.0
113,43,0.71,-0.23,0.71,-0.230811601,0.71,-0.23
113,44,-0.37,0.53,-0.37,0.5305078990000001,-0.37,0.53
113,45,0.12,-0.49,0.12,-0.490049392,0.12,-0.49
113,46,-0.73,0.08,-0.73,0.08029842400000001,-0.73,0.08
113,47,0.63,0.44,0.63,0.441222452,0.63,0.44
113,48,-0.19,-0.56,-0.19,-0.5601415120000001,-0.19,-0.56
113,49,0.79,0.31,0.79,0.311354297,0.79,0.31
113,50,-0.61,-0.41,-0.61,-0.411067927,-0.61,-0.41
113,51,0.42,-0.52,0.42,-0.520642096,0.42,-0.52
113,52,-0.48,0.27,-0.48,0.270435456,-0.48,0.27
113,53,0.06,0.58,0.06,0.5800146159999999,0.06,0.58
114,0,-0.8,-0.6,-0.8,-0.602016,-0.8,-0.6
114,1,-0.57,-0.6,-0.57,-0.6014364,-0.57,-0.6
114,2,-0.29,-0.6,-0.29,-0.6007307999999999,-0.29,-0.6
114,3,0.0,-0.6,0.0,-0.6,0.0,-0.6
114,4,0.23,-0.6,0.23,-0.5994204,0.23,-0.6
114,5,0.51,-0.6,0.51,-0.5987148,0.51,-0.6
114,6,0.8,-0.6,0.8,-0.597984,0.8,-0.6
114,7,-0.8,-0.33,-0.8,-0.33060984000000004,-0.8,-0.33
114,8,-0.57,-0.33,-0.57,-0.33043451100000004,-0.57,-0.33
114,9,-0.29,-0.33,-0.29,-0.330221067,-0.29,-0.33
114,10,0.0,-0.33,0.0,-0.33,0.0,-0.33
114,11,0.23,-0.33,0.23,-0.329824671,0.23,-0.33
114,12,0.51,-0.33,0.51,-0.329611227,0.51,-0.33
114,13,0.8,-0.33,0.8,-0.32939016000000004,0.8,-0.33
114,14,-0.8,-0.11,-0.8,-0.11006776,-0.8,-0.11
114,15,-0.57,-0.11,-0.57,-0.110048279,-0.57,-0.11
114,16,-0.29,-0.11,-0.29,-0.110024563,-0.29,-0.11
114,17,0.0,-0.11,0.0,-0.11,0.0,-0.11
114,18,0.23,-0.11,0.23,-0.109980519,0.23,-0.11
114,19,0.51,-0.11,0.51,-0.10995680299999999,0.51,-0.11
114,20,0.8,-0.11,0.8,-0.10993224,0.8,-0.11
114,21,-0.8,0.17,-0.8,0.16983816000000002,-0.8,0.17
114,22,-0.57,0.17,-0.57,0.169884689,-0.57,0.17
114,23,-0.29,0.17,-0.29,0.16994133300000003,-0.29,0.17
114,24,0.0,0.17,0.0,0.17,0.0,0.17
114,25,0.23,0.17,0.23,0.170046529,0.23,0.17
114,26,0.51,0.17,0.51,0.170103173,0.51,0.17
114,27,0.8,0.17,0.8,0.17016184000000004,0.8,0.17
114,28,-0.8,0.39,-0.8,0.38914824000000003,-0.8,0.39
114,29,-0.57,0.39,-0.57,0.389393121,-0.57,0.39
114,30,-0.29,0.39,-0.29,0.389691237,-0.29,0.39
114,31,0.0,0.39,0.0,0.39,0.0,0.39
114,32,0.23,0.39,0.23,0.39024488100000004,0.23,0.39
114,33,0.51,0.39,0.51,0.390542997,0.51,0.39
114,34,0.8,0.39,0.8,0.39085176,0.8,0.39
114,35,-0.8,0.6,-0.8,0.597984,-0.8,0.6
114,36,-0.57,0.6,-0.57,0.5985636,-0.57,0.6
114,37,-0.29,0.6,-0.29,0.5992692,-0.29,0.6
114,38,0.0,0.6,0.0,0.6,0.0,0.6
114,39,0.23,0.6,0.23,0.6005796,0.23,0.6
114,40,0.51,0.6,0.51,0.6012852000000001,0.51,0.6
114,41,0.8,0.6,0.8,0.602016,0.8,0.6
114,42,0.0,0.0,0.0,0.0,0.0,0.0
114,43,0.71,-0.23,0.71,-0.22973708700000003,0.71,-0.23
114,44,-0.37,0.53,-0.37,0.529272469,-0.37,0.53
114,45,0.12,-0.49,0.12,-0.489798316,0.12,-0.49
114,46,-0.73,0.08,-0.73,0.07996729600000001,-0.73,0.08
114,47,0.63,0.44,0.63,0.44085377600000003,0.63,0.44
114,48,-0.19,-0.56,-0.19,-0.5604170880000001,-0.19,-0.56
114,49,0.79,0.31,0.79,0.31053143299999997,0.79,0.31
114,50,-0.61,-0.41,-0.61,-0.410717787,-0.61,-0.41
114,51,0.42,-0.52,0.42,-0.519205024,0.42,-0.52
114,52,-0.48,0.27,-0.48,0.269755056,-0.48,0.27
114,53,0.06,0.58,0.06,0.5801412879999999,0.06,0.58
115,0,-0.8,-0.6,-0.8,-0.602016,-0.8,-0.6
115,1,-0.57,-0.6,-0.57,-0.6014364,-0.57,-0.6
115,2,-0.29,-0.6,-0.29,-0.6007308,-0.29,-0.6
115,3,0.0,-0.6,0.0,-0.6,0.0,-0.6
115,4,0.23,-0.6,0.23,-0.5994204,0.23,-0.6
115,5,0.51,-0.6,0.51,-0.5987148,0.51,-0.6
115,6,0.8,-0.6,0.8,-0.597984,0.8,-0.6
115,7,-0.8,-0.33,-0.8,-0.33060984,-0.8,-0.33
115,8,-0.57,-0.33,-0.57,-0.33043451100000004,-0.57,-0.33
115,9,-0.29,-0.33,-0.29,-0.33022106700000003,-0.29,-0.33
115,10,0.0,-0.33,0.0,-0.33,0.0,-0.33
115,11,0.23,-0.33,0.23,-0.329824671,0.23,-0.33
115,12,0.51,-0.33,0.51,-0.329611227,0.51,-0.33
115,13,0.8,-0.33,0.8,-0.32939016000000004,0.8,-0.33
115,14,-0.8,-0.11,-0.8,-0.11006776,-0.8,-0.11
115,15,-0.57,-0.11,-0.57,-0.110048279,-0.57,-0.11
115,16,-0.29,-0.11,-0.29,-0.110024563,-0.29,-0.11
115,17,0.0,-0.11,0.0,-0.11,0.0,-0.11
115,18,0.23,-0.11,0.23,-0.109980519,0.23,-0.11
115,19,0.51,-0.11,0.51,-0.109956803,0.51,-0.11
115,20,0.8,-0.11,0.8,-0.10993224,0.8,-0.11
115,21,-0.8,0.17,-0.8,0.16983816000000002,-0.8,0.17
115,22,-0.57,0.17,-0.57,0.169884689,-0.57,0.17
115,23,-0.29,0.17,-0.29,0.169941333,-0.29,0.17
115,24,0.0,0.17,0.0,0.17,0.0,0.17
115,25,0.23,0.17,0.23,0.170046529,0.23,0.17
115,26,0.51,0.17,0.51,0.17010317300000002,0.51,0.17
115,27,0.8,0.17,0.8,0.17016184,0.8,0.17
115,28,-0.8,0.39,-0.8,0.38914824000000003,-0.8,0.39
115,29,-0.57,0.39,-0.57,0.389393121,-0.57,0.39
115,30,-0.29,0.39,-0.29,0.389691237,-0.29,0.39
115,31,0.0,0.39,0.0,0.39,0.0,0.39
115,32,0.23,0.39,0.23,0.390244881,0.23,0.39
115,33,0.51,0.39,0.51,0.390542997,0.51,0.39
115,34,0.8,0.39,0.8,0.39085176,0.8,0.39
115,35,-0.8,0.6,-0.8,0.597984,-0.8,0.6
115,36,-0.57,0.6,-0.57,0.5985636,-0.57,0.6
115,37,-0.29,0.6,-0.29,0.5992692,-0.29,0.6
115,38,0.0,0.6,0.0,0.6,0.0,0.6
115,39,0.23,0.6,0.23,0.6005796,0.23,0.6
115,40,0.51,0.6,0.51,0.6012852,0.51,0.6
115,41,0.8,0.6,0.8,0.602016,0.8,0.6
115,42,0.0,0.0,0.0,0.0,0.0,0.0
115,43,0.71,-0.23,0.71,-0.229737087,0.71,-0.23
115,44,-0.37,0.53,-0.37,0.529272469,-0.37,0.53
115,45,0.12,-0.49,0.12,-0.489798316,0.12,-0.49
115,46,-0.73,0.08,-0.73,0.07996729600000001,-0.73,0.08
115,47,0.63,0.44,0.63,0.440853776,0.63,0.44
115,48,-0.19,-0.56,-0.19,-0.560417088,-0.19,-0.56
115,49,0.79,0.31,0.79,0.310531433,0.79,0.31
115,50,-0.61,-0.41,-0.61,-0.410717787,-0.61,-0.41
115,51,0.42,-0.52,0.42,-0.519205024,0.42,-0.52
115,52,-0.48,0.27,-0.48,0.269755056,-0.48,0.27
115,53,0.06,0.58,0.06,0.580141288,0.06,0.58
116,0,-0.8,-0.6,-0.8,-0.601512,-0.8,-0.6
116,1,-0.57,-0.6,-0.57,-0.601512,-0.57,-0.6
116,2,-0.29,-0.6,-0.29,-0.601512,-0.29,-0.6
116,3,0.0,-0.6,0.0,-0.601512,0.0,-0.6
116,4,0.23,-0.6,0.23,-0.601512,0.23,-0.6
116,5,0.51,-0.6,0.51,-0.601512,0.51,-0.6
116,6,0.8,-0.6,0.8,-0.601512,0.8,-0.6
116,7,-0.8,-0.33,-0.8,-0.33025155900000003,-0.8,-0.33
116,8,-0.57,-0.33,-0.57,-0.33025155900000003,-0.57,-0.33
116,9,-0.29,-0.33,-0.29,-0.33025155900000003,-0.29,-0.33
116,10,0.0,-0.33,0.0,-0.33025155900000003,0.0,-0.33
116,11,0.23,-0.33,0.23,-0.33025155900000003,0.23,-0.33
116,12,0.51,-0.33,0.51,-0.33025155900000003,0.51,-0.33
116,13,0.8,-0.33,0.8,-0.33025155900000003,0.8,-0.33
116,14,-0.8,-0.11,-0.8,-0.110009317,-0.8,-0.11
116,15,-0.57,-0.11,-0.57,-0.110009317,-0.57,-0.11
116,16,-0.29,-0.11,-0.29,-0.110009317,-0.29,-0.11
116,17,0.0,-0.11,0.0,-0.110009317,0.0,-0.11
116,18,0.23,-0.11,0.23,-0.110009317,0.23,-0.11
116,19,0.51,-0.11,0.51,-0.110009317,0.51,-0.11
116,20,0.8,-0.11,0.8,-0.110009317,0.8,-0.11
116,21,-0.8,0.17,-0.8,0.170034391,-0.8,0.17
116,22,-0.57,0.17,-0.57,0.170034391,-0.57,0.17
116,23,-0.29,0.17,-0.29,0.170034391,-0.29,0.17
116,24,0.0,0.17,0.0,0.170034391,0.0,0.17
116,25,0.23,0.17,0.23,0.170034391,0.23,0.17
116,26,0.51,0.17,0.51,0.170034391,0.51,0.17
116,27,0.8,0.17,0.8,0.170034391,0.8,0.17
116,28,-0.8,0.39,-0.8,0.390415233,-0.8,0.39
116,29,-0.57,0.39,-0.57,0.390415233,-0.57,0.39
116,30,-0.29,0.39,-0.29,0.390415233,-0.29,0.39
116,31,0.0,0.39,0.0,0.390415233,0.0,0.39
116,32,0.23,0.39,0.23,0.390415233,0.23,0.39
116,33,0.51,0.39,0.51,0.390415233,0.51,0.39
116,34,0.8,0.39,0.8,0.390415233,0.8,0.39
116,35,-0.8,0.6,-0.8,0.601512,-0.8,0.6
116,36,-0.57,0.6,-0.57,0.601512,-0.57,0.6
116,37,-0.29,0.6,-0.29,0.601512,-0.29,0.6
116,38,0.0,0.6,0.0,0.601512,0.0,0.6
116,39,0.23,0.6,0.23,0.601512,0.23,0.6
116,40,0.51,0.6,0.51,0.601512,0.51,0.6
116,41,0.8,0.6,0.8,0.601512,0.8,0.6
116,42,0.0,0.0,0.0,0.0,0.0,0.0
116,43,0.71,-0.23,0.71,-0.230085169,0.71,-0.23
116,44,-0.37,0.53,-0.37,0.5310421390000001,-0.37,0.53
116,45,0.12,-0.49,0.12,-0.49082354300000003,0.12,-0.49
116,46,-0.73,0.08,-0.73,0.080003584,-0.73,0.08
116,47,0.63,0.44,0.63,0.44059628799999995,0.63,0.44
116,48,-0.19,-0.56,-0.19,-0.561229312,-0.19,-0.56
116,49,0.79,0.31,0.79,0.310208537,0.79,0.31
116,50,-0.61,-0.41,-0.61,-0.410482447,-0.61,-0.41
116,51,0.42,-0.52,0.42,-0.520984256,0.42,-0.52
116,52,-0.48,0.27,-0.48,0.270137781,-0.48,0.27
116,53,0.06,0.58,0.06,0.5813657839999999,0.06,0.58
117,0,-0.8,-0.6,-0.8,-0.6015119999999999,-0.8,-0.6
117,1,-0.57,-0.6,-0.57,-0.6015119999999999,-0.57,-0.6
117,2,-0.29,-0.6,-0.29,-0.6015119999999999,-0.29,-0.6
117,3,0.0,-0.6,0.0,-0.6015119999999999,0.0,-0.6
117,4,0.23,-0.6,0.23,-0.6015119999999999,0.23,-0.6
117,5,0.51,-0.6,0.51,-0.6015119999999999,0.51,-0.6
117,6,0.8,-0.6,0.8,-0.6015119999999999,0.8,-0.6
117,7,-0.8,-0.33,-0.8,-0.33025155900000003,-0.8,-0.33
117,8,-0.57,-0.33,-0.57,-0.33025155900000003,-0.57,-0.33
117,9,-0.29,-0.33,-0.29,-0.33025155900000003,-0.29,-0.33
117,10,0.0,-0.33,0.0,-0.33025155900000003,0.0,-0.33
117,11,0.23,-0.33,0.23,-0.33025155900000003,0.23,-0.33
117,12,0.51,-0.33,0.51,-0.33025155900000003,0.51,-0.33
117,13,0.8,-0.33,0.8,-0.33025155900000003,0.8,-0.33
117,14,-0.8,-0.11,-0.8,-0.110009317,-0.8,-0.11
117,15,-0.57,-0.11,-0.57,-0.110009317,-0.57,-0.11
117,16,-0.29,-0.11,-0.29,-0.110009317,-0.29,-0.11
117,17,0.0,-0.11,0.0,-0.110009317,0.0,-0.11
117,18,0.23,-0.11,0.23,-0.110009317,0.23,-0.11
117,19,0.51,-0.11,0.51,-0.110009317,0.51,-0.11
117,20,0.8,-0.11,0.8,-0.110009317,0.8,-0.11
117,21,-0.8,0.17,-0.8,0.170034391,-0.8,0.17
117,22,-0.57,0.17,-0.57,0.170034391,-0.57,0.17
117,23,-0.29,0.17,-0.29,0.170034391,-0.29,0.17
117,24,0.0,0.17,0.0,0.170034391,0.0,0.17
117,25,0.23,0.17,0.23,0.170034391,0.23,0.17
117,26,0.51,0.17,0.51,0.170034391,0.51,0.17
117,27,0.8,0.17,0.8,0.170034391,0.8,0.17
117,28,-0.8,0.39,-0.8,0.39041523300000003,-0.8,0.39
117,29,-0.57,0.39,-0.57,0.39041523300000003,-0.57,0.39
117,30,-0.29,0.39,-0.29,0.39041523300000003,-0.29,0.39
117,31,0.0,0.39,0.0,0.39041523300000003,0.0,0.39
117,32,0.23,0.39,0.23,0.39041523300000003,0.23,0.39
117,33,0.51,0.39,0.51,0.39041523300000003,0.51,0.39
117,34,0.8,0.39,0.8,0.39041523300000003,0.8,0.39
117,35,-0.8,0.6,-0.8,0.6015119999999999,-0.8,0.6
117,36,-0.57,0.6,-0.57,0.6015119999999999,-0.57,0.6
117,37,-0.29,0.6,-0.29,0.6015119999999999,-0.29,0.6
117,38,0.0,0.6,0.0,0.6015119999999999,0.0,0.6
117,39,0.23,0.6,0.23,0.6015119999999999,0.23,0.6
117,40,0.51,0.6,0.51,0.6015119999999999,0.51,0.6
117,41,0.8,0.6,0.8,0.6015119999999999,0.8,0.6
117,42,0.0,0.0,0.0,0.0,0.0,0.0
117,43,0.71,-0.23,0.71,-0.230085169,0.71,-0.23
117,44,-0.37,0.53,-0.37,0.5310421390000001,-0.37,0.53
117,45,0.12,-0.49,0.12,-0.490823543,0.12,-0.49
117,46,-0.73,0.08,-0.73,0.080003584,-0.73,0.08
117,47,0.63,0.44,0.63,0.440596288,0.63,0.44
117,48,-0.19,-0.56,-0.19,-0.561229312,-0.19,-0.56
117,49,0.79,0.31,0.79,0.310208537,0.79,0.31
117,50,-0.61,-0.41,-0.61,-0.410482447,-0.61,-0.41
117,51,0.42,-0.52,0.42,-0.520984256,0.42,-0.52
117,52,-0.48,0.27,-0.48,0.270137781,-0.48,0.27
117,53,0.06,0.58,0.06,0.5813657839999999,0.06,0.58
118,0,-0.8,-0.6,-0.8,-0.5971328,-0.8,-0.6
118,1,-0.57,-0.6,-0.57,-0.59926107993,-0.57,-0.6
118,2,-0.29,-0.6,-0.29,-0.59995049033,-0.29,-0.6
118,3,0.0,-0.6,0.0,-0.6,0.0,-0.6
118,4,0.23,-0.6,0.23,-0.59998041113,0.23,-0.6
118,5,0.51,-0.6,0.51,-0.59952643593,0.51,-0.6
118,6,0.8,-0.6,0.8,-0.5971328,0.8,-0.6
118,7,-0.8,-0.33,-0.8,-0.3271328,-0.8,-0.33
118,8,-0.57,-0.33,-0.57,-0.32926107993000003,-0.57,-0.33
118,9,-0.29,-0.33,-0.29,-0.32995049033,-0.29,-0.33
118,10,0.0,-0.33,0.0,-0.33,0.0,-0.33
118,11,0.23,-0.33,0.23,-0.32998041113000004,0.23,-0.33
118,12,0.51,-0.33,0.51,-0.32952643593000003,0.51,-0.33
118,13,0.8,-0.33,0.8,-0.3271328,0.8,-0.33
118,14,-0.8,-0.11,-0.8,-0.1071328,-0.8,-0.11
118,15,-0.57,-0.11,-0.57,-0.10926107993,-0.57,-0.11
118,16,-0.29,-0.11,-0.29,-0.10995049033,-0.29,-0.11
118,17,0.0,-0.11,0.0,-0.11,0.0,-0.11
118,18,0.23,-0.11,0.23,-0.10998041113,0.23,-0.11
118,19,0.51,-0.11,0.51,-0.10952643593,0.51,-0.11
118,20,0.8,-0.11,0.8,-0.1071328,0.8,-0.11
118,21,-0.8,0.17,-0.8,0.1728672,-0.8,0.17
118,22,-0.57,0.17,-0.57,0.17073892007000002,-0.57,0.17
118,23,-0.29,0.17,-0.29,0.17004950967000002,-0.29,0.17
118,24,0.0,0.17,0.0,0.17,0.0,0.17
118,25,0.23,0.17,0.23,0.17001958887000002,0.23,0.17
118,26,0.51,0.17,0.51,0.17047356407,0.51,0.17
118,27,0.8,0.17,0.8,0.1728672,0.8,0.17
118,28,-0.8,0.39,-0.8,0.3928672,-0.8,0.39
118,29,-0.57,0.39,-0.57,0.39073892007,-0.57,0.39
118,30,-0.29,0.39,-0.29,0.39004950967,-0.29,0.39
118,31,0.0,0.39,0.0,0.39,0.0,0.39
118,32,0.23,0.39,0.23,0.39001958887,0.23,0.39
118,33,0.51,0.39,0.51,0.39047356407,0.51,0.39
118,34,0.8,0.39,0.8,0.3928672,0.8,0.39
118,35,-0.8,0.6,-0.8,0.6028671999999999,-0.8,0.6
118,36,-0.57,0.6,-0.57,0.60073892007,-0.57,0.6
118,37,-0.29,0.6,-0.29,0.6000495096699999,-0.29,0.6
118,38,0.0,0.6,0.0,0.6,0.0,0.6
118,39,0.23,0.6,0.23,0.60001958887,0.23,0.6
118,40,0.51,0.6,0.51,0.60047356407,0.51,0.6
118,41,0.8,0.6,0.8,0.6028671999999999,0.8,0.6
118,42,0.0,0.0,0.0,0.0,0.0,0.0
118,43,0.71,-0.23,0.71,-0.22822118233000002,0.71,-0.23
118,44,-0.37,0.53,-0.37,0.5301311912700001,-0.37,0.53
118,45,0.12,-0.49,0.12,-0.48999854848,0.12,-0.49
118,46,-0.73,0.08,-0.73,0.08198787687,-0.73,0.08
118,47,0.63,0.44,0.63,0.44110270727,0.63,0.44
118,48,-0.19,-0.56,-0.19,-0.5599908775300001,-0.19,-0.56
118,49,0.79,0.31,0.79,0.31272650567,0.79,0.31
118,50,-0.61,-0.41,-0.61,-0.40903079112999996,-0.61,-0.41
118,51,0.42,-0.52,0.42,-0.51978218128,0.42,-0.52
118,52,-0.48,0.27,-0.48,0.27037158912000003,-0.48,0.27
118,53,0.06,0.58,0.06,0.5800000907199999,0.06,0.58
119,0,-0.8,-0.6,-0.8,-0.5971328,-0.8,-0.6
119,1,-0.57,-0.6,-0.57,-0.59926107993,-0.57,-0.6
119,2,-0.29,-0.6,-0.29,-0.59995049033,-0.29,-0.6
119,3,0.0,-0.6,0.0,-0.6,0.0,-0.6
119,4,0.23,-0.6,0.23,-0.59998041113,0.23,-0.6
119,5,0.51,-0.6,0.51,-0.59952643593,0.51,-0.6
119,6,0.8,-0.6,0.8,-0.5971328,0.8,-0.6
119,7,-0.8,-0.33,-0.8,-0.3271328,-0.8,-0.33
119,8,-0.57,-0.33,-0.57,-0.32926107993000003,-0.57,-0.33
119,9,-0.29,-0.33,-0.29,-0.32995049033,-0.29,-0.33
119,10,0.0,-0.33,0.0,-0.33,0.0,-0.33
119,11,0.23,-0.33,0.23,-0.32998041113000004,0.23,-0.33
119,12,0.51,-0.33,0.51,-0.32952643593000003,0.51,-0.33
119,13,0.8,-0.33,0.8,-0.3271328,0.8,-0.33
119,14,-0.8,-0.11,-0.8,-0.1071328,-0.8,-0.11
119,15,-0.57,-0.11,-0.57,-0.10926107993,-0.57,-0.11
119,16,-0.29,-0.11,-0.29,-0.10995049033,-0.29,-0.11
119,17,0.0,-0.11,0.0,-0.11,0.0,-0.11
119,18,0.23,-0.11,0.23,-0.10998041113,0.23,-0.11
119,19,0.51,-0.11,0.51,-0.10952643593,0.51,-0.11
119,20,0.8,-0.11,0.8,-0.1071328,0.8,-0.11
119,21,-0.8,0.17,-0.8,0.1728672,-0.8,0.17
119,22,-0.57,0.17,-0.57,0.17073892007000002,-0.57,0.17
119,23,-0.29,0.17,-0.29,0.17004950967000002,-0.29,0.17
119,24,0.0,0.17,0.0,0.17,0.0,0.17
119,25,0.23,0.17,0.23,0.17001958887000002,0.23,0.17
119,26,0.51,0.17,0.51,0.17047356407,0.51,0.17
119,27,0.8,0.17,0.8,0.1728672,0.8,0.17
119,28,-0.8,0.39,-0.8,0.3928672,-0.8,0.39
119,29,-0.57,0.39,-0.57,0.39073892007,-0.57,0.39
119,30,-0.29,0.39,-0.29,0.39004950967,-0.29,0.39
119,31,0.0,0.39,0.0,0.39,0.0,0.39
119,32,0.23,0.39,0.23,0.39001958887,0.23,0.39
119,33,0.51,0.39,0.51,0.39047356407,0.51,0.39
119,34,0.8,0.39,0.8,0.3928672,0.8,0.39
119,35,-0.8,0.6,-0.8,0.6028671999999999,-0.8,0.6
119,36,-0.57,0.6,-0.57,0.60073892007,-0.57,0.6
119,37,-0.29,0.6,-0.29,0.6000495096699999,-0.29,0.6
119,38,0.0,0.6,0.0,0.6,0.0,0.6
119,39,0.23,0.6,0.23,0.60001958887,0.23,0.6
119,40,0.51,0.6,0.51,0.60047356407,0.51,0.6
119,41,0.8,0.6,0.8,0.6028671999999999,0.8,0.6
119,42,0.0,0.0,0.0,0.0,0.0,0.0
119,43,0.71,-0.23,0.71,-0.22822118233000002,0.71,-0.23
119,44,-0.37,0.53,-0.37,0.5301311912700001,-0.37,0.53
119,45,0.12,-0.49,0.12,-0.48999854848,0.12,-0.49
119,46,-0.73,0.08,-0.73,0.08198787687,-0.73,0.08
119,47,0.63,0.44,0.63,0.44110270727,0.63,0.44
119,48,-0.19,-0.56,-0.19,-0.5599908775300001,-0.19,-0.56
119,49,0.79,0.31,0.79,0.31272650567,0.79,0.31
119,50,-0.61,-0.41,-0.61,-0.40903079112999996,-0.61,-0.41
119,51,0.42,-0.52,0.42,-0.51978218128,0.42,-0.52
119,52,-0.48,0.27,-0.48,0.27037158912000003,-0.48,0.27
119,53,0.06,0.58,0.06,0.5800000907199999,0.06,0.58
120,0,-0.8,-0.6,-0.8,-0.5978496,-0.8,-0.6
120,1,-0.57,-0.6,-0.57,-0.5992221893999999,-0.57,-0.6
120,2,-0.29,-0.6,-0.29,-0.5998975662,-0.29,-0.6
120,3,0.0,-0.6,0.0,-0.6,0.0,-0.6
120,4,0.23,-0.6,0.23,-0.6000511014000001,0.23,-0.6
120,5,0.51,-0.6,0.51,-0.6005571341999999,0.51,-0.6
120,6,0.8,-0.6,0.8,-0.6021504,0.8,-0.6
120,7,-0.8,-0.33,-0.8,-0.32881728,-0.8,-0.33
120,8,-0.57,-0.33,-0.57,-0.32957220417,-0.57,-0.33
120,9,-0.29,-0.33,-0.29,-0.32994366141000003,-0.29,-0.33
120,10,0.0,-0.33,0.0,-0.33,0.0,-0.33
120,11,0.23,-0.33,0.23,-0.33002810577,0.23,-0.33
120,12,0.51,-0.33,0.51,-0.33030642380999997,0.51,-0.33
120,13,0.8,-0.33,0.8,-0.33118272000000004,0.8,-0.33
120,14,-0.8,-0.11,-0.8,-0.10960576,-0.8,-0.11
120,15,-0.57,-0.11,-0.57,-0.10985740139,-0.57,-0.11
120,16,-0.29,-0.11,-0.29,-0.10998122047,-0.29,-0.11
120,17,0.0,-0.11,0.0,-0.11,0.0,-0.11
120,18,0.23,-0.11,0.23,-0.11000936859000002,0.23,-0.11
120,19,0.51,-0.11,0.51,-0.11010214127,0.51,-0.11
120,20,0.8,-0.11,0.8,-0.11039424,0.8,-0.11
120,21,-0.8,0.17,-0.8,0.16939072,-0.8,0.17
120,22,-0.57,0.17,-0.57,0.16977962033000002,-0.57,0.17
120,23,-0.29,0.17,-0.29,0.16997097709,-0.29,0.17
120,24,0.0,0.17,0.0,0.17,0.0,0.17
120,25,0.23,0.17,0.23,0.17001447873000003,0.23,0.17
120,26,0.51,0.17,0.51,0.17015785469,0.51,0.17
120,27,0.8,0.17,0.8,0.17060928000000003,0.8,0.17
120,28,-0.8,0.39,-0.8,0.38860224,-0.8,0.39
120,29,-0.57,0.39,-0.57,0.38949442311,-0.57,0.39
120,30,-0.29,0.39,-0.29,0.38993341803000003,-0.29,0.39
120,31,0.0,0.39,0.0,0.39,0.0,0.39
120,32,0.23,0.39,0.23,0.39003321591000006,0.23,0.39
120,33,0.51,0.39,0.51,0.39036213723,0.51,0.39
120,34,0.8,0.39,0.8,0.39139776000000004,0.8,0.39
120,35,-0.8,0.6,-0.8,0.5978496,-0.8,0.6
120,36,-0.57,0.6,-0.57,0.5992221893999999,-0.57,0.6
120,37,-0.29,0.6,-0.29,0.5998975662,-0.29,0.6
120,38,0.0,0.6,0.0,0.6,0.0,0.6
120,39,0.23,0.6,0.23,0.6000511014000001,0.23,0.6
120,40,0.51,0.6,0.51,0.6005571341999999,0.51,0.6
120,41,0.8,0.6,0.8,0.6021504,0.8,0.6
120,42,0.0,0.0,0.0,0.0,0.0,0.0
120,43,0.71,-0.23,0.71,-0.23057623671000002,0.71,-0.23
120,44,-0.37,0.53,-0.37,0.52981207737,-0.37,0.53
120,45,0.12,-0.49,0.12,-0.49000592704,0.12,-0.49
120,46,-0.73,0.08,-0.73,0.07978215048000001,-0.73,0.08
120,47,0.63,0.44,0.63,0.44077014476000004,0.63,0.44
120,48,-0.19,-0.56,-0.19,-0.55997311272,-0.19,-0.56
120,49,0.79,0.31,0.79,0.31106989463,0.79,0.31
120,50,-0.61,-0.41,-0.61,-0.40934856452999996,-0.61,-0.41
120,51,0.42,-0.52,0.42,-0.52026968032,0.42,-0.52
120,52,-0.48,0.27,-0.48,0.26979098112000005,-0.48,0.27
120,53,0.06,0.58,0.06,0.58000087696,0.06,0.58
121,0,-0.8,-0.6,-0.8,-0.5978496,-0.8,-0.6
121,1,-0.57,-0.6,-0.57,-0.5992221893999999,-0.57,-0.6
121,2,-0.29,-0.6,-0.29,-0.5998975662,-0.29,-0.6
121,3,0.0,-0.6,0.0,-0.6,0.0,-0.6
121,4,0.23,-0.6,0.23,-0.6000511014,0.23,-0.6
121,5,0.51,-0.6,0.51,-0.6005571342,0.51,-0.6
121,6,0.8,-0.6,0.8,-0.6021504,0.8,-0.6
121,7,-0.8,-0.33,-0.8,-0.32881728,-0.8,-0.33
121,8,-0.57,-0.33,-0.57,-0.32957220417,-0.57,-0.33
121,9,-0.29,-0.33,-0.29,-0.32994366141000003,-0.29,-0.33
121,10,0.0,-0.33,0.0,-0.33,0.0,-0.33
121,11,0.23,-0.33,0.23,-0.33002810577,0.23,-0.33
121,12,0.51,-0.33,0.51,-0.33030642381,0.51,-0.33
121,13,0.8,-0.33,0.8,-0.33118272000000004,0.8,-0.33
121,14,-0.8,-0.11,-0.8,-0.10960576,-0.8,-0.11
121,15,-0.57,-0.11,-0.57,-0.10985740139,-0.57,-0.11
121,16,-0.29,-0.11,-0.29,-0.10998122047,-0.29,-0.11
121,17,0.0,-0.11,0.0,-0.11,0.0,-0.11
121,18,0.23,-0.11,0.23,-0.11000936859,0.23,-0.11
121,19,0.51,-0.11,0.51,-0.11010214127,0.51,-0.11
121,20,0.8,-0.11,0.8,-0.11039424,0.8,-0.11
121,21,-0.8,0.17,-0.8,0.16939072000000002,-0.8,0.17
121,22,-0.57,0.17,-0.57,0.16977962033000002,-0.57,0.17
121,23,-0.29,0.17,-0.29,0.16997097709,-0.29,0.17
121,24,0.0,0.17,0.0,0.17,0.0,0.17
121,25,0.23,0.17,0.23,0.17001447873,0.23,0.17
121,26,0.51,0.17,0.51,0.17015785469,0.51,0.17
121,27,0.8,0.17,0.8,0.17060928,0.8,0.17
121,28,-0.8,0.39,-0.8,0.38860224,-0.8,0.39
121,29,-0.57,0.39,-0.57,0.38949442311,-0.57,0.39
121,30,-0.29,0.39,-0.29,0.38993341803000003,-0.29,0.39
121,31,0.0,0.39,0.0,0.39,0.0,0.39
121,32,0.23,0.39,0.23,0.39003321591,0.23,0.39
121,33,0.51,0.39,0.51,0.39036213723,0.51,0.39
121,34,0.8,0.39,0.8,0.39139776000000004,0.8,0.39
121,35,-0.8,0.6,-0.8,0.5978496,-0.8,0.6
121,36,-0.57,0.6,-0.57,0.5992221893999999,-0.57,0.6
121,37,-0.29,0.6,-0.29,0.5998975662,-0.29,0.6
121,38,0.0,0.6,0.0,0.6,0.0,0.6
121,39,0.23,0.6,0.23,0.6000511014,0.23,0.6
121,40,0.51,0.6,0.51,0.6005571342,0.51,0.6
121,41,0.8,0.6,0.8,0.6021504,0.8,0.6
121,42,0.0,0.0,0.0,0.0,0.0,0.0
121,43,0.71,-0.23,0.71,-0.23057623671000002,0.71,-0.23
121,44,-0.37,0.53,-0.37,0.52981207737,-0.37,0.53
121,45,0.12,-0.49,0.12,-0.49000592704,0.12,-0.49
121,46,-0.73,0.08,-0.73,0.07978215048000001,-0.73,0.08
121,47,0.63,0.44,0.63,0.44077014476,0.63,0.44
121,48,-0.19,-0.56,-0.19,-0.55997311272,-0.19,-0.56
121,49,0.79,0.31,0.79,0.31106989463,0.79,0.31
121,50,-0.61,-0.41,-0.61,-0.40934856452999996,-0.61,-0.41
121,51,0.42,-0.52,0.42,-0.52026968032,0.42,-0.52
121,52,-0.48,0.27,-0.48,0.26979098112,-0.48,0.27
121,53,0.06,0.58,0.06,0.5800008769599999,0.06,0.58
122,0,-0.8,-0.6,-0.8,-0.5983872,-0.8,-0.6
122,1,-0.57,-0.6,-0.57,-0.599181252,-0.57,-0.6
122,2,-0.29,-0.6,-0.29,-0.599788068,-0.29,-0.6
122,3,0.0,-0.6,0.0,-0.6,0.0,-0.6
122,4,0.23,-0.6,0.23,-0.599866692,0.23,-0.6
122,5,0.51,-0.6,0.51,-0.599344548,0.51,-0.6
122,6,0.8,-0.6,0.8,-0.5983872,0.8,-0.6
122,7,-0.8,-0.33,-0.8,-0.329512128,-0.8,-0.33
122,8,-0.57,-0.33,-0.57,-0.32975232873,-0.57,-0.33
122,9,-0.29,-0.33,-0.29,-0.32993589057,-0.29,-0.33
122,10,0.0,-0.33,0.0,-0.33,0.0,-0.33
122,11,0.23,-0.33,0.23,-0.32995967433,0.23,-0.33
122,12,0.51,-0.33,0.51,-0.32980172577,0.51,-0.33
122,13,0.8,-0.33,0.8,-0.329512128,0.8,-0.33
122,14,-0.8,-0.11,-0.8,-0.109945792,-0.8,-0.11
122,15,-0.57,-0.11,-0.57,-0.10997248097000001,-0.57,-0.11
122,16,-0.29,-0.11,-0.29,-0.10999287673000001,-0.29,-0.11
122,17,0.0,-0.11,0.0,-0.11,0.0,-0.11
122,18,0.23,-0.11,0.23,-0.10999551937,0.23,-0.11
122,19,0.51,-0.11,0.51,-0.10997796953,0.51,-0.11
122,20,0.8,-0.11,0.8,-0.109945792,0.8,-0.11
122,21,-0.8,0.17,-0.8,0.170129472,-0.8,0.17
122,22,-0.57,0.17,-0.57,0.17006572727000002,-0.57,0.17
122,23,-0.29,0.17,-0.29,0.17001701343000003,-0.29,0.17
122,24,0.0,0.17,0.0,0.17,0.0,0.17
122,25,0.23,0.17,0.23,0.17001070167000001,0.23,0.17
122,26,0.51,0.17,0.51,0.17005261823,0.51,0.17
122,27,0.8,0.17,0.8,0.170129472,0.8,0.17
122,28,-0.8,0.39,-0.8,0.39068140800000006,-0.8,0.39
122,29,-0.57,0.39,-0.57,0.39034592103,-0.57,0.39
122,30,-0.29,0.39,-0.29,0.39008954127,-0.29,0.39
122,31,0.0,0.39,0.0,0.39,0.0,0.39
122,32,0.23,0.39,0.23,0.39005632263,0.23,0.39
122,33,0.51,0.39,0.51,0.39027692847,0.51,0.39
122,34,0.8,0.39,0.8,0.39068140800000006,0.8,0.39
122,35,-0.8,0.6,-0.8,0.6016128,-0.8,0.6
122,36,-0.57,0.6,-0.57,0.6008187479999999,-0.57,0.6
122,37,-0.29,0.6,-0.29,0.600211932,-0.29,0.6
122,38,0.0,0.6,0.0,0.6,0.0,0.6
122,39,0.23,0.6,0.23,0.600133308,0.23,0.6
122,40,0.51,0.6,0.51,0.6006554519999999,0.51,0.6
122,41,0.8,0.6,0.8,0.6016128,0.8,0.6
122,42,0.0,0.0,0.0,0.0,0.0,0.0
122,43,0.71,-0.23,0.71,-0.22981333177000002,0.71,-0.23
122,44,-0.37,0.53,-0.37,0.5302691864700001,-0.37,0.53
122,45,0.12,-0.49,0.12,-0.48997579792,0.12,-0.49
122,46,-0.73,0.08,-0.73,0.08002387391999999,-0.73,0.08
122,47,0.63,0.44,0.63,0.44053787887999996,0.63,0.44
122,48,-0.19,-0.56,-0.19,-0.55992075328,-0.19,-0.56
122,49,0.79,0.31,0.79,0.31041983207,0.79,0.31
122,50,-0.61,-0.41,-0.61,-0.40956214992999995,-0.61,-0.41
122,51,0.42,-0.52,0.42,-0.5196661100800001,0.42,-0.52
122,52,-0.48,0.27,-0.48,0.27011757312,-0.48,0.27
122,53,0.06,0.58,0.06,0.58000847728,0.06,0.58
123,0,-0.8,-0.6,-0.8,-0.5983872,-0.8,-0.6
123,1,-0.57,-0.6,-0.57,-0.5991812519999999,-0.57,-0.6
123,2,-0.29,-0.6,-0.29,-0.599788068,-0.29,-0.6
123,3,0.0,-0.6,0.0,-0.6,0.0,-0.6
123,4,0.23,-0.6,0.23,-0.599866692,0.23,-0.6
123,5,0.51,-0.6,0.51,-0.599344548,0.51,-0.6
123,6,0.8,-0.6,0.8,-0.5983872,0.8,-0.6
123,7,-0.8,-0.33,-0.8,-0.329512128,-0.8,-0.33
123,8,-0.57,-0.33,-0.57,-0.32975232873,-0.57,-0.33
123,9,-0.29,-0.33,-0.29,-0.32993589057,-0.29,-0.33
123,10,0.0,-0.33,0.0,-0.33,0.0,-0.33
123,11,0.23,-0.33,0.23,-0.32995967433,0.23,-0.33
123,12,0.51,-0.33,0.51,-0.32980172577,0.51,-0.33
123,13,0.8,-0.33,0.8,-0.329512128,0.8,-0.33
123,14,-0.8,-0.11,-0.8,-0.109945792,-0.8,-0.11
123,15,-0.57,-0.11,-0.57,-0.10997248097,-0.57,-0.11
123,16,-0.29,-0.11,-0.29,-0.10999287673,-0.29,-0.11
123,17,0.0,-0.11,0.0,-0.11,0.0,-0.11
123,18,0.23,-0.11,0.23,-0.10999551937,0.23,-0.11
123,19,0.51,-0.11,0.51,-0.10997796953,0.51,-0.11
123,20,0.8,-0.11,0.8,-0.109945792,0.8,-0.11
123,21,-0.8,0.17,-0.8,0.170129472,-0.8,0.17
123,22,-0.57,0.17,-0.57,0.17006572727000002,-0.57,0.17
123,23,-0.29,0.17,-0.29,0.17001701343,-0.29,0.17
123,24,0.0,0.17,0.0,0.17,0.0,0.17
123,25,0.23,0.17,0.23,0.17001070167000001,0.23,0.17
123,26,0.51,0.17,0.51,0.17005261823,0.51,0.17
123,27,0.8,0.17,0.8,0.170129472,0.8,0.17
123,28,-0.8,0.39,-0.8,0.390681408,-0.8,0.39
123,29,-0.57,0.39,-0.57,0.39034592103,-0.57,0.39
123,30,-0.29,0.39,-0.29,0.39008954127,-0.29,0.39
123,31,0.0,0.39,0.0,0.39,0.0,0.39
123,32,0.23,0.39,0.23,0.39005632263,0.23,0.39
123,33,0.51,0.39,0.51,0.39027692847,0.51,0.39
123,34,0.8,0.39,0.8,0.390681408,0.8,0.39
123,35,-0.8,0.6,-0.8,0.6016128,-0.8,0.6
123,36,-0.57,0.6,-0.57,0.600818748,-0.57,0.6
123,37,-0.29,0.6,-0.29,0.600211932,-0.29,0.6
123,38,0.0,0.6,0.0,0.6,0.0,0.6
123,39,0.23,0.6,0.23,0.600133308,0.23,0.6
123,40,0.51,0.6,0.51,0.6006554519999999,0.51,0.6
123,41,0.8,0.6,0.8,0.6016128,0.8,0.6
123,42,0.0,0.0,0.0,0.0,0.0,0.0
123,43,0.71,-0.23,0.71,-0.22981333177000002,0.71,-0.23
123,44,-0.37,0.53,-0.37,0.53026918647,-0.37,0.53
123,45,0.12,-0.49,0.12,-0.48997579792,0.12,-0.49
123,46,-0.73,0.08,-0.73,0.08002387392,-0.73,0.08
123,47,0.63,0.44,0.63,0.44053787888,0.63,0.44
123,48,-0.19,-0.56,-0.19,-0.55992075328,-0.19,-0.56
123,49,0.79,0.31,0.79,0.31041983207,0.79,0.31
123,50,-0.61,-0.41,-0.61,-0.40956214992999995,-0.61,-0.41
123,51,0.42,-0.52,0.42,-0.51966611008,0.42,-0.52
123,52,-0.48,0.27,-0.48,0.27011757312,-0.48,0.27
123,53,0.06,0.58,0.06,0.5800084772799999,0.06,0.58
124,0,-0.8,-0.6,-0.8,-0.5987904,-0.8,-0.6
124,1,-0.57,-0.6,-0.57,-0.59913816,-0.57,-0.6
124,2,-0.29,-0.6,-0.29,-0.59956152,-0.29,-0.6
124,3,0.0,-0.6,0.0,-0.6,0.0,-0.6
124,4,0.23,-0.6,0.23,-0.60034776,0.23,-0.6
124,5,0.51,-0.6,0.51,-0.60077112,0.51,-0.6
124,6,0.8,-0.6,0.8,-0.6012096,0.8,-0.6
124,7,-0.8,-0.33,-0.8,-0.32979875280000004,-0.8,-0.33
124,8,-0.57,-0.33,-0.57,-0.32985661137,-0.57,-0.33
124,9,-0.29,-0.33,-0.29,-0.32992704789,-0.29,-0.33
124,10,0.0,-0.33,0.0,-0.33,0.0,-0.33
124,11,0.23,-0.33,0.23,-0.33005785857,0.23,-0.33
124,12,0.51,-0.33,0.51,-0.33012829509,0.51,-0.33
124,13,0.8,-0.33,0.8,-0.33020124720000005,0.8,-0.33
124,14,-0.8,-0.11,-0.8,-0.1099925464,-0.8,-0.11
124,15,-0.57,-0.11,-0.57,-0.10999468930999999,-0.57,-0.11
124,16,-0.29,-0.11,-0.29,-0.10999729807,-0.29,-0.11
124,17,0.0,-0.11,0.0,-0.11,0.0,-0.11
124,18,0.23,-0.11,0.23,-0.11000214291,0.23,-0.11
124,19,0.51,-0.11,0.51,-0.11000475167000001,0.51,-0.11
124,20,0.8,-0.11,0.8,-0.11000745360000001,0.8,-0.11
124,21,-0.8,0.17,-0.8,0.16997248720000002,-0.8,0.17
124,22,-0.57,0.17,-0.57,0.16998039713000002,-0.57,0.17
124,23,-0.29,0.17,-0.29,0.16999002661,-0.29,0.17
124,24,0.0,0.17,0.0,0.17,0.0,0.17
124,25,0.23,0.17,0.23,0.17000790993,0.23,0.17
124,26,0.51,0.17,0.51,0.17001753941000003,0.51,0.17
124,27,0.8,0.17,0.8,0.17002751280000003,0.8,0.17
124,28,-0.8,0.39,-0.8,0.3896678136,-0.8,0.39
124,29,-0.57,0.39,-0.57,0.38976331719,-0.57,0.39
124,30,-0.29,0.39,-0.29,0.38987958243,-0.29,0.39
124,31,0.0,0.39,0.0,0.39,0.0,0.39
124,32,0.23,0.39,0.23,0.39009550359,0.23,0.39
124,33,0.51,0.39,0.51,0.39021176882999997,0.51,0.39
124,34,0.8,0.39,0.8,0.3903321864,0.8,0.39
124,35,-0.8,0.6,-0.8,0.5987904,-0.8,0.6
124,36,-0.57,0.6,-0.57,0.59913816,-0.57,0.6
124,37,-0.29,0.6,-0.29,0.59956152,-0.29,0.6
124,38,0.0,0.6,0.0,0.6,0.0,0.6
124,39,0.23,0.6,0.23,0.60034776,0.23,0.6
124,40,0.51,0.6,0.51,0.60077112,0.51,0.6
124,41,0.8,0.6,0.8,0.6012096,0.8,0.6
124,42,0.0,0.0,0.0,0.0,0.0,0.0
124,43,0.71,-0.23,0.71,-0.23006046999000002,0.71,-0.23
124,44,-0.37,0.53,-0.37,0.52961440857,-0.37,0.53
124,45,0.12,-0.49,0.12,-0.49009882516000003,0.12,-0.49
124,46,-0.73,0.08,-0.73,0.07999738368,-0.73,0.08
124,47,0.63,0.44,0.63,0.44037566144,0.63,0.44
124,48,-0.19,-0.56,-0.19,-0.5597664307200001,-0.19,-0.56
124,49,0.79,0.31,0.79,0.31016474422999996,0.79,0.31
124,50,-0.61,-0.41,-0.61,-0.40970570732999995,-0.61,-0.41
124,51,0.42,-0.52,0.42,-0.52041338752,0.42,-0.52
124,52,-0.48,0.27,-0.48,0.26993386512,-0.48,0.27
124,53,0.06,0.58,0.06,0.5800819470399999,0.06,0.58
125,0,-0.8,-0.6,-0.8,-0.5987904,-0.8,-0.6
125,1,-0.57,-0.6,-0.57,-0.59913816,-0.57,-0.6
125,2,-0.29,-0.6,-0.29,-0.59956152,-0.29,-0.6
125,3,0.0,-0.6,0.0,-0.6,0.0,-0.6
125,4,0.23,-0.6,0.23,-0.60034776,0.23,-0.6
125,5,0.51,-0.6,0.51,-0.60077112,0.51,-0.6
125,6,0.8,-0.6,0.8,-0.6012096,0.8,-0.6
125,7,-0.8,-0.33,-0.8,-0.32979875280000004,-0.8,-0.33
125,8,-0.57,-0.33,-0.57,-0.32985661137,-0.57,-0.33
125,9,-0.29,-0.33,-0.29,-0.32992704789,-0.29,-0.33
125,10,0.0,-0.33,0.0,-0.33,0.0,-0.33
125,11,0.23,-0.33,0.23,-0.33005785857000003,0.23,-0.33
125,12,0.51,-0.33,0.51,-0.33012829509,0.51,-0.33
125,13,0.8,-0.33,0.8,-0.3302012472,0.8,-0.33
125,14,-0.8,-0.11,-0.8,-0.1099925464,-0.8,-0.11
125,15,-0.57,-0.11,-0.57,-0.10999468931,-0.57,-0.11
125,16,-0.29,-0.11,-0.29,-0.10999729807,-0.29,-0.11
125,17,0.0,-0.11,0.0,-0.11,0.0,-0.11
125,18,0.23,-0.11,0.23,-0.11000214291,0.23,-0.11
125,19,0.51,-0.11,0.51,-0.11000475167,0.51,-0.11
125,20,0.8,-0.11,0.8,-0.1100074536,0.8,-0.11
125,21,-0.8,0.17,-0.8,0.16997248720000002,-0.8,0.17
125,22,-0.57,0.17,-0.57,0.16998039713000002,-0.57,0.17
125,23,-0.29,0.17,-0.29,0.16999002661,-0.29,0.17
125,24,0.0,0.17,0.0,0.17,0.0,0.17
125,25,0.23,0.17,0.23,0.17000790993,0.23,0.17
125,26,0.51,0.17,0.51,0.17001753941,0.51,0.17
125,27,0.8,0.17,0.8,0.1700275128,0.8,0.17
125,28,-0.8,0.39,-0.8,0.3896678136,-0.8,0.39
125,29,-0.57,0.39,-0.57,0.38976331719,-0.57,0.39
125,30,-0.29,0.39,-0.29,0.38987958243000004,-0.29,0.39
125,31,0.0,0.39,0.0,0.39,0.0,0.39
125,32,0.23,0.39,0.23,0.39009550359,0.23,0.39
125,33,0.51,0.39,0.51,0.39021176883,0.51,0.39
125,34,0.8,0.39,0.8,0.3903321864,0.8,0.39
125,35,-0.8,0.6,-0.8,0.5987904,-0.8,0.6
125,36,-0.57,0.6,-0.57,0.59913816,-0.57,0.6
125,37,-0.29,0.6,-0.29,0.59956152,-0.29,0.6
125,38,0.0,0.6,0.0,0.6,0.0,0.6
125,39,0.23,0.6,0.23,0.60034776,0.23,0.6
125,40,0.51,0.6,0.51,0.60077112,0.51,0.6
125,41,0.8,0.6,0.8,0.6012096,0.8,0.6
125,42,0.0,0.0,0.0,0.0,0.0,0.0
125,43,0.71,-0.23,0.71,-0.23006046999000002,0.71,-0.23
125,44,-0.37,0.53,-0.37,0.52961440857,-0.37,0.53
125,45,0.12,-0.49,0.12,-0.49009882516,0.12,-0.49
125,46,-0.73,0.08,-0.73,0.07999738368,-0.73,0.08
125,47,0.63,0.44,0.63,0.44037566144,0.63,0.44
125,48,-0.19,-0.56,-0.19,-0.5597664307200001,-0.19,-0.56
125,49,0.79,0.31,0.79,0.31016474423,0.79,0.31
125,50,-0.61,-0.41,-0.61,-0.40970570733,-0.61,-0.41
125,51,0.42,-0.52,0.42,-0.52041338752,0.42,-0.52
125,52,-0.48,0.27,-0.48,0.26993386512,-0.48,0.27
125,53,0.06,0.58,0.06,0.5800819470399999,0.06,0.58
126,0,-0.8,-0.6,-0.8,-0.5990928,-0.8,-0.6
126,1,-0.57,-0.6,-0.57,-0.5990928,-0.57,-0.6
126,2,-0.29,-0.6,-0.29,-0.5990928,-0.29,-0.6
126,3,0.0,-0.6,0.0,-0.5990928,0.0,-0.6
126,4,0.23,-0.6,0.23,-0.5990928,0.23,-0.6
126,5,0.51,-0.6,0.51,-0.5990928,0.51,-0.6
126,6,0.8,-0.6,0.8,-0.5990928,0.8,-0.6
126,7,-0.8,-0.33,-0.8,-0.32991698553000004,-0.8,-0.33
126,8,-0.57,-0.33,-0.57,-0.32991698553000004,-0.57,-0.33
126,9,-0.29,-0.33,-0.29,-0.32991698553000004,-0.29,-0.33
126,10,0.0,-0.33,0.0,-0.32991698553000004,0.0,-0.33
126,11,0.23,-0.33,0.23,-0.32991698553000004,0.23,-0.33
126,12,0.51,-0.33,0.51,-0.32991698553000004,0.51,-0.33
126,13,0.8,-0.33,0.8,-0.32991698553000004,0.8,-0.33
126,14,-0.8,-0.11,-0.8,-0.10999897513000001,-0.8,-0.11
126,15,-0.57,-0.11,-0.57,-0.10999897513000001,-0.57,-0.11
126,16,-0.29,-0.11,-0.29,-0.10999897513000001,-0.29,-0.11
126,17,0.0,-0.11,0.0,-0.10999897513000001,0.0,-0.11
126,18,0.23,-0.11,0.23,-0.10999897513000001,0.23,-0.11
126,19,0.51,-0.11,0.51,-0.10999897513000001,0.51,-0.11
126,20,0.8,-0.11,0.8,-0.10999897513000001,0.8,-0.11
126,21,-0.8,0.17,-0.8,0.17000584647000003,-0.8,0.17
126,22,-0.57,0.17,-0.57,0.17000584647000003,-0.57,0.17
126,23,-0.29,0.17,-0.29,0.17000584647000003,-0.29,0.17
126,24,0.0,0.17,0.0,0.17000584647000003,0.0,0.17
126,25,0.23,0.17,0.23,0.17000584647000003,0.23,0.17
126,26,0.51,0.17,0.51,0.17000584647000003,0.51,0.17
126,27,0.8,0.17,0.8,0.17000584647000003,0.8,0.17
126,28,-0.8,0.39,-0.8,0.39016194087,-0.8,0.39
126,29,-0.57,0.39,-0.57,0.39016194087,-0.57,0.39
126,30,-0.29,0.39,-0.29,0.39016194087,-0.29,0.39
126,31,0.0,0.39,0.0,0.39016194087,0.0,0.39
126,32,0.23,0.39,0.23,0.39016194087,0.23,0.39
126,33,0.51,0.39,0.51,0.39016194087,0.51,0.39
126,34,0.8,0.39,0.8,0.39016194087,0.8,0.39
126,35,-0.8,0.6,-0.8,0.6009072,-0.8,0.6
126,36,-0.57,0.6,-0.57,0.6009072,-0.57,0.6
126,37,-0.29,0.6,-0.29,0.6009072,-0.29,0.6
126,38,0.0,0.6,0.0,0.6009072,0.0,0.6
126,39,0.23,0.6,0.23,0.6009072,0.23,0.6
126,40,0.51,0.6,0.51,0.6009072,0.51,0.6
126,41,0.8,0.6,0.8,0.6009072,0.8,0.6
126,42,0.0,0.0,0.0,0.0,0.0,0.0
126,43,0.71,-0.23,0.71,-0.22998041113,0.71,-0.23
126,44,-0.37,0.53,-0.37,0.53055233367,-0.37,0.53
126,45,0.12,-0.49,0.12,-0.48959646393,0.12,-0.49
126,46,-0.73,0.08,-0.73,0.08000028672,-0.73,0.08
126,47,0.63,0.44,0.63,0.44026236671999996,0.63,0.44
126,48,-0.19,-0.56,-0.19,-0.55931158528,-0.19,-0.56
126,49,0.79,0.31,0.79,0.31006464647,0.79,0.31
126,50,-0.61,-0.41,-0.61,-0.40980219672999996,-0.61,-0.41
126,51,0.42,-0.52,0.42,-0.5194881868800001,0.42,-0.52
126,52,-0.48,0.27,-0.48,0.27003720087000005,-0.48,0.27
126,53,0.06,0.58,0.06,0.58079215472,0.06,0.58
127,0,-0.8,-0.6,-0.8,-0.5990928,-0.8,-0.6
127,1,-0.57,-0.6,-0.57,-0.5990928,-0.57,-0.6
127,2,-0.29,-0.6,-0.29,-0.5990928,-0.29,-0.6
127,3,0.0,-0.6,0.0,-0.5990928,0.0,-0.6
127,4,0.23,-0.6,0.23,-0.5990928,0.23,-0.6
127,5,0.51,-0.6,0.51,-0.5990928,0.51,-0.6
127,6,0.8,-0.6,0.8,-0.5990928,0.8,-0.6
127,7,-0.8,-0.33,-0.8,-0.32991698553000004,-0.8,-0.33
127,8,-0.57,-0.33,-0.57,-0.32991698553000004,-0.57,-0.33
127,9,-0.29,-0.33,-0.29,-0.32991698553000004,-0.29,-0.33
127,10,0.0,-0.33,0.0,-0.32991698553000004,0.0,-0.33
127,11,0.23,-0.33,0.23,-0.32991698553000004,0.23,-0.33
127,12,0.51,-0.33,0.51,-0.32991698553000004,0.51,-0.33
127,13,0.8,-0.33,0.8,-0.32991698553000004,0.8,-0.33
127,14,-0.8,-0.11,-0.8,-0.10999897513,-0.8,-0.11
127,15,-0.57,-0.11,-0.57,-0.10999897513,-0.57,-0.11
127,16,-0.29,-0.11,-0.29,-0.10999897513,-0.29,-0.11
127,17,0.0,-0.11,0.0,-0.10999897513,0.0,-0.11
127,18,0.23,-0.11,0.23,-0.10999897513,0.23,-0.11
127,19,0.51,-0.11,0.51,-0.10999897513,0.51,-0.11
127,20,0.8,-0.11,0.8,-0.10999897513,0.8,-0.11
127,21,-0.8,0.17,-0.8,0.17000584647,-0.8,0.17
127,22,-0.57,0.17,-0.57,0.17000584647,-0.57,0.17
127,23,-0.29,0.17,-0.29,0.17000584647,-0.29,0.17
127,24,0.0,0.17,0.0,0.17000584647,0.0,0.17
127,25,0.23,0.17,0.23,0.17000584647,0.23,0.17
127,26,0.51,0.17,0.51,0.17000584647,0.51,0.17
127,27,0.8,0.17,0.8,0.17000584647,0.8,0.17
127,28,-0.8,0.39,-0.8,0.39016194087,-0.8,0.39
127,29,-0.57,0.39,-0.57,0.39016194087,-0.57,0.39
127,30,-0.29,0.39,-0.29,0.39016194087,-0.29,0.39
127,31,0.0,0.39,0.0,0.39016194087,0.0,0.39
127,32,0.23,0.39,0.23,0.39016194087,0.23,0.39
127,33,0.51,0.39,0.51,0.39016194087,0.51,0.39
127,34,0.8,0.39,0.8,0.39016194087,0.8,0.39
127,35,-0.8,0.6,-0.8,0.6009072,-0.8,0.6
127,36,-0.57,0.6,-0.57,0.6009072,-0.57,0.6
127,37,-0.29,0.6,-0.29,0.6009072,-0.29,0.6
127,38,0.0,0.6,0.0,0.6009072,0.0,0.6
127,39,0.23,0.6,0.23,0.6009072,0.23,0.6
127,40,0.51,0.6,0.51,0.6009072,0.51,0.6
127,41,0.8,0.6,0.8,0.6009072,0.8,0.6
127,42,0.0,0.0,0.0,0.0,0.0,0.0
127,43,0.71,-0.23,0.71,-0.22998041113,0.71,-0.23
127,44,-0.37,0.53,-0.37,0.53055233367,-0.37,0.53
127,45,0.12,-0.49,0.12,-0.48959646393,0.12,-0.49
127,46,-0.73,0.08,-0.73,0.08000028672000001,-0.73,0.08
127,47,0.63,0.44,0.63,0.44026236672,0.63,0.44
127,48,-0.19,-0.56,-0.19,-0.55931158528,-0.19,-0.56
127,49,0.79,0.31,0.79,0.31006464647,0.79,0.31
127,50,-0.61,-0.41,-0.61,-0.40980219672999996,-0.61,-0.41
127,51,0.42,-0.52,0.42,-0.51948818688,0.42,-0.52
127,52,-0.48,0.27,-0.48,0.27003720087,-0.48,0.27
127,53,0.06,0.58,0.06,0.58079215472,0.06,0.58
128,0,-0.8,-0.6,-0.8,-0.60229376,-0.8,-0.6
128,1,-0.57,-0.6,-0.57,-0.6004211844399,-0.57,-0.6
128,2,-0.29,-0.6,-0.29,-0.6000143578043,-0.29,-0.6
128,3,0.0,-0.6,0.0,-0.6,0.0,-0.6
128,4,0.23,-0.6,0.23,-0.5999954945599,0.23,-0.6
128,5,0.51,-0.6,0.51,-0.5997584823243,0.51,-0.6
128,6,0.8,-0.6,0.8,-0.5977062399999999,0.8,-0.6
128,7,-0.8,-0.33,-0.8,-0.33229376,-0.8,-0.33
128,8,-0.57,-0.33,-0.57,-0.33042118443990004,-0.57,-0.33
128,9,-0.29,-0.33,-0.29,-0.3300143578043,-0.29,-0.33
128,10,0.0,-0.33,0.0,-0.33,0.0,-0.33
128,11,0.23,-0.33,0.23,-0.3299954945599,0.23,-0.33
128,12,0.51,-0.33,0.51,-0.3297584823243,0.51,-0.33
128,13,0.8,-0.33,0.8,-0.32770624000000004,0.8,-0.33
128,14,-0.8,-0.11,-0.8,-0.11229376,-0.8,-0.11
128,15,-0.57,-0.11,-0.57,-0.1104211844399,-0.57,-0.11
128,16,-0.29,-0.11,-0.29,-0.1100143578043,-0.29,-0.11
128,17,0.0,-0.11,0.0,-0.11,0.0,-0.11
128,18,0.23,-0.11,0.23,-0.1099954945599,0.23,-0.11
128,19,0.51,-0.11,0.51,-0.1097584823243,0.51,-0.11
128,20,0.8,-0.11,0.8,-0.10770624,0.8,-0.11
128,21,-0.8,0.17,-0.8,0.16770624,-0.8,0.17
128,22,-0.57,0.17,-0.57,0.16957881556010002,-0.57,0.17
128,23,-0.29,0.17,-0.29,0.1699856421957,-0.29,0.17
128,24,0.0,0.17,0.0,0.17,0.0,0.17
128,25,0.23,0.17,0.23,0.1700045054401,0.23,0.17
128,26,0.51,0.17,0.51,0.1702415176757,0.51,0.17
128,27,0.8,0.17,0.8,0.17229376000000002,0.8,0.17
128,28,-0.8,0.39,-0.8,0.38770624000000004,-0.8,0.39
128,29,-0.57,0.39,-0.57,0.3895788155601,-0.57,0.39
128,30,-0.29,0.39,-0.29,0.38998564219570003,-0.29,0.39
128,31,0.0,0.39,0.0,0.39,0.0,0.39
128,32,0.23,0.39,0.23,0.3900045054401,0.23,0.39
128,33,0.51,0.39,0.51,0.39024151767570003,0.51,0.39
128,34,0.8,0.39,0.8,0.39229376,0.8,0.39
128,35,-0.8,0.6,-0.8,0.5977062399999999,-0.8,0.6
128,36,-0.57,0.6,-0.57,0.5995788155601,-0.57,0.6
128,37,-0.29,0.6,-0.29,0.5999856421956999,-0.29,0.6
128,38,0.0,0.6,0.0,0.6,0.0,0.6
128,39,0.23,0.6,0.23,0.6000045054401,0.23,0.6
128,40,0.51,0.6,0.51,0.6002415176757,0.51,0.6
128,41,0.8,0.6,0.8,0.60229376,0.8,0.6
128,42,0.0,0.0,0.0,0.0,0.0,0.0
128,43,0.71,-0.23,0.71,-0.22873703945430002,0.71,-0.23
128,44,-0.37,0.53,-0.37,0.5299514592301,-0.37,0.53
128,45,0.12,-0.49,0.12,-0.4899998258176,0.12,-0.49
128,46,-0.73,0.08,-0.73,0.0785488498849,-0.73,0.08
128,47,0.63,0.44,0.63,0.4406947055801,0.63,0.44
128,48,-0.19,-0.56,-0.19,-0.5600017332693,-0.19,-0.56
128,49,0.79,0.31,0.79,0.3121539394793,0.79,0.31
128,50,-0.61,-0.41,-0.61,-0.4105912174107,-0.61,-0.41
128,51,0.42,-0.52,0.42,-0.5199085161376,0.42,-0.52
128,52,-0.48,0.27,-0.48,0.2698216372224,-0.48,0.27
128,53,0.06,0.58,0.06,0.5800000054432,0.06,0.58
129,0,-0.8,-0.6,-0.8,-0.60229376,-0.8,-0.6
129,1,-0.57,-0.6,-0.57,-0.6004211844399,-0.57,-0.6
129,2,-0.29,-0.6,-0.29,-0.6000143578043,-0.29,-0.6
129,3,0.0,-0.6,0.0,-0.6,0.0,-0.6
129,4,0.23,-0.6,0.23,-0.5999954945599,0.23,-0.6
129,5,0.51,-0.6,0.51,-0.5997584823243,0.51,-0.6
129,6,0.8,-0.6,0.8,-0.5977062399999999,0.8,-0.6
129,7,-0.8,-0.33,-0.8,-0.33229376,-0.8,-0.33
129,8,-0.57,-0.33,-0.57,-0.33042118443990004,-0.57,-0.33
129,9,-0.29,-0.33,-0.29,-0.3300143578043,-0.29,-0.33
129,10,0.0,-0.33,0.0,-0.33,0.0,-0.33
129,11,0.23,-0.33,0.23,-0.3299954945599,0.23,-0.33
129,12,0.51,-0.33,0.51,-0.3297584823243,0.51,-0.33
129,13,0.8,-0.33,0.8,-0.32770624000000004,0.8,-0.33
129,14,-0.8,-0.11,-0.8,-0.11229376,-0.8,-0.11
129,15,-0.57,-0.11,-0.57,-0.1104211844399,-0.57,-0.11
129,16,-0.29,-0.11,-0.29,-0.1100143578043,-0.29,-0.11
129,17,0.0,-0.11,0.0,-0.11,0.0,-0.11
129,18,0.23,-0.11,0.23,-0.1099954945599,0.23,-0.11
129,19,0.51,-0.11,0.51,-0.1097584823243,0.51,-0.11
129,20,0.8,-0.11,0.8,-0.10770624,0.8,-0.11
129,21,-0.8,0.17,-0.8,0.16770624,-0.8,0.17
129,22,-0.57,0.17,-0.57,0.16957881556010002,-0.57,0.17
129,23,-0.29,0.17,-0.29,0.1699856421957,-0.29,0.17
129,24,0.0,0.17,0.0,0.17,0.0,0.17
129,25,0.23,0.17,0.23,0.1700045054401,0.23,0.17
129,26,0.51,0.17,0.51,0.1702415176757,0.51,0.17
129,27,0.8,0.17,0.8,0.17229376000000002,0.8,0.17
129,28,-0.8,0.39,-0.8,0.38770624000000004,-0.8,0.39
129,29,-0.57,0.39,-0.57,0.3895788155601,-0.57,0.39
129,30,-0.29,0.39,-0.29,0.38998564219570003,-0.29,0.39
129,31,0.0,0.39,0.0,0.39,0.0,0.39
129,32,0.23,0.39,0.23,0.3900045054401,0.23,0.39
129,33,0.51,0.39,0.51,0.39024151767570003,0.51,0.39
129,34,0.8,0.39,0.8,0.39229376,0.8,0.39
129,35,-0.8,0.6,-0.8,0.5977062399999999,-0.8,0.6
129,36,-0.57,0.6,-0.57,0.5995788155601,-0.57,0.6
129,37,-0.29,0.6,-0.29,0.5999856421956999,-0.29,0.6
129,38,0.0,0.6,0.0,0.6,0.0,0.6
129,39,0.23,0.6,0.23,0.6000045054401,0.23,0.6
129,40,0.51,0.6,0.51,0.6002415176757,0.51,0.6
129,41,0.8,0.6,0.8,0.60229376,0.8,0.6
129,42,0.0,0.0,0.0,0.0,0.0,0.0
129,43,0.71,-0.23,0.71,-0.22873703945430002,0.71,-0.23
129,44,-0.37,0.53,-0.37,0.5299514592301,-0.37,0.53
129,45,0.12,-0.49,0.12,-0.4899998258176,0.12,-0.49
129,46,-0.73,0.08,-0.73,0.0785488498849,-0.73,0.08
129,47,0.63,0.44,0.63,0.4406947055801,0.63,0.44
129,48,-0.19,-0.56,-0.19,-0.5600017332693,-0.19,-0.56
129,49,0.79,0.31,0.79,0.3121539394793,0.79,0.31
129,50,-0.61,-0.41,-0.61,-0.4105912174107,-0.61,-0.41
129,51,0.42,-0.52,0.42,-0.5199085161376,0.42,-0.52
129,52,-0.48,0.27,-0.48,0.2698216372224,-0.48,0.27
129,53,0.06,0.58,0.06,0.5800000054432,0.06,0.58
130,0,-0.8,-0.6,-0.8,-0.60172032,-0.8,-0.6
130,1,-0.57,-0.6,-0.57,-0.6004433520420001,-0.57,-0.6
130,2,-0.29,-0.6,-0.29,-0.600029705802,-0.29,-0.6
130,3,0.0,-0.6,0.0,-0.6,0.0,-0.6
130,4,0.23,-0.6,0.23,-0.6000117533220001,0.23,-0.6
130,5,0.51,-0.6,0.51,-0.600284138442,0.51,-0.6
130,6,0.8,-0.6,0.8,-0.60172032,0.8,-0.6
130,7,-0.8,-0.33,-0.8,-0.33094617600000004,-0.8,-0.33
130,8,-0.57,-0.33,-0.57,-0.33024384362310005,-0.57,-0.33
130,9,-0.29,-0.33,-0.29,-0.3300163381911,-0.29,-0.33
130,10,0.0,-0.33,0.0,-0.33,0.0,-0.33
130,11,0.23,-0.33,0.23,-0.33000646432710007,0.23,-0.33
130,12,0.51,-0.33,0.51,-0.3301562761431,0.51,-0.33
130,13,0.8,-0.33,0.8,-0.33094617600000004,0.8,-0.33
130,14,-0.8,-0.11,-0.8,-0.11031539200000001,-0.8,-0.11
130,15,-0.57,-0.11,-0.57,-0.11008128120770001,-0.57,-0.11
130,16,-0.29,-0.11,-0.29,-0.1100054460637,-0.29,-0.11
130,17,0.0,-0.11,0.0,-0.11,0.0,-0.11
130,18,0.23,-0.11,0.23,-0.11000215477570001,0.23,-0.11
130,19,0.51,-0.11,0.51,-0.1100520920477,0.51,-0.11
130,20,0.8,-0.11,0.8,-0.11031539200000001,0.8,-0.11
130,21,-0.8,0.17,-0.8,0.17048742400000003,-0.8,0.17
130,22,-0.57,0.17,-0.57,0.17012561641190002,-0.57,0.17
130,23,-0.29,0.17,-0.29,0.1700084166439,-0.29,0.17
130,24,0.0,0.17,0.0,0.17,0.0,0.17
130,25,0.23,0.17,0.23,0.17000333010790003,0.23,0.17
130,26,0.51,0.17,0.51,0.17008050589190002,0.51,0.17
130,27,0.8,0.17,0.8,0.17048742400000003,0.8,0.17
130,28,-0.8,0.39,-0.8,0.391118208,-0.8,0.39
130,29,-0.57,0.39,-0.57,0.39028817882730005,-0.57,0.39
130,30,-0.29,0.39,-0.29,0.3900193087713,-0.29,0.39
130,31,0.0,0.39,0.0,0.39,0.0,0.39
130,32,0.23,0.39,0.23,0.3900076396593,0.23,0.39
130,33,0.51,0.39,0.51,0.3901846899873,0.51,0.39
130,34,0.8,0.39,0.8,0.391118208,0.8,0.39
130,35,-0.8,0.6,-0.8,0.60172032,-0.8,0.6
130,36,-0.57,0.6,-0.57,0.6004433520420001,-0.57,0.6
130,37,-0.29,0.6,-0.29,0.600029705802,-0.29,0.6
130,38,0.0,0.6,0.0,0.6,0.0,0.6
130,39,0.23,0.6,0.23,0.6000117533220001,0.23,0.6
130,40,0.51,0.6,0.51,0.600284138442,0.51,0.6
130,41,0.8,0.6,0.8,0.60172032,0.8,0.6
130,42,0.0,0.0,0.0,0.0,0.0,0.0
130,43,0.71,-0.23,0.71,-0.2304091280641,0.71,-0.23
130,44,-0.37,0.53,-0.37,0.5300695313731,-0.37,0.53
130,45,0.12,-0.49,0.12,-0.4900007112448,0.12,-0.49
130,46,-0.73,0.08,-0.73,0.08015903014959999,-0.73,0.08
130,47,0.63,0.44,0.63,0.44048519119880003,0.63,0.44
130,48,-0.19,-0.56,-0.19,-0.5600051085832001,-0.19,-0.56
130,49,0.79,0.31,0.79,0.31084521675770005,0.79,0.31
130,50,-0.61,-0.41,-0.61,-0.4103973756367,-0.61,-0.41
130,51,0.42,-0.52,0.42,-0.5201132657344,0.42,-0.52
130,52,-0.48,0.27,-0.48,0.2701003290624,-0.48,0.27
130,53,0.06,0.58,0.06,0.5800000526175999,0.06,0.58
131,0,-0.8,-0.6,-0.8,-0.60172032,-0.8,-0.6
131,1,-0.57,-0.6,-0.57,-0.600443352042,-0.57,-0.6
131,2,-0.29,-0.6,-0.29,-0.600029705802,-0.29,-0.6
131,3,0.0,-0.6,0.0,-0.6,0.0,-0.6
131,4,0.23,-0.6,0.23,-0.600011753322,0.23,-0.6
131,5,0.51,-0.6,0.51,-0.600284138442,0.51,-0.6
131,6,0.8,-0.6,0.8,-0.60172032,0.8,-0.6
131,7,-0.8,-0.33,-0.8,-0.33094617600000004,-0.8,-0.33
131,8,-0.57,-0.33,-0.57,-0.3302438436231,-0.57,-0.33
131,9,-0.29,-0.33,-0.29,-0.3300163381911,-0.29,-0.33
131,10,0.0,-0.33,0.0,-0.33,0.0,-0.33
131,11,0.23,-0.33,0.23,-0.3300064643271,0.23,-0.33
131,12,0.51,-0.33,0.51,-0.3301562761431,0.51,-0.33
131,13,0.8,-0.33,0.8,-0.33094617600000004,0.8,-0.33
131,14,-0.8,-0.11,-0.8,-0.110315392,-0.8,-0.11
131,15,-0.57,-0.11,-0.57,-0.1100812812077,-0.57,-0.11
131,16,-0.29,-0.11,-0.29,-0.1100054460637,-0.29,-0.11
131,17,0.0,-0.11,0.0,-0.11,0.0,-0.11
131,18,0.23,-0.11,0.23,-0.1100021547757,0.23,-0.11
131,19,0.51,-0.11,0.51,-0.1100520920477,0.51,-0.11
131,20,0.8,-0.11,0.8,-0.110315392,0.8,-0.11
131,21,-0.8,0.17,-0.8,0.170487424,-0.8,0.17
131,22,-0.57,0.17,-0.57,0.17012561641190002,-0.57,0.17
131,23,-0.29,0.17,-0.29,0.1700084166439,-0.29,0.17
131,24,0.0,0.17,0.0,0.17,0.0,0.17
131,25,0.23,0.17,0.23,0.1700033301079,0.23,0.17
131,26,0.51,0.17,0.51,0.17008050589190002,0.51,0.17
131,27,0.8,0.17,0.8,0.170487424,0.8,0.17
131,28,-0.8,0.39,-0.8,0.391118208,-0.8,0.39
131,29,-0.57,0.39,-0.57,0.3902881788273,-0.57,0.39
131,30,-0.29,0.39,-0.29,0.39001930877130003,-0.29,0.39
131,31,0.0,0.39,0.0,0.39,0.0,0.39
131,32,0.23,0.39,0.23,0.3900076396593,0.23,0.39
131,33,0.51,0.39,0.51,0.3901846899873,0.51,0.39
131,34,0.8,0.39,0.8,0.391118208,0.8,0.39
131,35,-0.8,0.6,-0.8,0.60172032,-0.8,0.6
131,36,-0.57,0.6,-0.57,0.600443352042,-0.57,0.6
131,37,-0.29,0.6,-0.29,0.600029705802,-0.29,0.6
131,38,0.0,0.6,0.0,0.6,0.0,0.6
131,39,0.23,0.6,0.23,0.600011753322,0.23,0.6
131,40,0.51,0.6,0.51,0.600284138442,0.51,0.6
131,41,0.8,0.6,0.8,0.60172032,0.8,0.6
131,42,0.0,0.0,0.0,0.0,0.0,0.0
131,43,0.71,-0.23,0.71,-0.23040912806410002,0.71,-0.23
131,44,-0.37,0.53,-0.37,0.5300695313731,-0.37,0.53
131,45,0.12,-0.49,0.12,-0.4900007112448,0.12,-0.49
131,46,-0.73,0.08,-0.73,0.0801590301496,-0.73,0.08
131,47,0.63,0.44,0.63,0.4404851911988,0.63,0.44
131,48,-0.19,-0.56,-0.19,-0.5600051085832001,-0.19,-0.56
131,49,0.79,0.31,0.79,0.3108452167577,0.79,0.31
131,50,-0.61,-0.41,-0.61,-0.4103973756367,-0.61,-0.41
131,51,0.42,-0.52,0.42,-0.5201132657344,0.42,-0.52
131,52,-0.48,0.27,-0.48,0.2701003290624,-0.48,0.27
131,53,0.06,0.58,0.06,0.5800000526176,0.06,0.58
132,0,-0.8,-0.6,-0.8,-0.6012902400000001,-0.8,-0.6
132,1,-0.57,-0.6,-0.57,-0.60046668636,-0.57,-0.6
132,2,-0.29,-0.6,-0.29,-0.60006146028,-0.29,-0.6
132,3,0.0,-0.6,0.0,-0.6,0.0,-0.6
132,4,0.23,-0.6,0.23,-0.59996933916,0.23,-0.6
132,5,0.51,-0.6,0.51,-0.5996657194799999,0.51,-0.6
132,6,0.8,-0.6,0.8,-0.59870976,0.8,-0.6
132,7,-0.8,-0.33,-0.8,-0.33039029760000005,-0.8,-0.33
132,8,-0.57,-0.33,-0.57,-0.3301411726239,-0.57,-0.33
132,9,-0.29,-0.33,-0.29,-0.33001859173470005,-0.29,-0.33
132,10,0.0,-0.33,0.0,-0.33,0.0,-0.33
132,11,0.23,-0.33,0.23,-0.3299907250959,0.23,-0.33
132,12,0.51,-0.33,0.51,-0.3298988801427,0.51,-0.33
132,13,0.8,-0.33,0.8,-0.32960970240000004,0.8,-0.33
132,14,-0.8,-0.11,-0.8,-0.11004336640000001,-0.8,-0.11
132,15,-0.57,-0.11,-0.57,-0.11001568584710002,-0.57,-0.11
132,16,-0.29,-0.11,-0.29,-0.1100020657483,-0.29,-0.11
132,17,0.0,-0.11,0.0,-0.11,0.0,-0.11
132,18,0.23,-0.11,0.23,-0.1099989694551,0.23,-0.11
132,19,0.51,-0.11,0.51,-0.10998876446030001,0.51,-0.11
132,20,0.8,-0.11,0.8,-0.1099566336,0.8,-0.11
132,21,-0.8,0.17,-0.8,0.1698964224,-0.8,0.17
132,22,-0.57,0.17,-0.57,0.16996253545610002,-0.57,0.17
132,23,-0.29,0.17,-0.29,0.16999506610530002,-0.29,0.17
132,24,0.0,0.17,0.0,0.17,0.0,0.17
132,25,0.23,0.17,0.23,0.17000246138410002,0.23,0.17
132,26,0.51,0.17,0.51,0.17002683529730003,0.51,0.17
132,27,0.8,0.17,0.8,0.1701035776,0.8,0.17
132,28,-0.8,0.39,-0.8,0.38945487360000003,-0.8,0.39
132,29,-0.57,0.39,-0.57,0.38980282501290003,-0.57,0.39
132,30,-0.29,0.39,-0.29,0.38997403303170003,-0.29,0.39
132,31,0.0,0.39,0.0,0.39,0.0,0.39
132,32,0.23,0.39,0.23,0.3900129542049,0.23,0.39
132,33,0.51,0.39,0.51,0.39014123351970004,0.51,0.39
132,34,0.8,0.39,0.8,0.3905451264,0.8,0.39
132,35,-0.8,0.6,-0.8,0.59870976,-0.8,0.6
132,36,-0.57,0.6,-0.57,0.59953331364,-0.57,0.6
132,37,-0.29,0.6,-0.29,0.59993853972,-0.29,0.6
132,38,0.0,0.6,0.0,0.6,0.0,0.6
132,39,0.23,0.6,0.23,0.60003066084,0.23,0.6
132,40,0.51,0.6,0.51,0.6003342805199999,0.51,0.6
132,41,0.8,0.6,0.8,0.6012902400000001,0.8,0.6
132,42,0.0,0.0,0.0,0.0,0.0,0.0
132,43,0.71,-0.23,0.71,-0.2298674655567,0.71,-0.23
132,44,-0.37,0.53,-0.37,0.5299004010061,-0.37,0.53
132,45,0.12,-0.49,0.12,-0.48999709575039996,0.12,-0.49
132,46,-0.73,0.08,-0.73,0.0799825720384,-0.73,0.08
132,47,0.63,0.44,0.63,0.44033886369439995,0.63,0.44
132,48,-0.19,-0.56,-0.19,-0.5600150568768001,-0.19,-0.56
132,49,0.79,0.31,0.79,0.31033166733530004,0.79,0.31
132,50,-0.61,-0.41,-0.61,-0.4102670885427,-0.61,-0.41
132,51,0.42,-0.52,0.42,-0.5198597662336001,0.42,-0.52
132,52,-0.48,0.27,-0.48,0.2699435649024,-0.48,0.27
132,53,0.06,0.58,0.06,0.5800005086368,0.06,0.58
133,0,-0.8,-0.6,-0.8,-0.60129024,-0.8,-0.6
133,1,-0.57,-0.6,-0.57,-0.60046668636,-0.57,-0.6
133,2,-0.29,-0.6,-0.29,-0.60006146028,-0.29,-0.6
133,3,0.0,-0.6,0.0,-0.6,0.0,-0.6
133,4,0.23,-0.6,0.23,-0.59996933916,0.23,-0.6
133,5,0.51,-0.6,0.51,-0.59966571948,0.51,-0.6
133,6,0.8,-0.6,0.8,-0.59870976,0.8,-0.6
133,7,-0.8,-0.33,-0.8,-0.3303902976,-0.8,-0.33
133,8,-0.57,-0.33,-0.57,-0.3301411726239,-0.57,-0.33
133,9,-0.29,-0.33,-0.29,-0.3300185917347,-0.29,-0.33
133,10,0.0,-0.33,0.0,-0.33,0.0,-0.33
133,11,0.23,-0.33,0.23,-0.3299907250959,0.23,-0.33
133,12,0.51,-0.33,0.51,-0.3298988801427,0.51,-0.33
133,13,0.8,-0.33,0.8,-0.32960970240000004,0.8,-0.33
133,14,-0.8,-0.11,-0.8,-0.1100433664,-0.8,-0.11
133,15,-0.57,-0.11,-0.57,-0.1100156858471,-0.57,-0.11
133,16,-0.29,-0.11,-0.29,-0.1100020657483,-0.29,-0.11
133,17,0.0,-0.11,0.0,-0.11,0.0,-0.11
133,18,0.23,-0.11,0.23,-0.1099989694551,0.23,-0.11
133,19,0.51,-0.11,0.51,-0.1099887644603,0.51,-0.11
133,20,0.8,-0.11,0.8,-0.1099566336,0.8,-0.11
133,21,-0.8,0.17,-0.8,0.16989642240000002,-0.8,0.17
133,22,-0.57,0.17,-0.57,0.16996253545610002,-0.57,0.17
133,23,-0.29,0.17,-0.29,0.16999506610530002,-0.29,0.17
133,24,0.0,0.17,0.0,0.17,0.0,0.17
133,25,0.23,0.17,0.23,0.17000246138410002,0.23,0.17
133,26,0.51,0.17,0.51,0.1700268352973,0.51,0.17
133,27,0.8,0.17,0.8,0.1701035776,0.8,0.17
133,28,-0.8,0.39,-0.8,0.38945487360000003,-0.8,0.39
133,29,-0.57,0.39,-0.57,0.38980282501290003,-0.57,0.39
133,30,-0.29,0.39,-0.29,0.38997403303170003,-0.29,0.39
133,31,0.0,0.39,0.0,0.39,0.0,0.39
133,32,0.23,0.39,0.23,0.3900129542049,0.23,0.39
133,33,0.51,0.39,0.51,0.39014123351970004,0.51,0.39
133,34,0.8,0.39,0.8,0.3905451264,0.8,0.39
133,35,-0.8,0.6,-0.8,0.59870976,-0.8,0.6
133,36,-0.57,0.6,-0.57,0.59953331364,-0.57,0.6
133,37,-0.29,0.6,-0.29,0.59993853972,-0.29,0.6
133,38,0.0,0.6,0.0,0.6,0.0,0.6
133,39,0.23,0.6,0.23,0.60003066084,0.23,0.6
133,40,0.51,0.6,0.51,0.6003342805199999,0.51,0.6
133,41,0.8,0.6,0.8,0.60129024,0.8,0.6
133,42,0.0,0.0,0.0,0.0,0.0,0.0
133,43,0.71,-0.23,0.71,-0.2298674655567,0.71,-0.23
133,44,-0.37,0.53,-0.37,0.5299004010061,-0.37,0.53
133,45,0.12,-0.49,0.12,-0.4899970957504,0.12,-0.49
133,46,-0.73,0.08,-0.73,0.07998257203840001,-0.73,0.08
133,47,0.63,0.44,0.63,0.4403388636944,0.63,0.44
133,48,-0.19,-0.56,-0.19,-0.5600150568768001,-0.19,-0.56
133,49,0.79,0.31,0.79,0.3103316673353,0.79,0.31
133,50,-0.61,-0.41,-0.61,-0.4102670885427,-0.61,-0.41
133,51,0.42,-0.52,0.42,-0.5198597662336,0.42,-0.52
133,52,-0.48,0.27,-0.48,0.2699435649024,-0.48,0.27
133,53,0.06,0.58,0.06,0.5800005086368,0.06,0.58
134,0,-0.8,-0.6,-0.8,-0.60096768,-0.8,-0.6
134,1,-0.57,-0.6,-0.57,-0.6004912487999999,-0.57,-0.6
134,2,-0.29,-0.6,-0.29,-0.6001271592,-0.29,-0.6
134,3,0.0,-0.6,0.0,-0.6,0.0,-0.6
134,4,0.23,-0.6,0.23,-0.6000799848,0.23,-0.6
134,5,0.51,-0.6,0.51,-0.6003932712,0.51,-0.6
134,6,0.8,-0.6,0.8,-0.60096768,0.8,-0.6
134,7,-0.8,-0.33,-0.8,-0.33016099775999996,-0.8,-0.33
134,8,-0.57,-0.33,-0.57,-0.3300817315191,-0.57,-0.33
134,9,-0.29,-0.33,-0.29,-0.3300211561119,-0.29,-0.33
134,10,0.0,-0.33,0.0,-0.33,0.0,-0.33
134,11,0.23,-0.33,0.23,-0.33001330747109997,0.23,-0.33
134,12,0.51,-0.33,0.51,-0.3300654304959,0.51,-0.33
134,13,0.8,-0.33,0.8,-0.33016099775999996,0.8,-0.33
134,14,-0.8,-0.11,-0.8,-0.11000596287999999,-0.8,-0.11
134,15,-0.57,-0.11,-0.57,-0.11000302709330001,-0.57,-0.11
134,16,-0.29,-0.11,-0.29,-0.11000078355970001,-0.29,-0.11
134,17,0.0,-0.11,0.0,-0.11,0.0,-0.11
134,18,0.23,-0.11,0.23,-0.11000049286929998,0.23,-0.11
134,19,0.51,-0.11,0.51,-0.1100024233517,0.51,-0.11
134,20,0.8,-0.11,0.8,-0.11000596287999999,0.8,-0.11
134,21,-0.8,0.17,-0.8,0.17002201024000002,-0.8,0.17
134,22,-0.57,0.17,-0.57,0.17001117363590001,-0.57,0.17
134,23,-0.29,0.17,-0.29,0.1700028922831,-0.29,0.17
134,24,0.0,0.17,0.0,0.17,0.0,0.17
134,25,0.23,0.17,0.23,0.1700018192839,0.23,0.17
134,26,0.51,0.17,0.51,0.17000894509910003,0.51,0.17
134,27,0.8,0.17,0.8,0.17002201024000002,0.8,0.17
134,28,-0.8,0.39,-0.8,0.39026574912,-0.8,0.39
134,29,-0.57,0.39,-0.57,0.3901349092017,-0.57,0.39
134,30,-0.29,0.39,-0.29,0.39003492109529997,-0.29,0.39
134,31,0.0,0.39,0.0,0.39,0.0,0.39
134,32,0.23,0.39,0.23,0.39002196582570003,0.23,0.39
134,33,0.51,0.39,0.51,0.3901080021033,0.51,0.39
134,34,0.8,0.39,0.8,0.39026574912,0.8,0.39
134,35,-0.8,0.6,-0.8,0.60096768,-0.8,0.6
134,36,-0.57,0.6,-0.57,0.6004912487999999,-0.57,0.6
134,37,-0.29,0.6,-0.29,0.6001271592,-0.29,0.6
134,38,0.0,0.6,0.0,0.6,0.0,0.6
134,39,0.23,0.6,0.23,0.6000799848,0.23,0.6
134,40,0.51,0.6,0.51,0.6003932712,0.51,0.6
134,41,0.8,0.6,0.8,0.60096768,0.8,0.6
134,42,0.0,0.0,0.0,0.0,0.0,0.0
134,43,0.71,-0.23,0.71,-0.23004293369290002,0.71,-0.23
134,44,-0.37,0.53,-0.37,0.5301426688291,-0.37,0.53
134,45,0.12,-0.49,0.12,-0.4900118590192,0.12,-0.49
134,46,-0.73,0.08,-0.73,0.0800019099136,-0.73,0.08
134,47,0.63,0.44,0.63,0.44023666670719996,0.63,0.44
134,48,-0.19,-0.56,-0.19,-0.5600443781632,-0.19,-0.56
134,49,0.79,0.31,0.79,0.31013014794169996,0.79,0.31
134,50,-0.61,-0.41,-0.61,-0.41017951852869994,-0.61,-0.41
134,51,0.42,-0.52,0.42,-0.5201736227584001,0.42,-0.52
134,52,-0.48,0.27,-0.48,0.27003174474240005,-0.48,0.27
134,53,0.06,0.58,0.06,0.5800049168224,0.06,0.58
135,0,-0.8,-0.6,-0.8,-0.60096768,-0.8,-0.6
135,1,-0.57,-0.6,-0.57,-0.6004912487999999,-0.57,-0.6
135,2,-0.29,-0.6,-0.29,-0.6001271591999999,-0.29,-0.6
135,3,0.0,-0.6,0.0,-0.6,0.0,-0.6
135,4,0.23,-0.6,0.23,-0.6000799848,0.23,-0.6
135,5,0.51,-0.6,0.51,-0.6003932712,0.51,-0.6
135,6,0.8,-0.6,0.8,-0.60096768,0.8,-0.6
135,7,-0.8,-0.33,-0.8,-0.33016099776,-0.8,-0.33
135,8,-0.57,-0.33,-0.57,-0.33008173151910003,-0.57,-0.33
135,9,-0.29,-0.33,-0.29,-0.3300211561119,-0.29,-0.33
135,10,0.0,-0.33,0.0,-0.33,0.0,-0.33
135,11,0.23,-0.33,0.23,-0.3300133074711,0.23,-0.33
135,12,0.51,-0.33,0.51,-0.33006543049590004,0.51,-0.33
135,13,0.8,-0.33,0.8,-0.33016099776,0.8,-0.33
135,14,-0.8,-0.11,-0.8,-0.11000596288,-0.8,-0.11
135,15,-0.57,-0.11,-0.57,-0.1100030270933,-0.57,-0.11
135,16,-0.29,-0.11,-0.29,-0.1100007835597,-0.29,-0.11
135,17,0.0,-0.11,0.0,-0.11,0.0,-0.11
135,18,0.23,-0.11,0.23,-0.1100004928693,0.23,-0.11
135,19,0.51,-0.11,0.51,-0.1100024233517,0.51,-0.11
135,20,0.8,-0.11,0.8,-0.11000596288,0.8,-0.11
135,21,-0.8,0.17,-0.8,0.17002201024000002,-0.8,0.17
135,22,-0.57,0.17,-0.57,0.17001117363590001,-0.57,0.17
135,23,-0.29,0.17,-0.29,0.1700028922831,-0.29,0.17
135,24,0.0,0.17,0.0,0.17,0.0,0.17
135,25,0.23,0.17,0.23,0.1700018192839,0.23,0.17
135,26,0.51,0.17,0.51,0.1700089450991,0.51,0.17
135,27,0.8,0.17,0.8,0.17002201024000002,0.8,0.17
135,28,-0.8,0.39,-0.8,0.39026574912,-0.8,0.39
135,29,-0.57,0.39,-0.57,0.3901349092017,-0.57,0.39
135,30,-0.29,0.39,-0.29,0.3900349210953,-0.29,0.39
135,31,0.0,0.39,0.0,0.39,0.0,0.39
135,32,0.23,0.39,0.23,0.39002196582570003,0.23,0.39
135,33,0.51,0.39,0.51,0.3901080021033,0.51,0.39
135,34,0.8,0.39,0.8,0.39026574912,0.8,0.39
135,35,-0.8,0.6,-0.8,0.60096768,-0.8,0.6
135,36,-0.57,0.6,-0.57,0.6004912487999999,-0.57,0.6
135,37,-0.29,0.6,-0.29,0.6001271591999999,-0.29,0.6
135,38,0.0,0.6,0.0,0.6,0.0,0.6
135,39,0.23,0.6,0.23,0.6000799848,0.23,0.6
135,40,0.51,0.6,0.51,0.6003932712,0.51,0.6
135,41,0.8,0.6,0.8,0.60096768,0.8,0.6
135,42,0.0,0.0,0.0,0.0,0.0,0.0
135,43,0.71,-0.23,0.71,-0.23004293369290002,0.71,-0.23
135,44,-0.37,0.53,-0.37,0.5301426688291,-0.37,0.53
135,45,0.12,-0.49,0.12,-0.49001185901919997,0.12,-0.49
135,46,-0.73,0.08,-0.73,0.0800019099136,-0.73,0.08
135,47,0.63,0.44,0.63,0.4402366667072,0.63,0.44
135,48,-0.19,-0.56,-0.19,-0.5600443781632001,-0.19,-0.56
135,49,0.79,0.31,0.79,0.3101301479417,0.79,0.31
135,50,-0.61,-0.41,-0.61,-0.4101795185287,-0.61,-0.41
135,51,0.42,-0.52,0.42,-0.5201736227584001,0.42,-0.52
135,52,-0.48,0.27,-0.48,0.2700317447424,-0.48,0.27
135,53,0.06,0.58,0.06,0.5800049168224,0.06,0.58
136,0,-0.8,-0.6,-0.8,-0.6007257599999999,-0.8,-0.6
136,1,-0.57,-0.6,-0.57,-0.600517104,-0.57,-0.6
136,2,-0.29,-0.6,-0.29,-0.600263088,-0.29,-0.6
136,3,0.0,-0.6,0.0,-0.6,0.0,-0.6
136,4,0.23,-0.6,0.23,-0.599791344,0.23,-0.6
136,5,0.51,-0.6,0.51,-0.5995373279999999,0.51,-0.6
136,6,0.8,-0.6,0.8,-0.59927424,0.8,-0.6
136,7,-0.8,-0.33,-0.8,-0.330066411576,-0.8,-0.33
136,8,-0.57,-0.33,-0.57,-0.3300473182479,-0.57,-0.33
136,9,-0.29,-0.33,-0.29,-0.33002407419630003,-0.29,-0.33
136,10,0.0,-0.33,0.0,-0.33,0.0,-0.33
136,11,0.23,-0.33,0.23,-0.32998090667190005,0.23,-0.33
136,12,0.51,-0.33,0.51,-0.3299576626203,0.51,-0.33
136,13,0.8,-0.33,0.8,-0.329933588424,0.8,-0.33
136,14,-0.8,-0.11,-0.8,-0.11000081989600001,-0.8,-0.11
136,15,-0.57,-0.11,-0.57,-0.1100005841759,-0.57,-0.11
136,16,-0.29,-0.11,-0.29,-0.1100002972123,-0.29,-0.11
136,17,0.0,-0.11,0.0,-0.11,0.0,-0.11
136,18,0.23,-0.11,0.23,-0.1099997642799,0.23,-0.11
136,19,0.51,-0.11,0.51,-0.1099994773163,0.51,-0.11
136,20,0.8,-0.11,0.8,-0.109999180104,0.8,-0.11
136,21,-0.8,0.17,-0.8,0.169995322824,-0.8,0.17
136,22,-0.57,0.17,-0.57,0.16999666751210002,-0.57,0.17
136,23,-0.29,0.17,-0.29,0.16999830452370002,-0.29,0.17
136,24,0.0,0.17,0.0,0.17,0.0,0.17
136,25,0.23,0.17,0.23,0.17000134468810002,0.23,0.17
136,26,0.51,0.17,0.51,0.1700029816997,0.51,0.17
136,27,0.8,0.17,0.8,0.170004677176,0.8,0.17
136,28,-0.8,0.39,-0.8,0.389870447304,-0.8,0.39
136,29,-0.57,0.39,-0.57,0.3899076937041,-0.57,0.39
136,30,-0.29,0.39,-0.29,0.3899530371477,-0.29,0.39
136,31,0.0,0.39,0.0,0.39,0.0,0.39
136,32,0.23,0.39,0.23,0.39003724640010007,0.23,0.39
136,33,0.51,0.39,0.51,0.39008258984370003,0.51,0.39
136,34,0.8,0.39,0.8,0.390129552696,0.8,0.39
136,35,-0.8,0.6,-0.8,0.59927424,-0.8,0.6
136,36,-0.57,0.6,-0.57,0.5994828959999999,-0.57,0.6
136,37,-0.29,0.6,-0.29,0.599736912,-0.29,0.6
136,38,0.0,0.6,0.0,0.6,0.0,0.6
136,39,0.23,0.6,0.23,0.600208656,0.23,0.6
136,40,0.51,0.6,0.51,0.600462672,0.51,0.6
136,41,0.8,0.6,0.8,0.6007257599999999,0.8,0.6
136,42,0.0,0.0,0.0,0.0,0.0,0.0
136,43,0.71,-0.23,0.71,-0.22998609190230002,0.71,-0.23
136,44,-0.37,0.53,-0.37,0.5297956365421,-0.37,0.53
136,45,0.12,-0.49,0.12,-0.48995157567159997,0.12,-0.49
136,46,-0.73,0.08,-0.73,0.0799997906944,-0.73,0.08
136,47,0.63,0.44,0.63,0.44016529103359997,0.63,0.44
136,48,-0.19,-0.56,-0.19,-0.5601307987968001,-0.19,-0.56
136,49,0.79,0.31,0.79,0.31005107071129995,0.79,0.31
136,50,-0.61,-0.41,-0.61,-0.4101206599947,-0.61,-0.41
136,51,0.42,-0.52,0.42,-0.5197850384896,0.42,-0.52
136,52,-0.48,0.27,-0.48,0.2699821435824,-0.48,0.27
136,53,0.06,0.58,0.06,0.5800475292831999,0.06,0.58
137,0,-0.8,-0.6,-0.8,-0.60072576,-0.8,-0.6
137,1,-0.57,-0.6,-0.57,-0.600517104,-0.57,-0.6
137,2,-0.29,-0.6,-0.29,-0.600263088,-0.29,-0.6
137,3,0.0,-0.6,0.0,-0.6,0.0,-0.6
137,4,0.23,-0.6,0.23,-0.599791344,0.23,-0.6
137,5,0.51,-0.6,0.51,-0.5995373279999999,0.51,-0.6
137,6,0.8,-0.6,0.8,-0.59927424,0.8,-0.6
137,7,-0.8,-0.33,-0.8,-0.33006641157600003,-0.8,-0.33
137,8,-0.57,-0.33,-0.57,-0.3300473182479,-0.57,-0.33
137,9,-0.29,-0.33,-0.29,-0.33002407419630003,-0.29,-0.33
137,10,0.0,-0.33,0.0,-0.33,0.0,-0.33
137,11,0.23,-0.33,0.23,-0.3299809066719,0.23,-0.33
137,12,0.51,-0.33,0.51,-0.3299576626203,0.51,-0.33
137,13,0.8,-0.33,0.8,-0.329933588424,0.8,-0.33
137,14,-0.8,-0.11,-0.8,-0.110000819896,-0.8,-0.11
137,15,-0.57,-0.11,-0.57,-0.1100005841759,-0.57,-0.11
137,16,-0.29,-0.11,-0.29,-0.1100002972123,-0.29,-0.11
137,17,0.0,-0.11,0.0,-0.11,0.0,-0.11
137,18,0.23,-0.11,0.23,-0.1099997642799,0.23,-0.11
137,19,0.51,-0.11,0.51,-0.1099994773163,0.51,-0.11
137,20,0.8,-0.11,0.8,-0.109999180104,0.8,-0.11
137,21,-0.8,0.17,-0.8,0.169995322824,-0.8,0.17
137,22,-0.57,0.17,-0.57,0.16999666751210002,-0.57,0.17
137,23,-0.29,0.17,-0.29,0.16999830452370002,-0.29,0.17
137,24,0.0,0.17,0.0,0.17,0.0,0.17
137,25,0.23,0.17,0.23,0.17000134468810002,0.23,0.17
137,26,0.51,0.17,0.51,0.17000298169970002,0.51,0.17
137,27,0.8,0.17,0.8,0.170004677176,0.8,0.17
137,28,-0.8,0.39,-0.8,0.389870447304,-0.8,0.39
137,29,-0.57,0.39,-0.57,0.3899076937041,-0.57,0.39
137,30,-0.29,0.39,-0.29,0.3899530371477,-0.29,0.39
137,31,0.0,0.39,0.0,0.39,0.0,0.39
137,32,0.23,0.39,0.23,0.3900372464001,0.23,0.39
137,33,0.51,0.39,0.51,0.39008258984370003,0.51,0.39
137,34,0.8,0.39,0.8,0.390129552696,0.8,0.39
137,35,-0.8,0.6,-0.8,0.59927424,-0.8,0.6
137,36,-0.57,0.6,-0.57,0.5994828959999999,-0.57,0.6
137,37,-0.29,0.6,-0.29,0.599736912,-0.29,0.6
137,38,0.0,0.6,0.0,0.6,0.0,0.6
137,39,0.23,0.6,0.23,0.600208656,0.23,0.6
137,40,0.51,0.6,0.51,0.600462672,0.51,0.6
137,41,0.8,0.6,0.8,0.60072576,0.8,0.6
137,42,0.0,0.0,0.0,0.0,0.0,0.0
137,43,0.71,-0.23,0.71,-0.22998609190230002,0.71,-0.23
137,44,-0.37,0.53,-0.37,0.5297956365421,-0.37,0.53
137,45,0.12,-0.49,0.12,-0.48995157567159997,0.12,-0.49
137,46,-0.73,0.08,-0.73,0.0799997906944,-0.73,0.08
137,47,0.63,0.44,0.63,0.4401652910336,0.63,0.44
137,48,-0.19,-0.56,-0.19,-0.5601307987968001,-0.19,-0.56
137,49,0.79,0.31,0.79,0.3100510707113,0.79,0.31
137,50,-0.61,-0.41,-0.61,-0.4101206599947,-0.61,-0.41
137,51,0.42,-0.52,0.42,-0.5197850384896,0.42,-0.52
137,52,-0.48,0.27,-0.48,0.2699821435824,-0.48,0.27
137,53,0.06,0.58,0.06,0.5800475292831999,0.06,0.58
138,0,-0.8,-0.6,-0.8,-0.60054432,-0.8,-0.6
138,1,-0.57,-0.6,-0.57,-0.60054432,-0.57,-0.6
138,2,-0.29,-0.6,-0.29,-0.60054432,-0.29,-0.6
138,3,0.0,-0.6,0.0,-0.60054432,0.0,-0.6
138,4,0.23,-0.6,0.23,-0.60054432,0.23,-0.6
138,5,0.51,-0.6,0.51,-0.60054432,0.51,-0.6
138,6,0.8,-0.6,0.8,-0.60054432,0.8,-0.6
138,7,-0.8,-0.33,-0.8,-0.3300273947751,-0.8,-0.33
138,8,-0.57,-0.33,-0.57,-0.3300273947751,-0.57,-0.33
138,9,-0.29,-0.33,-0.29,-0.3300273947751,-0.29,-0.33
138,10,0.0,-0.33,0.0,-0.3300273947751,0.0,-0.33
138,11,0.23,-0.33,0.23,-0.3300273947751,0.23,-0.33
138,12,0.51,-0.33,0.51,-0.3300273947751,0.51,-0.33
138,13,0.8,-0.33,0.8,-0.3300273947751,0.8,-0.33
138,14,-0.8,-0.11,-0.8,-0.1100001127357,-0.8,-0.11
138,15,-0.57,-0.11,-0.57,-0.1100001127357,-0.57,-0.11
138,16,-0.29,-0.11,-0.29,-0.1100001127357,-0.29,-0.11
138,17,0.0,-0.11,0.0,-0.1100001127357,0.0,-0.11
138,18,0.23,-0.11,0.23,-0.1100001127357,0.23,-0.11
138,19,0.51,-0.11,0.51,-0.1100001127357,0.51,-0.11
138,20,0.8,-0.11,0.8,-0.1100001127357,0.8,-0.11
138,21,-0.8,0.17,-0.8,0.1700009938999,-0.8,0.17
138,22,-0.57,0.17,-0.57,0.1700009938999,-0.57,0.17
138,23,-0.29,0.17,-0.29,0.1700009938999,-0.29,0.17
138,24,0.0,0.17,0.0,0.1700009938999,0.0,0.17
138,25,0.23,0.17,0.23,0.1700009938999,0.23,0.17
138,26,0.51,0.17,0.51,0.1700009938999,0.51,0.17
138,27,0.8,0.17,0.8,0.1700009938999,0.8,0.17
138,28,-0.8,0.39,-0.8,0.3900631569393,-0.8,0.39
138,29,-0.57,0.39,-0.57,0.3900631569393,-0.57,0.39
138,30,-0.29,0.39,-0.29,0.3900631569393,-0.29,0.39
138,31,0.0,0.39,0.0,0.3900631569393,0.0,0.39
138,32,0.23,0.39,0.23,0.3900631569393,0.23,0.39
138,33,0.51,0.39,0.51,0.3900631569393,0.51,0.39
138,34,0.8,0.39,0.8,0.3900631569393,0.8,0.39
138,35,-0.8,0.6,-0.8,0.60054432,-0.8,0.6
138,36,-0.57,0.6,-0.57,0.60054432,-0.57,0.6
138,37,-0.29,0.6,-0.29,0.60054432,-0.29,0.6
138,38,0.0,0.6,0.0,0.60054432,0.0,0.6
138,39,0.23,0.6,0.23,0.60054432,0.23,0.6
138,40,0.51,0.6,0.51,0.60054432,0.51,0.6
138,41,0.8,0.6,0.8,0.60054432,0.8,0.6
138,42,0.0,0.0,0.0,0.0,0.0,0.0
138,43,0.71,-0.23,0.71,-0.23000450544010004,0.71,-0.23
138,44,-0.37,0.53,-0.37,0.5302927368451,-0.37,0.53
138,45,0.12,-0.49,0.12,-0.49019773267430006,0.12,-0.49
138,46,-0.73,0.08,-0.73,0.0800000229376,-0.73,0.08
138,47,0.63,0.44,0.63,0.4401154413568,0.63,0.44
138,48,-0.19,-0.56,-0.19,-0.5603855122432,-0.19,-0.56
138,49,0.79,0.31,0.79,0.3100200404057,0.79,0.31
138,50,-0.61,-0.41,-0.61,-0.41008109934070003,-0.61,-0.41
138,51,0.42,-0.52,0.42,-0.5202661428224,0.42,-0.52
138,52,-0.48,0.27,-0.48,0.27001004423490005,-0.48,0.27
138,53,0.06,0.58,0.06,0.5804594497376,0.06,0.58
139,0,-0.8,-0.6,-0.8,-0.60054432,-0.8,-0.6
139,1,-0.57,-0.6,-0.57,-0.60054432,-0.57,-0.6
139,2,-0.29,-0.6,-0.29,-0.60054432,-0.29,-0.6
139,3,0.0,-0.6,0.0,-0.60054432,0.0,-0.6
139,4,0.23,-0.6,0.23,-0.60054432,0.23,-0.6
139,5,0.51,-0.6,0.51,-0.60054432,0.51,-0.6
139,6,0.8,-0.6,0.8,-0.60054432,0.8,-0.6
139,7,-0.8,-0.33,-0.8,-0.3300273947751,-0.8,-0.33
139,8,-0.57,-0.33,-0.57,-0.3300273947751,-0.57,-0.33
139,9,-0.29,-0.33,-0.29,-0.3300273947751,-0.29,-0.33
139,10,0.0,-0.33,0.0,-0.3300273947751,0.0,-0.33
139,11,0.23,-0.33,0.23,-0.3300273947751,0.23,-0.33
139,12,0.51,-0.33,0.51,-0.3300273947751,0.51,-0.33
139,13,0.8,-0.33,0.8,-0.3300273947751,0.8,-0.33
139,14,-0.8,-0.11,-0.8,-0.1100001127357,-0.8,-0.11
139,15,-0.57,-0.11,-0.57,-0.1100001127357,-0.57,-0.11
139,16,-0.29,-0.11,-0.29,-0.1100001127357,-0.29,-0.11
139,17,0.0,-0.11,0.0,-0.1100001127357,0.0,-0.11
139,18,0.23,-0.11,0.23,-0.1100001127357,0.23,-0.11
139,19,0.51,-0.11,0.51,-0.1100001127357,0.51,-0.11
139,20,0.8,-0.11,0.8,-0.1100001127357,0.8,-0.11
139,21,-0.8,0.17,-0.8,0.1700009938999,-0.8,0.17
139,22,-0.57,0.17,-0.57,0.1700009938999,-0.57,0.17
139,23,-0.29,0.17,-0.29,0.1700009938999,-0.29,0.17
139,24,0.0,0.17,0.0,0.1700009938999,0.0,0.17
139,25,0.23,0.17,0.23,0.1700009938999,0.23,0.17
139,26,0.51,0.17,0.51,0.1700009938999,0.51,0.17
139,27,0.8,0.17,0.8,0.1700009938999,0.8,0.17
139,28,-0.8,0.39,-0.8,0.3900631569393,-0.8,0.39
139,29,-0.57,0.39,-0.57,0.3900631569393,-0.57,0.39
139,30,-0.29,0.39,-0.29,0.3900631569393,-0.29,0.39
139,31,0.0,0.39,0.0,0.3900631569393,0.0,0.39
139,32,0.23,0.39,0.23,0.3900631569393,0.23,0.39
139,33,0.51,0.39,0.51,0.3900631569393,0.51,0.39
139,34,0.8,0.39,0.8,0.3900631569393,0.8,0.39
139,35,-0.8,0.6,-0.8,0.60054432,-0.8,0.6
139,36,-0.57,0.6,-0.57,0.60054432,-0.57,0.6
139,37,-0.29,0.6,-0.29,0.60054432,-0.29,0.6
139,38,0.0,0.6,0.0,0.60054432,0.0,0.6
139,39,0.23,0.6,0.23,0.60054432,0.23,0.6
139,40,0.51,0.6,0.51,0.60054432,0.51,0.6
139,41,0.8,0.6,0.8,0.60054432,0.8,0.6
139,42,0.0,0.0,0.0,0.0,0.0,0.0
139,43,0.71,-0.23,0.71,-0.2300045054401,0.71,-0.23
139,44,-0.37,0.53,-0.37,0.5302927368451,-0.37,0.53
139,45,0.12,-0.49,0.12,-0.4901977326743,0.12,-0.49
139,46,-0.73,0.08,-0.73,0.0800000229376,-0.73,0.08
139,47,0.63,0.44,0.63,0.4401154413568,0.63,0.44
139,48,-0.19,-0.56,-0.19,-0.5603855122432001,-0.19,-0.56
139,49,0.79,0.31,0.79,0.31002004040569997,0.79,0.31
139,50,-0.61,-0.41,-0.61,-0.4100810993407,-0.61,-0.41
139,51,0.42,-0.52,0.42,-0.5202661428224,0.42,-0.52
139,52,-0.48,0.27,-0.48,0.2700100442349,-0.48,0.27
139,53,0.06,0.58,0.06,0.5804594497376,0.06,0.58
140,0,-0.8,-0.6,-0.8,-0.598164992,-0.8,-0.6
140,1,-0.57,-0.6,-0.57,-0.599759924869257,-0.57,-0.6
140,2,-0.29,-0.6,-0.29,-0.599995836236753,-0.29,-0.6
140,3,0.0,-0.6,0.0,-0.6,0.0,-0.6
140,4,0.23,-0.6,0.23,-0.5999989637487769,0.23,-0.6
140,5,0.51,-0.6,0.51,-0.5998768259853929,0.51,-0.6
140,6,0.8,-0.6,0.8,-0.598164992,0.8,-0.6
140,7,-0.8,-0.33,-0.8,-0.328164992,-0.8,-0.33
140,8,-0.57,-0.33,-0.57,-0.32975992486925704,-0.57,-0.33
140,9,-0.29,-0.33,-0.29,-0.329995836236753,-0.29,-0.33
140,10,0.0,-0.33,0.0,-0.33,0.0,-0.33
140,11,0.23,-0.33,0.23,-0.329998963748777,0.23,-0.33
140,12,0.51,-0.33,0.51,-0.32987682598539303,0.51,-0.33
140,13,0.8,-0.33,0.8,-0.328164992,0.8,-0.33
140,14,-0.8,-0.11,-0.8,-0.108164992,-0.8,-0.11
140,15,-0.57,-0.11,-0.57,-0.109759924869257,-0.57,-0.11
140,16,-0.29,-0.11,-0.29,-0.109995836236753,-0.29,-0.11
140,17,0.0,-0.11,0.0,-0.11,0.0,-0.11
140,18,0.23,-0.11,0.23,-0.109998963748777,0.23,-0.11
140,19,0.51,-0.11,0.51,-0.109876825985393,0.51,-0.11
140,20,0.8,-0.11,0.8,-0.108164992,0.8,-0.11
140,21,-0.8,0.17,-0.8,0.171835008,-0.8,0.17
140,22,-0.57,0.17,-0.57,0.17024007513074302,-0.57,0.17
140,23,-0.29,0.17,-0.29,0.170004163763247,-0.29,0.17
140,24,0.0,0.17,0.0,0.17,0.0,0.17
140,25,0.23,0.17,0.23,0.170001036251223,0.23,0.17
140,26,0.51,0.17,0.51,0.17012317401460703,0.51,0.17
140,27,0.8,0.17,0.8,0.171835008,0.8,0.17
140,28,-0.8,0.39,-0.8,0.39183500800000004,-0.8,0.39
140,29,-0.57,0.39,-0.57,0.390240075130743,-0.57,0.39
140,30,-0.29,0.39,-0.29,0.39000416376324704,-0.29,0.39
140,31,0.0,0.39,0.0,0.39,0.0,0.39
140,32,0.23,0.39,0.23,0.390001036251223,0.23,0.39
140,33,0.51,0.39,0.51,0.390123174014607,0.51,0.39
140,34,0.8,0.39,0.8,0.39183500800000004,0.8,0.39
140,35,-0.8,0.6,-0.8,0.601835008,-0.8,0.6
140,36,-0.57,0.6,-0.57,0.600240075130743,-0.57,0.6
140,37,-0.29,0.6,-0.29,0.600004163763247,-0.29,0.6
140,38,0.0,0.6,0.0,0.6,0.0,0.6
140,39,0.23,0.6,0.23,0.600001036251223,0.23,0.6
140,40,0.51,0.6,0.51,0.600123174014607,0.51,0.6
140,41,0.8,0.6,0.8,0.601835008,0.8,0.6
140,42,0.0,0.0,0.0,0.0,0.0,0.0
140,43,0.71,-0.23,0.71,-0.229103298012553,0.71,-0.23
140,44,-0.37,0.53,-0.37,0.530017960084863,-0.37,0.53
140,45,0.12,-0.49,0.12,-0.489999979098112,0.12,-0.49
140,46,-0.73,0.08,-0.73,0.081059339584023,-0.73,0.08
140,47,0.63,0.44,0.63,0.440437664515463,0.63,0.44
140,48,-0.19,-0.56,-0.19,-0.559999670678833,-0.19,-0.56
140,49,0.79,0.31,0.79,0.311701612188647,0.79,0.31
140,50,-0.61,-0.41,-0.61,-0.409639357379473,-0.61,-0.41
140,51,0.42,-0.52,0.42,-0.519961576777792,0.42,-0.52
140,52,-0.48,0.27,-0.48,0.270085614133248,-0.48,0.27
140,53,0.06,0.58,0.06,0.5800000003265919,0.06,0.58
141,0,-0.8,-0.6,-0.8,-0.598164992,-0.8,-0.6
141,1,-0.57,-0.6,-0.57,-0.599759924869257,-0.57,-0.6
141,2,-0.29,-0.6,-0.29,-0.599995836236753,-0.29,-0.6
141,3,0.0,-0.6,0.0,-0.6,0.0,-0.6
141,4,0.23,-0.6,0.23,-0.5999989637487769,0.23,-0.6
141,5,0.51,-0.6,0.51,-0.5998768259853929,0.51,-0.6
141,6,0.8,-0.6,0.8,-0.598164992,0.8,-0.6
141,7,-0.8,-0.33,-0.8,-0.328164992,-0.8,-0.33
141,8,-0.57,-0.33,-0.57,-0.32975992486925704,-0.57,-0.33
141,9,-0.29,-0.33,-0.29,-0.329995836236753,-0.29,-0.33
141,10,0.0,-0.33,0.0,-0.33,0.0,-0.33
141,11,0.23,-0.33,0.23,-0.329998963748777,0.23,-0.33
141,12,0.51,-0.33,0.51,-0.32987682598539303,0.51,-0.33
141,13,0.8,-0.33,0.8,-0.328164992,0.8,-0.33
141,14,-0.8,-0.11,-0.8,-0.108164992,-0.8,-0.11
141,15,-0.57,-0.11,-0.57,-0.109759924869257,-0.57,-0.11
141,16,-0.29,-0.11,-0.29,-0.109995836236753,-0.29,-0.11
141,17,0.0,-0.11,0.0,-0.11,0.0,-0.11
141,18,0.23,-0.11,0.23,-0.109998963748777,0.23,-0.11
141,19,0.51,-0.11,0.51,-0.109876825985393,0.51,-0.11
141,20,0.8,-0.11,0.8,-0.108164992,0.8,-0.11
141,21,-0.8,0.17,-0.8,0.171835008,-0.8,0.17
141,22,-0.57,0.17,-0.57,0.17024007513074302,-0.57,0.17
141,23,-0.29,0.17,-0.29,0.170004163763247,-0.29,0.17
141,24,0.0,0.17,0.0,0.17,0.0,0.17
141,25,0.23,0.17,0.23,0.170001036251223,0.23,0.17
141,26,0.51,0.17,0.51,0.17012317401460703,0.51,0.17
141,27,0.8,0.17,0.8,0.171835008,0.8,0.17
141,28,-0.8,0.39,-0.8,0.39183500800000004,-0.8,0.39
141,29,-0.57,0.39,-0.57,0.390240075130743,-0.57,0.39
141,30,-0.29,0.39,-0.29,0.39000416376324704,-0.29,0.39
141,31,0.0,0.39,0.0,0.39,0.0,0.39
141,32,0.23,0.39,0.23,0.390001036251223,0.23,0.39
141,33,0.51,0.39,0.51,0.390123174014607,0.51,0.39
141,34,0.8,0.39,0.8,0.39183500800000004,0.8,0.39
141,35,-0.8,0.6,-0.8,0.601835008,-0.8,0.6
141,36,-0.57,0.6,-0.57,0.600240075130743,-0.57,0.6
141,37,-0.29,0.6,-0.29,0.600004163763247,-0.29,0.6
141,38,0.0,0.6,0.0,0.6,0.0,0.6
141,39,0.23,0.6,0.23,0.600001036251223,0.23,0.6
141,40,0.51,0.6,0.51,0.600123174014607,0.51,0.6
141,41,0.8,0.6,0.8,0.601835008,0.8,0.6
141,42,0.0,0.0,0.0,0.0,0.0,0.0
141,43,0.71,-0.23,0.71,-0.229103298012553,0.71,-0.23
141,44,-0.37,0.53,-0.37,0.530017960084863,-0.37,0.53
141,45,0.12,-0.49,0.12,-0.489999979098112,0.12,-0.49
141,46,-0.73,0.08,-0.73,0.081059339584023,-0.73,0.08
141,47,0.63,0.44,0.63,0.440437664515463,0.63,0.44
141,48,-0.19,-0.56,-0.19,-0.559999670678833,-0.19,-0.56
141,49,0.79,0.31,0.79,0.311701612188647,0.79,0.31
141,50,-0.61,-0.41,-0.61,-0.409639357379473,-0.61,-0.41
141,51,0.42,-0.52,0.42,-0.519961576777792,0.42,-0.52
141,52,-0.48,0.27,-0.48,0.270085614133248,-0.48,0.27
141,53,0.06,0.58,0.06,0.5800000003265919,0.06,0.58
142,0,-0.8,-0.6,-0.8,-0.598623744,-0.8,-0.6
142,1,-0.57,-0.6,-0.57,-0.5997472893360599,-0.57,-0.6
142,2,-0.29,-0.6,-0.29,-0.5999913853174199,-0.29,-0.6
142,3,0.0,-0.6,0.0,-0.6,0.0,-0.6
142,4,0.23,-0.6,0.23,-0.60000270326406,0.23,-0.6
142,5,0.51,-0.6,0.51,-0.60014491060542,0.51,-0.6
142,6,0.8,-0.6,0.8,-0.6013762559999999,0.8,-0.6
142,7,-0.8,-0.33,-0.8,-0.3292430592,-0.8,-0.33
142,8,-0.57,-0.33,-0.57,-0.329861009134833,-0.57,-0.33
142,9,-0.29,-0.33,-0.29,-0.329995261924581,-0.29,-0.33
142,10,0.0,-0.33,0.0,-0.33,0.0,-0.33
142,11,0.23,-0.33,0.23,-0.33000148679523306,0.23,-0.33
142,12,0.51,-0.33,0.51,-0.33007970083298105,0.51,-0.33
142,13,0.8,-0.33,0.8,-0.3307569408,0.8,-0.33
142,14,-0.8,-0.11,-0.8,-0.1097476864,-0.8,-0.11
142,15,-0.57,-0.11,-0.57,-0.109953669711611,-0.57,-0.11
142,16,-0.29,-0.11,-0.29,-0.109998420641527,-0.29,-0.11
142,17,0.0,-0.11,0.0,-0.11,0.0,-0.11
142,18,0.23,-0.11,0.23,-0.11000049559841102,0.23,-0.11
142,19,0.51,-0.11,0.51,-0.110026566944327,0.51,-0.11
142,20,0.8,-0.11,0.8,-0.1102523136,0.8,-0.11
142,21,-0.8,0.17,-0.8,0.16961006080000002,-0.8,0.17
142,22,-0.57,0.17,-0.57,0.169928398645217,-0.57,0.17
142,23,-0.29,0.17,-0.29,0.169997559173269,-0.29,0.17
142,24,0.0,0.17,0.0,0.17,0.0,0.17
142,25,0.23,0.17,0.23,0.17000076592481703,0.23,0.17
142,26,0.51,0.17,0.51,0.17004105800486902,0.51,0.17
142,27,0.8,0.17,0.8,0.1703899392,0.8,0.17
142,28,-0.8,0.39,-0.8,0.3891054336,-0.8,0.39
142,29,-0.57,0.39,-0.57,0.389835738068439,-0.57,0.39
142,30,-0.29,0.39,-0.29,0.389994400456323,-0.29,0.39
142,31,0.0,0.39,0.0,0.39,0.0,0.39
142,32,0.23,0.39,0.23,0.39000175712163904,0.23,0.39
142,33,0.51,0.39,0.51,0.390094191893523,0.51,0.39
142,34,0.8,0.39,0.8,0.3908945664,0.8,0.39
142,35,-0.8,0.6,-0.8,0.598623744,-0.8,0.6
142,36,-0.57,0.6,-0.57,0.5997472893360599,-0.57,0.6
142,37,-0.29,0.6,-0.29,0.5999913853174199,-0.29,0.6
142,38,0.0,0.6,0.0,0.6,0.0,0.6
142,39,0.23,0.6,0.23,0.60000270326406,0.23,0.6
142,40,0.51,0.6,0.51,0.60014491060542,0.51,0.6
142,41,0.8,0.6,0.8,0.6013762559999999,0.8,0.6
142,42,0.0,0.0,0.0,0.0,0.0,0.0
142,43,0.71,-0.23,0.71,-0.230290480925511,0.71,-0.23
142,44,-0.37,0.53,-0.37,0.529974273391953,-0.37,0.53
142,45,0.12,-0.49,0.12,-0.490000085349376,0.12,-0.49
142,46,-0.73,0.08,-0.73,0.07988390799079201,-0.73,0.08
142,47,0.63,0.44,0.63,0.44030567045524405,0.63,0.44
142,48,-0.19,-0.56,-0.19,-0.5599990293691921,-0.19,-0.56
142,49,0.79,0.31,0.79,0.310667721238583,0.79,0.31
142,50,-0.61,-0.41,-0.61,-0.40975760086161295,-0.61,-0.41
142,51,0.42,-0.52,0.42,-0.5200475716084481,0.42,-0.52
142,52,-0.48,0.27,-0.48,0.269951842050048,-0.48,0.27
142,53,0.06,0.58,0.06,0.5800000031570559,0.06,0.58
143,0,-0.8,-0.6,-0.8,-0.598623744,-0.8,-0.6
143,1,-0.57,-0.6,-0.57,-0.59974728933606,-0.57,-0.6
143,2,-0.29,-0.6,-0.29,-0.59999138531742,-0.29,-0.6
143,3,0.0,-0.6,0.0,-0.6,0.0,-0.6
143,4,0.23,-0.6,0.23,-0.60000270326406,0.23,-0.6
143,5,0.51,-0.6,0.51,-0.60014491060542,0.51,-0.6
143,6,0.8,-0.6,0.8,-0.601376256,0.8,-0.6
143,7,-0.8,-0.33,-0.8,-0.3292430592,-0.8,-0.33
143,8,-0.57,-0.33,-0.57,-0.329861009134833,-0.57,-0.33
143,9,-0.29,-0.33,-0.29,-0.329995261924581,-0.29,-0.33
143,10,0.0,-0.33,0.0,-0.33,0.0,-0.33
143,11,0.23,-0.33,0.23,-0.330001486795233,0.23,-0.33
143,12,0.51,-0.33,0.51,-0.330079700832981,0.51,-0.33
143,13,0.8,-0.33,0.8,-0.3307569408,0.8,-0.33
143,14,-0.8,-0.11,-0.8,-0.1097476864,-0.8,-0.11
143,15,-0.57,-0.11,-0.57,-0.109953669711611,-0.57,-0.11
143,16,-0.29,-0.11,-0.29,-0.109998420641527,-0.29,-0.11
143,17,0.0,-0.11,0.0,-0.11,0.0,-0.11
143,18,0.23,-0.11,0.23,-0.110000495598411,0.23,-0.11
143,19,0.51,-0.11,0.51,-0.110026566944327,0.51,-0.11
143,20,0.8,-0.11,0.8,-0.1102523136,0.8,-0.11
143,21,-0.8,0.17,-0.8,0.16961006080000002,-0.8,0.17
143,22,-0.57,0.17,-0.57,0.169928398645217,-0.57,0.17
143,23,-0.29,0.17,-0.29,0.169997559173269,-0.29,0.17
143,24,0.0,0.17,0.0,0.17,0.0,0.17
143,25,0.23,0.17,0.23,0.170000765924817,0.23,0.17
143,26,0.51,0.17,0.51,0.17004105800486902,0.51,0.17
143,27,0.8,0.17,0.8,0.1703899392,0.8,0.17
143,28,-0.8,0.39,-0.8,0.3891054336,-0.8,0.39
143,29,-0.57,0.39,-0.57,0.389835738068439,-0.57,0.39
143,30,-0.29,0.39,-0.29,0.389994400456323,-0.29,0.39
143,31,0.0,0.39,0.0,0.39,0.0,0.39
143,32,0.23,0.39,0.23,0.39000175712163904,0.23,0.39
143,33,0.51,0.39,0.51,0.390094191893523,0.51,0.39
143,34,0.8,0.39,0.8,0.39089456640000003,0.8,0.39
143,35,-0.8,0.6,-0.8,0.598623744,-0.8,0.6
143,36,-0.57,0.6,-0.57,0.59974728933606,-0.57,0.6
143,37,-0.29,0.6,-0.29,0.59999138531742,-0.29,0.6
143,38,0.0,0.6,0.0,0.6,0.0,0.6
143,39,0.23,0.6,0.23,0.60000270326406,0.23,0.6
143,40,0.51,0.6,0.51,0.60014491060542,0.51,0.6
143,41,0.8,0.6,0.8,0.601376256,0.8,0.6
143,42,0.0,0.0,0.0,0.0,0.0,0.0
143,43,0.71,-0.23,0.71,-0.23029048092551102,0.71,-0.23
143,44,-0.37,0.53,-0.37,0.529974273391953,-0.37,0.53
143,45,0.12,-0.49,0.12,-0.490000085349376,0.12,-0.49
143,46,-0.73,0.08,-0.73,0.07988390799079201,-0.73,0.08
143,47,0.63,0.44,0.63,0.440305670455244,0.63,0.44
143,48,-0.19,-0.56,-0.19,-0.5599990293691921,-0.19,-0.56
143,49,0.79,0.31,0.79,0.310667721238583,0.79,0.31
143,50,-0.61,-0.41,-0.61,-0.409757600861613,-0.61,-0.41
143,51,0.42,-0.52,0.42,-0.5200475716084481,0.42,-0.52
143,52,-0.48,0.27,-0.48,0.269951842050048,-0.48,0.27
143,53,0.06,0.58,0.06,0.5800000031570559,0.06,0.58
144,0,-0.8,-0.6,-0.8,-0.5989678079999999,-0.8,-0.6
144,1,-0.57,-0.6,-0.57,-0.5997339887748,-0.57,-0.6
144,2,-0.29,-0.6,-0.29,-0.5999821765187999,-0.29,-0.6
144,3,0.0,-0.6,0.0,-0.6,0.0,-0.6
144,4,0.23,-0.6,0.23,-0.5999929480068,0.23,-0.6
144,5,0.51,-0.6,0.51,-0.5998295169347999,0.51,-0.6
144,6,0.8,-0.6,0.8,-0.5989678079999999,0.8,-0.6
144,7,-0.8,-0.33,-0.8,-0.32968776192,-0.8,-0.33
144,8,-0.57,-0.33,-0.57,-0.329919531604377,-0.57,-0.33
144,9,-0.29,-0.33,-0.29,-0.329994608396937,-0.29,-0.33
144,10,0.0,-0.33,0.0,-0.33,0.0,-0.33
144,11,0.23,-0.33,0.23,-0.329997866772057,0.23,-0.33
144,12,0.51,-0.33,0.51,-0.32994842887277703,0.51,-0.33
144,13,0.8,-0.33,0.8,-0.32968776192,0.8,-0.33
144,14,-0.8,-0.11,-0.8,-0.10996530688,-0.8,-0.11
144,15,-0.57,-0.11,-0.57,-0.109991059067153,-0.57,-0.11
144,16,-0.29,-0.11,-0.29,-0.109999400932993,-0.29,-0.11
144,17,0.0,-0.11,0.0,-0.11,0.0,-0.11
144,18,0.23,-0.11,0.23,-0.109999762974673,0.23,-0.11
144,19,0.51,-0.11,0.51,-0.10999426987475301,0.51,-0.11
144,20,0.8,-0.11,0.8,-0.10996530688,0.8,-0.11
144,21,-0.8,0.17,-0.8,0.17008286208,-0.8,0.17
144,22,-0.57,0.17,-0.57,0.170021354790023,-0.57,0.17
144,23,-0.29,0.17,-0.29,0.17000143082946303,-0.29,0.17
144,24,0.0,0.17,0.0,0.17,0.0,0.17
144,25,0.23,0.17,0.23,0.17000056611834302,0.23,0.17
144,26,0.51,0.17,0.51,0.170013686001623,0.51,0.17
144,27,0.8,0.17,0.8,0.17008286208,0.8,0.17
144,28,-0.8,0.39,-0.8,0.39043610112000005,-0.8,0.39
144,29,-0.57,0.39,-0.57,0.390112389742647,-0.57,0.39
144,30,-0.29,0.39,-0.29,0.39000753042080705,-0.29,0.39
144,31,0.0,0.39,0.0,0.39,0.0,0.39
144,32,0.23,0.39,0.23,0.39000297946712703,0.23,0.39
144,33,0.51,0.39,0.51,0.39007202909504696,0.51,0.39
144,34,0.8,0.39,0.8,0.39043610112000005,0.8,0.39
144,35,-0.8,0.6,-0.8,0.601032192,-0.8,0.6
144,36,-0.57,0.6,-0.57,0.6002660112252,-0.57,0.6
144,37,-0.29,0.6,-0.29,0.6000178234812,-0.29,0.6
144,38,0.0,0.6,0.0,0.6,0.0,0.6
144,39,0.23,0.6,0.23,0.6000070519932,0.23,0.6
144,40,0.51,0.6,0.51,0.6001704830652,0.51,0.6
144,41,0.8,0.6,0.8,0.601032192,0.8,0.6
144,42,0.0,0.0,0.0,0.0,0.0,0.0
144,43,0.71,-0.23,0.71,-0.229905900545257,0.71,-0.23
144,44,-0.37,0.53,-0.37,0.530036851627743,-0.37,0.53
144,45,0.12,-0.49,0.12,-0.48999965149004804,0.12,-0.49
144,46,-0.73,0.08,-0.73,0.080012722411968,-0.73,0.08
144,47,0.63,0.44,0.63,0.44021348412747197,0.63,0.44
144,48,-0.19,-0.56,-0.19,-0.559997139193408,-0.19,-0.56
144,49,0.79,0.31,0.79,0.310262017194887,0.79,0.31
144,50,-0.61,-0.41,-0.61,-0.40983707598895297,-0.61,-0.41
144,51,0.42,-0.52,0.42,-0.519941101818112,0.42,-0.52
144,52,-0.48,0.27,-0.48,0.270027088846848,-0.48,0.27
144,53,0.06,0.58,0.06,0.580000030518208,0.06,0.58
145,0,-0.8,-0.6,-0.8,-0.5989678079999999,-0.8,-0.6
145,1,-0.57,-0.6,-0.57,-0.5997339887748,-0.57,-0.6
145,2,-0.29,-0.6,-0.29,-0.5999821765187999,-0.29,-0.6
145,3,0.0,-0.6,0.0,-0.6,0.0,-0.6
145,4,0.23,-0.6,0.23,-0.5999929480068,0.23,-0.6
145,5,0.51,-0.6,0.51,-0.5998295169348,0.51,-0.6
145,6,0.8,-0.6,0.8,-0.5989678079999999,0.8,-0.6
145,7,-0.8,-0.33,-0.8,-0.32968776192,-0.8,-0.33
145,8,-0.57,-0.33,-0.57,-0.32991953160437704,-0.57,-0.33
145,9,-0.29,-0.33,-0.29,-0.329994608396937,-0.29,-0.33
145,10,0.0,-0.33,0.0,-0.33,0.0,-0.33
145,11,0.23,-0.33,0.23,-0.329997866772057,0.23,-0.33
145,12,0.51,-0.33,0.51,-0.32994842887277703,0.51,-0.33
145,13,0.8,-0.33,0.8,-0.32968776192,0.8,-0.33
145,14,-0.8,-0.11,-0.8,-0.10996530688,-0.8,-0.11
145,15,-0.57,-0.11,-0.57,-0.109991059067153,-0.57,-0.11
145,16,-0.29,-0.11,-0.29,-0.109999400932993,-0.29,-0.11
145,17,0.0,-0.11,0.0,-0.11,0.0,-0.11
145,18,0.23,-0.11,0.23,-0.109999762974673,0.23,-0.11
145,19,0.51,-0.11,0.51,-0.109994269874753,0.51,-0.11
145,20,0.8,-0.11,0.8,-0.10996530688,0.8,-0.11
145,21,-0.8,0.17,-0.8,0.17008286208,-0.8,0.17
145,22,-0.57,0.17,-0.57,0.170021354790023,-0.57,0.17
145,23,-0.29,0.17,-0.29,0.170001430829463,-0.29,0.17
145,24,0.0,0.17,0.0,0.17,0.0,0.17
145,25,0.23,0.17,0.23,0.17000056611834302,0.23,0.17
145,26,0.51,0.17,0.51,0.170013686001623,0.51,0.17
145,27,0.8,0.17,0.8,0.17008286208,0.8,0.17
145,28,-0.8,0.39,-0.8,0.39043610112,-0.8,0.39
145,29,-0.57,0.39,-0.57,0.390112389742647,-0.57,0.39
145,30,-0.29,0.39,-0.29,0.390007530420807,-0.29,0.39
145,31,0.0,0.39,0.0,0.39,0.0,0.39
145,32,0.23,0.39,0.23,0.39000297946712703,0.23,0.39
145,33,0.51,0.39,0.51,0.390072029095047,0.51,0.39
145,34,0.8,0.39,0.8,0.39043610112,0.8,0.39
145,35,-0.8,0.6,-0.8,0.601032192,-0.8,0.6
145,36,-0.57,0.6,-0.57,0.6002660112252,-0.57,0.6
145,37,-0.29,0.6,-0.29,0.6000178234812,-0.29,0.6
145,38,0.0,0.6,0.0,0.6,0.0,0.6
145,39,0.23,0.6,0.23,0.6000070519931999,0.23,0.6
145,40,0.51,0.6,0.51,0.6001704830651999,0.51,0.6
145,41,0.8,0.6,0.8,0.601032192,0.8,0.6
145,42,0.0,0.0,0.0,0.0,0.0,0.0
145,43,0.71,-0.23,0.71,-0.229905900545257,0.71,-0.23
145,44,-0.37,0.53,-0.37,0.530036851627743,-0.37,0.53
145,45,0.12,-0.49,0.12,-0.489999651490048,0.12,-0.49
145,46,-0.73,0.08,-0.73,0.080012722411968,-0.73,0.08
145,47,0.63,0.44,0.63,0.440213484127472,0.63,0.44
145,48,-0.19,-0.56,-0.19,-0.5599971391934081,-0.19,-0.56
145,49,0.79,0.31,0.79,0.310262017194887,0.79,0.31
145,50,-0.61,-0.41,-0.61,-0.40983707598895297,-0.61,-0.41
145,51,0.42,-0.52,0.42,-0.519941101818112,0.42,-0.52
145,52,-0.48,0.27,-0.48,0.270027088846848,-0.48,0.27
145,53,0.06,0.58,0.06,0.5800000305182079,0.06,0.58
146,0,-0.8,-0.6,-0.8,-0.599225856,-0.8,-0.6
146,1,-0.57,-0.6,-0.57,-0.599719988184,-0.57,-0.6
146,2,-0.29,-0.6,-0.29,-0.599963123832,-0.29,-0.6
146,3,0.0,-0.6,0.0,-0.6,0.0,-0.6
146,4,0.23,-0.6,0.23,-0.600018396504,0.23,-0.6
146,5,0.51,-0.6,0.51,-0.600200568312,0.51,-0.6
146,6,0.8,-0.6,0.8,-0.6007741440000001,0.8,-0.6
146,7,-0.8,-0.33,-0.8,-0.329871201792,-0.8,-0.33
146,8,-0.57,-0.33,-0.57,-0.329953413034113,-0.57,-0.33
146,9,-0.29,-0.33,-0.29,-0.32999386472754905,-0.29,-0.33
146,10,0.0,-0.33,0.0,-0.33,0.0,-0.33
146,11,0.23,-0.33,0.23,-0.33000306071835306,0.23,-0.33
146,12,0.51,-0.33,0.51,-0.330033369552909,0.51,-0.33
146,13,0.8,-0.33,0.8,-0.33012879820800006,0.8,-0.33
146,14,-0.8,-0.11,-0.8,-0.109995229696,-0.8,-0.11
146,15,-0.57,-0.11,-0.57,-0.109998274556819,-0.57,-0.11
146,16,-0.29,-0.11,-0.29,-0.109999772767687,-0.29,-0.11
146,17,0.0,-0.11,0.0,-0.11,0.0,-0.11
146,18,0.23,-0.11,0.23,-0.110000113359939,0.23,-0.11
146,19,0.51,-0.11,0.51,-0.110001235909367,0.51,-0.11
146,20,0.8,-0.11,0.8,-0.110004770304,0.8,-0.11
146,21,-0.8,0.17,-0.8,0.169982391808,-0.8,0.17
146,22,-0.57,0.17,-0.57,0.169993631027537,-0.57,0.17
146,23,-0.29,0.17,-0.29,0.16999916123790101,-0.29,0.17
146,24,0.0,0.17,0.0,0.17,0.0,0.17
146,25,0.23,0.17,0.23,0.17000041843529703,0.23,0.17
146,26,0.51,0.17,0.51,0.17000456200054104,0.51,0.17
146,27,0.8,0.17,0.8,0.170017608192,0.8,0.17
146,28,-0.8,0.39,-0.8,0.389787400704,-0.8,0.39
146,29,-0.57,0.39,-0.57,0.389923101755031,-0.57,0.39
146,30,-0.29,0.39,-0.29,0.389989872882363,-0.29,0.39
146,31,0.0,0.39,0.0,0.39,0.0,0.39
146,32,0.23,0.39,0.23,0.39000505213991105,0.23,0.39
146,33,0.51,0.39,0.51,0.390055081072683,0.51,0.39
146,34,0.8,0.39,0.8,0.39021259929600005,0.8,0.39
146,35,-0.8,0.6,-0.8,0.599225856,-0.8,0.6
146,36,-0.57,0.6,-0.57,0.599719988184,-0.57,0.6
146,37,-0.29,0.6,-0.29,0.599963123832,-0.29,0.6
146,38,0.0,0.6,0.0,0.6,0.0,0.6
146,39,0.23,0.6,0.23,0.600018396504,0.23,0.6
146,40,0.51,0.6,0.51,0.600200568312,0.51,0.6
146,41,0.8,0.6,0.8,0.6007741440000001,0.8,0.6
146,42,0.0,0.0,0.0,0.0,0.0,0.0
146,43,0.71,-0.23,0.71,-0.23003048292195902,0.71,-0.23
146,44,-0.37,0.53,-0.37,0.5299472125332331,-0.37,0.53
146,45,0.12,-0.49,0.12,-0.49000142308230393,0.12,-0.49
146,46,-0.73,0.08,-0.73,0.07999860576307201,-0.73,0.08
146,47,0.63,0.44,0.63,0.440149100025536,0.63,0.44
146,48,-0.19,-0.56,-0.19,-0.559991568148992,-0.19,-0.56
146,49,0.79,0.31,0.79,0.310102816873943,0.79,0.31
146,50,-0.61,-0.41,-0.61,-0.409890493697493,-0.61,-0.41
146,51,0.42,-0.52,0.42,-0.520072921558528,0.42,-0.52
146,52,-0.48,0.27,-0.48,0.269984762523648,-0.48,0.27
146,53,0.06,0.58,0.06,0.5800002950093439,0.06,0.58
147,0,-0.8,-0.6,-0.8,-0.599225856,-0.8,-0.6
147,1,-0.57,-0.6,-0.57,-0.599719988184,-0.57,-0.6
147,2,-0.29,-0.6,-0.29,-0.599963123832,-0.29,-0.6
147,3,0.0,-0.6,0.0,-0.6,0.0,-0.6
147,4,0.23,-0.6,0.23,-0.600018396504,0.23,-0.6
147,5,0.51,-0.6,0.51,-0.600200568312,0.51,-0.6
147,6,0.8,-0.6,0.8,-0.600774144,0.8,-0.6
147,7,-0.8,-0.33,-0.8,-0.329871201792,-0.8,-0.33
147,8,-0.57,-0.33,-0.57,-0.329953413034113,-0.57,-0.33
147,9,-0.29,-0.33,-0.29,-0.329993864727549,-0.29,-0.33
147,10,0.0,-0.33,0.0,-0.33,0.0,-0.33
147,11,0.23,-0.33,0.23,-0.330003060718353,0.23,-0.33
147,12,0.51,-0.33,0.51,-0.330033369552909,0.51,-0.33
147,13,0.8,-0.33,0.8,-0.330128798208,0.8,-0.33
147,14,-0.8,-0.11,-0.8,-0.109995229696,-0.8,-0.11
147,15,-0.57,-0.11,-0.57,-0.109998274556819,-0.57,-0.11
147,16,-0.29,-0.11,-0.29,-0.109999772767687,-0.29,-0.11
147,17,0.0,-0.11,0.0,-0.11,0.0,-0.11
147,18,0.23,-0.11,0.23,-0.110000113359939,0.23,-0.11
147,19,0.51,-0.11,0.51,-0.110001235909367,0.51,-0.11
147,20,0.8,-0.11,0.8,-0.11000477030400001,0.8,-0.11
147,21,-0.8,0.17,-0.8,0.169982391808,-0.8,0.17
147,22,-0.57,0.17,-0.57,0.169993631027537,-0.57,0.17
147,23,-0.29,0.17,-0.29,0.16999916123790101,-0.29,0.17
147,24,0.0,0.17,0.0,0.17,0.0,0.17
147,25,0.23,0.17,0.23,0.170000418435297,0.23,0.17
147,26,0.51,0.17,0.51,0.170004562000541,0.51,0.17
147,27,0.8,0.17,0.8,0.170017608192,0.8,0.17
147,28,-0.8,0.39,-0.8,0.38978740070400003,-0.8,0.39
147,29,-0.57,0.39,-0.57,0.38992310175503103,-0.57,0.39
147,30,-0.29,0.39,-0.29,0.38998987288236303,-0.29,0.39
147,31,0.0,0.39,0.0,0.39,0.0,0.39
147,32,0.23,0.39,0.23,0.390005052139911,0.23,0.39
147,33,0.51,0.39,0.51,0.390055081072683,0.51,0.39
147,34,0.8,0.39,0.8,0.390212599296,0.8,0.39
147,35,-0.8,0.6,-0.8,0.599225856,-0.8,0.6
147,36,-0.57,0.6,-0.57,0.599719988184,-0.57,0.6
147,37,-0.29,0.6,-0.29,0.599963123832,-0.29,0.6
147,38,0.0,0.6,0.0,0.6,0.0,0.6
147,39,0.23,0.6,0.23,0.600018396504,0.23,0.6
147,40,0.51,0.6,0.51,0.600200568312,0.51,0.6
147,41,0.8,0.6,0.8,0.600774144,0.8,0.6
147,42,0.0,0.0,0.0,0.0,0.0,0.0
147,43,0.71,-0.23,0.71,-0.23003048292195902,0.71,-0.23
147,44,-0.37,0.53,-0.37,0.5299472125332331,-0.37,0.53
147,45,0.12,-0.49,0.12,-0.490001423082304,0.12,-0.49
147,46,-0.73,0.08,-0.73,0.079998605763072,-0.73,0.08
147,47,0.63,0.44,0.63,0.440149100025536,0.63,0.44
147,48,-0.19,-0.56,-0.19,-0.5599915681489921,-0.19,-0.56
147,49,0.79,0.31,0.79,0.310102816873943,0.79,0.31
147,50,-0.61,-0.41,-0.61,-0.409890493697493,-0.61,-0.41
147,51,0.42,-0.52,0.42,-0.520072921558528,0.42,-0.52
147,52,-0.48,0.27,-0.48,0.269984762523648,-0.48,0.27
147,53,0.06,0.58,0.06,0.5800002950093439,0.06,0.58
148,0,-0.8,-0.6,-0.8,-0.5994193919999999,-0.8,-0.6
148,1,-0.57,-0.6,-0.57,-0.59970525072,-0.57,-0.6
148,2,-0.29,-0.6,-0.29,-0.59992370448,-0.29,-0.6
148,3,0.0,-0.6,0.0,-0.6,0.0,-0.6
148,4,0.23,-0.6,0.23,-0.5999520091199999,0.23,-0.6
148,5,0.51,-0.6,0.51,-0.5997640372799999,0.51,-0.6
148,6,0.8,-0.6,0.8,-0.5994193919999999,0.8,-0.6
148,7,-0.8,-0.33,-0.8,-0.32994687073920004,-0.8,-0.33
148,8,-0.57,-0.33,-0.57,-0.32997302859869704,-0.57,-0.33
148,9,-0.29,-0.33,-0.29,-0.329993018483073,-0.29,-0.33
148,10,0.0,-0.33,0.0,-0.33,0.0,-0.33
148,11,0.23,-0.33,0.23,-0.329995608534537,0.23,-0.33
148,12,0.51,-0.33,0.51,-0.329978407936353,0.51,-0.33
148,13,0.8,-0.33,0.8,-0.32994687073920004,0.8,-0.33
148,14,-0.8,-0.11,-0.8,-0.1099993440832,-0.8,-0.11
148,15,-0.57,-0.11,-0.57,-0.109999667019737,-0.57,-0.11
148,16,-0.29,-0.11,-0.29,-0.109999913808433,-0.29,-0.11
148,17,0.0,-0.11,0.0,-0.11,0.0,-0.11
148,18,0.23,-0.11,0.23,-0.109999945784377,0.23,-0.11
148,19,0.51,-0.11,0.51,-0.109999733431313,0.51,-0.11
148,20,0.8,-0.11,0.8,-0.1099993440832,0.8,-0.11
148,21,-0.8,0.17,-0.8,0.1700037417408,-0.8,0.17
148,22,-0.57,0.17,-0.57,0.17000189951810302,-0.57,0.17
148,23,-0.29,0.17,-0.29,0.170000491688127,-0.29,0.17
148,24,0.0,0.17,0.0,0.17,0.0,0.17
148,25,0.23,0.17,0.23,0.170000309278263,0.23,0.17
148,26,0.51,0.17,0.51,0.17000152066684704,0.51,0.17
148,27,0.8,0.17,0.8,0.1700037417408,0.8,0.17
148,28,-0.8,0.39,-0.8,0.3901036421568,-0.8,0.39
148,29,-0.57,0.39,-0.57,0.390052614588663,-0.57,0.39
148,30,-0.29,0.39,-0.29,0.390013619227167,-0.29,0.39
148,31,0.0,0.39,0.0,0.39,0.0,0.39
148,32,0.23,0.39,0.23,0.390008566672023,0.23,0.39
148,33,0.51,0.39,0.51,0.390042120820287,0.51,0.39
148,34,0.8,0.39,0.8,0.3901036421568,0.8,0.39
148,35,-0.8,0.6,-0.8,0.600580608,-0.8,0.6
148,36,-0.57,0.6,-0.57,0.6002947492799999,-0.57,0.6
148,37,-0.29,0.6,-0.29,0.60007629552,-0.29,0.6
148,38,0.0,0.6,0.0,0.6,0.0,0.6
148,39,0.23,0.6,0.23,0.6000479908799999,0.23,0.6
148,40,0.51,0.6,0.51,0.60023596272,0.51,0.6
148,41,0.8,0.6,0.8,0.600580608,0.8,0.6
148,42,0.0,0.0,0.0,0.0,0.0,0.0
148,43,0.71,-0.23,0.71,-0.229990125250633,0.71,-0.23
148,44,-0.37,0.53,-0.37,0.530075614479423,-0.37,0.53
148,45,0.12,-0.49,0.12,-0.489994189080592,0.12,-0.49
148,46,-0.73,0.08,-0.73,0.080000152793088,-0.73,0.08
148,47,0.63,0.44,0.63,0.440104133351168,0.63,0.44
148,48,-0.19,-0.56,-0.19,-0.559975148228608,-0.19,-0.56
148,49,0.79,0.31,0.79,0.31004034586192697,0.79,0.31
148,50,-0.61,-0.41,-0.61,-0.40992639740323294,-0.61,-0.41
148,51,0.42,-0.52,0.42,-0.519909716165632,0.42,-0.52
148,52,-0.48,0.27,-0.48,0.27000857108044807,-0.48,0.27
148,53,0.06,0.58,0.06,0.5800028517569918,0.06,0.58
149,0,-0.8,-0.6,-0.8,-0.5994193919999999,-0.8,-0.6
149,1,-0.57,-0.6,-0.57,-0.59970525072,-0.57,-0.6
149,2,-0.29,-0.6,-0.29,-0.59992370448,-0.29,-0.6
149,3,0.0,-0.6,0.0,-0.6,0.0,-0.6
149,4,0.23,-0.6,0.23,-0.59995200912,0.23,-0.6
149,5,0.51,-0.6,0.51,-0.5997640372799999,0.51,-0.6
149,6,0.8,-0.6,0.8,-0.5994193919999999,0.8,-0.6
149,7,-0.8,-0.33,-0.8,-0.32994687073920004,-0.8,-0.33
149,8,-0.57,-0.33,-0.57,-0.32997302859869704,-0.57,-0.33
149,9,-0.29,-0.33,-0.29,-0.329993018483073,-0.29,-0.33
149,10,0.0,-0.33,0.0,-0.33,0.0,-0.33
149,11,0.23,-0.33,0.23,-0.329995608534537,0.23,-0.33
149,12,0.51,-0.33,0.51,-0.329978407936353,0.51,-0.33
149,13,0.8,-0.33,0.8,-0.32994687073920004,0.8,-0.33
149,14,-0.8,-0.11,-0.8,-0.1099993440832,-0.8,-0.11
149,15,-0.57,-0.11,-0.57,-0.109999667019737,-0.57,-0.11
149,16,-0.29,-0.11,-0.29,-0.109999913808433,-0.29,-0.11
149,17,0.0,-0.11,0.0,-0.11,0.0,-0.11
149,18,0.23,-0.11,0.23,-0.109999945784377,0.23,-0.11
149,19,0.51,-0.11,0.51,-0.109999733431313,0.51,-0.11
149,20,0.8,-0.11,0.8,-0.1099993440832,0.8,-0.11
149,21,-0.8,0.17,-0.8,0.17000374174080002,-0.8,0.17
149,22,-0.57,0.17,-0.57,0.17000189951810302,-0.57,0.17
149,23,-0.29,0.17,-0.29,0.170000491688127,-0.29,0.17
149,24,0.0,0.17,0.0,0.17,0.0,0.17
149,25,0.23,0.17,0.23,0.170000309278263,0.23,0.17
149,26,0.51,0.17,0.51,0.170001520666847,0.51,0.17
149,27,0.8,0.17,0.8,0.17000374174080002,0.8,0.17
149,28,-0.8,0.39,-0.8,0.3901036421568,-0.8,0.39
149,29,-0.57,0.39,-0.57,0.390052614588663,-0.57,0.39
149,30,-0.29,0.39,-0.29,0.39001361922716704,-0.29,0.39
149,31,0.0,0.39,0.0,0.39,0.0,0.39
149,32,0.23,0.39,0.23,0.390008566672023,0.23,0.39
149,33,0.51,0.39,0.51,0.390042120820287,0.51,0.39
149,34,0.8,0.39,0.8,0.3901036421568,0.8,0.39
149,35,-0.8,0.6,-0.8,0.600580608,-0.8,0.6
149,36,-0.57,0.6,-0.57,0.6002947492799999,-0.57,0.6
149,37,-0.29,0.6,-0.29,0.60007629552,-0.29,0.6
149,38,0.0,0.6,0.0,0.6,0.0,0.6
149,39,0.23,0.6,0.23,0.6000479908799999,0.23,0.6
149,40,0.51,0.6,0.51,0.60023596272,0.51,0.6
149,41,0.8,0.6,0.8,0.600580608,0.8,0.6
149,42,0.0,0.0,0.0,0.0,0.0,0.0
149,43,0.71,-0.23,0.71,-0.229990125250633,0.71,-0.23
149,44,-0.37,0.53,-0.37,0.530075614479423,-0.37,0.53
149,45,0.12,-0.49,0.12,-0.489994189080592,0.12,-0.49
149,46,-0.73,0.08,-0.73,0.080000152793088,-0.73,0.08
149,47,0.63,0.44,0.63,0.440104133351168,0.63,0.44
149,48,-0.19,-0.56,-0.19,-0.559975148228608,-0.19,-0.56
149,49,0.79,0.31,0.79,0.310040345861927,0.79,0.31
149,50,-0.61,-0.41,-0.61,-0.409926397403233,-0.61,-0.41
149,51,0.42,-0.52,0.42,-0.519909716165632,0.42,-0.52
149,52,-0.48,0.27,-0.48,0.270008571080448,-0.48,0.27
149,53,0.06,0.58,0.06,0.580002851756992,0.06,0.58
150,0,-0.8,-0.6,-0.8,-0.5995645439999999,-0.8,-0.6
150,1,-0.57,-0.6,-0.57,-0.5996897376,-0.57,-0.6
150,2,-0.29,-0.6,-0.29,-0.5998421472,-0.29,-0.6
150,3,0.0,-0.6,0.0,-0.6,0.0,-0.6
150,4,0.23,-0.6,0.23,-0.6001251936,0.23,-0.6
150,5,0.51,-0.6,0.51,-0.6002776032,0.51,-0.6
150,6,0.8,-0.6,0.8,-0.6004354559999999,0.8,-0.6
150,7,-0.8,-0.33,-0.8,-0.32997808417992003,-0.8,-0.33
150,8,-0.57,-0.33,-0.57,-0.329984384978193,-0.57,-0.33
150,9,-0.29,-0.33,-0.29,-0.329992055515221,-0.29,-0.33
150,10,0.0,-0.33,0.0,-0.33,0.0,-0.33
150,11,0.23,-0.33,0.23,-0.330006300798273,0.23,-0.33
150,12,0.51,-0.33,0.51,-0.330013971335301,0.51,-0.33
150,13,0.8,-0.33,0.8,-0.33002191582008006,0.8,-0.33
150,14,-0.8,-0.11,-0.8,-0.10999990981144,-0.8,-0.11
150,15,-0.57,-0.11,-0.57,-0.109999935740651,-0.57,-0.11
150,16,-0.29,-0.11,-0.29,-0.109999967306647,-0.29,-0.11
150,17,0.0,-0.11,0.0,-0.11,0.0,-0.11
150,18,0.23,-0.11,0.23,-0.11000002592921101,0.23,-0.11
150,19,0.51,-0.11,0.51,-0.11000005749520701,0.51,-0.11
150,20,0.8,-0.11,0.8,-0.11000009018856,0.8,-0.11
150,21,-0.8,0.17,-0.8,0.16999920488008002,-0.8,0.17
150,22,-0.57,0.17,-0.57,0.169999433477057,-0.57,0.17
150,23,-0.29,0.17,-0.29,0.169999711769029,-0.29,0.17
150,24,0.0,0.17,0.0,0.17,0.0,0.17
150,25,0.23,0.17,0.23,0.170000228596977,0.23,0.17
150,26,0.51,0.17,0.51,0.17000050688894902,0.51,0.17
150,27,0.8,0.17,0.8,0.17000079511992003,0.8,0.17
150,28,-0.8,0.39,-0.8,0.38994947444856,-0.8,0.39
150,29,-0.57,0.39,-0.57,0.389964000544599,-0.57,0.39
150,30,-0.29,0.39,-0.29,0.389981684487603,-0.29,0.39
150,31,0.0,0.39,0.0,0.39,0.0,0.39
150,32,0.23,0.39,0.23,0.390014526096039,0.23,0.39
150,33,0.51,0.39,0.51,0.39003221003904304,0.51,0.39
150,34,0.8,0.39,0.8,0.39005052555144,0.8,0.39
150,35,-0.8,0.6,-0.8,0.5995645439999999,-0.8,0.6
150,36,-0.57,0.6,-0.57,0.5996897376,-0.57,0.6
150,37,-0.29,0.6,-0.29,0.5998421472,-0.29,0.6
150,38,0.0,0.6,0.0,0.6,0.0,0.6
150,39,0.23,0.6,0.23,0.6001251936,0.23,0.6
150,40,0.51,0.6,0.51,0.6002776032,0.51,0.6
150,41,0.8,0.6,0.8,0.6004354559999999,0.8,0.6
150,42,0.0,0.0,0.0,0.0,0.0,0.0
150,43,0.71,-0.23,0.71,-0.230003198862471,0.71,-0.23
150,44,-0.37,0.53,-0.37,0.5298916873673131,-0.37,0.53
150,45,0.12,-0.49,0.12,-0.490023727920916,0.12,-0.49
150,46,-0.73,0.08,-0.73,0.079999983255552,-0.73,0.08
150,47,0.63,0.44,0.63,0.44007272805478403,0.63,0.44
150,48,-0.19,-0.56,-0.19,-0.5599267526737921,-0.19,-0.56
150,49,0.79,0.31,0.79,0.31001583192050297,0.79,0.31
150,50,-0.61,-0.41,-0.61,-0.40995052940217297,-0.61,-0.41
150,51,0.42,-0.52,0.42,-0.5201117799854079,0.42,-0.52
150,52,-0.48,0.27,-0.48,0.26999517876724805,-0.48,0.27
150,53,0.06,0.58,0.06,0.580027566984256,0.06,0.58
151,0,-0.8,-0.6,-0.8,-0.599564544,-0.8,-0.6
151,1,-0.57,-0.6,-0.57,-0.5996897376,-0.57,-0.6
151,2,-0.29,-0.6,-0.29,-0.5998421472,-0.29,-0.6
151,3,0.0,-0.6,0.0,-0.6,0.0,-0.6
151,4,0.23,-0.6,0.23,-0.6001251935999999,0.23,-0.6
151,5,0.51,-0.6,0.51,-0.6002776032,0.51,-0.6
151,6,0.8,-0.6,0.8,-0.6004354559999999,0.8,-0.6
151,7,-0.8,-0.33,-0.8,-0.32997808417992003,-0.8,-0.33
151,8,-0.57,-0.33,-0.57,-0.329984384978193,-0.57,-0.33
151,9,-0.29,-0.33,-0.29,-0.32999205551522104,-0.29,-0.33
151,10,0.0,-0.33,0.0,-0.33,0.0,-0.33
151,11,0.23,-0.33,0.23,-0.33000630079827303,0.23,-0.33
151,12,0.51,-0.33,0.51,-0.330013971335301,0.51,-0.33
151,13,0.8,-0.33,0.8,-0.33002191582008,0.8,-0.33
151,14,-0.8,-0.11,-0.8,-0.10999990981144,-0.8,-0.11
151,15,-0.57,-0.11,-0.57,-0.109999935740651,-0.57,-0.11
151,16,-0.29,-0.11,-0.29,-0.109999967306647,-0.29,-0.11
151,17,0.0,-0.11,0.0,-0.11,0.0,-0.11
151,18,0.23,-0.11,0.23,-0.110000025929211,0.23,-0.11
151,19,0.51,-0.11,0.51,-0.110000057495207,0.51,-0.11
151,20,0.8,-0.11,0.8,-0.11000009018856,0.8,-0.11
151,21,-0.8,0.17,-0.8,0.16999920488008002,-0.8,0.17
151,22,-0.57,0.17,-0.57,0.169999433477057,-0.57,0.17
151,23,-0.29,0.17,-0.29,0.169999711769029,-0.29,0.17
151,24,0.0,0.17,0.0,0.17,0.0,0.17
151,25,0.23,0.17,0.23,0.170000228596977,0.23,0.17
151,26,0.51,0.17,0.51,0.17000050688894902,0.51,0.17
151,27,0.8,0.17,0.8,0.17000079511992,0.8,0.17
151,28,-0.8,0.39,-0.8,0.38994947444856004,-0.8,0.39
151,29,-0.57,0.39,-0.57,0.389964000544599,-0.57,0.39
151,30,-0.29,0.39,-0.29,0.389981684487603,-0.29,0.39
151,31,0.0,0.39,0.0,0.39,0.0,0.39
151,32,0.23,0.39,0.23,0.39001452609603904,0.23,0.39
151,33,0.51,0.39,0.51,0.39003221003904304,0.51,0.39
151,34,0.8,0.39,0.8,0.39005052555144,0.8,0.39
151,35,-0.8,0.6,-0.8,0.599564544,-0.8,0.6
151,36,-0.57,0.6,-0.57,0.5996897376,-0.57,0.6
151,37,-0.29,0.6,-0.29,0.5998421472,-0.29,0.6
151,38,0.0,0.6,0.0,0.6,0.0,0.6
151,39,0.23,0.6,0.23,0.6001251935999999,0.23,0.6
151,40,0.51,0.6,0.51,0.6002776032,0.51,0.6
151,41,0.8,0.6,0.8,0.6004354559999999,0.8,0.6
151,42,0.0,0.0,0.0,0.0,0.0,0.0
151,43,0.71,-0.23,0.71,-0.230003198862471,0.71,-0.23
151,44,-0.37,0.53,-0.37,0.5298916873673131,-0.37,0.53
151,45,0.12,-0.49,0.12,-0.490023727920916,0.12,-0.49
151,46,-0.73,0.08,-0.73,0.079999983255552,-0.73,0.08
151,47,0.63,0.44,0.63,0.440072728054784,0.63,0.44
151,48,-0.19,-0.56,-0.19,-0.5599267526737921,-0.19,-0.56
151,49,0.79,0.31,0.79,0.31001583192050297,0.79,0.31
151,50,-0.61,-0.41,-0.61,-0.40995052940217297,-0.61,-0.41
151,51,0.42,-0.52,0.42,-0.520111779985408,0.42,-0.52
151,52,-0.48,0.27,-0.48,0.26999517876724805,-0.48,0.27
151,53,0.06,0.58,0.06,0.580027566984256,0.06,0.58
152,0,-0.8,-0.6,-0.8,-0.5996734079999999,-0.8,-0.6
152,1,-0.57,-0.6,-0.57,-0.5996734079999999,-0.57,-0.6
152,2,-0.29,-0.6,-0.29,-0.5996734079999999,-0.29,-0.6
152,3,0.0,-0.6,0.0,-0.5996734079999999,0.0,-0.6
152,4,0.23,-0.6,0.23,-0.5996734079999999,0.23,-0.6
152,5,0.51,-0.6,0.51,-0.5996734079999999,0.51,-0.6
152,6,0.8,-0.6,0.8,-0.5996734079999999,0.8,-0.6
152,7,-0.8,-0.33,-0.8,-0.329990959724217,-0.8,-0.33
152,8,-0.57,-0.33,-0.57,-0.329990959724217,-0.57,-0.33
152,9,-0.29,-0.33,-0.29,-0.329990959724217,-0.29,-0.33
152,10,0.0,-0.33,0.0,-0.329990959724217,0.0,-0.33
152,11,0.23,-0.33,0.23,-0.329990959724217,0.23,-0.33
152,12,0.51,-0.33,0.51,-0.329990959724217,0.51,-0.33
152,13,0.8,-0.33,0.8,-0.329990959724217,0.8,-0.33
152,14,-0.8,-0.11,-0.8,-0.109999987599073,-0.8,-0.11
152,15,-0.57,-0.11,-0.57,-0.109999987599073,-0.57,-0.11
152,16,-0.29,-0.11,-0.29,-0.109999987599073,-0.29,-0.11
152,17,0.0,-0.11,0.0,-0.109999987599073,0.0,-0.11
152,18,0.23,-0.11,0.23,-0.109999987599073,0.23,-0.11
152,19,0.51,-0.11,0.51,-0.109999987599073,0.51,-0.11
152,20,0.8,-0.11,0.8,-0.109999987599073,0.8,-0.11
152,21,-0.8,0.17,-0.8,0.170000168962983,-0.8,0.17
152,22,-0.57,0.17,-0.57,0.170000168962983,-0.57,0.17
152,23,-0.29,0.17,-0.29,0.170000168962983,-0.29,0.17
152,24,0.0,0.17,0.0,0.170000168962983,0.0,0.17
152,25,0.23,0.17,0.23,0.170000168962983,0.23,0.17
152,26,0.51,0.17,0.51,0.170000168962983,0.51,0.17
152,27,0.8,0.17,0.8,0.170000168962983,0.8,0.17
152,28,-0.8,0.39,-0.8,0.39002463120632697,-0.8,0.39
152,29,-0.57,0.39,-0.57,0.39002463120632697,-0.57,0.39
152,30,-0.29,0.39,-0.29,0.39002463120632697,-0.29,0.39
152,31,0.0,0.39,0.0,0.39002463120632697,0.0,0.39
152,32,0.23,0.39,0.23,0.39002463120632697,0.23,0.39
152,33,0.51,0.39,0.51,0.39002463120632697,0.51,0.39
152,34,0.8,0.39,0.8,0.39002463120632697,0.8,0.39
152,35,-0.8,0.6,-0.8,0.6003265919999999,-0.8,0.6
152,36,-0.57,0.6,-0.57,0.6003265919999999,-0.57,0.6
152,37,-0.29,0.6,-0.29,0.6003265919999999,-0.29,0.6
152,38,0.0,0.6,0.0,0.6003265919999999,0.0,0.6
152,39,0.23,0.6,0.23,0.6003265919999999,0.23,0.6
152,40,0.51,0.6,0.51,0.6003265919999999,0.51,0.6
152,41,0.8,0.6,0.8,0.6003265919999999,0.8,0.6
152,42,0.0,0.0,0.0,0.0,0.0,0.0
152,43,0.71,-0.23,0.71,-0.229998963748777,0.71,-0.23
152,44,-0.37,0.53,-0.37,0.5301551505279031,-0.37,0.53
152,45,0.12,-0.49,0.12,-0.489903110989593,0.12,-0.49
152,46,-0.73,0.08,-0.73,0.08000000183500801,-0.73,0.08
152,47,0.63,0.44,0.63,0.44005079419699206,0.63,0.44
152,48,-0.19,-0.56,-0.19,-0.559784113143808,-0.19,-0.56
152,49,0.79,0.31,0.79,0.310006212525767,0.79,0.31
152,50,-0.61,-0.41,-0.61,-0.40996674927031296,-0.61,-0.41
152,51,0.42,-0.52,0.42,-0.519861605732352,0.42,-0.52
152,52,-0.48,0.27,-0.48,0.270002711943423,-0.48,0.27
152,53,0.06,0.58,0.06,0.580266480847808,0.06,0.58
153,0,-0.8,-0.6,-0.8,-0.599673408,-0.8,-0.6
153,1,-0.57,-0.6,-0.57,-0.599673408,-0.57,-0.6
153,2,-0.29,-0.6,-0.29,-0.599673408,-0.29,-0.6
153,3,0.0,-0.6,0.0,-0.599673408,0.0,-0.6
153,4,0.23,-0.6,0.23,-0.599673408,0.23,-0.6
153,5,0.51,-0.6,0.51,-0.599673408,0.51,-0.6
153,6,0.8,-0.6,0.8,-0.599673408,0.8,-0.6
153,7,-0.8,-0.33,-0.8,-0.329990959724217,-0.8,-0.33
153,8,-0.57,-0.33,-0.57,-0.329990959724217,-0.57,-0.33
153,9,-0.29,-0.33,-0.29,-0.329990959724217,-0.29,-0.33
153,10,0.0,-0.33,0.0,-0.329990959724217,0.0,-0.33
153,11,0.23,-0.33,0.23,-0.329990959724217,0.23,-0.33
153,12,0.51,-0.33,0.51,-0.329990959724217,0.51,-0.33
153,13,0.8,-0.33,0.8,-0.329990959724217,0.8,-0.33
153,14,-0.8,-0.11,-0.8,-0.109999987599073,-0.8,-0.11
153,15,-0.57,-0.11,-0.57,-0.109999987599073,-0.57,-0.11
153,16,-0.29,-0.11,-0.29,-0.109999987599073,-0.29,-0.11
153,17,0.0,-0.11,0.0,-0.109999987599073,0.0,-0.11
153,18,0.23,-0.11,0.23,-0.109999987599073,0.23,-0.11
153,19,0.51,-0.11,0.51,-0.109999987599073,0.51,-0.11
153,20,0.8,-0.11,0.8,-0.109999987599073,0.8,-0.11
153,21,-0.8,0.17,-0.8,0.170000168962983,-0.8,0.17
153,22,-0.57,0.17,-0.57,0.170000168962983,-0.57,0.17
153,23,-0.29,0.17,-0.29,0.170000168962983,-0.29,0.17
153,24,0.0,0.17,0.0,0.170000168962983,0.0,0.17
153,25,0.23,0.17,0.23,0.170000168962983,0.23,0.17
153,26,0.51,0.17,0.51,0.170000168962983,0.51,0.17
153,27,0.8,0.17,0.8,0.170000168962983,0.8,0.17
153,28,-0.8,0.39,-0.8,0.390024631206327,-0.8,0.39
153,29,-0.57,0.39,-0.57,0.390024631206327,-0.57,0.39
153,30,-0.29,0.39,-0.29,0.390024631206327,-0.29,0.39
153,31,0.0,0.39,0.0,0.390024631206327,0.0,0.39
153,32,0.23,0.39,0.23,0.390024631206327,0.23,0.39
153,33,0.51,0.39,0.51,0.390024631206327,0.51,0.39
153,34,0.8,0.39,0.8,0.390024631206327,0.8,0.39
153,35,-0.8,0.6,-0.8,0.6003265919999999,-0.8,0.6
153,36,-0.57,0.6,-0.57,0.6003265919999999,-0.57,0.6
153,37,-0.29,0.6,-0.29,0.6003265919999999,-0.29,0.6
153,38,0.0,0.6,0.0,0.6003265919999999,0.0,0.6
153,39,0.23,0.6,0.23,0.6003265919999999,0.23,0.6
153,40,0.51,0.6,0.51,0.6003265919999999,0.51,0.6
153,41,0.8,0.6,0.8,0.6003265919999999,0.8,0.6
153,42,0.0,0.0,0.0,0.0,0.0,0.0
153,43,0.71,-0.23,0.71,-0.229998963748777,0.71,-0.23
153,44,-0.37,0.53,-0.37,0.5301551505279031,-0.37,0.53
153,45,0.12,-0.49,0.12,-0.489903110989593,0.12,-0.49
153,46,-0.73,0.08,-0.73,0.08000000183500801,-0.73,0.08
153,47,0.63,0.44,0.63,0.440050794196992,0.63,0.44
153,48,-0.19,-0.56,-0.19,-0.559784113143808,-0.19,-0.56
153,49,0.79,0.31,0.79,0.310006212525767,0.79,0.31
153,50,-0.61,-0.41,-0.61,-0.40996674927031296,-0.61,-0.41
153,51,0.42,-0.52,0.42,-0.5198616057323521,0.42,-0.52
153,52,-0.48,0.27,-0.48,0.270002711943423,-0.48,0.27
153,53,0.06,0.58,0.06,0.580266480847808,0.06,0.58
154,0,-0.8,-0.6,-0.8,-0.6014680064,-0.8,-0.6
154,1,-0.57,-0.6,-0.57,-0.6001368428245235,-0.57,-0.6
154,2,-0.29,-0.6,-0.29,-0.6000012074913416,-0.29,-0.6
154,3,0.0,-0.6,0.0,-0.6,0.0,-0.6
154,4,0.23,-0.6,0.23,-0.5999997616622187,0.23,-0.6
154,5,0.51,-0.6,0.51,-0.5999371812525504,0.51,-0.6
154,6,0.8,-0.6,0.8,-0.5985319936,0.8,-0.6
154,7,-0.8,-0.33,-0.8,-0.3314680064,-0.8,-0.33
154,8,-0.57,-0.33,-0.57,-0.33013684282452355,-0.57,-0.33
154,9,-0.29,-0.33,-0.29,-0.33000120749134165,-0.29,-0.33
154,10,0.0,-0.33,0.0,-0.33,0.0,-0.33
154,11,0.23,-0.33,0.23,-0.3299997616622187,0.23,-0.33
154,12,0.51,-0.33,0.51,-0.32993718125255045,0.51,-0.33
154,13,0.8,-0.33,0.8,-0.3285319936,0.8,-0.33
154,14,-0.8,-0.11,-0.8,-0.1114680064,-0.8,-0.11
154,15,-0.57,-0.11,-0.57,-0.1101368428245235,-0.57,-0.11
154,16,-0.29,-0.11,-0.29,-0.11000120749134162,-0.29,-0.11
154,17,0.0,-0.11,0.0,-0.11,0.0,-0.11
154,18,0.23,-0.11,0.23,-0.10999976166221871,0.23,-0.11
154,19,0.51,-0.11,0.51,-0.10993718125255043,0.51,-0.11
154,20,0.8,-0.11,0.8,-0.1085319936,0.8,-0.11
154,21,-0.8,0.17,-0.8,0.1685319936,-0.8,0.17
154,22,-0.57,0.17,-0.57,0.1698631571754765,-0.57,0.17
154,23,-0.29,0.17,-0.29,0.16999879250865838,-0.29,0.17
154,24,0.0,0.17,0.0,0.17,0.0,0.17
154,25,0.23,0.17,0.23,0.1700002383377813,0.23,0.17
154,26,0.51,0.17,0.51,0.17006281874744958,0.51,0.17
154,27,0.8,0.17,0.8,0.1714680064,0.8,0.17
154,28,-0.8,0.39,-0.8,0.3885319936,-0.8,0.39
154,29,-0.57,0.39,-0.57,0.3898631571754765,-0.57,0.39
154,30,-0.29,0.39,-0.29,0.3899987925086584,-0.29,0.39
154,31,0.0,0.39,0.0,0.39,0.0,0.39
154,32,0.23,0.39,0.23,0.3900002383377813,0.23,0.39
154,33,0.51,0.39,0.51,0.3900628187474496,0.51,0.39
154,34,0.8,0.39,0.8,0.3914680064,0.8,0.39
154,35,-0.8,0.6,-0.8,0.5985319936,-0.8,0.6
154,36,-0.57,0.6,-0.57,0.5998631571754764,-0.57,0.6
154,37,-0.29,0.6,-0.29,0.5999987925086584,-0.29,0.6
154,38,0.0,0.6,0.0,0.6,0.0,0.6
154,39,0.23,0.6,0.23,0.6000002383377813,0.23,0.6
154,40,0.51,0.6,0.51,0.6000628187474496,0.51,0.6
154,41,0.8,0.6,0.8,0.6014680064,0.8,0.6
154,42,0.0,0.0,0.0,0.0,0.0,0.0
154,43,0.71,-0.23,0.71,-0.22936334158891264,0.71,-0.23
154,44,-0.37,0.53,-0.37,0.5299933547686008,-0.37,0.53
154,45,0.12,-0.49,0.12,-0.4899999974917734,0.12,-0.49
154,46,-0.73,0.08,-0.73,0.07922668210366321,-0.73,0.08
154,47,0.63,0.44,0.63,0.4402757286447417,0.63,0.44
154,48,-0.19,-0.56,-0.19,-0.5600000625710218,-0.19,-0.56
154,49,0.79,0.31,0.79,0.3113442736290311,0.79,0.31
154,50,-0.61,-0.41,-0.61,-0.41021999199852144,-0.61,-0.41
154,51,0.42,-0.52,0.42,-0.5199838622466727,0.42,-0.52
154,52,-0.48,0.27,-0.48,0.269958905216041,-0.48,0.27
154,53,0.06,0.58,0.06,0.5800000000195955,0.06,0.58
155,0,-0.8,-0.6,-0.8,-0.6014680064,-0.8,-0.6
155,1,-0.57,-0.6,-0.57,-0.6001368428245235,-0.57,-0.6
155,2,-0.29,-0.6,-0.29,-0.6000012074913416,-0.29,-0.6
155,3,0.0,-0.6,0.0,-0.6,0.0,-0.6
155,4,0.23,-0.6,0.23,-0.5999997616622187,0.23,-0.6
155,5,0.51,-0.6,0.51,-0.5999371812525504,0.51,-0.6
155,6,0.8,-0.6,0.8,-0.5985319936,0.8,-0.6
155,7,-0.8,-0.33,-0.8,-0.3314680064,-0.8,-0.33
155,8,-0.57,-0.33,-0.57,-0.33013684282452355,-0.57,-0.33
155,9,-0.29,-0.33,-0.29,-0.33000120749134165,-0.29,-0.33
155,10,0.0,-0.33,0.0,-0.33,0.0,-0.33
155,11,0.23,-0.33,0.23,-0.3299997616622187,0.23,-0.33
155,12,0.51,-0.33,0.51,-0.32993718125255045,0.51,-0.33
155,13,0.8,-0.33,0.8,-0.3285319936,0.8,-0.33
155,14,-0.8,-0.11,-0.8,-0.1114680064,-0.8,-0.11
155,15,-0.57,-0.11,-0.57,-0.1101368428245235,-0.57,-0.11
155,16,-0.29,-0.11,-0.29,-0.11000120749134162,-0.29,-0.11
155,17,0.0,-0.11,0.0,-0.11,0.0,-0.11
155,18,0.23,-0.11,0.23,-0.10999976166221871,0.23,-0.11
155,19,0.51,-0.11,0.51,-0.10993718125255043,0.51,-0.11
155,20,0.8,-0.11,0.8,-0.1085319936,0.8,-0.11
155,21,-0.8,0.17,-0.8,0.1685319936,-0.8,0.17
155,22,-0.57,0.17,-0.57,0.1698631571754765,-0.57,0.17
155,23,-0.29,0.17,-0.29,0.16999879250865838,-0.29,0.17
155,24,0.0,0.17,0.0,0.17,0.0,0.17
155,25,0.23,0.17,0.23,0.1700002383377813,0.23,0.17
155,26,0.51,0.17,0.51,0.17006281874744958,0.51,0.17
155,27,0.8,0.17,0.8,0.1714680064,0.8,0.17
155,28,-0.8,0.39,-0.8,0.3885319936,-0.8,0.39
155,29,-0.57,0.39,-0.57,0.3898631571754765,-0.57,0.39
155,30,-0.29,0.39,-0.29,0.3899987925086584,-0.29,0.39
155,31,0.0,0.39,0.0,0.39,0.0,0.39
155,32,0.23,0.39,0.23,0.3900002383377813,0.23,0.39
155,33,0.51,0.39,0.51,0.3900628187474496,0.51,0.39
155,34,0.8,0.39,0.8,0.3914680064,0.8,0.39
155,35,-0.8,0.6,-0.8,0.5985319936,-0.8,0.6
155,36,-0.57,0.6,-0.57,0.5998631571754764,-0.57,0.6
155,37,-0.29,0.6,-0.29,0.5999987925086584,-0.29,0.6
155,38,0.0,0.6,0.0,0.6,0.0,0.6
155,39,0.23,0.6,0.23,0.6000002383377813,0.23,0.6
155,40,0.51,0.6,0.51,0.6000628187474496,0.51,0.6
155,41,0.8,0.6,0.8,0.6014680064,0.8,0.6
155,42,0.0,0.0,0.0,0.0,0.0,0.0
155,43,0.71,-0.23,0.71,-0.22936334158891264,0.71,-0.23
155,44,-0.37,0.53,-0.37,0.5299933547686008,-0.37,0.53
155,45,0.12,-0.49,0.12,-0.4899999974917734,0.12,-0.49
155,46,-0.73,0.08,-0.73,0.07922668210366321,-0.73,0.08
155,47,0.63,0.44,0.63,0.4402757286447417,0.63,0.44
155,48,-0.19,-0.56,-0.19,-0.5600000625710218,-0.19,-0.56
155,49,0.79,0.31,0.79,0.3113442736290311,0.79,0.31
155,50,-0.61,-0.41,-0.61,-0.41021999199852144,-0.61,-0.41
155,51,0.42,-0.52,0.42,-0.5199838622466727,0.42,-0.52
155,52,-0.48,0.27,-0.48,0.269958905216041,-0.48,0.27
155,53,0.06,0.58,0.06,0.5800000000195955,0.06,0.58
156,0,-0.8,-0.6,-0.8,-0.6011010048,-0.8,-0.6
156,1,-0.57,-0.6,-0.57,-0.6001440450784458,-0.57,-0.6
156,2,-0.29,-0.6,-0.29,-0.6000024982579483,-0.29,-0.6
156,3,0.0,-0.6,0.0,-0.6,0.0,-0.6
156,4,0.23,-0.6,0.23,-0.6000006217507338,0.23,-0.6
156,5,0.51,-0.6,0.51,-0.6000739044087642,0.51,-0.6
156,6,0.8,-0.6,0.8,-0.6011010048,0.8,-0.6
156,7,-0.8,-0.33,-0.8,-0.33060555264,-0.8,-0.33
156,8,-0.57,-0.33,-0.57,-0.3300792247931452,-0.57,-0.33
156,9,-0.29,-0.33,-0.29,-0.3300013740418716,-0.29,-0.33
156,10,0.0,-0.33,0.0,-0.33,0.0,-0.33
156,11,0.23,-0.33,0.23,-0.3300003419629036,0.23,-0.33
156,12,0.51,-0.33,0.51,-0.33004064742482037,0.51,-0.33
156,13,0.8,-0.33,0.8,-0.33060555264,0.8,-0.33
156,14,-0.8,-0.11,-0.8,-0.11020185088000001,-0.8,-0.11
156,15,-0.57,-0.11,-0.57,-0.11002640826438173,-0.57,-0.11
156,16,-0.29,-0.11,-0.29,-0.11000045801395718,-0.29,-0.11
156,17,0.0,-0.11,0.0,-0.11,0.0,-0.11
156,18,0.23,-0.11,0.23,-0.11000011398763454,0.23,-0.11
156,19,0.51,-0.11,0.51,-0.11001354914160677,0.51,-0.11
156,20,0.8,-0.11,0.8,-0.11020185088000001,0.8,-0.11
156,21,-0.8,0.17,-0.8,0.17031195136000002,-0.8,0.17
156,22,-0.57,0.17,-0.57,0.17004081277222632,-0.57,0.17
156,23,-0.29,0.17,-0.29,0.17000070783975202,-0.29,0.17
156,24,0.0,0.17,0.0,0.17,0.0,0.17
156,25,0.23,0.17,0.23,0.17000017616270793,0.23,0.17
156,26,0.51,0.17,0.51,0.1700209395824832,0.51,0.17
156,27,0.8,0.17,0.8,0.17031195136000002,0.8,0.17
156,28,-0.8,0.39,-0.8,0.39071565312,-0.8,0.39
156,29,-0.57,0.39,-0.57,0.3900936293009898,-0.57,0.39
156,30,-0.29,0.39,-0.29,0.39000162386766635,-0.29,0.39
156,31,0.0,0.39,0.0,0.39,0.0,0.39
156,32,0.23,0.39,0.23,0.390000404137977,0.23,0.39
156,33,0.51,0.39,0.51,0.39004803786569675,0.51,0.39
156,34,0.8,0.39,0.8,0.39071565312,0.8,0.39
156,35,-0.8,0.6,-0.8,0.6011010048,-0.8,0.6
156,36,-0.57,0.6,-0.57,0.6001440450784458,-0.57,0.6
156,37,-0.29,0.6,-0.29,0.6000024982579483,-0.29,0.6
156,38,0.0,0.6,0.0,0.6,0.0,0.6
156,39,0.23,0.6,0.23,0.6000006217507338,0.23,0.6
156,40,0.51,0.6,0.51,0.6000739044087642,0.51,0.6
156,41,0.8,0.6,0.8,0.6011010048,0.8,0.6
156,42,0.0,0.0,0.0,0.0,0.0,0.0
156,43,0.71,-0.23,0.71,-0.23020624145711283,0.71,-0.23
156,44,-0.37,0.53,-0.37,0.5300095188449775,-0.37,0.53
156,45,0.12,-0.49,0.12,-0.49000001024192513,0.12,-0.49
156,46,-0.73,0.08,-0.73,0.08008474716672184,-0.73,0.08
156,47,0.63,0.44,0.63,0.4401925723868037,0.63,0.44
156,48,-0.19,-0.56,-0.19,-0.5600001844198536,-0.19,-0.56
156,49,0.79,0.31,0.79,0.3105274997784806,0.79,0.31
156,50,-0.61,-0.41,-0.61,-0.410147863474416,-0.61,-0.41
156,51,0.42,-0.52,0.42,-0.5200199800755482,0.42,-0.52
156,52,-0.48,0.27,-0.48,0.27002311581597693,-0.48,0.27
156,53,0.06,0.58,0.06,0.5800000001894233,0.06,0.58
157,0,-0.8,-0.6,-0.8,-0.6011010048,-0.8,-0.6
157,1,-0.57,-0.6,-0.57,-0.6001440450784458,-0.57,-0.6
157,2,-0.29,-0.6,-0.29,-0.6000024982579482,-0.29,-0.6
157,3,0.0,-0.6,0.0,-0.6,0.0,-0.6
157,4,0.23,-0.6,0.23,-0.6000006217507338,0.23,-0.6
157,5,0.51,-0.6,0.51,-0.6000739044087642,0.51,-0.6
157,6,0.8,-0.6,0.8,-0.6011010048,0.8,-0.6
157,7,-0.8,-0.33,-0.8,-0.33060555264,-0.8,-0.33
157,8,-0.57,-0.33,-0.57,-0.3300792247931452,-0.57,-0.33
157,9,-0.29,-0.33,-0.29,-0.3300013740418715,-0.29,-0.33
157,10,0.0,-0.33,0.0,-0.33,0.0,-0.33
157,11,0.23,-0.33,0.23,-0.3300003419629036,0.23,-0.33
157,12,0.51,-0.33,0.51,-0.3300406474248203,0.51,-0.33
157,13,0.8,-0.33,0.8,-0.33060555264,0.8,-0.33
157,14,-0.8,-0.11,-0.8,-0.11020185088000001,-0.8,-0.11
157,15,-0.57,-0.11,-0.57,-0.11002640826438173,-0.57,-0.11
157,16,-0.29,-0.11,-0.29,-0.11000045801395716,-0.29,-0.11
157,17,0.0,-0.11,0.0,-0.11,0.0,-0.11
157,18,0.23,-0.11,0.23,-0.11000011398763453,0.23,-0.11
157,19,0.51,-0.11,0.51,-0.11001354914160677,0.51,-0.11
157,20,0.8,-0.11,0.8,-0.11020185088000001,0.8,-0.11
157,21,-0.8,0.17,-0.8,0.17031195136000002,-0.8,0.17
157,22,-0.57,0.17,-0.57,0.17004081277222632,-0.57,0.17
157,23,-0.29,0.17,-0.29,0.170000707839752,-0.29,0.17
157,24,0.0,0.17,0.0,0.17,0.0,0.17
157,25,0.23,0.17,0.23,0.17000017616270793,0.23,0.17
157,26,0.51,0.17,0.51,0.1700209395824832,0.51,0.17
157,27,0.8,0.17,0.8,0.17031195136000002,0.8,0.17
157,28,-0.8,0.39,-0.8,0.39071565312,-0.8,0.39
157,29,-0.57,0.39,-0.57,0.3900936293009898,-0.57,0.39
157,30,-0.29,0.39,-0.29,0.39000162386766635,-0.29,0.39
157,31,0.0,0.39,0.0,0.39,0.0,0.39
157,32,0.23,0.39,0.23,0.390000404137977,0.23,0.39
157,33,0.51,0.39,0.51,0.39004803786569675,0.51,0.39
157,34,0.8,0.39,0.8,0.39071565312,0.8,0.39
157,35,-0.8,0.6,-0.8,0.6011010048,-0.8,0.6
157,36,-0.57,0.6,-0.57,0.6001440450784458,-0.57,0.6
157,37,-0.29,0.6,-0.29,0.6000024982579482,-0.29,0.6
157,38,0.0,0.6,0.0,0.6,0.0,0.6
157,39,0.23,0.6,0.23,0.6000006217507338,0.23,0.6
157,40,0.51,0.6,0.51,0.6000739044087642,0.51,0.6
157,41,0.8,0.6,0.8,0.6011010048,0.8,0.6
157,42,0.0,0.0,0.0,0.0,0.0,0.0
157,43,0.71,-0.23,0.71,-0.23020624145711283,0.71,-0.23
157,44,-0.37,0.53,-0.37,0.5300095188449774,-0.37,0.53
157,45,0.12,-0.49,0.12,-0.49000001024192513,0.12,-0.49
157,46,-0.73,0.08,-0.73,0.08008474716672184,-0.73,0.08
157,47,0.63,0.44,0.63,0.4401925723868037,0.63,0.44
157,48,-0.19,-0.56,-0.19,-0.5600001844198536,-0.19,-0.56
157,49,0.79,0.31,0.79,0.31052749977848054,0.79,0.31
157,50,-0.61,-0.41,-0.61,-0.41014786347441606,-0.61,-0.41
157,51,0.42,-0.52,0.42,-0.5200199800755482,0.42,-0.52
157,52,-0.48,0.27,-0.48,0.270023115815977,-0.48,0.27
157,53,0.06,0.58,0.06,0.5800000001894233,0.06,0.58
158,0,-0.8,-0.6,-0.8,-0.6008257535999999,-0.8,-0.6
158,1,-0.57,-0.6,-0.57,-0.6001516263983641,-0.57,-0.6
158,2,-0.29,-0.6,-0.29,-0.6000051688095479,-0.29,-0.6
158,3,0.0,-0.6,0.0,-0.6,0.0,-0.6
158,4,0.23,-0.6,0.23,-0.599998378041564,0.23,-0.6
158,5,0.51,-0.6,0.51,-0.599913053636748,0.51,-0.6
158,6,0.8,-0.6,0.8,-0.5991742463999999,0.8,-0.6
158,7,-0.8,-0.33,-0.8,-0.33024979046400005,-0.8,-0.33
158,8,-0.57,-0.33,-0.57,-0.33004586698550514,-0.57,-0.33
158,9,-0.29,-0.33,-0.29,-0.33000156356488825,-0.29,-0.33
158,10,0.0,-0.33,0.0,-0.33,0.0,-0.33
158,11,0.23,-0.33,0.23,-0.3299995093575731,0.23,-0.33
158,12,0.51,-0.33,0.51,-0.3299736987251163,0.51,-0.33
158,13,0.8,-0.33,0.8,-0.32975020953600004,0.8,-0.33
158,14,-0.8,-0.11,-0.8,-0.11002775449600001,-0.8,-0.11
158,15,-0.57,-0.11,-0.57,-0.1100050963317228,-0.57,-0.11
158,16,-0.29,-0.11,-0.29,-0.11000017372943202,-0.29,-0.11
158,17,0.0,-0.11,0.0,-0.11,0.0,-0.11
158,18,0.23,-0.11,0.23,-0.1099999454841748,0.23,-0.11
158,19,0.51,-0.11,0.51,-0.10999707763612403,0.51,-0.11
158,20,0.8,-0.11,0.8,-0.109972245504,0.8,-0.11
158,21,-0.8,0.17,-0.8,0.16993371033600002,-0.8,0.17
158,22,-0.57,0.17,-0.57,0.1699878277696869,-0.57,0.17
158,23,-0.29,0.17,-0.29,0.16999958505945575,-0.29,0.17
158,24,0.0,0.17,0.0,0.17,0.0,0.17
158,25,0.23,0.17,0.23,0.17000013020721888,0.23,0.17
158,26,0.51,0.17,0.51,0.17000697986082774,0.51,0.17
158,27,0.8,0.17,0.8,0.170066289664,0.8,0.17
158,28,-0.8,0.39,-0.8,0.389651119104,-0.8,0.39
158,29,-0.57,0.39,-0.57,0.3899359378466912,-0.57,0.39
158,30,-0.29,0.39,-0.29,0.389997816177966,-0.29,0.39
158,31,0.0,0.39,0.0,0.39,0.0,0.39
158,32,0.23,0.39,0.23,0.39000068527743925,0.23,0.39
158,33,0.51,0.39,0.51,0.390036734838474,0.51,0.39
158,34,0.8,0.39,0.8,0.390348880896,0.8,0.39
158,35,-0.8,0.6,-0.8,0.5991742463999999,-0.8,0.6
158,36,-0.57,0.6,-0.57,0.599848373601636,-0.57,0.6
158,37,-0.29,0.6,-0.29,0.599994831190452,-0.29,0.6
158,38,0.0,0.6,0.0,0.6,0.0,0.6
158,39,0.23,0.6,0.23,0.600001621958436,0.23,0.6
158,40,0.51,0.6,0.51,0.600086946363252,0.51,0.6
158,41,0.8,0.6,0.8,0.6008257535999999,0.8,0.6
158,42,0.0,0.0,0.0,0.0,0.0,0.0
158,43,0.71,-0.23,0.71,-0.22993318938713248,0.71,-0.23
158,44,-0.37,0.53,-0.37,0.5299863648977351,-0.37,0.53
158,45,0.12,-0.49,0.12,-0.48999995817880576,0.12,-0.49
158,46,-0.73,0.08,-0.73,0.07999071263926336,-0.73,0.08
158,47,0.63,0.44,0.63,0.4401344950003074,0.63,0.44
158,48,-0.19,-0.56,-0.19,-0.5600005435532525,-0.19,-0.56
158,49,0.79,0.31,0.79,0.31020699358396076,0.79,0.31
158,50,-0.61,-0.41,-0.61,-0.4100993836467387,-0.61,-0.41
158,51,0.42,-0.52,0.42,-0.5199752627636071,0.42,-0.52
158,52,-0.48,0.27,-0.48,0.26998699735351295,-0.48,0.27
158,53,0.06,0.58,0.06,0.5800000018310925,0.06,0.58
159,0,-0.8,-0.6,-0.8,-0.6008257536,-0.8,-0.6
159,1,-0.57,-0.6,-0.57,-0.600151626398364,-0.57,-0.6
159,2,-0.29,-0.6,-0.29,-0.600005168809548,-0.29,-0.6
159,3,0.0,-0.6,0.0,-0.6,0.0,-0.6
159,4,0.23,-0.6,0.23,-0.599998378041564,0.23,-0.6
159,5,0.51,-0.6,0.51,-0.599913053636748,0.51,-0.6
159,6,0.8,-0.6,0.8,-0.5991742463999999,0.8,-0.6
159,7,-0.8,-0.33,-0.8,-0.330249790464,-0.8,-0.33
159,8,-0.57,-0.33,-0.57,-0.33004586698550514,-0.57,-0.33
159,9,-0.29,-0.33,-0.29,-0.3300015635648883,-0.29,-0.33
159,10,0.0,-0.33,0.0,-0.33,0.0,-0.33
159,11,0.23,-0.33,0.23,-0.3299995093575731,0.23,-0.33
159,12,0.51,-0.33,0.51,-0.3299736987251163,0.51,-0.33
159,13,0.8,-0.33,0.8,-0.32975020953600004,0.8,-0.33
159,14,-0.8,-0.11,-0.8,-0.110027754496,-0.8,-0.11
159,15,-0.57,-0.11,-0.57,-0.11000509633172278,-0.57,-0.11
159,16,-0.29,-0.11,-0.29,-0.11000017372943204,-0.29,-0.11
159,17,0.0,-0.11,0.0,-0.11,0.0,-0.11
159,18,0.23,-0.11,0.23,-0.10999994548417479,0.23,-0.11
159,19,0.51,-0.11,0.51,-0.10999707763612403,0.51,-0.11
159,20,0.8,-0.11,0.8,-0.109972245504,0.8,-0.11
159,21,-0.8,0.17,-0.8,0.16993371033600002,-0.8,0.17
159,22,-0.57,0.17,-0.57,0.1699878277696869,-0.57,0.17
159,23,-0.29,0.17,-0.29,0.16999958505945575,-0.29,0.17
159,24,0.0,0.17,0.0,0.17,0.0,0.17
159,25,0.23,0.17,0.23,0.1700001302072189,0.23,0.17
159,26,0.51,0.17,0.51,0.17000697986082774,0.51,0.17
159,27,0.8,0.17,0.8,0.170066289664,0.8,0.17
159,28,-0.8,0.39,-0.8,0.389651119104,-0.8,0.39
159,29,-0.57,0.39,-0.57,0.3899359378466912,-0.57,0.39
159,30,-0.29,0.39,-0.29,0.389997816177966,-0.29,0.39
159,31,0.0,0.39,0.0,0.39,0.0,0.39
159,32,0.23,0.39,0.23,0.3900006852774392,0.23,0.39
159,33,0.51,0.39,0.51,0.390036734838474,0.51,0.39
159,34,0.8,0.39,0.8,0.390348880896,0.8,0.39
159,35,-0.8,0.6,-0.8,0.5991742463999999,-0.8,0.6
159,36,-0.57,0.6,-0.57,0.599848373601636,-0.57,0.6
159,37,-0.29,0.6,-0.29,0.5999948311904519,-0.29,0.6
159,38,0.0,0.6,0.0,0.6,0.0,0.6
159,39,0.23,0.6,0.23,0.600001621958436,0.23,0.6
159,40,0.51,0.6,0.51,0.600086946363252,0.51,0.6
159,41,0.8,0.6,0.8,0.6008257536,0.8,0.6
159,42,0.0,0.0,0.0,0.0,0.0,0.0
159,43,0.71,-0.23,0.71,-0.22993318938713248,0.71,-0.23
159,44,-0.37,0.53,-0.37,0.5299863648977351,-0.37,0.53
159,45,0.12,-0.49,0.12,-0.48999995817880576,0.12,-0.49
159,46,-0.73,0.08,-0.73,0.07999071263926336,-0.73,0.08
159,47,0.63,0.44,0.63,0.4401344950003074,0.63,0.44
159,48,-0.19,-0.56,-0.19,-0.5600005435532526,-0.19,-0.56
159,49,0.79,0.31,0.79,0.31020699358396076,0.79,0.31
159,50,-0.61,-0.41,-0.61,-0.41009938364673865,-0.61,-0.41
159,51,0.42,-0.52,0.42,-0.5199752627636071,0.42,-0.52
159,52,-0.48,0.27,-0.48,0.269986997353513,-0.48,0.27
159,53,0.06,0.58,0.06,0.5800000018310925,0.06,0.58
160,0,-0.8,-0.6,-0.8,-0.6006193152,-0.8,-0.6
160,1,-0.57,-0.6,-0.57,-0.6001596067351199,-0.57,-0.6
160,2,-0.29,-0.6,-0.29,-0.60001069408872,-0.29,-0.6
160,3,0.0,-0.6,0.0,-0.6,0.0,-0.6
160,4,0.23,-0.6,0.23,-0.6000042311959201,0.23,-0.6
160,5,0.51,-0.6,0.51,-0.6001022898391201,0.51,-0.6
160,6,0.8,-0.6,0.8,-0.6006193152,0.8,-0.6
160,7,-0.8,-0.33,-0.8,-0.3301030385664,-0.8,-0.33
160,8,-0.57,-0.33,-0.57,-0.33002655457055563,-0.57,-0.33
160,9,-0.29,-0.33,-0.29,-0.33000177922901075,-0.29,-0.33
160,10,0.0,-0.33,0.0,-0.33,0.0,-0.33
160,11,0.23,-0.33,0.23,-0.3300007039652212,0.23,-0.33
160,12,0.51,-0.33,0.51,-0.3300170184719836,0.51,-0.33
160,13,0.8,-0.33,0.8,-0.3301030385664,0.8,-0.33
160,14,-0.8,-0.11,-0.8,-0.11000381624319999,-0.8,-0.11
160,15,-0.57,-0.11,-0.57,-0.11000098350261317,-0.57,-0.11
160,16,-0.29,-0.11,-0.29,-0.11000006589737076,-0.29,-0.11
160,17,0.0,-0.11,0.0,-0.11,0.0,-0.11
160,18,0.23,-0.11,0.23,-0.11000002607278596,0.23,-0.11
160,19,0.51,-0.11,0.51,-0.11000063031377717,0.51,-0.11
160,20,0.8,-0.11,0.8,-0.11000381624319999,0.8,-0.11
160,21,-0.8,0.17,-0.8,0.1700140865536,-0.8,0.17
160,22,-0.57,0.17,-0.57,0.1700036303143039,-0.57,0.17
160,23,-0.29,0.17,-0.29,0.1700002432410087,-0.29,0.17
160,24,0.0,0.17,0.0,0.17,0.0,0.17
160,25,0.23,0.17,0.23,0.17000009624011833,0.23,0.17
160,26,0.51,0.17,0.51,0.17000232662027595,0.51,0.17
160,27,0.8,0.17,0.8,0.1700140865536,0.8,0.17
160,28,-0.8,0.39,-0.8,0.39017007943680004,-0.8,0.39
160,29,-0.57,0.39,-0.57,0.39004383199963233,-0.57,0.39
160,30,-0.29,0.39,-0.29,0.3900029368641147,-0.29,0.39
160,31,0.0,0.39,0.0,0.39,0.0,0.39
160,32,0.23,0.39,0.23,0.39000116199217955,0.23,0.39
160,33,0.51,0.39,0.51,0.3900280913470684,0.51,0.39
160,34,0.8,0.39,0.8,0.39017007943680004,0.8,0.39
160,35,-0.8,0.6,-0.8,0.6006193152,-0.8,0.6
160,36,-0.57,0.6,-0.57,0.6001596067351199,-0.57,0.6
160,37,-0.29,0.6,-0.29,0.60001069408872,-0.29,0.6
160,38,0.0,0.6,0.0,0.6,0.0,0.6
160,39,0.23,0.6,0.23,0.6000042311959201,0.23,0.6
160,40,0.51,0.6,0.51,0.6001022898391201,0.51,0.6
160,41,0.8,0.6,0.8,0.6006193152,0.8,0.6
160,42,0.0,0.0,0.0,0.0,0.0,0.0
160,43,0.71,-0.23,0.71,-0.23002164287459087,0.71,-0.23
160,44,-0.37,0.53,-0.37,0.5300195313627037,-0.37,0.53
160,45,0.12,-0.49,0.12,-0.49000017076987645,0.12,-0.49
160,46,-0.73,0.08,-0.73,0.08000101779295743,-0.73,0.08
160,47,0.63,0.44,0.63,0.4400939330160876,0.63,0.44
160,48,-0.19,-0.56,-0.19,-0.5600016020516916,-0.19,-0.56
160,49,0.79,0.31,0.79,0.310081225330415,0.79,0.31
160,50,-0.61,-0.41,-0.61,-0.41006679884452923,-0.61,-0.41
160,51,0.42,-0.52,0.42,-0.5200306270545818,0.42,-0.52
160,52,-0.48,0.27,-0.48,0.270007313988649,-0.48,0.27
160,53,0.06,0.58,0.06,0.5800000177005605,0.06,0.58
161,0,-0.8,-0.6,-0.8,-0.6006193152,-0.8,-0.6
161,1,-0.57,-0.6,-0.57,-0.60015960673512,-0.57,-0.6
161,2,-0.29,-0.6,-0.29,-0.60001069408872,-0.29,-0.6
161,3,0.0,-0.6,0.0,-0.6,0.0,-0.6
161,4,0.23,-0.6,0.23,-0.60000423119592,0.23,-0.6
161,5,0.51,-0.6,0.51,-0.60010228983912,0.51,-0.6
161,6,0.8,-0.6,0.8,-0.6006193152,0.8,-0.6
161,7,-0.8,-0.33,-0.8,-0.3301030385664,-0.8,-0.33
161,8,-0.57,-0.33,-0.57,-0.33002655457055563,-0.57,-0.33
161,9,-0.29,-0.33,-0.29,-0.3300017792290108,-0.29,-0.33
161,10,0.0,-0.33,0.0,-0.33,0.0,-0.33
161,11,0.23,-0.33,0.23,-0.3300007039652212,0.23,-0.33
161,12,0.51,-0.33,0.51,-0.3300170184719836,0.51,-0.33
161,13,0.8,-0.33,0.8,-0.3301030385664,0.8,-0.33
161,14,-0.8,-0.11,-0.8,-0.1100038162432,-0.8,-0.11
161,15,-0.57,-0.11,-0.57,-0.11000098350261317,-0.57,-0.11
161,16,-0.29,-0.11,-0.29,-0.11000006589737077,-0.29,-0.11
161,17,0.0,-0.11,0.0,-0.11,0.0,-0.11
161,18,0.23,-0.11,0.23,-0.11000002607278597,0.23,-0.11
161,19,0.51,-0.11,0.51,-0.11000063031377717,0.51,-0.11
161,20,0.8,-0.11,0.8,-0.1100038162432,0.8,-0.11
161,21,-0.8,0.17,-0.8,0.1700140865536,-0.8,0.17
161,22,-0.57,0.17,-0.57,0.17000363031430393,-0.57,0.17
161,23,-0.29,0.17,-0.29,0.17000024324100874,-0.29,0.17
161,24,0.0,0.17,0.0,0.17,0.0,0.17
161,25,0.23,0.17,0.23,0.17000009624011833,0.23,0.17
161,26,0.51,0.17,0.51,0.17000232662027592,0.51,0.17
161,27,0.8,0.17,0.8,0.1700140865536,0.8,0.17
161,28,-0.8,0.39,-0.8,0.3901700794368,-0.8,0.39
161,29,-0.57,0.39,-0.57,0.39004383199963233,-0.57,0.39
161,30,-0.29,0.39,-0.29,0.39000293686411475,-0.29,0.39
161,31,0.0,0.39,0.0,0.39,0.0,0.39
161,32,0.23,0.39,0.23,0.39000116199217955,0.23,0.39
161,33,0.51,0.39,0.51,0.39002809134706834,0.51,0.39
161,34,0.8,0.39,0.8,0.3901700794368,0.8,0.39
161,35,-0.8,0.6,-0.8,0.6006193152,-0.8,0.6
161,36,-0.57,0.6,-0.57,0.60015960673512,-0.57,0.6
161,37,-0.29,0.6,-0.29,0.60001069408872,-0.29,0.6
161,38,0.0,0.6,0.0,0.6,0.0,0.6
161,39,0.23,0.6,0.23,0.60000423119592,0.23,0.6
161,40,0.51,0.6,0.51,0.60010228983912,0.51,0.6
161,41,0.8,0.6,0.8,0.6006193152,0.8,0.6
161,42,0.0,0.0,0.0,0.0,0.0,0.0
161,43,0.71,-0.23,0.71,-0.2300216428745909,0.71,-0.23
161,44,-0.37,0.53,-0.37,0.5300195313627039,-0.37,0.53
161,45,0.12,-0.49,0.12,-0.49000017076987645,0.12,-0.49
161,46,-0.73,0.08,-0.73,0.08000101779295744,-0.73,0.08
161,47,0.63,0.44,0.63,0.4400939330160877,0.63,0.44
161,48,-0.19,-0.56,-0.19,-0.5600016020516916,-0.19,-0.56
161,49,0.79,0.31,0.79,0.310081225330415,0.79,0.31
161,50,-0.61,-0.41,-0.61,-0.41006679884452923,-0.61,-0.41
161,51,0.42,-0.52,0.42,-0.5200306270545818,0.42,-0.52
161,52,-0.48,0.27,-0.48,0.27000731398864897,-0.48,0.27
161,53,0.06,0.58,0.06,0.5800000177005606,0.06,0.58
162,0,-0.8,-0.6,-0.8,-0.6004644863999999,-0.8,-0.6
162,1,-0.57,-0.6,-0.57,-0.6001680070895999,-0.57,-0.6
162,2,-0.29,-0.6,-0.29,-0.6000221257008,-0.29,-0.6
162,3,0.0,-0.6,0.0,-0.6,0.0,-0.6
162,4,0.23,-0.6,0.23,-0.5999889620976,0.23,-0.6
162,5,0.51,-0.6,0.51,-0.5998796590127999,0.51,-0.6
162,6,0.8,-0.6,0.8,-0.5995355136,0.8,-0.6
162,7,-0.8,-0.33,-0.8,-0.33004250340864005,-0.8,-0.33
162,8,-0.57,-0.33,-0.57,-0.33001537369874273,-0.57,-0.33
162,9,-0.29,-0.33,-0.29,-0.33000202463990885,-0.29,-0.33
162,10,0.0,-0.33,0.0,-0.33,0.0,-0.33
162,11,0.23,-0.33,0.23,-0.3299989899629435,0.23,-0.33
162,12,0.51,-0.33,0.51,-0.32998898804754007,0.51,-0.33
162,13,0.8,-0.33,0.8,-0.32995749659136,0.8,-0.33
162,14,-0.8,-0.11,-0.8,-0.11000052473344,-0.8,-0.11
162,15,-0.57,-0.11,-0.57,-0.11000018979874991,-0.57,-0.11
162,16,-0.29,-0.11,-0.29,-0.11000002499555443,-0.29,-0.11
162,17,0.0,-0.11,0.0,-0.11,0.0,-0.11
162,18,0.23,-0.11,0.23,-0.10999998753040671,0.23,-0.11
162,19,0.51,-0.11,0.51,-0.10999986404996963,0.51,-0.11
162,20,0.8,-0.11,0.8,-0.10999947526656,0.8,-0.11
162,21,-0.8,0.17,-0.8,0.16999700660736,-0.8,0.17
162,22,-0.57,0.17,-0.57,0.1699989172746813,-0.57,0.17
162,23,-0.29,0.17,-0.29,0.16999985741044318,-0.29,0.17
162,24,0.0,0.17,0.0,0.17,0.0,0.17
162,25,0.23,0.17,0.23,0.1700000711340005,0.23,0.17
162,26,0.51,0.17,0.51,0.170000775540092,0.51,0.17
162,27,0.8,0.17,0.8,0.17000299339264002,0.8,0.17
162,28,-0.8,0.39,-0.8,0.38991708627456,-0.8,0.39
162,29,-0.57,0.39,-0.57,0.3899700096844621,-0.57,0.39
162,30,-0.29,0.39,-0.29,0.38999605042412155,-0.29,0.39
162,31,0.0,0.39,0.0,0.39,0.0,0.39
162,32,0.23,0.39,0.23,0.39000197033456535,0.23,0.39
162,33,0.51,0.39,0.51,0.3900214816183464,0.51,0.39
162,34,0.8,0.39,0.8,0.39008291372544,0.8,0.39
162,35,-0.8,0.6,-0.8,0.5995355136,-0.8,0.6
162,36,-0.57,0.6,-0.57,0.5998319929104,-0.57,0.6
162,37,-0.29,0.6,-0.29,0.5999778742992,-0.29,0.6
162,38,0.0,0.6,0.0,0.6,0.0,0.6
162,39,0.23,0.6,0.23,0.6000110379024,0.23,0.6
162,40,0.51,0.6,0.51,0.6001203409872,0.51,0.6
162,41,0.8,0.6,0.8,0.6004644863999999,0.8,0.6
162,42,0.0,0.0,0.0,0.0,0.0,0.0
162,43,0.71,-0.23,0.71,-0.22999298892794945,0.71,-0.23
162,44,-0.37,0.53,-0.37,0.5299720226426136,-0.37,0.53
162,45,0.12,-0.49,0.12,-0.489999302689671,0.12,-0.49
162,46,-0.73,0.08,-0.73,0.07999988846104576,-0.73,0.08
162,47,0.63,0.44,0.63,0.44006560401123584,0.63,0.44
162,48,-0.19,-0.56,-0.19,-0.5600047218365646,-0.19,-0.56
162,49,0.79,0.31,0.79,0.3100318732309223,0.79,0.31
162,50,-0.61,-0.41,-0.61,-0.41004489758402785,-0.61,-0.41
162,51,0.42,-0.52,0.42,-0.5199620807895654,0.42,-0.52
162,52,-0.48,0.27,-0.48,0.26999588588138496,-0.48,0.27
162,53,0.06,0.58,0.06,0.5800001711054196,0.06,0.58
163,0,-0.8,-0.6,-0.8,-0.6004644863999999,-0.8,-0.6
163,1,-0.57,-0.6,-0.57,-0.6001680070895999,-0.57,-0.6
163,2,-0.29,-0.6,-0.29,-0.6000221257007999,-0.29,-0.6
163,3,0.0,-0.6,0.0,-0.6,0.0,-0.6
163,4,0.23,-0.6,0.23,-0.5999889620976,0.23,-0.6
163,5,0.51,-0.6,0.51,-0.5998796590127999,0.51,-0.6
163,6,0.8,-0.6,0.8,-0.5995355136,0.8,-0.6
163,7,-0.8,-0.33,-0.8,-0.33004250340864,-0.8,-0.33
163,8,-0.57,-0.33,-0.57,-0.33001537369874273,-0.57,-0.33
163,9,-0.29,-0.33,-0.29,-0.33000202463990885,-0.29,-0.33
163,10,0.0,-0.33,0.0,-0.33,0.0,-0.33
163,11,0.23,-0.33,0.23,-0.3299989899629435,0.23,-0.33
163,12,0.51,-0.33,0.51,-0.32998898804754007,0.51,-0.33
163,13,0.8,-0.33,0.8,-0.32995749659136003,0.8,-0.33
163,14,-0.8,-0.11,-0.8,-0.11000052473344,-0.8,-0.11
163,15,-0.57,-0.11,-0.57,-0.11000018979874991,-0.57,-0.11
163,16,-0.29,-0.11,-0.29,-0.11000002499555443,-0.29,-0.11
163,17,0.0,-0.11,0.0,-0.11,0.0,-0.11
163,18,0.23,-0.11,0.23,-0.10999998753040671,0.23,-0.11
163,19,0.51,-0.11,0.51,-0.10999986404996963,0.51,-0.11
163,20,0.8,-0.11,0.8,-0.10999947526656,0.8,-0.11
163,21,-0.8,0.17,-0.8,0.16999700660736,-0.8,0.17
163,22,-0.57,0.17,-0.57,0.1699989172746813,-0.57,0.17
163,23,-0.29,0.17,-0.29,0.16999985741044318,-0.29,0.17
163,24,0.0,0.17,0.0,0.17,0.0,0.17
163,25,0.23,0.17,0.23,0.1700000711340005,0.23,0.17
163,26,0.51,0.17,0.51,0.170000775540092,0.51,0.17
163,27,0.8,0.17,0.8,0.17000299339264002,0.8,0.17
163,28,-0.8,0.39,-0.8,0.38991708627456,-0.8,0.39
163,29,-0.57,0.39,-0.57,0.3899700096844621,-0.57,0.39
163,30,-0.29,0.39,-0.29,0.3899960504241216,-0.29,0.39
163,31,0.0,0.39,0.0,0.39,0.0,0.39
163,32,0.23,0.39,0.23,0.3900019703345653,0.23,0.39
163,33,0.51,0.39,0.51,0.3900214816183464,0.51,0.39
163,34,0.8,0.39,0.8,0.39008291372544,0.8,0.39
163,35,-0.8,0.6,-0.8,0.5995355136,-0.8,0.6
163,36,-0.57,0.6,-0.57,0.5998319929104,-0.57,0.6
163,37,-0.29,0.6,-0.29,0.5999778742992,-0.29,0.6
163,38,0.0,0.6,0.0,0.6,0.0,0.6
163,39,0.23,0.6,0.23,0.6000110379024,0.23,0.6
163,40,0.51,0.6,0.51,0.6001203409872,0.51,0.6
163,41,0.8,0.6,0.8,0.6004644863999999,0.8,0.6
163,42,0.0,0.0,0.0,0.0,0.0,0.0
163,43,0.71,-0.23,0.71,-0.22999298892794945,0.71,-0.23
163,44,-0.37,0.53,-0.37,0.5299720226426136,-0.37,0.53
163,45,0.12,-0.49,0.12,-0.489999302689671,0.12,-0.49
163,46,-0.73,0.08,-0.73,0.07999988846104576,-0.73,0.08
163,47,0.63,0.44,0.63,0.44006560401123584,0.63,0.44
163,48,-0.19,-0.56,-0.19,-0.5600047218365646,-0.19,-0.56
163,49,0.79,0.31,0.79,0.31003187323092235,0.79,0.31
163,50,-0.61,-0.41,-0.61,-0.41004489758402785,-0.61,-0.41
163,51,0.42,-0.52,0.42,-0.5199620807895654,0.42,-0.52
163,52,-0.48,0.27,-0.48,0.26999588588138496,-0.48,0.27
163,53,0.06,0.58,0.06,0.5800001711054195,0.06,0.58
164,0,-0.8,-0.6,-0.8,-0.6003483648,-0.8,-0.6
164,1,-0.57,-0.6,-0.57,-0.600176849568,-0.57,-0.6
164,2,-0.29,-0.6,-0.29,-0.6000457773119999,-0.29,-0.6
164,3,0.0,-0.6,0.0,-0.6,0.0,-0.6
164,4,0.23,-0.6,0.23,-0.600028794528,0.23,-0.6
164,5,0.51,-0.6,0.51,-0.6001415776319999,0.51,-0.6
164,6,0.8,-0.6,0.8,-0.6003483648,0.8,-0.6
164,7,-0.8,-0.33,-0.8,-0.330017532656064,-0.8,-0.33
164,8,-0.57,-0.33,-0.57,-0.33000890056243004,-0.57,-0.33
164,9,-0.29,-0.33,-0.29,-0.33000230390058594,-0.29,-0.33
164,10,0.0,-0.33,0.0,-0.33,0.0,-0.33
164,11,0.23,-0.33,0.23,-0.3300014491836028,0.23,-0.33
164,12,0.51,-0.33,0.51,-0.3300071253810035,0.51,-0.33
164,13,0.8,-0.33,0.8,-0.330017532656064,0.8,-0.33
164,14,-0.8,-0.11,-0.8,-0.110000072150848,-0.8,-0.11
164,15,-0.57,-0.11,-0.57,-0.11000003662782892,-0.57,-0.11
164,16,-0.29,-0.11,-0.29,-0.11000000948107237,-0.29,-0.11
164,17,0.0,-0.11,0.0,-0.11,0.0,-0.11
164,18,0.23,-0.11,0.23,-0.11000000596371855,0.23,-0.11
164,19,0.51,-0.11,0.51,-0.11000002932255556,0.51,-0.11
164,20,0.8,-0.11,0.8,-0.110000072150848,0.8,-0.11
164,21,-0.8,0.17,-0.8,0.17000063609593602,-0.8,0.17
164,22,-0.57,0.17,-0.57,0.17000032291807754,-0.57,0.17
164,23,-0.29,0.17,-0.29,0.17000008358698163,-0.29,0.17
164,24,0.0,0.17,0.0,0.17,0.0,0.17
164,25,0.23,0.17,0.23,0.17000005257730472,0.23,0.17
164,26,0.51,0.17,0.51,0.17000025851336403,0.51,0.17
164,27,0.8,0.17,0.8,0.17000063609593602,0.8,0.17
164,28,-0.8,0.39,-0.8,0.390040420441152,-0.8,0.39
164,29,-0.57,0.39,-0.57,0.39002051968957857,-0.57,0.39
164,30,-0.29,0.39,-0.29,0.39000531149859513,-0.29,0.39
164,31,0.0,0.39,0.0,0.39,0.0,0.39
164,32,0.23,0.39,0.23,0.390003341002089,0.23,0.39
164,33,0.51,0.39,0.51,0.3900164271199119,0.51,0.39
164,34,0.8,0.39,0.8,0.390040420441152,0.8,0.39
164,35,-0.8,0.6,-0.8,0.6003483648,-0.8,0.6
164,36,-0.57,0.6,-0.57,0.600176849568,-0.57,0.6
164,37,-0.29,0.6,-0.29,0.6000457773119999,-0.29,0.6
164,38,0.0,0.6,0.0,0.6,0.0,0.6
164,39,0.23,0.6,0.23,0.600028794528,0.23,0.6
164,40,0.51,0.6,0.51,0.6001415776319999,0.51,0.6
164,41,0.8,0.6,0.8,0.6003483648,0.8,0.6
164,42,0.0,0.0,0.0,0.0,0.0,0.0
164,43,0.71,-0.23,0.71,-0.23000227119235445,0.71,-0.23
164,44,-0.37,0.53,-0.37,0.5300400756740942,-0.37,0.53
164,45,0.12,-0.49,0.12,-0.49000284735051,0.12,-0.49
164,46,-0.73,0.08,-0.73,0.08000001222344703,-0.73,0.08
164,47,0.63,0.44,0.63,0.4400458186745139,0.63,0.44
164,48,-0.19,-0.56,-0.19,-0.5600139169919797,-0.19,-0.56
164,49,0.79,0.31,0.79,0.31001250721719736,0.79,0.31
164,50,-0.61,-0.41,-0.61,-0.41003017706467443,-0.61,-0.41
164,51,0.42,-0.52,0.42,-0.5200469475938714,0.42,-0.52
164,52,-0.48,0.27,-0.48,0.270002314191721,-0.48,0.27
164,53,0.06,0.58,0.06,0.5800016540190553,0.06,0.58
165,0,-0.8,-0.6,-0.8,-0.6003483648,-0.8,-0.6
165,1,-0.57,-0.6,-0.57,-0.600176849568,-0.57,-0.6
165,2,-0.29,-0.6,-0.29,-0.6000457773119999,-0.29,-0.6
165,3,0.0,-0.6,0.0,-0.6,0.0,-0.6
165,4,0.23,-0.6,0.23,-0.600028794528,0.23,-0.6
165,5,0.51,-0.6,0.51,-0.6001415776319999,0.51,-0.6
165,6,0.8,-0.6,0.8,-0.6003483648,0.8,-0.6
165,7,-0.8,-0.33,-0.8,-0.33001753265606404,-0.8,-0.33
165,8,-0.57,-0.33,-0.57,-0.33000890056243,-0.57,-0.33
165,9,-0.29,-0.33,-0.29,-0.33000230390058594,-0.29,-0.33
165,10,0.0,-0.33,0.0,-0.33,0.0,-0.33
165,11,0.23,-0.33,0.23,-0.3300014491836028,0.23,-0.33
165,12,0.51,-0.33,0.51,-0.3300071253810035,0.51,-0.33
165,13,0.8,-0.33,0.8,-0.33001753265606404,0.8,-0.33
165,14,-0.8,-0.11,-0.8,-0.110000072150848,-0.8,-0.11
165,15,-0.57,-0.11,-0.57,-0.11000003662782894,-0.57,-0.11
165,16,-0.29,-0.11,-0.29,-0.11000000948107237,-0.29,-0.11
165,17,0.0,-0.11,0.0,-0.11,0.0,-0.11
165,18,0.23,-0.11,0.23,-0.11000000596371853,0.23,-0.11
165,19,0.51,-0.11,0.51,-0.11000002932255556,0.51,-0.11
165,20,0.8,-0.11,0.8,-0.110000072150848,0.8,-0.11
165,21,-0.8,0.17,-0.8,0.17000063609593602,-0.8,0.17
165,22,-0.57,0.17,-0.57,0.1700003229180775,-0.57,0.17
165,23,-0.29,0.17,-0.29,0.1700000835869816,-0.29,0.17
165,24,0.0,0.17,0.0,0.17,0.0,0.17
165,25,0.23,0.17,0.23,0.17000005257730472,0.23,0.17
165,26,0.51,0.17,0.51,0.170000258513364,0.51,0.17
165,27,0.8,0.17,0.8,0.17000063609593602,0.8,0.17
165,28,-0.8,0.39,-0.8,0.390040420441152,-0.8,0.39
165,29,-0.57,0.39,-0.57,0.39002051968957857,-0.57,0.39
165,30,-0.29,0.39,-0.29,0.39000531149859513,-0.29,0.39
165,31,0.0,0.39,0.0,0.39,0.0,0.39
165,32,0.23,0.39,0.23,0.390003341002089,0.23,0.39
165,33,0.51,0.39,0.51,0.39001642711991197,0.51,0.39
165,34,0.8,0.39,0.8,0.390040420441152,0.8,0.39
165,35,-0.8,0.6,-0.8,0.6003483648,-0.8,0.6
165,36,-0.57,0.6,-0.57,0.600176849568,-0.57,0.6
165,37,-0.29,0.6,-0.29,0.6000457773119999,-0.29,0.6
165,38,0.0,0.6,0.0,0.6,0.0,0.6
165,39,0.23,0.6,0.23,0.600028794528,0.23,0.6
165,40,0.51,0.6,0.51,0.6001415776319999,0.51,0.6
165,41,0.8,0.6,0.8,0.6003483648,0.8,0.6
165,42,0.0,0.0,0.0,0.0,0.0,0.0
165,43,0.71,-0.23,0.71,-0.23000227119235442,0.71,-0.23
165,44,-0.37,0.53,-0.37,0.5300400756740942,-0.37,0.53
165,45,0.12,-0.49,0.12,-0.4900028473505099,0.12,-0.49
165,46,-0.73,0.08,-0.73,0.08000001222344705,-0.73,0.08
165,47,0.63,0.44,0.63,0.4400458186745139,0.63,0.44
165,48,-0.19,-0.56,-0.19,-0.5600139169919796,-0.19,-0.56
165,49,0.79,0.31,0.79,0.31001250721719736,0.79,0.31
165,50,-0.61,-0.41,-0.61,-0.41003017706467443,-0.61,-0.41
165,51,0.42,-0.52,0.42,-0.5200469475938714,0.42,-0.52
165,52,-0.48,0.27,-0.48,0.270002314191721,-0.48,0.27
165,53,0.06,0.58,0.06,0.5800016540190553,0.06,0.58
166,0,-0.8,-0.6,-0.8,-0.6002612735999999,-0.8,-0.6
166,1,-0.57,-0.6,-0.57,-0.6001861574399999,-0.57,-0.6
166,2,-0.29,-0.6,-0.29,-0.60009471168,-0.29,-0.6
166,3,0.0,-0.6,0.0,-0.6,0.0,-0.6
166,4,0.23,-0.6,0.23,-0.59992488384,0.23,-0.6
166,5,0.51,-0.6,0.51,-0.59983343808,0.51,-0.6
166,6,0.8,-0.6,0.8,-0.5997387264,0.8,-0.6
166,7,-0.8,-0.33,-0.8,-0.33000723222062645,-0.8,-0.33
166,8,-0.57,-0.33,-0.57,-0.3300051529571963,-0.57,-0.33
166,9,-0.29,-0.33,-0.29,-0.33000262167997707,-0.29,-0.33
166,10,0.0,-0.33,0.0,-0.33,0.0,-0.33
166,11,0.23,-0.33,0.23,-0.3299979207365699,0.23,-0.33
166,12,0.51,-0.33,0.51,-0.3299953894593507,0.51,-0.33
166,13,0.8,-0.33,0.8,-0.3299927677793736,0.8,-0.33
166,14,-0.8,-0.11,-0.8,-0.11000000992074159,-0.8,-0.11
166,15,-0.57,-0.11,-0.57,-0.11000000706852839,-0.57,-0.11
166,16,-0.29,-0.11,-0.29,-0.11000000359626882,-0.29,-0.11
166,17,0.0,-0.11,0.0,-0.11,0.0,-0.11
166,18,0.23,-0.11,0.23,-0.10999999714778678,0.23,-0.11
166,19,0.51,-0.11,0.51,-0.10999999367552722,0.51,-0.11
166,20,0.8,-0.11,0.8,-0.10999999007925841,0.8,-0.11
166,21,-0.8,0.17,-0.8,0.1699998648296136,-0.8,0.17
166,22,-0.57,0.17,-0.57,0.1699999036910997,-0.57,0.17
166,23,-0.29,0.17,-0.29,0.16999995100073495,-0.29,0.17
166,24,0.0,0.17,0.0,0.17,0.0,0.17
166,25,0.23,0.17,0.23,0.1700000388614861,0.23,0.17
166,26,0.51,0.17,0.51,0.17000008617112136,0.51,0.17
166,27,0.8,0.17,0.8,0.1700001351703864,0.8,0.17
166,28,-0.8,0.39,-0.8,0.3899802950349384,-0.8,0.39
166,29,-0.57,0.39,-0.57,0.3899859602123936,-0.57,0.39
166,30,-0.29,0.39,-0.29,0.3899928569501652,-0.29,0.39
166,31,0.0,0.39,0.0,0.39,0.0,0.39
166,32,0.23,0.39,0.23,0.39000566517745516,0.23,0.39
166,33,0.51,0.39,0.51,0.3900125619152268,0.51,0.39
166,34,0.8,0.39,0.8,0.3900197049650616,0.8,0.39
166,35,-0.8,0.6,-0.8,0.5997387264,-0.8,0.6
166,36,-0.57,0.6,-0.57,0.59981384256,-0.57,0.6
166,37,-0.29,0.6,-0.29,0.59990528832,-0.29,0.6
166,38,0.0,0.6,0.0,0.6,0.0,0.6
166,39,0.23,0.6,0.23,0.60007511616,0.23,0.6
166,40,0.51,0.6,0.51,0.60016656192,0.51,0.6
166,41,0.8,0.6,0.8,0.6002612735999999,0.8,0.6
166,42,0.0,0.0,0.0,0.0,0.0,0.0
166,43,0.71,-0.23,0.71,-0.22999926426163167,0.71,-0.23
166,44,-0.37,0.53,-0.37,0.5299425943046759,-0.37,0.53
166,45,0.12,-0.49,0.12,-0.48998837331875117,0.12,-0.49
166,46,-0.73,0.08,-0.73,0.07999999866044416,-0.73,0.08
166,47,0.63,0.44,0.63,0.440032000344105,0.63,0.44
166,48,-0.19,-0.56,-0.19,-0.5600410185026765,-0.19,-0.56
166,49,0.79,0.31,0.79,0.31000490789535595,0.79,0.31
166,50,-0.61,-0.41,-0.61,-0.410020282945109,-0.61,-0.41
166,51,0.42,-0.52,0.42,-0.5199418744075879,0.42,-0.52
166,52,-0.48,0.27,-0.48,0.26999869826715694,-0.48,0.27
166,53,0.06,0.58,0.06,0.5800159888508685,0.06,0.58
167,0,-0.8,-0.6,-0.8,-0.6002612735999999,-0.8,-0.6
167,1,-0.57,-0.6,-0.57,-0.6001861574399999,-0.57,-0.6
167,2,-0.29,-0.6,-0.29,-0.60009471168,-0.29,-0.6
167,3,0.0,-0.6,0.0,-0.6,0.0,-0.6
167,4,0.23,-0.6,0.23,-0.59992488384,0.23,-0.6
167,5,0.51,-0.6,0.51,-0.59983343808,0.51,-0.6
167,6,0.8,-0.6,0.8,-0.5997387264,0.8,-0.6
167,7,-0.8,-0.33,-0.8,-0.3300072322206264,-0.8,-0.33
167,8,-0.57,-0.33,-0.57,-0.33000515295719635,-0.57,-0.33
167,9,-0.29,-0.33,-0.29,-0.33000262167997707,-0.29,-0.33
167,10,0.0,-0.33,0.0,-0.33,0.0,-0.33
167,11,0.23,-0.33,0.23,-0.3299979207365699,0.23,-0.33
167,12,0.51,-0.33,0.51,-0.3299953894593507,0.51,-0.33
167,13,0.8,-0.33,0.8,-0.32999276777937364,0.8,-0.33
167,14,-0.8,-0.11,-0.8,-0.1100000099207416,-0.8,-0.11
167,15,-0.57,-0.11,-0.57,-0.11000000706852839,-0.57,-0.11
167,16,-0.29,-0.11,-0.29,-0.11000000359626882,-0.29,-0.11
167,17,0.0,-0.11,0.0,-0.11,0.0,-0.11
167,18,0.23,-0.11,0.23,-0.10999999714778678,0.23,-0.11
167,19,0.51,-0.11,0.51,-0.10999999367552724,0.51,-0.11
167,20,0.8,-0.11,0.8,-0.1099999900792584,0.8,-0.11
167,21,-0.8,0.17,-0.8,0.1699998648296136,-0.8,0.17
167,22,-0.57,0.17,-0.57,0.1699999036910997,-0.57,0.17
167,23,-0.29,0.17,-0.29,0.16999995100073495,-0.29,0.17
167,24,0.0,0.17,0.0,0.17,0.0,0.17
167,25,0.23,0.17,0.23,0.1700000388614861,0.23,0.17
167,26,0.51,0.17,0.51,0.17000008617112133,0.51,0.17
167,27,0.8,0.17,0.8,0.17000013517038642,0.8,0.17
167,28,-0.8,0.39,-0.8,0.3899802950349384,-0.8,0.39
167,29,-0.57,0.39,-0.57,0.3899859602123936,-0.57,0.39
167,30,-0.29,0.39,-0.29,0.38999285695016517,-0.29,0.39
167,31,0.0,0.39,0.0,0.39,0.0,0.39
167,32,0.23,0.39,0.23,0.3900056651774552,0.23,0.39
167,33,0.51,0.39,0.51,0.39001256191522676,0.51,0.39
167,34,0.8,0.39,0.8,0.3900197049650616,0.8,0.39
167,35,-0.8,0.6,-0.8,0.5997387264,-0.8,0.6
167,36,-0.57,0.6,-0.57,0.59981384256,-0.57,0.6
167,37,-0.29,0.6,-0.29,0.59990528832,-0.29,0.6
167,38,0.0,0.6,0.0,0.6,0.0,0.6
167,39,0.23,0.6,0.23,0.60007511616,0.23,0.6
167,40,0.51,0.6,0.51,0.60016656192,0.51,0.6
167,41,0.8,0.6,0.8,0.6002612735999999,0.8,0.6
167,42,0.0,0.0,0.0,0.0,0.0,0.0
167,43,0.71,-0.23,0.71,-0.22999926426163167,0.71,-0.23
167,44,-0.37,0.53,-0.37,0.5299425943046759,-0.37,0.53
167,45,0.12,-0.49,0.12,-0.48998837331875117,0.12,-0.49
167,46,-0.73,0.08,-0.73,0.07999999866044416,-0.73,0.08
167,47,0.63,0.44,0.63,0.44003200034410495,0.63,0.44
167,48,-0.19,-0.56,-0.19,-0.5600410185026765,-0.19,-0.56
167,49,0.79,0.31,0.79,0.31000490789535595,0.79,0.31
167,50,-0.61,-0.41,-0.61,-0.41002028294510906,-0.61,-0.41
167,51,0.42,-0.52,0.42,-0.5199418744075879,0.42,-0.52
167,52,-0.48,0.27,-0.48,0.269998698267157,-0.48,0.27
167,53,0.06,0.58,0.06,0.5800159888508685,0.06,0.58
168,0,-0.8,-0.6,-0.8,-0.6001959551999999,-0.8,-0.6
168,1,-0.57,-0.6,-0.57,-0.6001959551999999,-0.57,-0.6
168,2,-0.29,-0.6,-0.29,-0.6001959551999999,-0.29,-0.6
168,3,0.0,-0.6,0.0,-0.6001959551999999,0.0,-0.6
168,4,0.23,-0.6,0.23,-0.6001959551999999,0.23,-0.6
168,5,0.51,-0.6,0.51,-0.6001959551999999,0.51,-0.6
168,6,0.8,-0.6,0.8,-0.6001959551999999,0.8,-0.6
168,7,-0.8,-0.33,-0.8,-0.3300029832910084,-0.8,-0.33
168,8,-0.57,-0.33,-0.57,-0.3300029832910084,-0.57,-0.33
168,9,-0.29,-0.33,-0.29,-0.3300029832910084,-0.29,-0.33
168,10,0.0,-0.33,0.0,-0.3300029832910084,0.0,-0.33
168,11,0.23,-0.33,0.23,-0.3300029832910084,0.23,-0.33
168,12,0.51,-0.33,0.51,-0.3300029832910084,0.51,-0.33
168,13,0.8,-0.33,0.8,-0.3300029832910084,0.8,-0.33
168,14,-0.8,-0.11,-0.8,-0.11000000136410197,-0.8,-0.11
168,15,-0.57,-0.11,-0.57,-0.11000000136410197,-0.57,-0.11
168,16,-0.29,-0.11,-0.29,-0.11000000136410197,-0.29,-0.11
168,17,0.0,-0.11,0.0,-0.11000000136410197,0.0,-0.11
168,18,0.23,-0.11,0.23,-0.11000000136410197,0.23,-0.11
168,19,0.51,-0.11,0.51,-0.11000000136410197,0.51,-0.11
168,20,0.8,-0.11,0.8,-0.11000000136410197,0.8,-0.11
168,21,-0.8,0.17,-0.8,0.17000002872370712,-0.8,0.17
168,22,-0.57,0.17,-0.57,0.17000002872370712,-0.57,0.17
168,23,-0.29,0.17,-0.29,0.17000002872370712,-0.29,0.17
168,24,0.0,0.17,0.0,0.17000002872370712,0.0,0.17
168,25,0.23,0.17,0.23,0.17000002872370712,0.23,0.17
168,26,0.51,0.17,0.51,0.17000002872370712,0.51,0.17
168,27,0.8,0.17,0.8,0.17000002872370712,0.8,0.17
168,28,-0.8,0.39,-0.8,0.39000960617046754,-0.8,0.39
168,29,-0.57,0.39,-0.57,0.39000960617046754,-0.57,0.39
168,30,-0.29,0.39,-0.29,0.39000960617046754,-0.29,0.39
168,31,0.0,0.39,0.0,0.39000960617046754,0.0,0.39
168,32,0.23,0.39,0.23,0.39000960617046754,0.23,0.39
168,33,0.51,0.39,0.51,0.39000960617046754,0.51,0.39
168,34,0.8,0.39,0.8,0.39000960617046754,0.8,0.39
168,35,-0.8,0.6,-0.8,0.6001959551999999,-0.8,0.6
168,36,-0.57,0.6,-0.57,0.6001959551999999,-0.57,0.6
168,37,-0.29,0.6,-0.29,0.6001959551999999,-0.29,0.6
168,38,0.0,0.6,0.0,0.6001959551999999,0.0,0.6
168,39,0.23,0.6,0.23,0.6001959551999999,0.23,0.6
168,40,0.51,0.6,0.51,0.6001959551999999,0.51,0.6
168,41,0.8,0.6,0.8,0.6001959551999999,0.8,0.6
168,42,0.0,0.0,0.0,0.0,0.0,0.0
168,43,0.71,-0.23,0.71,-0.2300002383377813,0.71,-0.23
168,44,-0.37,0.53,-0.37,0.5300822297797886,-0.37,0.53
168,45,0.12,-0.49,0.12,-0.49004747561509937,0.12,-0.49
168,46,-0.73,0.08,-0.73,0.08000000014680063,-0.73,0.08
168,47,0.63,0.44,0.63,0.4400223494466765,0.63,0.44
168,48,-0.19,-0.56,-0.19,-0.5601208966394675,-0.19,-0.56
168,49,0.79,0.31,0.79,0.31000192588298775,0.79,0.31
168,50,-0.61,-0.41,-0.61,-0.41001363279917163,-0.61,-0.41
168,51,0.42,-0.52,0.42,-0.520071965019177,0.42,-0.52
168,52,-0.48,0.27,-0.48,0.2700007322247242,-0.48,0.27
168,53,0.06,0.58,0.06,0.5801545588917285,0.06,0.58
169,0,-0.8,-0.6,-0.8,-0.6001959552,-0.8,-0.6
169,1,-0.57,-0.6,-0.57,-0.6001959552,-0.57,-0.6
169,2,-0.29,-0.6,-0.29,-0.6001959552,-0.29,-0.6
169,3,0.0,-0.6,0.0,-0.6001959552,0.0,-0.6
169,4,0.23,-0.6,0.23,-0.6001959552,0.23,-0.6
169,5,0.51,-0.6,0.51,-0.6001959552,0.51,-0.6
169,6,0.8,-0.6,0.8,-0.6001959552,0.8,-0.6
169,7,-0.8,-0.33,-0.8,-0.3300029832910084,-0.8,-0.33
169,8,-0.57,-0.33,-0.57,-0.3300029832910084,-0.57,-0.33
169,9,-0.29,-0.33,-0.29,-0.3300029832910084,-0.29,-0.33
169,10,0.0,-0.33,0.0,-0.3300029832910084,0.0,-0.33
169,11,0.23,-0.33,0.23,-0.3300029832910084,0.23,-0.33
169,12,0.51,-0.33,0.51,-0.3300029832910084,0.51,-0.33
169,13,0.8,-0.33,0.8,-0.3300029832910084,0.8,-0.33
169,14,-0.8,-0.11,-0.8,-0.11000000136410197,-0.8,-0.11
169,15,-0.57,-0.11,-0.57,-0.11000000136410197,-0.57,-0.11
169,16,-0.29,-0.11,-0.29,-0.11000000136410197,-0.29,-0.11
169,17,0.0,-0.11,0.0,-0.11000000136410197,0.0,-0.11
169,18,0.23,-0.11,0.23,-0.11000000136410197,0.23,-0.11
169,19,0.51,-0.11,0.51,-0.11000000136410197,0.51,-0.11
169,20,0.8,-0.11,0.8,-0.11000000136410197,0.8,-0.11
169,21,-0.8,0.17,-0.8,0.17000002872370712,-0.8,0.17
169,22,-0.57,0.17,-0.57,0.17000002872370712,-0.57,0.17
169,23,-0.29,0.17,-0.29,0.17000002872370712,-0.29,0.17
169,24,0.0,0.17,0.0,0.17000002872370712,0.0,0.17
169,25,0.23,0.17,0.23,0.17000002872370712,0.23,0.17
169,26,0.51,0.17,0.51,0.17000002872370712,0.51,0.17
169,27,0.8,0.17,0.8,0.17000002872370712,0.8,0.17
169,28,-0.8,0.39,-0.8,0.39000960617046754,-0.8,0.39
169,29,-0.57,0.39,-0.57,0.39000960617046754,-0.57,0.39
169,30,-0.29,0.39,-0.29,0.39000960617046754,-0.29,0.39
169,31,0.0,0.39,0.0,0.39000960617046754,0.0,0.39
169,32,0.23,0.39,0.23,0.39000960617046754,0.23,0.39
169,33,0.51,0.39,0.51,0.39000960617046754,0.51,0.39
169,34,0.8,0.39,0.8,0.39000960617046754,0.8,0.39
169,35,-0.8,0.6,-0.8,0.6001959552,-0.8,0.6
169,36,-0.57,0.6,-0.57,0.6001959552,-0.57,0.6
169,37,-0.29,0.6,-0.29,0.6001959552,-0.29,0.6
169,38,0.0,0.6,0.0,0.6001959552,0.0,0.6
169,39,0.23,0.6,0.23,0.6001959552,0.23,0.6
169,40,0.51,0.6,0.51,0.6001959552,0.51,0.6
169,41,0.8,0.6,0.8,0.6001959552,0.8,0.6
169,42,0.0,0.0,0.0,0.0,0.0,0.0
169,43,0.71,-0.23,0.71,-0.2300002383377813,0.71,-0.23
169,44,-0.37,0.53,-0.37,0.5300822297797886,-0.37,0.53
169,45,0.12,-0.49,0.12,-0.4900474756150994,0.12,-0.49
169,46,-0.73,0.08,-0.73,0.08000000014680064,-0.73,0.08
169,47,0.63,0.44,0.63,0.4400223494466765,0.63,0.44
169,48,-0.19,-0.56,-0.19,-0.5601208966394676,-0.19,-0.56
169,49,0.79,0.31,0.79,0.31000192588298775,0.79,0.31
169,50,-0.61,-0.41,-0.61,-0.41001363279917163,-0.61,-0.41
169,51,0.42,-0.52,0.42,-0.520071965019177,0.42,-0.52
169,52,-0.48,0.27,-0.48,0.2700007322247242,-0.48,0.27
169,53,0.06,0.58,0.06,0.5801545588917286,0.06,0.58
170,0,-0.8,-0.6,-0.8014553220811685,-0.5971609865581169,-0.8,-0.6
170,1,-0.57,-0.6,-0.5717620404538019,-0.59755203514725,-0.57,-0.6
170,2,-0.29,-0.6,-0.2921354367335296,-0.5980280942992381,-0.29,-0.6
170,3,0.0,-0.6,-0.0025221685946761165,-0.5985211555637971,0.0,-0.6
170,4,0.23,-0.6,0.22717111303269047,-0.5989122041529301,0.23,-0.6
170,5,0.51,-0.6,0.5067977167529628,-0.5993882633049182,0.51,-0.6
170,6,0.8,-0.6,0.7964109848918163,-0.5998813245694773,0.8,-0.6
170,7,-0.8,-0.33,-0.8011778350231614,-0.3275972482973036,-0.8,-0.33
170,8,-0.57,-0.33,-0.5714845533957947,-0.3279882968864366,-0.57,-0.33
170,9,-0.29,-0.33,-0.2918579496755226,-0.32846435603842467,-0.29,-0.33
170,10,0.0,-0.33,-0.002244681536669098,-0.3289574173029837,0.0,-0.33
170,11,0.23,-0.33,0.22744860009069748,-0.3293484658921168,0.23,-0.33
170,12,0.51,-0.33,0.5070752038109699,-0.32982452504410487,0.51,-0.33
170,13,0.8,-0.33,0.7966884719498234,-0.3303175863086639,0.8,-0.33
170,14,-0.8,-0.11,-0.800951734457378,-0.10795272082552973,-0.8,-0.11
170,15,-0.57,-0.11,-0.5712584528300113,-0.10834376941466278,-0.57,-0.11
170,16,-0.29,-0.11,-0.2916318491097391,-0.10881982856665084,-0.29,-0.11
170,17,0.0,-0.11,-0.002018580970885602,-0.1093128898312099,0.0,-0.11
170,18,0.23,-0.11,0.227674700656481,-0.10970393842034296,0.23,-0.11
170,19,0.51,-0.11,0.5073013043767534,-0.11017999757233102,0.51,-0.11
170,20,0.8,-0.11,0.7969145725156068,-0.11067305883689009,0.8,-0.11
170,21,-0.8,0.17,-0.8006639701009263,0.17159485959309154,-0.8,0.17
170,22,-0.57,0.17,-0.5709706884735596,0.17120381100395848,-0.57,0.17
170,23,-0.29,0.17,-0.2913440847532874,0.17072775185197042,-0.29,0.17
170,24,0.0,0.17,-0.0017308166144338792,0.17023469058741134,0.0,0.17
170,25,0.23,0.17,0.2279624650129327,0.16984364199827828,0.23,0.17
170,26,0.51,0.17,0.5075890687332051,0.16936758284629022,0.51,0.17
170,27,0.8,0.17,0.7972023368720585,0.16887452158173116,0.8,0.17
170,28,-0.8,0.39,-0.8004378695351427,0.3912393870648654,-0.8,0.39
170,29,-0.57,0.39,-0.570744587907776,0.39084833847573236,-0.57,0.39
170,30,-0.29,0.39,-0.29111798418750384,0.3903722793237443,-0.29,0.39
170,31,0.0,0.39,-0.001504716048650383,0.38987921805918524,0.0,0.39
170,32,0.23,0.39,0.2281885655787162,0.38948816947005216,0.23,0.39
170,33,0.51,0.39,0.5078151692989886,0.3890121103180641,0.51,0.39
170,34,0.8,0.39,0.7974284374378421,0.38851904905350504,0.8,0.39
170,35,-0.8,0.6,-0.8002220462678039,0.6009000723788314,-0.8,0.6
170,36,-0.57,0.6,-0.5705287646404372,0.6005090237896983,-0.57,0.6
170,37,-0.29,0.6,-0.2909021609201651,0.6000329646377102,-0.29,0.6
170,38,0.0,0.6,-0.001288892781311591,0.5995399033731511,0.0,0.6
170,39,0.23,0.6,0.228404388846055,0.5991488547840181,0.23,0.6
170,40,0.51,0.6,0.5080309925663274,0.59867279563203,0.51,0.6
170,41,0.8,0.6,0.7976442607051809,0.598179734367471,0.8,0.6
170,42,0.0,0.0,-0.0019055306879938536,0.0005093739046770178,0.0,0.0
170,43,0.71,-0.23,0.7069112651670398,-0.2303261457174459,0.71,-0.23
170,44,-0.37,0.53,-0.3708674173579272,0.530282086433623,-0.37,0.53
170,45,0.12,-0.49,0.11743085471118947,-0.4889029171787622,0.12,-0.49
170,46,-0.73,0.08,-0.7308498148568605,0.0816212653848234,-0.73,0.08
170,47,0.63,0.44,0.6277065288141859,0.4387272957562516,0.63,0.44
170,48,-0.19,-0.56,-0.19222768335393925,-0.5582627467937165,-0.19,-0.56
170,49,0.79,0.31,0.7873595546317034,0.3086653139036128,0.79,0.31
170,50,-0.61,-0.41,-0.6115134294576772,-0.4077910256986158,-0.61,-0.41
170,51,0.42,-0.52,0.41699995537329,-0.519364507029316,0.42,-0.52
170,52,-0.48,0.27,-0.48098793572188225,0.2708892135688985,-0.48,0.27
170,53,0.06,0.58,0.05861053913328593,0.5794702063821092,0.06,0.58
171,0,-0.8,-0.6,-0.7490250799425188,-0.5583213552489218,-0.8,-0.6
171,1,-0.57,-0.6,-0.5435691186601275,-0.5694441942400532,-0.57,-0.6
171,2,-0.29,-0.6,-0.28076150178829,-0.5787617388194438,-0.29,-0.6
171,3,0.0,-0.6,-0.00026350243460705015,-0.5823326731916515,0.0,-0.6
171,4,0.23,-0.6,0.22227947907161977,-0.5802998166768483,0.23,-0.6
171,5,0.51,-0.6,0.48603973013106444,-0.572402611505609,0.51,-0.6
171,6,0.8,-0.6,0.7443057570791274,-0.5590969107372805,0.8,-0.6
171,7,-0.8,-0.33,-0.7603006255411324,-0.3109551443372218,-0.8,-0.33
171,8,-0.57,-0.33,-0.5523115669607149,-0.3178518118878893,-0.57,-0.33
171,9,-0.29,-0.33,-0.2854674535694463,-0.32383407995810354,-0.29,-0.33
171,10,0.0,-0.33,0.00016683291254226528,-0.32630280524198224,0.0,-0.33
171,11,0.23,-0.33,0.22683797503407654,-0.32522630098868366,0.23,-0.33
171,12,0.51,-0.33,0.49487297233320793,-0.3205610725663794,0.51,-0.33
171,13,0.8,-0.33,0.7564309289936181,-0.3127251944735155,0.8,-0.33
171,14,-0.8,-0.11,-0.7649429147071837,-0.10284261772247182,-0.8,-0.11
171,15,-0.57,-0.11,-0.5559620161404997,-0.10565862887099955,-0.57,-0.11
171,16,-0.29,-0.11,-0.28742401762546377,-0.1082100385678396,-0.29,-0.11
171,17,0.0,-0.11,0.00040393115160848277,-0.10948290409366977,0.0,-0.11
171,18,0.23,-0.11,0.22883879990670802,-0.10937020808780254,0.23,-0.11
171,19,0.51,-0.11,0.4986773647518886,-0.10797966281934257,0.51,-0.11
171,20,0.8,-0.11,0.7615364394219694,-0.10540499188361209,0.8,-0.11
171,21,-0.8,0.17,-0.764350843485708,0.1645895973039874,-0.8,0.17
171,22,-0.57,0.17,-0.555420714532061,0.16725069824237046,-0.57,0.17
171,23,-0.29,0.17,-0.287035089249979,0.16936085525690525,-0.29,0.17
171,24,0.0,0.17,0.0005537762659316022,0.1697328023851775,0.0,0.17
171,25,0.23,0.17,0.22879296243217254,0.1685490481992832,0.23,0.17
171,26,0.51,0.17,0.49845312755071575,0.16551531228134694,0.51,0.17
171,27,0.8,0.17,0.7612292598869684,0.16104451672019604,0.8,0.17
171,28,-0.8,0.39,-0.7588513114829778,0.3720596027281686,-0.8,0.39
171,29,-0.57,0.39,-0.550998513594826,0.37866980968552105,-0.57,0.39
171,30,-0.29,0.39,-0.2845193388816614,0.38407448483011436,-0.29,0.39
171,31,0.0,0.39,0.0005484795642063132,0.3855932481968985,0.0,0.39
171,32,0.23,0.39,0.2267559894702717,0.38349008651153854,0.23,0.39
171,33,0.51,0.39,0.49436555347479844,0.3773183155638833,0.51,0.39
171,34,0.8,0.39,0.7557085655468012,0.3677623214260449,0.8,0.39
171,35,-0.8,0.6,-0.74988309547299,0.564473560977527,-0.8,0.6
171,36,-0.57,0.6,-0.5439732418312282,0.5742980829567819,-0.57,0.6
171,37,-0.29,0.6,-0.2806180439375747,0.5822142661297601,-0.29,0.6
171,38,0.0,0.6,0.00043990351537908886,0.5845658863201411,0.0,0.6
171,39,0.23,0.6,0.22342123161702507,0.5817568286911544,0.23,0.6
171,40,0.51,0.6,0.4877087389954286,0.5731705795422977,0.51,0.6
171,41,0.8,0.6,0.7465148663848913,0.5594730352266607,0.8,0.6
171,42,0.0,0.0,0.00048337973300873176,0.0002528566814192336,0.0,0.0
171,43,0.71,-0.23,0.680006018010698,-0.22089188280538807,0.71,-0.23
171,44,-0.37,0.53,-0.35879771869874394,0.5155000450937726,-0.37,0.53
171,45,0.12,-0.49,0.11740204473835919,-0.47931087866654154,0.12,-0.49
171,46,-0.73,0.08,-0.7029732646195818,0.07904222420229182,-0.73,0.08
171,47,0.63,0.44,0.6031843013461693,0.42059559634495874,0.63,0.44
171,48,-0.19,-0.56,-0.18510653019205608,-0.5437850919420966,-0.19,-0.56
171,49,0.79,0.31,0.74952176388378,0.29342672466479336,0.79,0.31
171,50,-0.61,-0.41,-0.5870381007109268,-0.3923498856974956,-0.61,-0.41
171,51,0.42,-0.52,0.4051216222925232,-0.5019268012078256,0.42,-0.52
171,52,-0.48,0.27,-0.4692176982614071,0.26540215515382354,-0.48,0.27
171,53,0.06,0.58,0.05894880827197766,0.565660347120351,0.06,0.58
172,0,-0.8,-0.6,-0.6986227132606478,-0.5220294150334726,-0.8,-0.6
172,1,-0.57,-0.6,-0.5142226167691045,-0.5397339912829133,-0.57,-0.6
172,2,-0.29,-0.6,-0.2695731003336806,-0.5567855602010788,-0.29,-0.6
172,3,0.0,-0.6,0.0004026104164933208,-0.5670720676536619,0.0,-0.6
172,4,0.23,-0.6,0.21921191113937924,-0.5688028157757085,0.23,-0.6
172,5,0.51,-0.6,0.4813154935370222,-0.563446777992266,0.51,-0.6
172,6,0.8,-0.6,0.7381363135829901,-0.5507169602101164,0.8,-0.6
172,7,-0.8,-0.33,-0.7172276036323797,-0.29479664315457516,-0.8,-0.33
172,8,-0.57,-0.33,-0.5290525838000326,-0.30560979801440524,-0.57,-0.33
172,9,-0.29,-0.33,-0.27804540963080715,-0.31623714616024845,-0.29,-0.33
172,10,0.0,-0.33,0.0005583226015995393,-0.32252719681334285,0.0,-0.33
172,11,0.23,-0.33,0.2266413811778418,-0.3232943417055573,0.23,-0.33
172,12,0.51,-0.33,0.4966079488183214,-0.3194056902570907,0.51,-0.33
172,13,0.8,-0.33,0.75991439509657,-0.311133165553541,0.8,-0.33
172,14,-0.8,-0.11,-0.7269604512953375,-0.09936506501527802,-0.8,-0.11
172,15,-0.57,-0.11,-0.5368677390619248,-0.1033460693005474,-0.57,-0.11
172,16,-0.29,-0.11,-0.2824939080009383,-0.10726213243717253,-0.29,-0.11
172,17,0.0,-0.11,0.0006700540046476518,-0.10946932656338448,0.0,-0.11
172,18,0.23,-0.11,0.23059137494032034,-0.10955464807666317,0.23,-0.11
172,19,0.51,-0.11,0.5047043326062662,-0.10777731034004784,0.51,-0.11
172,20,0.8,-0.11,0.7713056105741918,-0.10436834857450107,0.8,-0.11
172,21,-0.8,0.17,-0.7311362216749451,0.15562875338427526,-0.8,0.17
172,22,-0.57,0.17,-0.5399287393899319,0.16110479409664116,-0.57,0.17
172,23,-0.29,0.17,-0.2840230206047996,0.16656311630479817,-0.29,0.17
172,24,0.0,0.17,0.0008610338755068894,0.17001320196004438,0.0,0.17
172,25,0.23,0.17,0.23219968601821173,0.17075766234824816,0.23,0.17
172,26,0.51,0.17,0.5080392229373093,0.16936078161570156,0.51,0.17
172,27,0.8,0.17,0.7763303613856791,0.1658159597965123,0.8,0.17
172,28,-0.8,0.39,-0.7278444690893991,0.35497384445289487,-0.8,0.39
172,29,-0.57,0.39,-0.5368547616058515,0.3675058881292586,-0.57,0.39
172,30,-0.29,0.39,-0.2819492358444233,0.3798417441740562,-0.29,0.39
172,31,0.0,0.39,0.0010366554076595889,0.3874845411269284,0.0,0.39
172,32,0.23,0.39,0.23072876789343374,0.3889647834767072,0.23,0.39
172,33,0.51,0.39,0.5050858582754572,0.3854648958365334,0.51,0.39
172,34,0.8,0.39,0.7726570864815123,0.37692713184814314,0.8,0.39
172,35,-0.8,0.6,-0.7197477256348234,0.5398333940369271,-0.8,0.6
172,36,-0.57,0.6,-0.5300662605623648,0.5583402253175147,-0.57,0.6
172,37,-0.29,0.6,-0.2777732071786487,0.5761969553006729,-0.29,0.6
172,38,0.0,0.6,0.0011668888074938513,0.5872579514064606,0.0,0.6
172,39,0.23,0.6,0.22739623300809675,0.5895569296130028,0.23,0.6
172,40,0.51,0.6,0.4982726180177208,0.5847691498025139,0.51,0.6
172,41,0.8,0.6,0.7632770387693608,0.5722869743837373,0.8,0.6
172,42,0.0,0.0,0.0007376231836937384,-0.000115261232003233,0.0,0.0
172,43,0.71,-0.23,0.6859284150337273,-0.22031136315188218,0.71,-0.23
172,44,-0.37,0.53,-0.35389185411999546,0.5077164352426761,-0.37,0.53
172,45,0.12,-0.49,0.11629941060183387,-0.4714384686469489,0.12,-0.49
172,46,-0.73,0.08,-0.6746328422055701,0.07419525944199948,-0.73,0.08
172,47,0.63,0.44,0.6168572961964875,0.4303466060319123,0.63,0.44
172,48,-0.19,-0.56,-0.17884441542191853,-0.5267810072758717,-0.19,-0.56
172,49,0.79,0.31,0.7658799183591711,0.30096298661318976,0.79,0.31
172,50,-0.61,-0.41,-0.5589619540975517,-0.3747297018425791,-0.61,-0.41
172,51,0.42,-0.52,0.40241872940552786,-0.49567623295143937,0.42,-0.52
172,52,-0.48,0.27,-0.459473697981798,0.25854717054322807,-0.48,0.27
172,53,0.06,0.58,0.06018612237857394,0.5698015075870184,0.06,0.58
173,0,-0.8,-0.6,-0.7976959291480116,-0.6005897321658976,-0.8,-0.6
173,1,-0.57,-0.6,-0.5679790298237527,-0.6002681176380033,-0.57,-0.6
173,2,-0.29,-0.6,-0.28832367412465504,-0.5998765869083929,-0.29,-0.6
173,3,0.0,-0.6,0.0013193728494103837,-0.599471072938439,0.0,-0.6
173,4,0.23,-0.6,0.2310362721736692,-0.5991494584105448,0.23,-0.6
173,5,0.51,-0.6,0.5106916278727669,-0.5987579276809343,0.51,-0.6
173,6,0.8,-0.6,0.8003346748468324,-0.5983524137109806,0.8,-0.6
173,7,-0.8,-0.33,-0.7977753764236557,-0.3309706705338556,-0.8,-0.33
173,8,-0.57,-0.33,-0.5680584770993967,-0.3306490560059613,-0.57,-0.33
173,9,-0.29,-0.33,-0.2884031214002991,-0.3302575252763508,-0.29,-0.33
173,10,0.0,-0.33,0.001239925573766332,-0.32985201130639713,0.0,-0.33
173,11,0.23,-0.33,0.23095682489802516,-0.3295303967785028,0.23,-0.33
173,12,0.51,-0.33,0.5106121805971229,-0.3291388660488923,0.51,-0.33
173,13,0.8,-0.33,0.8002552275711884,-0.3287333520789386,0.8,-0.33
173,14,-0.8,-0.11,-0.7978401112408471,-0.11128106475959915,-0.8,-0.11
173,15,-0.57,-0.11,-0.5681232119165882,-0.11095945023170482,-0.57,-0.11
173,16,-0.29,-0.11,-0.28846785621749055,-0.11056791950209435,-0.29,-0.11
173,17,0.0,-0.11,0.0011751907565748826,-0.11016240553214064,0.0,-0.11
173,18,0.23,-0.11,0.2308920900808337,-0.10984079100424632,0.23,-0.11
173,19,0.51,-0.11,0.5105474457799314,-0.10944926027463585,0.51,-0.11
173,20,0.8,-0.11,0.8001904927539969,-0.10904374630468214,0.8,-0.11
173,21,-0.8,0.17,-0.7979225010081817,0.168323888044,-0.8,0.17
173,22,-0.57,0.17,-0.5682056016839228,0.1686455025718943,-0.57,0.17
173,23,-0.29,0.17,-0.28855024598482515,0.1690370333015048,-0.29,0.17
173,24,0.0,0.17,0.0010928009892403107,0.1694425472714585,0.0,0.17
173,25,0.23,0.17,0.23080970031349912,0.16976416179935283,0.23,0.17
173,26,0.51,0.17,0.5104650560125968,0.1701556925289633,0.51,0.17
173,27,0.8,0.17,0.8001081029866624,0.170561206498917,0.8,0.17
173,28,-0.8,0.39,-0.7979872358253731,0.38801349381825645,-0.8,0.39
173,29,-0.57,0.39,-0.5682703365011142,0.38833510834615076,-0.57,0.39
173,30,-0.29,0.39,-0.2886149808020166,0.38872663907576127,-0.29,0.39
173,31,0.0,0.39,0.0010280661720488613,0.38913215304571497,0.0,0.39
173,32,0.23,0.39,0.23074496549630769,0.3894537675736093,0.23,0.39
173,33,0.51,0.39,0.5104003211954053,0.38984529830321973,0.51,0.39
173,34,0.8,0.39,0.8000433681694709,0.3902508122731735,0.8,0.39
173,35,-0.8,0.6,-0.7980490281508741,0.5977172084209558,-0.8,0.6
173,36,-0.57,0.6,-0.5683321288266152,0.5980388229488501,-0.57,0.6
173,37,-0.29,0.6,-0.2886767731275175,0.5984303536784605,-0.29,0.6
173,38,0.0,0.6,0.0009662738465479321,0.5988358676484142,0.0,0.6
173,39,0.23,0.6,0.23068317317080675,0.5991574821763086,0.23,0.6
173,40,0.51,0.6,0.5103385288699045,0.5995490129059191,0.51,0.6
173,41,0.8,0.6,0.7999815758439699,0.5999545268758728,0.8,0.6
173,42,0.0,0.0,0.001142823347979158,-0.0003176026450124128,0.0,0.0
173,43,0.71,-0.23,0.7103365811795731,-0.22900028952645657,0.71,-0.23
173,44,-0.37,0.53,-0.3685577058854261,0.528417249554815,-0.37,0.53
173,45,0.12,-0.49,0.12113930074042795,-0.4894584711671921,0.12,-0.49
173,46,-0.73,0.08,-0.7279821796581926,0.0785487501823886,-0.73,0.08
173,47,0.63,0.44,0.6302379040365661,0.4399425530451241,0.63,0.44
173,48,-0.19,-0.56,-0.18845853134173943,-0.5597931898187322,-0.19,-0.56
173,49,0.79,0.31,0.7900792168280273,0.31034969966037335,0.79,0.31
173,50,-0.61,-0.41,-0.6079857022657438,-0.4105921183397911,-0.61,-0.41
173,51,0.42,-0.52,0.4207788664645327,-0.5189966474715665,0.42,-0.52
173,52,-0.48,0.27,-0.4783458051261181,0.2686302634505545,-0.48,0.27
173,53,0.06,0.58,0.06089830647973562,0.5789479847473594,0.06,0.58
174,0,-0.8,-0.6,-0.746579855877824,-0.5623989034439926,-0.8,-0.6
174,1,-0.57,-0.6,-0.5413115522384196,-0.5728974851618739,-0.57,-0.6
174,2,-0.29,-0.6,-0.27874781783921815,-0.5814159515814452,-0.29,-0.6
174,3,0.0,-0.6,0.0014848960352693847,-0.5841332877402925,0.0,-0.6
174,4,0.23,-0.6,0.22381359705595383,-0.5814226403964445,0.23,-0.6
174,5,0.51,-0.6,0.4873155872562976,-0.5727214805378746,0.51,-0.6
174,6,0.8,-0.6,0.7453243729902965,-0.558627932019021,0.8,-0.6
174,7,-0.8,-0.33,-0.7580381516679098,-0.3150386264304696,-0.8,-0.33
174,8,-0.57,-0.33,-0.5502424780149168,-0.321302839271662,-0.57,-0.33
174,9,-0.29,-0.33,-0.2836487142281555,-0.32647335674360284,-0.29,-0.33
174,10,0.0,-0.33,0.0017145155808212446,-0.32807271927719556,0.0,-0.33
174,11,0.23,-0.33,0.2281681800274501,-0.32630596532140255,0.23,-0.33
174,12,0.51,-0.33,0.4959433595132786,-0.3208241382662992,0.51,-0.33
174,13,0.8,-0.33,0.7572452080834428,-0.31219101766230595,0.8,-0.33
174,14,-0.8,-0.11,-0.7628388205489932,-0.10691634403716097,-0.8,-0.11
174,15,-0.57,-0.11,-0.5540554473312566,-0.10909641227757999,-0.57,-0.11
174,16,-0.29,-0.11,-0.2857721014365976,-0.11083052031301327,-0.29,-0.11
174,17,0.0,-0.11,0.0017817585488771534,-0.11122720695793889,0.0,-0.11
174,18,0.23,-0.11,0.22999821802360146,-0.11041900202077154,0.23,-0.11
174,19,0.51,-0.11,0.49957780328195633,-0.10820674286161351,0.51,-0.11
174,20,0.8,-0.11,0.7621836424458629,-0.10483147195979188,0.8,-0.11
174,21,-0.8,0.17,-0.7624565403105479,0.16054837282994758,-0.8,0.17
174,22,-0.57,0.17,-0.5537281731930683,0.16384589083395074,-0.57,0.17
174,23,-0.29,0.17,-0.2856007018728793,0.16677342070511028,-0.29,0.17
174,24,0.0,0.17,0.001713016533190289,0.16802100761020336,0.0,0.17
174,25,0.23,0.17,0.22973499471350567,0.16753201775490614,0.23,0.17
174,26,0.51,0.17,0.4991398120750973,0.1653189446950718,0.51,0.17
174,27,0.8,0.17,0.7616683001836895,0.1616476878059158,0.8,0.17
174,28,-0.8,0.39,-0.7571245781483446,0.36805893820657454,-0.8,0.39
174,29,-0.57,0.39,-0.5494756020393748,0.37530273550007487,-0.57,0.39
174,30,-0.29,0.39,-0.2832553367044729,0.3815193572812109,-0.29,0.39
174,31,0.0,0.39,0.00153884685177241,0.38390621645556744,0.0,0.39
174,32,0.23,0.39,0.22753180979431387,0.3824915278897779,0.23,0.39
174,33,0.51,0.39,0.4948904408906272,0.3771338162885243,0.51,0.39
174,34,0.8,0.39,0.7559911568012799,0.36837241378203756,0.8,0.39
174,35,-0.8,0.6,-0.7483154680177619,0.5605222888909115,-0.8,0.6
174,36,-0.57,0.6,-0.5426100939468395,0.5709748546703565,-0.57,0.6
174,37,-0.29,0.6,-0.2795127846399056,0.5796937614786668,-0.29,0.6
174,38,0.0,0.6,0.001274708676776737,0.5829013645730585,0.0,0.6
174,39,0.23,0.6,0.22404512541675464,0.5807708765538631,0.23,0.6
174,40,0.51,0.6,0.4880867638251858,0.5729882952073789,0.51,0.6
174,41,0.8,0.6,0.7466562597541407,0.5600771432696311,0.8,0.6
174,42,0.0,0.0,0.0017752796188782445,-0.0014786074503563237,0.0,0.0
174,43,0.71,-0.23,0.6808214927341681,-0.22057984857112423,0.71,-0.23
174,44,-0.37,0.53,-0.35756554730964524,0.5127338552198824,-0.37,0.53
174,45,0.12,-0.49,0.11895738828062778,-0.4807414209161768,0.12,-0.49
174,46,-0.73,0.08,-0.701070693746576,0.07517805056609003,-0.73,0.08
174,47,0.63,0.44,0.603571329965054,0.4207473760577381,0.63,0.44
174,48,-0.19,-0.56,-0.18321163009203967,-0.5461440571837308,-0.19,-0.56
174,49,0.79,0.31,0.7498684243486297,0.29400944742902657,0.79,0.31
174,50,-0.61,-0.41,-0.5848775392809481,-0.3959151937914364,-0.61,-0.41
174,51,0.42,-0.52,0.4064196783196673,-0.5024839445479521,0.42,-0.52
174,52,-0.48,0.27,-0.46768433199531134,0.26227106970479114,-0.48,0.27
174,53,0.06,0.58,0.05974248567518209,0.5641717921884776,0.06,0.58
175,0,-0.8,-0.6,-0.6983394385589895,-0.5218011267310596,-0.8,-0.6
175,1,-0.57,-0.6,-0.51367384469804,-0.5397103299443854,-0.57,-0.6
175,2,-0.29,-0.6,-0.2686741450097466,-0.557030065980776,-0.29,-0.6
175,3,0.0,-0.6,0.0016852696486007886,-0.5676081047255321,0.0,-0.6
175,4,0.23,-0.6,0.22080343926977872,-0.5695717275492852,0.23,-0.6
175,5,0.51,-0.6,0.48327462631106993,-0.5644908126730208,0.51,-0.6
175,6,0.8,-0.6,0.7404532470298951,-0.5520267164717335,0.8,-0.6
175,7,-0.8,-0.33,-0.7170432786491265,-0.29443151191840855,-0.8,-0.33
175,8,-0.57,-0.33,-0.5285996482203924,-0.3054497440293389,-0.57,-0.33
175,9,-0.29,-0.33,-0.2772353888047486,-0.3163486886075259,-0.29,-0.33
175,10,0.0,-0.33,0.0017629254994245681,-0.3229373582100556,0.0,-0.33
175,11,0.23,-0.33,0.22816479368043224,-0.3239445928262167,0.23,-0.33
175,12,0.51,-0.33,0.4985105150555902,-0.3203401569640776,0.51,-0.33
175,13,0.8,-0.33,0.762185327351144,-0.3123425272644801,0.8,-0.33
175,14,-0.8,-0.11,-0.7268523956486075,-0.0988888876660538,-0.8,-0.11
175,15,-0.57,-0.11,-0.5364905575653489,-0.10307348099333874,-0.57,-0.11
175,16,-0.29,-0.11,-0.2817570456425121,-0.1072612508475096,-0.29,-0.11
175,17,0.0,-0.11,0.001806617190153502,-0.10976979435712679,0.0,-0.11
175,18,0.23,-0.11,0.2320519378202298,-0.11009892352001428,0.23,-0.11
175,19,0.51,-0.11,0.5065505675282225,-0.108611285583333,0.51,-0.11
175,20,0.8,-0.11,0.7735264108864887,-0.10548321874469815,0.8,-0.11
175,21,-0.8,0.17,-0.73111567024779,0.15624078415436413,-0.8,0.17
175,22,-0.57,0.17,-0.5396405184190457,0.16151692819153385,-0.57,0.17
175,23,-0.29,0.17,-0.28337596087703537,0.16670675121525683,-0.29,0.17
175,24,0.0,0.17,0.0019084073155166896,0.1698565796529335,0.0,0.17
175,25,0.23,0.17,0.2335727906511656,0.17035615740778268,0.23,0.17
175,26,0.51,0.17,0.5098014484893885,0.168666110325281,0.51,0.17
175,27,0.8,0.17,0.7784717592576347,0.16483501793461836,0.8,0.17
175,28,-0.8,0.39,-0.7278830872531704,0.3556851296550722,-0.8,0.39
175,29,-0.57,0.39,-0.5366282756210567,0.36802114427343224,-0.57,0.39
175,30,-0.29,0.39,-0.28136752184452996,0.3800931062898028,-0.29,0.39
175,31,0.0,0.39,0.0020146664642540267,0.38743981943020095,0.0,0.39
175,32,0.23,0.39,0.2320299545591947,0.3886773040448227,0.23,0.39
175,33,0.51,0.39,0.5067747501538854,0.384884737841693,0.51,0.39
175,34,0.8,0.39,0.7747257344628986,0.3760588931240009,0.8,0.39
175,35,-0.8,0.6,-0.7198341062407377,0.5406313734106769,-0.8,0.6
175,36,-0.57,0.6,-0.5298912928630918,0.5589466421006584,-0.57,0.6
175,37,-0.29,0.6,-0.27724845975073537,0.5765450933221401,-0.29,0.6
175,38,0.0,0.6,0.0020811384109345426,0.5873160567592571,0.0,0.6
175,39,0.23,0.6,0.22862851691367925,0.5893763704582686,0.23,0.6
175,40,0.51,0.6,0.4998881148597296,0.5842989385532307,0.51,0.6
175,41,0.8,0.6,0.7652699374913406,0.5715293707592577,0.8,0.6
175,42,0.0,0.0,0.0018392787152179354,-0.00035943853325287687,0.0,0.0
175,43,0.71,-0.23,0.6880660258627512,-0.22139547415177813,0.71,-0.23
175,44,-0.37,0.53,-0.3534524424954869,0.5081099791003073,-0.37,0.53
175,45,0.12,-0.49,0.1177147639868493,-0.4720480895853515,0.12,-0.49
175,46,-0.73,0.08,-0.6745066084236754,0.07470541346088982,-0.73,0.08
175,47,0.63,0.44,0.618689314396958,0.42967107989096415,0.63,0.44
175,48,-0.19,-0.56,-0.1778272222357514,-0.5271062394041527,-0.19,-0.56
175,49,0.79,0.31,0.7679633320891208,0.3000627804288601,0.79,0.31
175,50,-0.61,-0.41,-0.5585290381302785,-0.3745735628599404,-0.61,-0.41
175,51,0.42,-0.52,0.40424499959438653,-0.496601691322803,0.42,-0.52
175,52,-0.48,0.27,-0.4591033013044132,0.25892422855337477,-0.48,0.27
175,53,0.06,0.58,0.061189121069885215,0.5697880432508202,0.06,0.58
176,0,-0.8,-0.6,-0.8001210992805687,-0.6037563669861369,-0.8,-0.6
176,1,-0.57,-0.6,-0.570027436054948,-0.6028924191527236,-0.57,-0.6
176,2,-0.29,-0.6,-0.2899193352692088,-0.6019434543429388,-0.29,-0.6
176,3,0.0,-0.6,0.00018576884316698198,-0.6010795928304572,0.0,-0.6
176,4,0.23,-0.6,0.2302641657107618,-0.6004805580178308,0.23,-0.6
176,5,0.51,-0.6,0.510353681364991,-0.5998540960159608,0.51,-0.6
176,6,0.8,-0.6,0.8004395365911603,-0.5993242552688195,0.8,-0.6
176,7,-0.8,-0.33,-0.7999982440311647,-0.3330376599219111,-0.8,-0.33
176,8,-0.57,-0.33,-0.5699496835905972,-0.3322707934069267,-0.57,-0.33
176,9,-0.29,-0.33,-0.28989649054318367,-0.33144001455001193,-0.29,-0.33
176,10,0.0,-0.33,0.0001517448402119941,-0.33069855991728836,0.0,-0.33
176,11,0.23,-0.33,0.2301850389227536,-0.33019660642309107,0.23,-0.33
176,12,0.51,-0.33,0.5102196468386572,-0.32968833037409107,0.51,-0.33
176,13,0.8,-0.33,0.8002486333358463,-0.3292808965067077,0.8,-0.33
176,14,-0.8,-0.11,-0.7998777940189431,-0.11255369697715918,-0.8,-0.11
176,15,-0.57,-0.11,-0.5698659839958263,-0.11186593375867242,-0.57,-0.11
176,16,-0.29,-0.11,-0.28985753058704855,-0.11113145456705914,-0.29,-0.11
176,17,0.0,-0.11,0.0001443673134743576,-0.11048973887339784,0.0,-0.11
176,18,0.23,-0.11,0.23014091097856518,-0.11006688867569812,0.23,-0.11
176,19,0.51,-0.11,0.5101307792558331,-0.10965491229199958,0.51,-0.11
176,20,0.8,-0.11,0.8001134282701494,-0.10934721736367854,0.8,-0.11
176,21,-0.8,0.17,-0.7996980709710125,0.167930242590588,-0.8,0.17
176,22,-0.57,0.17,-0.5697330342064695,0.16851732888625964,-0.57,0.17
176,23,-0.29,0.17,-0.2897815221559554,0.16912924486748923,-0.29,0.17
176,24,0.0,0.17,0.00016140076636592495,0.1696440200932531,0.0,0.17
176,25,0.23,0.17,0.23011117117288302,0.16996619336813762,0.23,0.17
176,26,0.51,0.17,0.5100440980918872,0.1702556065414525,0.51,0.17
176,27,0.8,0.17,0.799967772128002,0.17043636100187615,0.8,0.17
176,28,-0.8,0.39,-0.7995360990507718,0.38820675610943883,-0.8,0.39
176,29,-0.57,0.39,-0.5696078127036796,0.3887147391086129,-0.57,0.39
176,30,-0.29,0.39,-0.2897010402918011,0.389230355424541,-0.29,0.39
176,31,0.0,0.39,0.00019554514764745306,0.38964539171124263,0.0,0.39
176,32,0.23,0.39,0.23010856513671377,0.3898884616896295,0.23,0.39
176,33,0.51,0.39,0.5099967524170822,0.3900815751976429,0.51,0.39
176,34,0.8,0.39,0.7998740889703242,0.39016259071900433,0.8,0.39
176,35,-0.8,0.6,-0.7993644466346596,0.5983855522721654,-0.8,0.6
176,36,-0.57,0.6,-0.5694712402314975,0.5988180275792281,-0.57,0.6
176,37,-0.29,0.6,-0.2896071738383169,0.5992417214873683,-0.29,0.6
176,38,0.0,0.6,0.00024518036748041427,0.5995615524231468,0.0,0.6
176,39,0.23,0.6,0.23012312041261646,0.5997291147094224,0.23,0.6
176,40,0.51,0.6,0.5099686016742871,0.599830305809648,0.51,0.6
176,41,0.8,0.6,0.799801706993878,0.5998161159800863,0.8,0.6
176,42,0.0,0.0,0.00014752966492870149,-0.0004195575067262394,0.0,0.0
176,43,0.71,-0.23,0.710183199206532,-0.2293991444624825,0.71,-0.23
176,44,-0.37,0.53,-0.36960487758021354,0.5291288817688033,-0.37,0.53
176,45,0.12,-0.49,0.12020044870542257,-0.4906063546705428,0.12,-0.49
176,46,-0.73,0.08,-0.7297646671897864,0.0779874049021902,-0.73,0.08
176,47,0.63,0.44,0.6299342712136242,0.4400681219905693,0.63,0.44
176,48,-0.19,-0.56,-0.18988356140131885,-0.561554887882513,-0.19,-0.56
176,49,0.79,0.31,0.7899098066273561,0.31027067596969965,0.79,0.31
176,50,-0.61,-0.41,-0.6099860442917873,-0.41257354558346393,-0.61,-0.41
176,51,0.42,-0.52,0.420288264452275,-0.5199684445650775,0.42,-0.52
176,52,-0.48,0.27,-0.47969979283292896,0.2688133035691275,-0.48,0.27
176,53,0.06,0.58,0.06020918897475911,0.5796260509007399,0.06,0.58
177,0,-0.8,-0.6,-0.7496743935539526,-0.5642911817070362,-0.8,-0.6
177,1,-0.57,-0.6,-0.5435856343252214,-0.5744946307240538,-0.57,-0.6
177,2,-0.29,-0.6,-0.2801516344415104,-0.5827306479002384,-0.29,-0.6
177,3,0.0,-0.6,0.0007885983504419848,-0.5852595075917568,0.0,-0.6
177,4,0.23,-0.6,0.2235169064500256,-0.582478949903511,0.23,-0.6
177,5,0.51,-0.6,0.4873094814233115,-0.5737835225279364,0.51,-0.6
177,6,0.8,-0.6,0.7454132584873899,-0.5597867712395694,0.8,-0.6
177,7,-0.8,-0.33,-0.7619918809416908,-0.3163854046351208,-0.8,-0.33
177,8,-0.57,-0.33,-0.5533576478092562,-0.32229224245593363,-0.57,-0.33
177,9,-0.29,-0.33,-0.28586205970133854,-0.32710900399489196,-0.29,-0.33
177,10,0.0,-0.33,0.00024983140647727756,-0.3284571066780841,0.0,-0.33
177,11,0.23,-0.33,0.2271387598358748,-0.3265826533039913,0.23,-0.33
177,12,0.51,-0.33,0.4952486557261649,-0.32107647529271577,0.51,-0.33
177,13,0.8,-0.33,0.7566910325163446,-0.3125261949633138,0.8,-0.33
177,14,-0.8,-0.11,-0.767365740256043,-0.10794898987298913,-0.8,-0.11
177,15,-0.57,-0.11,-0.5577316988295349,-0.1097268545091077,-0.57,-0.11
177,16,-0.29,-0.11,-0.2885246932751717,-0.11105305476391812,-0.29,-0.11
177,17,0.0,-0.11,-0.000192260755814212,-0.11114755613102689,0.0,-0.11
177,18,0.23,-0.11,0.22848667533333206,-0.11019824776424479,0.23,-0.11
177,19,0.51,-0.11,0.4984358363541115,-0.10793119255243484,0.51,-0.11
177,20,0.8,-0.11,0.7612182536157351,-0.10461856858063392,0.8,-0.11
177,21,-0.8,0.17,-0.7675166339403335,0.15972881454476887,-0.8,0.17
177,22,-0.57,0.17,-0.5579238802018411,0.1634736863741728,-0.57,0.17
177,23,-0.29,0.17,-0.28884966664281575,0.16686689435559718,-0.29,0.17
177,24,0.0,0.17,-0.0007259414411480681,0.16847635823457793,0.0,0.17
177,25,0.23,0.17,0.22778793843049508,0.16817272603830336,0.23,0.17
177,26,0.51,0.17,0.4976011655297444,0.16606160100902753,0.51,0.17
177,27,0.8,0.17,0.7603468907003093,0.16236701589001176,0.8,0.17
177,28,-0.8,0.39,-0.7624393847992467,0.367259423911937,-0.8,0.39
177,29,-0.57,0.39,-0.5539163058929633,0.3749751596227481,-0.57,0.39
177,30,-0.29,0.39,-0.28673494853210085,0.3816917541239632,-0.29,0.39
177,31,0.0,0.39,-0.0011122402444505154,0.3844807550500904,0.0,0.39
177,32,0.23,0.39,0.22539032753180605,0.38328578301105465,0.23,0.39
177,33,0.51,0.39,0.49318162164544443,0.3780722859311301,0.51,0.39
177,34,0.8,0.39,0.7545255847911259,0.36932862199921895,0.8,0.39
177,35,-0.8,0.6,-0.7537417173202529,0.5596295263486963,-0.8,0.6
177,36,-0.57,0.6,-0.5471549709271171,0.570568758779295,-0.57,0.6
177,37,-0.29,0.6,-0.28308654399389366,0.5798114784375933,-0.29,0.6
177,38,0.0,0.6,-0.0014581879350081682,0.5834534284953756,0.0,0.6
177,39,0.23,0.6,0.22183411342962678,0.5815736359470475,0.23,0.6
177,40,0.51,0.6,0.48632623272205183,0.5739774704231168,0.51,0.6
177,41,0.8,0.6,0.745158752480737,0.56112911068069,0.8,0.6
177,42,0.0,0.0,-0.000407108770480506,-0.001221502675022917,0.0,0.0
177,43,0.71,-0.23,0.6800383985841542,-0.22061652809008,0.71,-0.23
177,44,-0.37,0.53,-0.36138353099963916,0.512744904391087,-0.37,0.53
177,45,0.12,-0.49,0.11816591771730932,-0.4814915187502906,0.12,-0.49
177,46,-0.73,0.08,-0.7057163486715932,0.07445061419264709,-0.73,0.08
177,47,0.63,0.44,0.6019673218184386,0.42173638918279244,0.63,0.44
177,48,-0.19,-0.56,-0.18447361122957234,-0.5472667520352046,-0.19,-0.56
177,49,0.79,0.31,0.7484367669795863,0.2948979239908895,0.79,0.31
177,50,-0.61,-0.41,-0.5878986985300999,-0.39712195191059246,-0.61,-0.41
177,51,0.42,-0.52,0.4061205208115626,-0.5032798700976496,0.42,-0.52
177,52,-0.48,0.27,-0.47168812602365157,0.2621016450492369,-0.48,0.27
177,53,0.06,0.58,0.05716154009084039,0.5648044249212308,0.06,0.58
178,0,-0.8,-0.6,-0.6974030390061134,-0.5231986304926065,-0.8,-0.6
178,1,-0.57,-0.6,-0.513303190129459,-0.5404869472610255,-0.57,-0.6
178,2,-0.29,-0.6,-0.26886790316606796,-0.5571723941592309,-0.29,-0.6
178,3,0.0,-0.6,0.0011224392916553995,-0.5672957567770215,0.0,-0.6
178,4,0.23,-0.6,0.22014244877675637,-0.5690755273297984,0.23,-0.6
178,5,0.51,-0.6,0.4827386660856113,-0.5639887358598361,0.51,-0.6
178,6,0.8,-0.6,0.7403014509658328,-0.5517428808279191,0.8,-0.6
178,7,-0.8,-0.33,-0.7160866437259524,-0.29549094298113077,-0.8,-0.33
178,8,-0.57,-0.33,-0.5281776458448392,-0.30580864744533,-0.57,-0.33
178,9,-0.29,-0.33,-0.2773301274817798,-0.3159783800669179,-0.29,-0.33
178,10,0.0,-0.33,0.00136190185663566,-0.3220283896335664,0.0,-0.33
178,11,0.23,-0.33,0.22772553497120868,-0.3228051274768543,0.23,-0.33
178,12,0.51,-0.33,0.49827638495571536,-0.3191657451406201,0.51,-0.33
178,13,0.8,-0.33,0.7624174803197611,-0.31138481807566804,0.8,-0.33
178,14,-0.8,-0.11,-0.726011926997438,-0.09975421347574812,-0.8,-0.11
178,15,-0.57,-0.11,-0.536156958133183,-0.10318417664056119,-0.57,-0.11
178,16,-0.29,-0.11,-0.2818963766185136,-0.10657465109435517,-0.29,-0.11
178,17,0.0,-0.11,0.0014187310409957334,-0.10848033219186173,0.0,-0.11
178,18,0.23,-0.11,0.23167899296728073,-0.10853955981999909,0.23,-0.11
178,19,0.51,-0.11,0.5064509244434747,-0.10698641552725675,0.51,-0.11
178,20,0.8,-0.11,0.7739605541118754,-0.10406152232694117,0.8,-0.11
178,21,-0.8,0.17,-0.7306067968788105,0.15549882892720923,-0.8,0.17
178,22,-0.57,0.17,-0.5396040183904997,0.1615781249093072,-0.57,0.17
178,23,-0.29,0.17,-0.283754867848099,0.16762913641867935,-0.29,0.17
178,24,0.0,0.17,0.001357229764562528,0.1714485932988701,0.0,0.17
178,25,0.23,0.17,0.2331050619533863,0.17226675184887136,0.23,0.17
178,26,0.51,0.17,0.5096928098821594,0.17069152939551063,0.51,0.17
178,27,0.8,0.17,0.7789812657687881,0.166694427022684,0.8,0.17
178,28,-0.8,0.39,-0.7277706378374128,0.3549398637407559,-0.8,0.39
178,29,-0.57,0.39,-0.5369624296248244,0.36809855750427295,-0.57,0.39
178,30,-0.29,0.39,-0.28207284731761895,0.3810601601851734,-0.29,0.39
178,31,0.0,0.39,0.0011947243688078027,0.38911293311371997,0.0,0.39
178,32,0.23,0.39,0.23134361407310033,0.39070332662407925,0.23,0.39
178,33,0.51,0.39,0.5065093362939254,0.38707075280382347,0.51,0.39
178,34,0.8,0.39,0.7751399556669493,0.3781236982909217,0.8,0.39
178,35,-0.8,0.6,-0.720192999267473,0.5398065616757833,-0.8,0.6
178,36,-0.57,0.6,-0.5306727764066757,0.5589476774791373,-0.57,0.6
178,37,-0.29,0.6,-0.278360503584876,0.5774460471720994,-0.29,0.6
178,38,0.0,0.6,0.0009050066620628459,0.5889445465438156,0.0,0.6
178,39,0.23,0.6,0.22762799585343188,0.5913855499016765,0.23,0.6
178,40,0.51,0.6,0.4993592639105895,0.5865129544091952,0.51,0.6
178,41,0.8,0.6,0.7654713412311582,0.5736743677121058,0.8,0.6
178,42,0.0,0.0,0.0014118971109138541,0.0010749667257008988,0.0,0.0
178,43,0.71,-0.23,0.6882263754632133,-0.22012460009738435,0.71,-0.23
178,44,-0.37,0.53,-0.354345702228874,0.5088038571689999,-0.37,0.53
178,45,0.12,-0.49,0.11717272876411026,-0.47135159595194537,0.12,-0.49
178,46,-0.73,0.08,-0.6740253149525437,0.07418622144182231,-0.73,0.08
178,47,0.63,0.44,0.6186316695814948,0.431861684823045,0.63,0.44
178,48,-0.19,-0.56,-0.17814984240341838,-0.5269780317624758,-0.19,-0.56
178,49,0.79,0.31,0.7684019027088047,0.30207647497485374,0.79,0.31
178,50,-0.61,-0.41,-0.5580159968841923,-0.3751572789340967,-0.61,-0.41
178,51,0.42,-0.52,0.40373534883487433,-0.49586795598152517,0.42,-0.52
178,52,-0.48,0.27,-0.4593714443530051,0.25930461812495176,-0.48,0.27
178,53,0.06,0.58,0.06007589272725647,0.571542327348193,0.06,0.58
179,0,-0.8,-0.6,-0.7997305704789406,-0.5956100964671852,-0.8,-0.6
179,1,-0.57,-0.6,-0.5704451309495758,-0.5963425377920848,-0.57,-0.6
179,2,-0.29,-0.6,-0.29114619545104314,-0.5971262212916556,-0.29,-0.6
179,3,0.0,-0.6,-0.001676860583329261,-0.5978128949700575,0.0,-0.6
179,4,0.23,-0.6,0.22804367246357535,-0.5982670576835221,0.23,-0.6
179,5,0.51,-0.6,0.5078722870269394,-0.5987119672213458,0.51,-0.6
179,6,0.8,-0.6,0.7978902180689429,-0.5990477678679383,0.8,-0.6
179,7,-0.8,-0.33,-0.799252720653366,-0.3260038375545886,-0.8,-0.33
179,8,-0.57,-0.33,-0.5698506923143196,-0.3267109116826585,-0.57,-0.33
179,9,-0.29,-0.33,-0.29040982261269616,-0.32746371337739316,-0.29,-0.33
179,10,0.0,-0.33,-0.0007934844632097193,-0.32811840232935774,0.0,-0.33
179,11,0.23,-0.33,0.22904363739337658,-0.3285471978459925,0.23,-0.33
179,12,0.51,-0.33,0.5090141861598314,-0.32896122557898017,0.51,-0.33
179,13,0.8,-0.33,0.7991791204836074,-0.32926504149913527,0.8,-0.33
179,14,-0.8,-0.11,-0.7990528200915249,-0.10640628858703902,-0.8,-0.11
179,15,-0.57,-0.11,-0.5695557934631083,-0.10709269314732171,-0.57,-0.11
179,16,-0.29,-0.11,-0.2899992736700775,-0.1078203318899677,-0.29,-0.11
179,17,0.0,-0.11,-0.0002631550687763922,-0.10844895921298321,0.0,-0.11
179,18,0.23,-0.11,0.22966896507718018,-0.10885708516183085,0.23,-0.11
179,19,0.51,-0.11,0.5097551639350423,-0.10924594994272979,0.51,-0.11
179,20,0.8,-0.11,0.800039878710633,-0.10952370423393586,0.8,-0.11
179,21,-0.8,0.17,-0.7990444512664462,0.17297549456486463,-0.8,0.17
179,22,-0.57,0.17,-0.5694265177242855,0.17231539672722013,-0.57,0.17
179,23,-0.29,0.17,-0.28972280690582736,0.17161978355995977,-0.29,0.17
179,24,0.0,0.17,0.00016575954323783357,0.17102432558287936,0.0,0.17
179,25,0.23,0.17,0.23021878660293835,0.17064250635666994,0.23,0.17
179,26,0.51,0.17,0.5104521764862279,0.17028566715115664,0.51,0.17
179,27,0.8,0.17,0.8008893391095827,0.17004108220588568,0.8,0.17
179,28,-0.8,0.39,-0.7992312008174494,0.39240646197887785,-0.8,0.39
179,29,-0.57,0.39,-0.5695182689859185,0.39176703370902055,-0.57,0.39
179,30,-0.29,0.39,-0.28969890807605303,0.3910965834938489,-0.29,0.39
179,31,0.0,0.39,0.0003094388248268611,0.3905271871457175,0.0,0.39
179,32,0.23,0.39,0.23045746417389765,0.3901660374872952,0.23,0.39
179,33,0.51,0.39,0.5108065041485944,0.3898343612338706,0.51,0.39
179,34,0.8,0.39,0.801363447223764,0.38961583791754867,0.8,0.39
179,35,-0.8,0.6,-0.7995681640488153,0.601794920354598,-0.8,0.6
179,36,-0.57,0.6,-0.5697645520319764,0.6011752221267194,-0.57,0.6
179,37,-0.29,0.6,-0.2898347978530404,0.600528791093087,-0.29,0.6
179,38,0.0,0.6,0.00028788493366256807,0.5999842717544069,0.0,0.6
179,39,0.23,0.6,0.23052659046804133,0.5996428521379633,0.23,0.6
179,40,0.51,0.6,0.5109860237118087,0.5993351950660779,0.51,0.6
179,41,0.8,0.6,0.8016573026728013,0.5991415487592073,0.8,0.6
179,42,0.0,0.0,-6.178764017903803e-05,0.0013582763888705285,0.0,0.0
179,43,0.71,-0.23,0.7095020990379644,-0.22929652936274197,0.71,-0.23
179,44,-0.37,0.53,-0.36976061098587976,0.5309003587297698,-0.37,0.53
179,45,0.12,-0.49,0.1185773321026099,-0.48816557853780945,0.12,-0.49
179,46,-0.73,0.08,-0.7291584389099072,0.08297521287835254,-0.73,0.08
179,47,0.63,0.44,0.6310809114140962,0.43961817083866417,0.63,0.44
179,48,-0.19,-0.56,-0.1912188764719133,-0.5574187716962854,-0.19,-0.56
179,49,0.79,0.31,0.7911897148003547,0.3097846974607638,0.79,0.31
179,50,-0.61,-0.41,-0.6098990910310912,-0.40647172507061763,-0.61,-0.41
179,51,0.42,-0.52,0.4182586944907323,-0.5186471776468038,0.42,-0.52
179,52,-0.48,0.27,-0.4795456893772014,0.27184238265400223,-0.48,0.27
179,53,0.06,0.58,0.06034457461498129,0.5799415859684521,0.06,0.58
180,0,-0.8,-0.6,-0.7513565690596431,-0.5605918147545215,-0.8,-0.6
180,1,-0.57,-0.6,-0.5450244394058434,-0.5716368565385329,-0.57,-0.6
180,2,-0.29,-0.6,-0.28128317185843216,-0.5806476395353088,-0.29,-0.6
180,3,0.0,-0.6,-2.2833069260112446e-05,-0.5836326194610613,0.0,-0.6
180,4,0.23,-0.6,0.22295094028356136,-0.5809432971236257,0.23,-0.6
180,5,0.51,-0.6,0.4870197659466106,-0.572046491209003,0.51,-0.6
180,6,0.8,-0.6,0.7453729614283773,-0.5575269728190847,0.8,-0.6
180,7,-0.8,-0.33,-0.762426669823463,-0.3131699316555224,-0.8,-0.33
180,8,-0.57,-0.33,-0.5535699262305435,-0.3199740603170113,-0.57,-0.33
180,9,-0.29,-0.33,-0.28580882659661366,-0.32562198909501616,-0.29,-0.33
180,10,0.0,-0.33,0.000561225028924428,-0.3274628438740709,0.0,-0.33
180,11,0.23,-0.33,0.22763409791043515,-0.3256882568284366,0.23,-0.33
180,12,0.51,-0.33,0.49593450603541933,-0.31996816603818584,0.51,-0.33
180,13,0.8,-0.33,0.7575308285631146,-0.3108622325334425,0.8,-0.33
180,14,-0.8,-0.11,-0.7668906153330812,-0.10491163576886037,-0.8,-0.11
180,15,-0.57,-0.11,-0.5570572982978138,-0.10761601504931487,-0.57,-0.11
180,16,-0.29,-0.11,-0.28762543086824116,-0.10980546468856324,-0.29,-0.11
180,17,0.0,-0.11,0.0009084417912767203,-0.11041686181239833,0.0,-0.11
180,18,0.23,-0.11,0.22971738223481636,-0.10957731468616844,0.23,-0.11
180,19,0.51,-0.11,0.4997849466647792,-0.10709758002260993,0.51,-0.11
180,20,0.8,-0.11,0.7626448073623296,-0.10322140642988224,0.8,-0.11
180,21,-0.8,0.17,-0.7660642167824412,0.16284251096509111,-0.8,0.17
180,22,-0.57,0.17,-0.5563115334309016,0.16564899868764268,-0.57,0.17
180,23,-0.29,0.17,-0.28707392932797265,0.16816233045449674,-0.29,0.17
180,24,0.0,0.17,0.0011731005107354722,0.169235332157987,0.0,0.17
180,25,0.23,0.17,0.22974766195602644,0.1688053613929277,0.23,0.17
180,26,0.51,0.17,0.4995916414092373,0.16688682789634227,0.51,0.17
180,27,0.8,0.17,0.7623262847938234,0.16373667322925126,0.8,0.17
180,28,-0.8,0.39,-0.7603811687587831,0.37066819732243617,-0.8,0.39
180,29,-0.57,0.39,-0.5517368827468027,0.37745605521154335,-0.57,0.39
180,30,-0.29,0.39,-0.28444704147750083,0.38329881255752557,-0.29,0.39
180,31,0.0,0.39,0.0012357858710579758,0.38554532941464764,0.0,0.39
180,32,0.23,0.39,0.22774723710400316,0.38420866002396226,0.23,0.39
180,33,0.51,0.39,0.49550778013354946,0.37915854602250554,0.51,0.39
180,34,0.8,0.39,0.7567816900008307,0.3709223457656733,0.8,0.39
180,35,-0.8,0.6,-0.751243448594335,0.5634961670663157,-0.8,0.6
180,36,-0.57,0.6,-0.5445771599099082,0.5735316162949415,-0.57,0.6
180,37,-0.29,0.6,-0.280455582710921,0.5819187597081085,-0.29,0.6
180,38,0.0,0.6,0.001173846449168157,0.5850188719279197,0.0,0.6
180,39,0.23,0.6,0.22442962063489588,0.582982002902735,0.23,0.6
180,40,0.51,0.6,0.48883980293915474,0.5755138163664132,0.51,0.6
180,41,0.8,0.6,0.7475554168286772,0.5631234369187462,0.8,0.6
180,42,0.0,0.0,0.0010366338953391716,-0.0005290700330931775,0.0,0.0
180,43,0.71,-0.23,0.6811285941390065,-0.21930624191499193,0.71,-0.23
180,44,-0.37,0.53,-0.3588669630953613,0.5148801509708075,-0.37,0.53
180,45,0.12,-0.49,0.11794676978710811,-0.48024017689937326,0.12,-0.49
180,46,-0.73,0.08,-0.704499180581065,0.07719941848602271,-0.73,0.08
180,47,0.63,0.44,0.6043194141778327,0.4230810860713764,0.63,0.44
180,48,-0.19,-0.56,-0.1853132545491776,-0.5454928666174258,-0.19,-0.56
180,49,0.79,0.31,0.7506103611477845,0.29636295284546027,0.79,0.31
180,50,-0.61,-0.41,-0.5885006605410389,-0.3945337238335429,-0.61,-0.41
180,51,0.42,-0.52,0.4060589248356141,-0.5018622120580927,0.42,-0.52
180,52,-0.48,0.27,-0.46974959070710376,0.26407212686928794,-0.48,0.27
180,53,0.06,0.58,0.059766925283231506,0.5662499422399193,0.06,0.58
181,0,-0.8,-0.6,-0.6991576568723491,-0.5212554045873575,-0.8,-0.6
181,1,-0.57,-0.6,-0.5150010303432008,-0.5390138327813979,-0.57,-0.6
181,2,-0.29,-0.6,-0.27059748853577364,-0.5560686431166703,-0.29,-0.6
181,3,0.0,-0.6,-0.0007856084826166113,-0.5662672516222427,0.0,-0.6
181,4,0.23,-0.6,0.21797866961452586,-0.5678549874889952,0.23,-0.6
181,5,0.51,-0.6,0.4801384878689221,-0.5622415557540775,0.51,-0.6
181,6,0.8,-0.6,0.7371379590339489,-0.5491666748174191,0.8,-0.6
181,7,-0.8,-0.33,-0.7180612297669062,-0.2936878800798662,-0.8,-0.33
181,8,-0.57,-0.33,-0.530110101794033,-0.3045414285275368,-0.57,-0.33
181,9,-0.29,-0.33,-0.27931000049391264,-0.3151516347213257,-0.29,-0.33
181,10,0.0,-0.33,-0.000809958485268906,-0.32132580966849594,0.0,-0.33
181,11,0.23,-0.33,0.22528995995534853,-0.32192287273782483,0.23,-0.33
181,12,0.51,-0.33,0.49539961574309643,-0.31774105815602033,0.51,-0.33
181,13,0.8,-0.33,0.7589787927325815,-0.30908786091145285,0.8,-0.33
181,14,-0.8,-0.11,-0.7279445142477097,-0.09786755155521473,-0.8,-0.11
181,15,-0.57,-0.11,-0.5380471947541222,-0.10186723616765792,-0.57,-0.11
181,16,-0.29,-0.11,-0.2838341019929059,-0.10573816082216565,-0.29,-0.11
181,17,0.0,-0.11,-0.0007118792831795017,-0.1077996061656105,0.0,-0.11
181,18,0.23,-0.11,0.22928333279659266,-0.10769202199531593,0.23,-0.11
181,19,0.51,-0.11,0.503612313546441,-0.10559711817728362,0.51,-0.11
181,20,0.8,-0.11,0.7705586104241973,-0.10178810325188105,0.8,-0.11
181,21,-0.8,0.17,-0.732162155195295,0.15777556532828085,-0.8,0.17
181,22,-0.57,0.17,-0.5410957993170037,0.16327520667866488,-0.57,0.17
181,23,-0.29,0.17,-0.28527174604397537,0.16882913466920013,-0.29,0.17
181,24,0.0,0.17,-0.00033657950647052436,0.17247073810165559,0.0,0.17
181,25,0.23,0.17,0.23115178628148667,0.17343597742158554,0.23,0.17
181,26,0.51,0.17,0.5072946041066412,0.17237849534937116,0.51,0.17
181,27,0.8,0.17,0.7760092187266528,0.16924327314273135,0.8,0.17
181,28,-0.8,0.39,-0.7287763911560988,0.3577418050718762,-0.8,0.39
181,29,-0.57,0.39,-0.5378725358347948,0.37033935696208037,-0.57,0.39
181,30,-0.29,0.39,-0.2829743424094865,0.38281816315694517,-0.29,0.39
181,31,0.0,0.39,0.00014125659363807878,0.3906912868351051,0.0,0.39
181,32,0.23,0.39,0.23004080998855558,0.3924121649766763,0.23,0.39
181,33,0.51,0.39,0.5047612093415536,0.38926215958382004,0.51,0.39
181,34,0.8,0.39,0.772804216278203,0.3811312736745468,0.8,0.39
181,35,-0.8,0.6,-0.7204891886839553,0.5432676681090466,-0.8,0.6
181,36,-0.57,0.6,-0.5308337869165181,0.5618838907116603,-0.57,0.6
181,37,-0.29,0.6,-0.2784725633535997,0.5799304282369426,-0.29,0.6
181,38,0.0,0.6,0.0006715517064582242,0.5912579339061393,0.0,0.6
181,39,0.23,0.6,0.2271592395330442,0.5938144744311563,0.23,0.6
181,40,0.51,0.6,0.4984481372274249,0.5893828890832109,0.51,0.6
181,41,0.8,0.6,0.7639588336831453,0.5772983445146483,0.8,0.6
181,42,0.0,0.0,-0.0005995242559080425,0.0018392643175735727,0.0,0.0
181,43,0.71,-0.23,0.6849559588203679,-0.21816531277019888,0.71,-0.23
181,44,-0.37,0.53,-0.3547355475374,0.5111336980661711,-0.37,0.53
181,45,0.12,-0.49,0.11499701056111847,-0.4704225724824118,0.12,-0.49
181,46,-0.73,0.08,-0.6757191464393432,0.0761131012669682,-0.73,0.08
181,47,0.63,0.44,0.6168339515436218,0.43449700594264645,0.63,0.44
181,48,-0.19,-0.56,-0.179979264505709,-0.526000355749497,-0.19,-0.56
181,49,0.79,0.31,0.7658275719494184,0.30486037010741257,0.79,0.31
181,50,-0.61,-0.41,-0.5599124009475899,-0.37377675677415045,-0.61,-0.41
181,51,0.42,-0.52,0.40117460728312143,-0.49444945456422207,0.42,-0.52
181,52,-0.48,0.27,-0.4606162624172785,0.2610361679272514,-0.48,0.27
181,53,0.06,0.58,0.05970681612854016,0.5737865065254624,0.06,0.58
182,0,-0.8,-0.6,-0.800904408567046,-0.5962576964275107,-0.8,-0.6
182,1,-0.57,-0.6,-0.5711011241242523,-0.5965332943756366,-0.57,-0.6
182,2,-0.29,-0.6,-0.2913004285576419,-0.5968459922905077,-0.29,-0.6
182,3,0.0,-0.6,-0.0015852590706465113,-0.5970996657677753,0.0,-0.6
182,4,0.23,-0.6,0.22804173094464092,-0.5972183886830161,0.23,-0.6
182,5,0.51,-0.6,0.5073040747016732,-0.5972266324130393,0.51,-0.6
182,6,0.8,-0.6,0.7960869247491336,-0.5970336228542071,0.8,-0.6
182,7,-0.8,-0.33,-0.8008746696338552,-0.3271741817986207,-0.8,-0.33
182,8,-0.57,-0.33,-0.5708865439525391,-0.3273595474323476,-0.57,-0.33
182,9,-0.29,-0.33,-0.29090256532885966,-0.32760441032959786,-0.29,-0.33
182,10,0.0,-0.33,-0.0010458848683151246,-0.3278364588254473,0.0,-0.33
182,11,0.23,-0.33,0.22865837838929964,-0.327973218266389,0.23,-0.33
182,12,0.51,-0.33,0.5079730528602069,-0.3280454325232606,0.51,-0.33
182,13,0.8,-0.33,0.7967617846686228,-0.3279673108683538,0.8,-0.33
182,14,-0.8,-0.11,-0.8008724404774346,-0.10759876916121669,-0.8,-0.11
182,15,-0.57,-0.11,-0.570765913379044,-0.10772764825572757,-0.57,-0.11
182,16,-0.29,-0.11,-0.2906718051333755,-0.10793797776023442,-0.29,-0.11
182,17,0.0,-0.11,-0.0007404319964898509,-0.1081738861848808,0.0,-0.11
182,18,0.23,-0.11,0.22899458468129957,-0.10834237814150258,0.23,-0.11
182,19,0.51,-0.11,0.5083126868649268,-0.10848745611593913,0.51,-0.11
182,20,0.8,-0.11,0.7970655986579407,-0.10852442711121994,0.8,-0.11
182,21,-0.8,0.17,-0.8008476203989026,0.17206478392483743,-0.8,0.17
182,22,-0.57,0.17,-0.5706322317079532,0.17198567200058676,-0.57,0.17
182,23,-0.29,0.17,-0.2904488833306816,0.17179235956141933,-0.29,0.17
182,24,0.0,0.17,-0.00047519037373295095,0.17152364202736078,0.0,0.17
182,25,0.23,0.17,0.2292571359005613,0.17129263844385867,0.23,0.17
182,26,0.51,0.17,0.5085286757858125,0.17102789030345997,0.51,0.17
182,27,0.8,0.17,0.7971832548821256,0.17081654128063326,0.8,0.17
182,28,-0.8,0.39,-0.8007737021181734,0.3918030943284492,-0.8,0.39
182,29,-0.57,0.39,-0.57050564662742,0.39174570141824855,-0.57,0.39
182,30,-0.29,0.39,-0.2902921933796187,0.39154459668901387,-0.29,0.39
182,31,0.0,0.39,-0.0003266905246263482,0.39122818191181885,0.0,0.39
182,32,0.23,0.39,0.22937065455257225,0.3909306782874706,0.23,0.39
182,33,0.51,0.39,0.508565597399084,0.3905507407466963,0.51,0.39
182,34,0.8,0.39,0.7971014737016977,0.3901804617593423,0.8,0.39
182,35,-0.8,0.6,-0.8006284038022989,0.601427926718955,-0.8,0.6
182,36,-0.57,0.6,-0.5703370565296395,0.6013769951061544,-0.57,0.6
182,37,-0.29,0.6,-0.2901277133374998,0.6011510795129564,-0.29,0.6
182,38,0.0,0.6,-0.00020404792019413785,0.6007711423241997,0.0,0.6
182,39,0.23,0.6,0.22943292494186993,0.6003958908993963,0.23,0.6
182,40,0.51,0.6,0.5085219059102358,0.5998886270711825,0.51,0.6
182,41,0.8,0.6,0.79691045538759,0.5993486489836667,0.8,0.6
182,42,0.0,0.0,-0.0006226258169081155,0.0017026022431731367,0.0,0.0
182,43,0.71,-0.23,0.7073694686067368,-0.228260685187531,0.71,-0.23
182,44,-0.37,0.53,-0.37022546434832254,0.5313828244083076,-0.37,0.53
182,45,0.12,-0.49,0.11850698159873793,-0.48752970961255737,0.12,-0.49
182,46,-0.73,0.08,-0.7308046737095603,0.082141984783129,-0.73,0.08
182,47,0.63,0.44,0.628028663183039,0.44024196490186884,0.63,0.44
182,48,-0.19,-0.56,-0.19130470892929283,-0.55708622647988,-0.19,-0.56
182,49,0.79,0.31,0.7872075140128634,0.31044270604063845,0.79,0.31
182,50,-0.61,-0.41,-0.6109324126605145,-0.40712919584540064,-0.61,-0.41
182,51,0.42,-0.52,0.4178067465987029,-0.5175227903872698,0.42,-0.52
182,52,-0.48,0.27,-0.48049798374002617,0.27183640779270263,-0.48,0.27
182,53,0.06,0.58,0.05972038725697315,0.5807342310615835,0.06,0.58
183,0,-0.8,-0.6,-0.7520138010193594,-0.5633325470934581,-0.8,-0.6
183,1,-0.57,-0.6,-0.5460508774119482,-0.5737084743109004,-0.57,-0.6
183,2,-0.29,-0.6,-0.2826794151144068,-0.5820278350225416,-0.29,-0.6
183,3,0.0,-0.6,-0.001677810728808988,-0.5846282114769514,0.0,-0.6
183,4,0.23,-0.6,0.22120343549920998,-0.5820007700927553,0.23,-0.6
183,5,0.51,-0.6,0.48531491064406684,-0.5737154887148115,0.51,-0.6
183,6,0.8,-0.6,0.7439020306435662,-0.5604746812366368,0.8,-0.6
183,7,-0.8,-0.33,-0.763267002030294,-0.31520435231396,-0.8,-0.33
183,8,-0.57,-0.33,-0.5548865842490464,-0.3214407448243447,-0.57,-0.33
183,9,-0.29,-0.33,-0.28757749018083806,-0.3264862716539075,-0.29,-0.33
183,10,0.0,-0.33,-0.0014766734735292848,-0.32799349633135033,0.0,-0.33
183,11,0.23,-0.33,0.22555715976211324,-0.3262965757240278,0.23,-0.33
183,12,0.51,-0.33,0.49403561748215796,-0.32118517786341266,0.51,-0.33
183,13,0.8,-0.33,0.7560703663680557,-0.31333670591833573,0.8,-0.33
183,14,-0.8,-0.11,-0.7680469336950452,-0.10642568808560234,-0.8,-0.11
183,15,-0.57,-0.11,-0.5587566257668604,-0.10868160797654361,-0.57,-0.11
183,16,-0.29,-0.11,-0.2898099384480945,-0.11038679770688828,-0.29,-0.11
183,17,0.0,-0.11,-0.0015088976341752387,-0.11074670790282506,0.0,-0.11
183,18,0.23,-0.11,0.22734488796223265,-0.11001879530777844,0.23,-0.11
183,19,0.51,-0.11,0.4977500856870204,-0.10815460230908235,0.51,-0.11
183,20,0.8,-0.11,0.761260286059041,-0.10551010051396176,0.8,-0.11
183,21,-0.8,0.17,-0.7677233681642727,0.1619574906368336,-0.8,0.17
183,22,-0.57,0.17,-0.5585551479995768,0.1650220808749574,-0.57,0.17
183,23,-0.29,0.17,-0.28978433723256763,0.16781692240942342,-0.29,0.17
183,24,0.0,0.17,-0.0016580325616231922,0.16898617832792912,0.0,0.17
183,25,0.23,0.17,0.2271166013343256,0.16837223884158117,0.23,0.17
183,26,0.51,0.17,0.49755039018165964,0.16581271791421576,0.51,0.17
183,27,0.8,0.17,0.7612420943534475,0.1614663388668143,0.8,0.17
183,28,-0.8,0.39,-0.7624118319292941,0.370280253406912,-0.8,0.39
183,29,-0.57,0.39,-0.5543402921385189,0.3771566311029472,-0.57,0.39
183,30,-0.29,0.39,-0.28744811674236587,0.3830923314972158,-0.29,0.39
183,31,0.0,0.39,-0.0017485303850547022,0.3852817974305606,0.0,0.39
183,32,0.23,0.39,0.2251139349357665,0.3836833567589087,0.23,0.39
183,33,0.51,0.39,0.4936840851464972,0.3779555455870071,0.51,0.39
183,34,0.8,0.39,0.7561653931599256,0.36854496693855815,0.8,0.39
183,35,-0.8,0.6,-0.7535287203927167,0.5636045177293392,-0.8,0.6
183,36,-0.57,0.6,-0.5473843937428367,0.5735597693739598,-0.57,0.6
183,37,-0.29,0.6,-0.28355108465550877,0.5818476117535261,-0.29,0.6
183,38,0.0,0.6,-0.0017409538974398487,0.5847284366445453,0.0,0.6
183,39,0.23,0.6,0.2220241159721919,0.582342000799994,0.23,0.6
183,40,0.51,0.6,0.48745814327847586,0.57414604986419,0.51,0.6
183,41,0.8,0.6,0.7476128951959522,0.5605917219519637,0.8,0.6
183,42,0.0,0.0,-0.0015620853500000896,-0.0008081416196797973,0.0,0.0
183,43,0.71,-0.23,0.6794976708242964,-0.22122282223314588,0.71,-0.23
183,44,-0.37,0.53,-0.3619023753956775,0.5147779717540062,-0.37,0.53
183,45,0.12,-0.49,0.11609861226224653,-0.4810035056116576,0.12,-0.49
183,46,-0.73,0.08,-0.7061834000010114,0.07620997861800276,-0.73,0.08
183,47,0.63,0.44,0.6030618534886292,0.42141414042671815,0.63,0.44
183,48,-0.19,-0.56,-0.18685877373896168,-0.5466044134864253,-0.19,-0.56
183,49,0.79,0.31,0.7497534110930544,0.29408261901391924,0.79,0.31
183,50,-0.61,-0.41,-0.5896335390374626,-0.396267866687112,-0.61,-0.41
183,51,0.42,-0.52,0.40425502291659693,-0.5031036807161895,0.42,-0.52
183,52,-0.48,0.27,-0.4723485622646693,0.2636658816637182,-0.48,0.27
183,53,0.06,0.58,0.05693327806563576,0.5658912440126507,0.06,0.58
184,0,-0.8,-0.6,-0.6994808623025078,-0.524604077580887,-0.8,-0.6
184,1,-0.57,-0.6,-0.5153809871438922,-0.5419883262107565,-0.57,-0.6
184,2,-0.29,-0.6,-0.27094555243259466,-0.5585771202906673,-0.29,-0.6
184,3,0.0,-0.6,-0.0011393465068175717,-0.5682626618986554,0.0,-0.6
184,4,0.23,-0.6,0.21744803352680198,-0.5694085992214679,0.23,-0.6
184,5,0.51,-0.6,0.4790325307976636,-0.5632074082394771,0.51,-0.6
184,6,0.8,-0.6,0.7349273097995663,-0.549468374956266,0.8,-0.6
184,7,-0.8,-0.33,-0.718331007674005,-0.29652340367411084,-0.8,-0.33
184,8,-0.57,-0.33,-0.53056304890565,-0.3070848541800824,-0.57,-0.33
184,9,-0.29,-0.33,-0.2798568202650728,-0.3173858902539017,-0.29,-0.33
184,10,0.0,-0.33,-0.0014481960907708855,-0.3232708903595668,0.0,-0.33
184,11,0.23,-0.33,0.2244388247384721,-0.3236352084547719,0.23,-0.33
184,12,0.51,-0.33,0.4939599613290448,-0.31913327852336615,0.51,-0.33
184,13,0.8,-0.33,0.7564454156501749,-0.3100794059247114,0.8,-0.33
184,14,-0.8,-0.11,-0.728350452489992,-0.10034177099159228,-0.8,-0.11
184,15,-0.57,-0.11,-0.5387459829667043,-0.10409470424830333,-0.57,-0.11
184,16,-0.29,-0.11,-0.28473380309732915,-0.10775462562424848,-0.29,-0.11
184,17,0.0,-0.11,-0.0017655968899149004,-0.10968100479369854,0.0,-0.11
184,18,0.23,-0.11,0.22800755417170593,-0.10949303490105446,0.23,-0.11
184,19,0.51,-0.11,0.501779975725192,-0.10728022459585033,0.51,-0.11
184,20,0.8,-0.11,0.7677014041559592,-0.10327656833449549,0.8,-0.11
184,21,-0.8,0.17,-0.732989731677888,0.15552878801181508,-0.8,0.17
184,22,-0.57,0.17,-0.5423523803033856,0.16123717826984324,-0.57,0.17
184,23,-0.29,0.17,-0.2868559712047937,0.1669153966276769,-0.29,0.17
184,24,0.0,0.17,-0.0021320713575302126,0.1705492805186832,0.0,0.17
184,25,0.23,0.17,0.22915491324723108,0.17144752920878806,0.23,0.17
184,26,0.51,0.17,0.5048399034154508,0.17030357540367946,0.51,0.17
184,27,0.8,0.17,0.7726918580639104,0.16714455076547083,0.8,0.17
184,28,-0.8,0.39,-0.7301148507717353,0.35538715124815695,-0.8,0.39
184,29,-0.57,0.39,-0.5397326041723876,0.3681695340526897,-0.57,0.39
184,30,-0.29,0.39,-0.2852405101268269,0.3807283236869448,-0.29,0.39
184,31,0.0,0.39,-0.002355683937669056,0.38852691048917926,0.0,0.39
184,32,0.23,0.39,0.22738288443456947,0.39011174356407663,0.23,0.39
184,33,0.51,0.39,0.5017593937210141,0.3867741618979329,0.51,0.39
184,34,0.8,0.39,0.7691126411054787,0.3785023706400295,0.8,0.39
184,35,-0.8,0.6,-0.7224317729295413,0.5405218447273523,-0.8,0.6
184,36,-0.57,0.6,-0.5333661342309063,0.5592989670988154,-0.57,0.6
184,37,-0.29,0.6,-0.2814604888909283,0.5773974830323987,-0.29,0.6
184,38,0.0,0.6,-0.0025426899912694744,0.5886203281874087,0.0,0.6
184,39,0.23,0.6,0.22383756284810283,0.5910128298035657,0.23,0.6
184,40,0.51,0.6,0.4949087629955363,0.5863494979379218,0.51,0.6
184,41,0.8,0.6,0.7599171822596275,0.574065866581431,0.8,0.6
184,42,0.0,0.0,-0.0019192464332966521,-3.2135720436011605e-05,0.0,0.0
184,43,0.71,-0.23,0.6826666353886824,-0.21949200732384672,0.71,-0.23
184,44,-0.37,0.53,-0.3573781733530745,0.5087796269457312,-0.37,0.53
184,45,0.12,-0.49,0.1144819532098448,-0.4722268558737101,0.12,-0.49
184,46,-0.73,0.08,-0.6765151523140857,0.07390752486489205,-0.73,0.08
184,47,0.63,0.44,0.6134837887674464,0.43181786887545615,0.63,0.44
184,48,-0.19,-0.56,-0.18033329313330468,-0.5283118145153292,-0.19,-0.56
184,49,0.79,0.31,0.7623051199894333,0.3024356637518744,0.79,0.31
184,50,-0.61,-0.41,-0.5603016433298615,-0.3765020858657335,-0.61,-0.41
184,51,0.42,-0.52,0.4002251704206002,-0.49572280724630396,0.42,-0.52
184,52,-0.48,0.27,-0.4622726052264008,0.25902371484408176,-0.48,0.27
184,53,0.06,0.58,0.05653167977227822,0.5711676427058648,0.06,0.58
185,0,-0.8,-0.6,-0.7981479089247536,-0.6016204103844133,-0.8,-0.6
185,1,-0.57,-0.6,-0.5682598240926965,-0.6013585682165066,-0.57,-0.6
185,2,-0.29,-0.6,-0.28853004841020874,-0.6011779342054646,-0.29,-0.6
185,3,0.0,-0.6,0.0012772017773461882,-0.6010123927651585,0.0,-0.6
185,4,0.23,-0.6,0.23136262014162873,-0.600796587537035,0.23,-0.6
185,5,0.51,-0.6,0.5119603658547693,-0.6003134413790344,0.51,-0.6
185,6,0.8,-0.6,0.8033932311903752,-0.5994195313253063,0.8,-0.6
185,7,-0.8,-0.33,-0.7983571132578168,-0.3302169996081431,-0.8,-0.33
185,8,-0.57,-0.33,-0.5682897451359429,-0.3302391517384469,-0.57,-0.33
185,9,-0.29,-0.33,-0.28837873388953156,-0.3303285888462335,-0.29,-0.33
185,10,0.0,-0.33,0.0015733688524295058,-0.33035518146443327,0.0,-0.33
185,11,0.23,-0.33,0.23174266275923153,-0.330228389625071,0.23,-0.33
185,12,0.51,-0.33,0.5124054954743686,-0.32977794652222175,0.51,-0.33
185,13,0.8,-0.33,0.8038629166395275,-0.32883032503247667,0.8,-0.33
185,14,-0.8,-0.11,-0.7984459306952397,-0.10923735467937591,-0.8,-0.11
185,15,-0.57,-0.11,-0.5682524770361566,-0.10944720643287119,-0.57,-0.11
185,16,-0.29,-0.11,-0.2882181367157543,-0.1097034976687776,-0.29,-0.11
185,17,0.0,-0.11,0.0018267802440188239,-0.10983154000727467,0.0,-0.11
185,18,0.23,-0.11,0.2320444200420842,-0.10973357445747865,0.23,-0.11
185,19,0.51,-0.11,0.5127359422622346,-0.10925657446790107,0.51,-0.11
185,20,0.8,-0.11,0.8041881580916216,-0.10821008414736057,0.8,-0.11
185,21,-0.8,0.17,-0.7984983666207676,0.17167245810357368,-0.8,0.17
185,22,-0.57,0.17,-0.5681704107758624,0.1712804732430468,-0.57,0.17
185,23,-0.29,0.17,-0.28801072221643953,0.17088091807856623,-0.29,0.17
185,24,0.0,0.17,0.002119576748494576,0.17069532149476052,0.0,0.17
185,25,0.23,0.17,0.23237277736481435,0.1708133563621389,0.23,0.17
185,26,0.51,0.17,0.5130691974634684,0.17139325189658544,0.51,0.17
185,27,0.8,0.17,0.8044820431389094,0.17263713885502627,0.8,0.17
185,28,-0.8,0.39,-0.7985253245180167,0.39203128218688815,-0.8,0.39
185,29,-0.57,0.39,-0.5681120936326007,0.3915407877813602,-0.57,0.39
185,30,-0.29,0.39,-0.28787875834299353,0.39108295771438295,-0.29,0.39
185,31,0.0,0.39,0.0022928981265242857,0.3909083684653896,0.0,0.39
185,32,0.23,0.39,0.2325536341374091,0.3910867671213922,0.23,0.39
185,33,0.51,0.39,0.5132290613972698,0.3918017987681902,0.51,0.39
185,34,0.8,0.39,0.8045852450237105,0.3932570116125361,0.8,0.39
185,35,-0.8,0.6,-0.7985663840108297,0.602007671919178,-0.8,0.6
185,36,-0.57,0.6,-0.5680885050769798,0.6014597541482427,-0.57,0.6
185,37,-0.29,0.6,-0.2878052629796774,0.600990864874672,-0.29,0.6
185,38,0.0,0.6,0.0023847504660134715,0.6008729411365287,0.0,0.6
185,39,0.23,0.6,0.23263592849965642,0.6011455682455844,0.23,0.6
185,40,0.51,0.6,0.5132709247968246,0.6020341602908713,0.51,0.6
185,41,0.8,0.6,0.8045519012801082,0.6037372518084739,0.8,0.6
185,42,0.0,0.0,0.0019483786798611324,0.0004011955678576199,0.0,0.0
185,43,0.71,-0.23,0.7134685375294842,-0.22892997504929163,0.71,-0.23
185,44,-0.37,0.53,-0.3678796149333346,0.5311636476262648,-0.37,0.53
185,45,0.12,-0.49,0.12142235023546902,-0.4906782959214518,0.12,-0.49
185,46,-0.73,0.08,-0.7283714922647984,0.08132670975245053,-0.73,0.08
185,47,0.63,0.44,0.6337092903703809,0.44239972697247615,0.63,0.44
185,48,-0.19,-0.56,-0.18859339234544756,-0.5610120815930459,-0.19,-0.56
185,49,0.79,0.31,0.7945009268447271,0.31298104711498087,0.79,0.31
185,50,-0.61,-0.41,-0.6082814902655987,-0.4105617870039571,-0.61,-0.41
185,51,0.42,-0.52,0.42182377500330426,-0.5203603117204386,0.42,-0.52
185,52,-0.48,0.27,-0.4780580430336669,0.2712808011640003,-0.48,0.27
185,53,0.06,0.58,0.06243039809916867,0.5809219741391675,0.06,0.58
186,0,-0.8,-0.6,-0.7489386542016041,-0.5631875818671679,-0.8,-0.6
186,1,-0.57,-0.6,-0.542546026059543,-0.573573710100683,-0.57,-0.6
186,2,-0.29,-0.6,-0.27890990683731587,-0.5820185580472153,-0.29,-0.6
186,3,0.0,-0.6,0.0022162528278664557,-0.584760412634377,0.0,-0.6
186,4,0.23,-0.6,0.22522547663595294,-0.5821561767202765,0.23,-0.6
186,5,0.51,-0.6,0.4896862037600224,-0.5736935456328104,0.51,-0.6
186,6,0.8,-0.6,0.7489874596224968,-0.5599629709684973,0.8,-0.6
186,7,-0.8,-0.33,-0.7604789463120819,-0.31434712728800523,-0.8,-0.33
186,8,-0.57,-0.33,-0.5515956424536115,-0.32056023582649945,-0.57,-0.33
186,9,-0.29,-0.33,-0.2839488245697517,-0.325742540125039,-0.29,-0.33
186,10,0.0,-0.33,0.0023292536339745117,-0.3274631091559091,0.0,-0.33
186,11,0.23,-0.33,0.2295170580429662,-0.32588140586891856,0.23,-0.33
186,12,0.51,-0.33,0.4983616556321969,-0.32072961087633745,0.51,-0.33
186,13,0.8,-0.33,0.7611154500851769,-0.31254357377559255,0.8,-0.33
186,14,-0.8,-0.11,-0.765454822665694,-0.10529384667485632,-0.8,-0.11
186,15,-0.57,-0.11,-0.5556448624650505,-0.10747475218495556,-0.57,-0.11
186,16,-0.29,-0.11,-0.28635445037584234,-0.10928511293630078,-0.29,-0.11
186,17,0.0,-0.11,0.0021110254006575005,-0.10986732197962862,0.0,-0.11
186,18,0.23,-0.11,0.23109621407897832,-0.1092900340598322,0.23,-0.11
186,19,0.51,-0.11,0.501829743825975,-0.10745383164834597,0.51,-0.11
186,20,0.8,-0.11,0.7660131696219528,-0.10455994442372296,0.8,-0.11
186,21,-0.8,0.17,-0.765315777567082,0.16306573693683296,-0.8,0.17
186,22,-0.57,0.17,-0.5556681154176636,0.16630195846197987,-0.57,0.17
186,23,-0.29,0.17,-0.28662343214623087,0.16908656424404686,-0.29,0.17
186,24,0.0,0.17,0.001571365440505514,0.17009364514499048,0.0,0.17
186,25,0.23,0.17,0.23038777667937774,0.1693436679885182,0.23,0.17
186,26,0.51,0.17,0.5010319215407699,0.16673517289066395,0.51,0.17
186,27,0.8,0.17,0.7652734085761863,0.16258016384066495,0.8,0.17
186,28,-0.8,0.39,-0.7600977460386504,0.37112723210361137,-0.8,0.39
186,29,-0.57,0.39,-0.5516256301656671,0.37827383631944866,-0.57,0.39
186,30,-0.29,0.39,-0.2845725155349546,0.38431422672968124,-0.29,0.39
186,31,0.0,0.39,0.0010622015483724911,0.3864422729056418,0.0,0.39
186,32,0.23,0.39,0.22785239501136945,0.3847648643970901,0.23,0.39
186,33,0.51,0.39,0.49649001872711324,0.3790231594102843,0.51,0.39
186,34,0.8,0.39,0.7593764935341653,0.36980122936851323,0.8,0.39
186,35,-0.8,0.6,-0.7512693908758384,0.5640603349562687,-0.8,0.6
186,36,-0.57,0.6,-0.5448338301462917,0.5743961194793501,-0.57,0.6
186,37,-0.29,0.6,-0.2809868038066047,0.5829263505096908,-0.29,0.6
186,38,0.0,0.6,0.0005936285584237882,0.5858781651502072,0.0,0.6
186,39,0.23,0.6,0.2241496603565026,0.5834985310934865,0.23,0.6
186,40,0.51,0.6,0.48948177796609504,0.575358907631563,0.51,0.6
186,41,0.8,0.6,0.7498708300379372,0.5620223973902725,0.8,0.6
186,42,0.0,0.0,0.0019246558669787682,0.00018681216437589025,0.0,0.0
186,43,0.71,-0.23,0.6841793497390789,-0.22047847148364613,0.71,-0.23
186,44,-0.37,0.53,-0.3592181174956126,0.5158783798551569,-0.37,0.53
186,45,0.12,-0.49,0.12003950682733891,-0.48088240890017064,0.12,-0.49
186,46,-0.73,0.08,-0.7035454444378739,0.07742876743458517,-0.73,0.08
186,47,0.63,0.44,0.6057958624464831,0.4225658542700212,0.63,0.44
186,48,-0.19,-0.56,-0.18305042659875417,-0.5465247744994391,-0.19,-0.56
186,49,0.79,0.31,0.7532634390277217,0.2952725212657105,0.79,0.31
186,50,-0.61,-0.41,-0.5863463089742934,-0.3955607496835918,-0.61,-0.41
186,51,0.42,-0.52,0.4084933228367137,-0.5030069391570349,0.42,-0.52
186,52,-0.48,0.27,-0.4694333657312501,0.26492792679861626,-0.48,0.27
186,53,0.06,0.58,0.05926131422576277,0.567043572944987,0.06,0.58
187,0,-0.8,-0.6,-0.698308862733329,-0.5252418082912144,-0.8,-0.6
187,1,-0.57,-0.6,-0.5142040524946343,-0.541606273058599,-0.57,-0.6
187,2,-0.29,-0.6,-0.26986993060710013,-0.5573644892983067,-0.29,-0.6
187,3,0.0,-0.6,-0.00013323785353658833,-0.5667094791113624,0.0,-0.6
187,4,0.23,-0.6,0.21857308297576514,-0.567919468029728,0.23,-0.6
187,5,0.51,-0.6,0.48066935009098055,-0.5620574852663801,0.51,-0.6
187,6,0.8,-0.6,0.7376165475657933,-0.5487723625547276,0.8,-0.6
187,7,-0.8,-0.33,-0.7167352550763414,-0.29765924649144965,-0.8,-0.33
187,8,-0.57,-0.33,-0.5289036806630043,-0.30726349228284977,-0.57,-0.33
187,9,-0.29,-0.33,-0.2782781764121118,-0.31678211517888144,-0.29,-0.33
187,10,0.0,-0.33,1.701854538596037e-05,-0.3223279968452114,0.0,-0.33
187,11,0.23,-0.33,0.22594936267174548,-0.3227109950414699,0.23,-0.33
187,12,0.51,-0.33,0.4958665482519656,-0.31842708454232793,0.51,-0.33
187,13,0.8,-0.33,0.7592768960701082,-0.30962860593586067,0.8,-0.33
187,14,-0.8,-0.11,-0.7263629728889912,-0.10186307658312949,-0.8,-0.11
187,15,-0.57,-0.11,-0.5366466274998941,-0.10475239921088837,-0.57,-0.11
187,16,-0.29,-0.11,-0.28269838801964736,-0.10771436929209321,-0.29,-0.11
187,17,0.0,-0.11,0.00011306545351771934,-0.10933088390164229,0.0,-0.11
187,18,0.23,-0.11,0.22985550152567363,-0.10912830172600102,0.23,-0.11
187,19,0.51,-0.11,0.5038973028296582,-0.10702121897240972,0.51,-0.11
187,20,0.8,-0.11,0.7705948107487021,-0.10308738263799243,0.8,-0.11
187,21,-0.8,0.17,-0.7304238750248097,0.1537287746363948,-0.8,0.17
187,22,-0.57,0.17,-0.5396181095655439,0.16015233550382668,-0.57,0.17
187,23,-0.29,0.17,-0.2841685253779835,0.16638712951353482,-0.29,0.17
187,24,0.0,0.17,0.00033601254805244843,0.1702691575260529,0.0,0.17
187,25,0.23,0.17,0.2314807736470755,0.17121480680892873,0.23,0.17
187,26,0.51,0.17,0.5072405412640031,0.1701029140317783,0.51,0.17
187,27,0.8,0.17,0.7756296784001246,0.16710458449726973,0.8,0.17
187,28,-0.8,0.39,-0.7270232158356762,0.35366706635395523,-0.8,0.39
187,29,-0.57,0.39,-0.5364362850437184,0.3670493944514184,-0.57,0.39
187,30,-0.29,0.39,-0.28198410358063974,0.38005416231139255,-0.29,0.39
187,31,0.0,0.39,0.0006292279691213765,0.3880486494929985,0.0,0.39
187,32,0.23,0.39,0.23013405652224497,0.3896970307750837,0.23,0.39
187,33,0.51,0.39,0.5044189976462429,0.3864772992539673,0.51,0.39
187,34,0.8,0.39,0.7720951798801218,0.37851326803862045,0.8,0.39
187,35,-0.8,0.6,-0.7187803511228124,0.5392010666261124,-0.8,0.6
187,36,-0.57,0.6,-0.5294843246143488,0.5584853650110432,-0.57,0.6
187,37,-0.29,0.6,-0.2776187165331341,0.5769422857984186,-0.29,0.6
187,38,0.0,0.6,0.0009780073946041906,0.5883191106711435,0.0,0.6
187,39,0.23,0.6,0.2270403642736324,0.5907835695184014,0.23,0.6
187,40,0.51,0.6,0.4978621482079778,0.586293790650814,0.51,0.6
187,41,0.8,0.6,0.7629802064176354,0.5744140329322389,0.8,0.6
187,42,0.0,0.0,0.00018202053346639798,3.766955217135003e-05,0.0,0.0
187,43,0.71,-0.23,0.6852046593999899,-0.21911740811181032,0.71,-0.23
187,44,-0.37,0.53,-0.3536926645298136,0.5081260589813114,-0.37,0.53
187,45,0.12,-0.49,0.11569092214091496,-0.470888864270247,0.12,-0.49
187,46,-0.73,0.08,-0.6740793508934821,0.07241577114208905,-0.73,0.08
187,47,0.63,0.44,0.6162627219352272,0.43165458079267854,0.63,0.44
187,48,-0.19,-0.56,-0.17922650714206934,-0.5270000393236957,-0.19,-0.56
187,49,0.79,0.31,0.7652455852590536,0.30238352089421594,0.79,0.31
187,50,-0.61,-0.41,-0.558789565629534,-0.37665510528027063,-0.61,-0.41
187,51,0.42,-0.52,0.40173833382979546,-0.4945657754475832,0.42,-0.52
187,52,-0.48,0.27,-0.4592738544311938,0.25808002976168376,-0.48,0.27
187,53,0.06,0.58,0.059917283202914125,0.5708508554115082,0.06,0.58
188,0,-0.8,-0.6,-0.7988417208385861,-0.5985675334517458,-0.8,-0.6
188,1,-0.57,-0.6,-0.569982344064895,-0.5987872772388263,-0.57,-0.6
188,2,-0.29,-0.6,-0.290388020803128,-0.5985691364719118,-0.29,-0.6
188,3,0.0,-0.6,-0.0002699016904794566,-0.5981244011081306,0.0,-0.6
188,4,0.23,-0.6,0.22993399605229356,-0.5976967804379559,0.23,-0.6
188,5,0.51,-0.6,0.5101738280853836,-0.596979756480297,0.51,-0.6
188,6,0.8,-0.6,0.8004764473249608,-0.595644480749256,0.8,-0.6
188,7,-0.8,-0.33,-0.7992360075989141,-0.32813263380830804,-0.8,-0.33
188,8,-0.57,-0.33,-0.5702553132306831,-0.32868856886506304,-0.57,-0.33
188,9,-0.29,-0.33,-0.2905783365650704,-0.32872243926911043,-0.29,-0.33
188,10,0.0,-0.33,-0.00040284241544980904,-0.3284032285677554,0.0,-0.33
188,11,0.23,-0.33,0.2298601798499219,-0.32801081852669395,0.23,-0.33
188,12,0.51,-0.33,0.5102289016907607,-0.3273000551445853,0.51,-0.33
188,13,0.8,-0.33,0.800777948145282,-0.32597544894494734,0.8,-0.33
188,14,-0.8,-0.11,-0.7993321030751066,-0.10778578028723718,-0.8,-0.11
188,15,-0.57,-0.11,-0.5702684351717291,-0.1086072167224408,-0.57,-0.11
188,16,-0.29,-0.11,-0.2905209924203997,-0.10883773896901144,-0.29,-0.11
188,17,0.0,-0.11,-0.0002695325354716609,-0.10861362952685874,0.0,-0.11
188,18,0.23,-0.11,0.23008363767265883,-0.10824553556676011,0.23,-0.11
188,19,0.51,-0.11,0.5106309260901093,-0.1075361232033556,0.51,-0.11
188,20,0.8,-0.11,0.8014829224073333,-0.10621814944560756,0.8,-0.11
188,21,-0.8,0.17,-0.799428165416199,0.17273200323981738,-0.8,0.17
188,22,-0.57,0.17,-0.570308061658937,0.17157937570009618,-0.57,0.17
188,23,-0.29,0.17,-0.29050163628732745,0.17110470471033332,-0.29,0.17
188,24,0.0,0.17,-0.00015154337311219963,0.1712117633569209,0.0,0.17
188,25,0.23,0.17,0.2303423239401609,0.17155035894512524,0.23,0.17
188,26,0.51,0.17,0.5111776402572261,0.1722577711436117,0.51,0.17
188,27,0.8,0.17,0.8025118878593981,0.1735646455291235,0.8,0.17
188,28,-0.8,0.39,-0.799541803287998,0.39324206040585835,-0.8,0.39
188,29,-0.57,0.39,-0.5704369609137202,0.39183138242043036,-0.57,0.39
188,30,-0.29,0.39,-0.29063384671007414,0.39116591650691357,-0.29,0.39
188,31,0.0,0.39,-0.00023116868700812887,0.39118021983357054,0.0,0.39
188,32,0.23,0.39,0.2303726733733599,0.3914936682584191,0.23,0.39
188,33,0.51,0.39,0.511456506327664,0.3921955039037631,0.51,0.39
188,34,0.8,0.39,0.8032191835987579,0.3934876492458345,0.8,0.39
188,35,-0.8,0.6,-0.7996251595324967,0.6038334795032436,-0.8,0.6
188,36,-0.57,0.6,-0.5706007917847463,0.6021757464596925,-0.57,0.6
188,37,-0.29,0.6,-0.2908622685929366,0.6013259452254708,-0.29,0.6
188,38,0.0,0.6,-0.0004512529536849737,0.6012478905031093,0.0,0.6
188,39,0.23,0.6,0.23024011702949826,0.6015332012485941,0.23,0.6
188,40,0.51,0.6,0.5115587335882137,0.6022233625382504,0.51,0.6
188,41,0.8,0.6,0.8037496096331548,0.6034933432705156,0.8,0.6
188,42,0.0,0.0,-0.00020181443595737873,0.0013021879482810117,0.0,0.0
188,43,0.71,-0.23,0.7108177075351981,-0.22659551251712035,0.71,-0.23
188,44,-0.37,0.53,-0.3707910528149435,0.5313921909876634,-0.37,0.53
188,45,0.12,-0.49,0.11971727906013088,-0.48803201542864055,0.12,-0.49
188,46,-0.73,0.08,-0.729754782600095,0.08214127407221729,-0.73,0.08
188,47,0.63,0.44,0.63215843139469,0.4426378007477549,0.63,0.44
188,48,-0.19,-0.56,-0.19044563581821797,-0.5584580154312014,-0.19,-0.56
188,49,0.79,0.31,0.7929095763470451,0.3134466463622523,0.79,0.31
188,50,-0.61,-0.41,-0.6101001334332197,-0.4086753611493694,-0.61,-0.41
188,51,0.42,-0.52,0.4200215256680738,-0.5173424693429095,0.42,-0.52
188,52,-0.48,0.27,-0.4804996316595913,0.2714072877650833,-0.48,0.27
188,53,0.06,0.58,0.05972333348264021,0.5812881151408161,0.06,0.58
189,0,-0.8,-0.6,-0.7490649943243449,-0.5596556985486528,-0.8,-0.6
189,1,-0.57,-0.6,-0.5429505622992232,-0.5711757731301328,-0.57,-0.6
189,2,-0.29,-0.6,-0.27970692666095137,-0.5808905695115761,-0.29,-0.6
189,3,0.0,-0.6,0.0011641096206519857,-0.5846752358730766,0.0,-0.6
189,4,0.23,-0.6,0.22409046959953596,-0.5826480338335839,0.23,-0.6
189,5,0.51,-0.6,0.48840164061054087,-0.5746105894207579,0.51,-0.6
189,6,0.8,-0.6,0.7471247830944718,-0.5611029995815477,0.8,-0.6
189,7,-0.8,-0.33,-0.7605675694263513,-0.3121337330914623,-0.8,-0.33
189,8,-0.57,-0.33,-0.5519532592200292,-0.3193264905766143,-0.57,-0.33
189,9,-0.29,-0.33,-0.28476885336104646,-0.32559747205011214,-0.29,-0.33
189,10,0.0,-0.33,0.0011161561727648793,-0.3281636712718659,0.0,-0.33
189,11,0.23,-0.33,0.2280890539039153,-0.32698325379496446,0.23,-0.33
189,12,0.51,-0.33,0.49661755929401,-0.3220147966708718,0.51,-0.33
189,13,0.8,-0.33,0.7586266391378154,-0.31377489257738167,0.8,-0.33
189,14,-0.8,-0.11,-0.7655006190899972,-0.10375858748061324,-0.8,-0.11
189,15,-0.57,-0.11,-0.5558972303000372,-0.10681996599817954,-0.57,-0.11
189,16,-0.29,-0.11,-0.2870411883445636,-0.10961910490093402,-0.29,-0.11
189,17,0.0,-0.11,0.0010165297806103213,-0.11095095530939972,0.0,-0.11
189,18,0.23,-0.11,0.2297566748833067,-0.11068966370138301,0.23,-0.11
189,19,0.51,-0.11,0.5001297287112889,-0.10890948487026318,0.51,-0.11
189,20,0.8,-0.11,0.7635246204280655,-0.10579810586971537,0.8,-0.11
189,21,-0.8,0.17,-0.7652407928217871,0.16401522581413272,-0.8,0.17
189,22,-0.57,0.17,-0.5556850032871554,0.16646910731118986,-0.57,0.17
189,23,-0.29,0.17,-0.28697057838677625,0.1683499099641214,-0.29,0.17
189,24,0.0,0.17,0.0008865137272490392,0.1686743955175291,0.0,0.17
189,25,0.23,0.17,0.22949475762920632,0.16766641259547022,0.23,0.17
189,26,0.51,0.17,0.49981623237692824,0.16510150439726054,0.51,0.17
189,27,0.8,0.17,0.7633157628829116,0.16131659742426332,0.8,0.17
189,28,-0.8,0.39,-0.759763202546247,0.37154248683990226,-0.8,0.39
189,29,-0.57,0.39,-0.551289808886828,0.3779624602120216,-0.57,0.39
189,30,-0.29,0.39,-0.2844671387428874,0.38314584492515935,-0.29,0.39
189,31,0.0,0.39,0.0009143753133390477,0.3846280286531105,0.0,0.39
189,32,0.23,0.39,0.2275532527529635,0.3827266647794526,0.23,0.39
189,33,0.51,0.39,0.4959378805744183,0.3770937050252278,0.51,0.39
189,34,0.8,0.39,0.75817058613946,0.36835162843444824,0.8,0.39
189,35,-0.8,0.6,-0.7504258836574119,0.5636293774395817,-0.8,0.6
189,36,-0.57,0.6,-0.5439125764104228,0.5732741370276834,-0.57,0.6
189,37,-0.29,0.6,-0.28021133262504516,0.5809856319131622,-0.29,0.6
189,38,0.0,0.6,0.0011886641516866308,0.5833348754597978,0.0,0.6
189,39,0.23,0.6,0.2246434644601966,0.5807770831171254,0.23,0.6
189,40,0.51,0.6,0.4897893962827836,0.5728279033418711,0.51,0.6
189,41,0.8,0.6,0.7496198545045186,0.5600973271529383,0.8,0.6
189,42,0.0,0.0,0.0009576287769907169,-0.0010323499235519239,0.0,0.0
189,43,0.71,-0.23,0.6819498344584889,-0.22177836893310574,0.71,-0.23
189,44,-0.37,0.53,-0.3586370517604401,0.514471934368604,-0.37,0.53
189,45,0.12,-0.49,0.11878938463380509,-0.48145069087681497,0.12,-0.49
189,46,-0.73,0.08,-0.7035368015289925,0.07831221019163387,-0.73,0.08
189,47,0.63,0.44,0.6052360822465437,0.4206990149217695,0.63,0.44
189,48,-0.19,-0.56,-0.18398797399245603,-0.5459575802515524,-0.19,-0.56
189,49,0.79,0.31,0.7517883669499215,0.29389937539607586,0.79,0.31
189,50,-0.61,-0.41,-0.586668691560771,-0.39386391571596757,-0.61,-0.41
189,51,0.42,-0.52,0.4070989190160655,-0.503972588546742,0.42,-0.52
189,52,-0.48,0.27,-0.4693929005729596,0.26461095207323215,-0.48,0.27
189,53,0.06,0.58,0.05974414661450096,0.5645140609767878,0.06,0.58
190,0,-0.8,-0.6,-0.6997900008403172,-0.5216271569579378,-0.8,-0.6
190,1,-0.57,-0.6,-0.5148507267642468,-0.5402162362229239,-0.57,-0.6
190,2,-0.29,-0.6,-0.2697745509692619,-0.5577491497726139,-0.29,-0.6
190,3,0.0,-0.6,0.00038333467887134926,-0.5679847370960827,0.0,-0.6
190,4,0.23,-0.6,0.21922536551076463,-0.5693814262457617,0.23,-0.6
190,5,0.51,-0.6,0.4813921131048624,-0.5633078787626683,0.51,-0.6
190,6,0.8,-0.6,0.7384841086594283,-0.5493826186729435,0.8,-0.6
190,7,-0.8,-0.33,-0.7187969011778866,-0.2936050369888096,-0.8,-0.33
190,8,-0.57,-0.33,-0.5301001745597108,-0.3051656434218942,-0.57,-0.33
190,9,-0.29,-0.33,-0.27861377627170186,-0.3161607922333769,-0.29,-0.33
190,10,0.0,-0.33,0.00028888165315078655,-0.32236397646664616,0.0,-0.33
190,11,0.23,-0.33,0.2265131394772002,-0.3228179430277944,0.23,-0.33
190,12,0.51,-0.33,0.49665762512668266,-0.31824495180613843,0.51,-0.33
190,13,0.8,-0.33,0.7603045248162088,-0.30874087522123883,0.8,-0.33
190,14,-0.8,-0.11,-0.7287308929542022,-0.09786121357797142,-0.8,-0.11
190,15,-0.57,-0.11,-0.5381785316616625,-0.10248892606264945,-0.57,-0.11
190,16,-0.29,-0.11,-0.28332593151225194,-0.10669100918029073,-0.29,-0.11
190,17,0.0,-0.11,0.0002136290172284461,-0.1087780737518831,0.0,-0.11
190,18,0.23,-0.11,0.23036693447621942,-0.10854373652078671,0.23,-0.11
190,19,0.51,-0.11,0.5047624466098604,-0.10605228916873913,0.51,-0.11
190,20,0.8,-0.11,0.7717680096036356,-0.10130162415358723,0.8,-0.11
190,21,-0.8,0.17,-0.7330664501845495,0.15730905702708758,-0.8,0.17
190,22,-0.57,0.17,-0.5415703157262465,0.16223901781738337,-0.57,0.17
190,23,-0.29,0.17,-0.2852939658832542,0.16748028697262038,-0.29,0.17
190,24,0.0,0.17,-2.1839213261884503e-05,0.17107639039396377,0.0,0.17
190,25,0.23,0.17,0.23162575600032065,0.1721646301348245,0.23,0.17
190,26,0.51,0.17,0.5078658001552654,0.17157317823984813,0.51,0.17
190,27,0.8,0.17,0.7766497051737394,0.16958399269416802,0.8,0.17
190,28,-0.8,0.39,-0.7298497069252208,0.35678029855873084,-0.8,0.39
190,29,-0.57,0.39,-0.5387839967516073,0.3688163037152999,-0.57,0.39
190,30,-0.29,0.39,-0.2836950848142785,0.38094880628825334,-0.29,0.39
190,31,0.0,0.39,-0.00040997432596363425,0.3887273910488868,0.0,0.39
190,32,0.23,0.39,0.2295918004142701,0.3905637149950752,0.23,0.39
190,33,0.51,0.39,0.5044009840531619,0.38795135601372627,0.51,0.39
190,34,0.8,0.39,0.7725264183196737,0.38115423209059696,0.8,0.39
190,35,-0.8,0.6,-0.7217776677118409,0.541844998610342,-0.8,0.6
190,36,-0.57,0.6,-0.5322768383646557,0.5598745688985759,-0.57,0.6
190,37,-0.29,0.6,-0.28005574455697496,0.5775000651246066,-0.29,0.6
190,38,0.0,0.6,-0.0009864372808727373,0.5886508404345452,0.0,0.6
190,39,0.23,0.6,0.2254908210194616,0.5912972370244414,0.23,0.6
190,40,0.51,0.6,0.49681216522313343,0.5874569002858921,0.51,0.6
190,41,0.8,0.6,0.762402321005402,0.5768689719177451,0.8,0.6
190,42,0.0,0.0,0.0001483862554972539,0.0007520960849729235,0.0,0.0
190,43,0.71,-0.23,0.6862227392191856,-0.21806777569814,0.71,-0.23
190,44,-0.37,0.53,-0.35601185463489904,0.5089770361389387,-0.37,0.53
190,45,0.12,-0.49,0.1162058050906374,-0.47170787206054543,0.12,-0.49
190,46,-0.73,0.08,-0.6764122078835134,0.07561409013729664,-0.73,0.08
190,47,0.63,0.44,0.6162342304242266,0.4335002923806244,0.63,0.44
190,48,-0.19,-0.56,-0.17901535132503704,-0.5275894771101941,-0.19,-0.56
190,49,0.79,0.31,0.7659321687880659,0.304957916619623,0.79,0.31
190,50,-0.61,-0.41,-0.5599850947494184,-0.3744002573547682,-0.61,-0.41
190,51,0.42,-0.52,0.40242410069874623,-0.4954560639300795,0.42,-0.52
190,52,-0.48,0.27,-0.4611538232914748,0.2596473137799641,-0.48,0.27
190,53,0.06,0.58,0.05816119148598611,0.5712437326626091,0.06,0.58
191,0,-0.8,-0.6,-0.7993365666433551,-0.6020746854354501,-0.8,-0.6
191,1,-0.57,-0.6,-0.5697448011824,-0.6014318235341417,-0.57,-0.6
191,2,-0.29,-0.6,-0.2899764960286904,-0.6005134860356324,-0.29,-0.6
191,3,0.0,-0.6,1.4281537088932025e-06,-0.5996776663410123,0.0,-0.6
191,4,0.23,-0.6,0.23017259392107342,-0.599207848707596,0.23,-0.6
191,5,0.51,-0.6,0.5107629089138191,-0.5988878252477553,0.51,-0.6
191,6,0.8,-0.6,0.802137535268655,-0.5987448372386386,0.8,-0.6
191,7,-0.8,-0.33,-0.8000462645160279,-0.33026428178750905,-0.8,-0.33
191,8,-0.57,-0.33,-0.5703656086606812,-0.32991911264662466,-0.57,-0.33
191,9,-0.29,-0.33,-0.2905293694587162,-0.3293123759033083,-0.29,-0.33
191,10,0.0,-0.33,-0.0005141222381503365,-0.328748548599996,0.0,-0.33
191,11,0.23,-0.33,0.22967257371406644,-0.3284635826704814,0.23,-0.33
191,12,0.51,-0.33,0.5102767347306586,-0.32833871918641766,0.51,-0.33
191,13,0.8,-0.33,0.8016734338195569,-0.32837135307396936,0.8,-0.33
191,14,-0.8,-0.11,-0.8005338370677869,-0.10937640748938984,-0.8,-0.11
191,15,-0.57,-0.11,-0.5707881357740451,-0.10919641983194431,-0.57,-0.11
191,16,-0.29,-0.11,-0.2909027481168549,-0.10876196211781594,-0.29,-0.11
191,17,0.0,-0.11,-0.0008602940221598822,-0.10834979625557681,0.0,-0.11
191,18,0.23,-0.11,0.22933884613036917,-0.10817050560550168,0.23,-0.11
191,19,0.51,-0.11,0.5099568171363807,-0.1081625336565996,0.51,-0.11
191,20,0.8,-0.11,0.8013773420855442,-0.10830920542007492,0.8,-0.11
191,21,-0.8,0.17,-0.8010212567438296,0.1714825973535068,-0.8,0.17
191,22,-0.57,0.17,-0.5712271896108592,0.1715165517497701,-0.57,0.17
191,23,-0.29,0.17,-0.29131753585874387,0.17179355159311652,-0.29,0.17
191,24,0.0,0.17,-0.0012759238374348946,0.17205778438065794,0.0,0.17
191,25,0.23,0.17,0.22891395167918815,0.1721246491972718,0.23,0.17
191,26,0.51,0.17,0.5095225544441473,0.17199437050403527,0.51,0.17
191,27,0.8,0.17,0.8009496811722154,0.17169453261683995,0.8,0.17
191,28,-0.8,0.39,-0.8013811953487979,0.3921710759256828,-0.8,0.39
191,29,-0.57,0.39,-0.571594412604891,0.3921140618215956,-0.57,0.39
191,30,-0.29,0.39,-0.29171798302723867,0.39228344011222666,-0.29,0.39
191,31,0.0,0.39,-0.00172790244071873,0.39243324176760735,0.0,0.39
191,32,0.23,0.39,0.22841672774971236,0.39240244355200415,0.23,0.39
191,33,0.51,0.39,0.5089745908494778,0.392139338599894,0.51,0.39
191,34,0.8,0.39,0.8003652646387922,0.3916792226526392,0.8,0.39
191,35,-0.8,0.6,-0.801842486836072,0.6029202620790057,-0.8,0.6
191,36,-0.57,0.6,-0.5721146005311086,0.6027743401161949,-0.57,0.6
191,37,-0.29,0.6,-0.29233078826525627,0.6028279194501371,-0.29,0.6
191,38,0.0,0.6,-0.0024502759901436264,0.6028427499098478,0.0,0.6
191,39,0.23,0.6,0.22760523149943118,0.6026894812076089,0.23,0.6
191,40,0.51,0.6,0.5080610734764687,0.6022534388262194,0.51,0.6
191,41,0.8,0.6,0.7993641488539724,0.6015803278633809,0.8,0.6
191,42,0.0,0.0,-0.001018460241449926,0.0018091162590640223,0.0,0.0
191,43,0.71,-0.23,0.7109845445512788,-0.22829676447755842,0.71,-0.23
191,44,-0.37,0.53,-0.37204822609195276,0.5326048664410576,-0.37,0.53
191,45,0.12,-0.49,0.119846210463944,-0.48898680233784964,0.12,-0.49
191,46,-0.73,0.08,-0.7309607863730515,0.08120652841090259,-0.73,0.08
191,47,0.63,0.44,0.6292406880341505,0.44197832444136126,0.63,0.44
191,48,-0.19,-0.56,-0.19009291902345288,-0.5599830777346126,-0.19,-0.56
191,49,0.79,0.31,0.7905511964797556,0.31170404812056973,0.79,0.31
191,50,-0.61,-0.41,-0.6101460557282639,-0.41036047778285417,-0.61,-0.41
191,51,0.42,-0.52,0.42035500300202283,-0.5187187243266804,0.42,-0.52
191,52,-0.48,0.27,-0.48142775913154373,0.2718367439797671,-0.48,0.27
191,53,0.06,0.58,0.05763612957503949,0.5827837873062874,0.06,0.58
192,0,-0.8,-0.6,-0.7487241904173468,-0.5595505139657301,-0.8,-0.6
192,1,-0.57,-0.6,-0.5425979592444862,-0.5702685847969824,-0.57,-0.6
192,2,-0.29,-0.6,-0.2795084475618304,-0.5792669826422872,-0.29,-0.6
192,3,0.0,-0.6,0.0009345330045573829,-0.5823524441297253,0.0,-0.6
192,4,0.23,-0.6,0.22331988601939048,-0.5796747815289807,0.23,-0.6
192,5,0.51,-0.6,0.4867876652291595,-0.5707155123683917,0.51,-0.6
192,6,0.8,-0.6,0.7445374019243377,-0.5562402889564407,0.8,-0.6
192,7,-0.8,-0.33,-0.7607113129243823,-0.31299297831227046,-0.8,-0.33
192,8,-0.57,-0.33,-0.5518743464001108,-0.3194159310417462,-0.57,-0.33
192,9,-0.29,-0.33,-0.28457565777703087,-0.3250350905449492,-0.29,-0.33
192,10,0.0,-0.33,0.0011435956842100604,-0.32704046948319804,0.0,-0.33
192,11,0.23,-0.33,0.22775073210864613,-0.32540158769330313,0.23,-0.33
192,12,0.51,-0.33,0.49559445393537466,-0.3198706674582077,0.51,-0.33
192,13,0.8,-0.33,0.7567276587795634,-0.3111882380433098,0.8,-0.33
192,14,-0.8,-0.11,-0.7656251171259308,-0.1052868549656425,-0.8,-0.11
192,15,-0.57,-0.11,-0.5557129691151222,-0.10757466987347837,-0.57,-0.11
192,16,-0.29,-0.11,-0.2866564639403623,-0.10971107917212733,-0.29,-0.11
192,17,0.0,-0.11,0.0012902617094315626,-0.11051112444012567,0.0,-0.11
192,18,0.23,-0.11,0.2296770615370805,-0.1098814932358869,0.23,-0.11
192,19,0.51,-0.11,0.49934473566459714,-0.1077624076219785,0.51,-0.11
192,20,0.8,-0.11,0.7618107674327264,-0.10458294477305694,0.8,-0.11
192,21,-0.8,0.17,-0.7649632045170118,0.16191400992367078,-0.8,0.17
192,22,-0.57,0.17,-0.5550616395598192,0.1651319747869146,-0.57,0.17
192,23,-0.29,0.17,-0.28615173727965243,0.1676958660465331,-0.29,0.17
192,24,0.0,0.17,0.0015255290163234336,0.16854542775148962,0.0,0.17
192,25,0.23,0.17,0.22968342477046155,0.1678265024240631,0.23,0.17
192,26,0.51,0.17,0.4991444672517395,0.1653675551557374,0.51,0.17
192,27,0.8,0.17,0.7615319068060546,0.16123420363514393,0.8,0.17
192,28,-0.8,0.39,-0.7590391285554734,0.3694372383230351,-0.8,0.39
192,29,-0.57,0.39,-0.5502134999830005,0.3765743972221254,-0.57,0.39
192,30,-0.29,0.39,-0.28323301320496697,0.3824114215872047,-0.29,0.39
192,31,0.0,0.39,0.001877212649293644,0.3843738883307877,0.0,0.39
192,32,0.23,0.39,0.22796064213203374,0.38267897611961965,0.23,0.39
192,33,0.51,0.39,0.49532868187223267,0.37696351478688617,0.51,0.39
192,34,0.8,0.39,0.7562691995102117,0.3675641990811297,0.8,0.39
192,35,-0.8,0.6,-0.7493055471177819,0.5621299879358668,-0.8,0.6
192,36,-0.57,0.6,-0.5424249276862686,0.5724028617814694,-0.57,0.6
192,37,-0.29,0.6,-0.278584345001172,0.5806746644790632,-0.29,0.6
192,38,0.0,0.6,0.0024831693768532317,0.5833887074759037,0.0,0.6
192,39,0.23,0.6,0.22530586970221278,0.5809067935164474,0.23,0.6
192,40,0.51,0.6,0.48931177916616536,0.5726507846865752,0.51,0.6
192,41,0.8,0.6,0.747694831790827,0.5589505540717703,0.8,0.6
192,42,0.0,0.0,0.0013680309561658458,-0.0008582256219150318,0.0,0.0
192,43,0.71,-0.23,0.6804572465433761,-0.21990778353762147,0.71,-0.23
192,44,-0.37,0.53,-0.3571371117578907,0.5138014165941973,-0.37,0.53
192,45,0.12,-0.49,0.11844865558106875,-0.47939437834336296,0.12,-0.49
192,46,-0.73,0.08,-0.7033063660016518,0.07660527254793685,-0.73,0.08
192,47,0.63,0.44,0.6041170836980165,0.4203062951683896,0.63,0.44
192,48,-0.19,-0.56,-0.18390359020418257,-0.5442895771900607,-0.19,-0.56
192,49,0.79,0.31,0.7499694667601986,0.29336395255473435,0.79,0.31
192,50,-0.61,-0.41,-0.5865821285682185,-0.3937956007110888,-0.61,-0.41
192,51,0.42,-0.52,0.40596611498640417,-0.500935744895337,0.42,-0.52
192,52,-0.48,0.27,-0.46847428470722835,0.26343154950398134,-0.48,0.27
192,53,0.06,0.58,0.06087311036471649,0.5645610319493579,0.06,0.58
193,0,-0.8,-0.6,-0.6980231599618408,-0.5237690950114013,-0.8,-0.6
193,1,-0.57,-0.6,-0.513536744661119,-0.5405957674808318,-0.57,-0.6
193,2,-0.29,-0.6,-0.26885306028824857,-0.5567919129688831,-0.29,-0.6
193,3,0.0,-0.6,0.001002699904285297,-0.5665233177807233,0.0,-0.6
193,4,0.23,-0.6,0.2196568083328707,-0.5680080166797656,0.23,-0.6
193,5,0.51,-0.6,0.48170786441901864,-0.5623852094963114,0.51,-0.6
193,6,0.8,-0.6,0.7389443203871244,-0.5491076179218838,0.8,-0.6
193,7,-0.8,-0.33,-0.7163453884281517,-0.2958516654887509,-0.8,-0.33
193,8,-0.57,-0.33,-0.5282794756054827,-0.3058790214823451,-0.57,-0.33
193,9,-0.29,-0.33,-0.27736427868609553,-0.3157287664402777,-0.29,-0.33
193,10,0.0,-0.33,0.0011269745125194065,-0.32150153144780247,0.0,-0.33
193,11,0.23,-0.33,0.2271475024020661,-0.3220242702584338,0.23,-0.33
193,12,0.51,-0.33,0.49724475235663246,-0.31783896043701376,0.51,-0.33
193,13,0.8,-0.33,0.7611920755446456,-0.308955920310946,0.8,-0.33
193,14,-0.8,-0.11,-0.7257259722607312,-0.09980711478266793,-0.8,-0.11
193,15,-0.57,-0.11,-0.5359014822306364,-0.10307692543763379,-0.57,-0.11
193,16,-0.29,-0.11,-0.28172685359629734,-0.1062885403976868,-0.29,-0.11
193,17,0.0,-0.11,0.0013200857424341885,-0.10803604851383256,0.0,-0.11
193,18,0.23,-0.11,0.23123578364374164,-0.1079143169083179,0.23,-0.11
193,19,0.51,-0.11,0.5055819904671199,-0.10588087592481965,0.51,-0.11
193,20,0.8,-0.11,0.7729240245174441,-0.10190157811536296,0.8,-0.11
193,21,-0.8,0.17,-0.7292998011165541,0.15586249842675032,-0.8,0.17
193,22,-0.57,0.17,-0.538540529193229,0.16197038495324165,-0.57,0.17
193,23,-0.29,0.17,-0.28296353251128403,0.16804630311570112,-0.29,0.17
193,24,0.0,0.17,0.0017709550521175588,0.1718672348331154,0.0,0.17
193,25,0.23,0.17,0.2331235437604426,0.17273694501249404,0.23,0.17
193,26,0.51,0.17,0.509220533970134,0.171470273760929,0.51,0.17
193,27,0.8,0.17,0.7782271309524782,0.16833167131792287,0.8,0.17
193,28,-0.8,0.39,-0.7255112238197612,0.3554637475768754,-0.8,0.39
193,29,-0.57,0.39,-0.5350945920213116,0.36857478098005036,-0.57,0.39
193,30,-0.29,0.39,-0.2806226716507155,0.3814677761075728,-0.29,0.39
193,31,0.0,0.39,0.0021494693524499522,0.3894119037529314,0.0,0.39
193,32,0.23,0.39,0.23181357176845038,0.39094347682255376,0.23,0.39
193,33,0.51,0.39,0.5063508464865623,0.3874441885942781,0.51,0.39
193,34,0.8,0.39,0.774497152451276,0.3791263873383744,0.8,0.39
193,35,-0.8,0.6,-0.7170580959379195,0.5401753199103653,-0.8,0.6
193,36,-0.57,0.6,-0.5280677246981672,0.5592093186474371,-0.57,0.6
193,37,-0.29,0.6,-0.2763286034993941,0.5775677038877715,-0.29,0.6
193,38,0.0,0.6,0.0022901038023207436,0.588869528814993,0.0,0.6
193,39,0.23,0.6,0.22840025078576043,0.5911550086856013,0.23,0.6
193,40,0.51,0.6,0.49931169314976764,0.5862464855767142,0.51,0.6
193,41,0.8,0.6,0.7646801898881911,0.5737972214709967,0.8,0.6
193,42,0.0,0.0,0.0014742065170879758,0.0015081578382647293,0.0,0.0
193,43,0.71,-0.23,0.6870811232864562,-0.21821932374957648,0.71,-0.23
193,44,-0.37,0.53,-0.3523429755786413,0.5090987512369922,-0.37,0.53
193,45,0.12,-0.49,0.11681121314332345,-0.4705569370702333,0.12,-0.49
193,46,-0.73,0.08,-0.673139970236166,0.0744469314457176,-0.73,0.08
193,47,0.63,0.44,0.6182653555169564,0.43227279234220456,0.63,0.44
193,48,-0.19,-0.56,-0.17816046014666098,-0.5264885949631353,-0.19,-0.56
193,49,0.79,0.31,0.7677490439372182,0.3033029940189381,0.79,0.31
193,50,-0.61,-0.41,-0.5582217842550654,-0.3753200723755687,-0.61,-0.41
193,51,0.42,-0.52,0.40284265721815665,-0.4945612636954768,0.42,-0.52
193,52,-0.48,0.27,-0.4580580862382143,0.2597598274229256,-0.48,0.27
193,53,0.06,0.58,0.06128169856037019,0.5714760652979574,0.06,0.58
194,0,-0.8,-0.6,-0.7978136728023445,-0.6012353156080121,-0.8,-0.6
194,1,-0.57,-0.6,-0.5674808215559758,-0.6021559115908627,-0.57,-0.6
194,2,-0.29,-0.6,-0.2872553210682748,-0.6026031473908962,-0.29,-0.6
194,3,0.0,-0.6,0.002759132617510636,-0.6028285401222477,0.0,-0.6
194,4,0.23,-0.6,0.23266124932760568,-0.6029764810549193,0.23,-0.6
194,5,0.51,-0.6,0.5124148834304435,-0.603198579995949,0.51,-0.6
194,6,0.8,-0.6,0.8017965440745481,-0.6037372331160126,0.8,-0.6
194,7,-0.8,-0.33,-0.7981284624688348,-0.33051303775622476,-0.8,-0.33
194,8,-0.57,-0.33,-0.5678845368474305,-0.33159292055332207,-0.57,-0.33
194,9,-0.29,-0.33,-0.287632869358787,-0.3320569155469041,-0.29,-0.33
194,10,0.0,-0.33,0.0024544794833627776,-0.33219316934046716,0.0,-0.33
194,11,0.23,-0.33,0.2324090852678985,-0.33225449485356645,0.23,-0.33
194,12,0.51,-0.33,0.5122256669180658,-0.33241238471909934,0.51,-0.33
194,13,0.8,-0.33,0.8017376366228416,-0.33298710666529213,0.8,-0.33
194,14,-0.8,-0.11,-0.7987085767660302,-0.11019098133659741,-0.8,-0.11
194,15,-0.57,-0.11,-0.5684544806132228,-0.11134136012685916,-0.57,-0.11
194,16,-0.29,-0.11,-0.28809405919029774,-0.11178554960194498,-0.29,-0.11
194,17,0.0,-0.11,0.002116909284722905,-0.11185636661932065,0.0,-0.11
194,18,0.23,-0.11,0.2321381368826636,-0.11188095333465532,0.23,-0.11
194,19,0.51,-0.11,0.511993121880343,-0.11205873694158894,0.51,-0.11
194,20,0.8,-0.11,0.8015382903812728,-0.11277057488231859,0.8,-0.11
194,21,-0.8,0.17,-0.7994243648212694,0.1702435188044637,-0.8,0.17
194,22,-0.57,0.17,-0.5691688285125519,0.1690232507616143,-0.57,0.17
194,23,-0.29,0.17,-0.28867736431442126,0.1685987015556185,-0.29,0.17
194,24,0.0,0.17,0.0016765671423973345,0.16857486924277237,0.0,0.17
194,25,0.23,0.17,0.23175588420878399,0.16854895359567845,0.23,0.17
194,26,0.51,0.17,0.5115965133299165,0.16826760122344606,0.51,0.17
194,27,0.8,0.17,0.8010684607080638,0.16728125403144314,0.8,0.17
194,28,-0.8,0.39,-0.7998395788422029,0.3909052064574545,-0.8,0.39
194,29,-0.57,0.39,-0.5696432709339296,0.38957281000236704,-0.57,0.39
194,30,-0.29,0.39,-0.2890996851109437,0.3890858122142023,-0.29,0.39
194,31,0.0,0.39,0.0013288001922765,0.3890117445153128,0.0,0.39
194,32,0.23,0.39,0.23142637274235806,0.38891316245301627,0.23,0.39
194,33,0.51,0.39,0.5112156693882167,0.3884628750810301,0.51,0.39
194,34,0.8,0.39,0.8005695052977366,0.3871727628811267,0.8,0.39
194,35,-0.8,0.6,-0.8002949870070044,0.6021655687185151,-0.8,0.6
194,36,-0.57,0.6,-0.5702189561610084,0.6005968230799956,-0.57,0.6
194,37,-0.29,0.6,-0.2896705203156713,0.5998982699291111,-0.29,0.6
194,38,0.0,0.6,0.0008111726185240802,0.599627716631788,0.0,0.6
194,39,0.23,0.6,0.23092585729936757,0.599350164680877,0.23,0.6
194,40,0.51,0.6,0.5106743710364744,0.5986171237249954,0.51,0.6
194,41,0.8,0.6,0.7999246286270421,0.5969275241595972,0.8,0.6
194,42,0.0,0.0,0.001939919831410928,-0.001695160913235697,0.0,0.0
194,43,0.71,-0.23,0.711862956618716,-0.23258072610002983,0.71,-0.23
194,44,-0.37,0.53,-0.36960447523398793,0.5296718600358932,-0.37,0.53
194,45,0.12,-0.49,0.12261748986998966,-0.4925708861416799,0.12,-0.49
194,46,-0.73,0.08,-0.7291680553521614,0.07958870594675604,-0.73,0.08
194,47,0.63,0.44,0.6308925739188819,0.4380756371598276,0.63,0.44
194,48,-0.19,-0.56,-0.18726521723313977,-0.5625775916889532,-0.19,-0.56
194,49,0.79,0.31,0.7907942692275861,0.30729054606787015,0.79,0.31
194,50,-0.61,-0.41,-0.6077592386909916,-0.41159259885180033,-0.61,-0.41
194,51,0.42,-0.52,0.4224558837558637,-0.5228211362145412,0.42,-0.52
194,52,-0.48,0.27,-0.47922476145674364,0.26900089819515277,-0.48,0.27
194,53,0.06,0.58,0.0609334789371062,0.5795049876952427,0.06,0.58
195,0,-0.8,-0.6,-0.7482491489996964,-0.5586562426609342,-0.8,-0.6
195,1,-0.57,-0.6,-0.5431362464262234,-0.570314554065547,-0.57,-0.6
195,2,-0.29,-0.6,-0.2810341398290677,-0.5801078938163663,-0.29,-0.6
195,3,0.0,-0.6,-0.0012188121862400426,-0.5839170702779612,0.0,-0.6
195,4,0.23,-0.6,0.22087833509024782,-0.5819798213535464,0.23,-0.6
195,5,0.51,-0.6,0.48404674289692806,-0.5742230694370487,0.51,-0.6
195,6,0.8,-0.6,0.7413702299197246,-0.5611098569809699,0.8,-0.6
195,7,-0.8,-0.33,-0.7597545685416175,-0.31150746997250406,-0.8,-0.33
195,8,-0.57,-0.33,-0.5520192733431778,-0.31867783592682225,-0.57,-0.33
195,9,-0.29,-0.33,-0.28575947462292883,-0.32492310539828684,-0.29,-0.33
195,10,0.0,-0.33,-0.0006564894412841632,-0.3274982917488937,0.0,-0.33
195,11,0.23,-0.33,0.22573905358750657,-0.3264633861235404,0.23,-0.33
195,12,0.51,-0.33,0.49350629298493404,-0.3219300400345573,0.51,-0.33
195,13,0.8,-0.33,0.7546607169128413,-0.3143425867936776,0.8,-0.33
195,14,-0.8,-0.11,-0.7645602875326286,-0.10379166980372005,-0.8,-0.11
195,15,-0.57,-0.11,-0.5557913182386419,-0.10666248287905017,-0.57,-0.11
195,16,-0.29,-0.11,-0.2877552956043484,-0.10928813703930157,-0.29,-0.11
195,17,0.0,-0.11,-0.00034898978115054823,-0.1105357719202528,0.0,-0.11
195,18,0.23,-0.11,0.22792995651712378,-0.11039446581652973,0.23,-0.11
195,19,0.51,-0.11,0.49773078106022395,-0.10908915764504662,0.51,-0.11
195,20,0.8,-0.11,0.7605842588917999,-0.10676446790949112,0.8,-0.11
195,21,-0.8,0.17,-0.7640720423347422,0.16307602071956562,-0.8,0.17
195,22,-0.57,0.17,-0.5553490343959329,0.16592513943317022,-0.57,0.17
195,23,-0.29,0.17,-0.2873945325899564,0.16818063820116622,-0.29,0.17
195,24,0.0,0.17,-0.00012150058835216302,0.16875270706603646,0.0,0.17
195,25,0.23,0.17,0.22807141544796827,0.1677167898150328,0.23,0.17
195,26,0.51,0.17,0.4979087976225654,0.16472114481413191,0.51,0.17
195,27,0.8,0.17,0.7610789985286209,0.1600829243252863,0.8,0.17
195,28,-0.8,0.39,-0.7585460284775607,0.37012554838453776,-0.8,0.39
195,29,-0.57,0.39,-0.5509448301389664,0.3770649002921334,-0.57,0.39
195,30,-0.29,0.39,-0.2848876265232317,0.3827568993856145,-0.29,0.39
195,31,0.0,0.39,-0.00010213232402928518,0.38461950105171205,0.0,0.39
195,32,0.23,0.39,0.22609402375676502,0.38279213974040266,0.23,0.39
195,33,0.51,0.39,0.4939656273231344,0.3768286699225216,0.51,0.39
195,34,0.8,0.39,0.7559031285539027,0.36726826823370295,0.8,0.39
195,35,-0.8,0.6,-0.749419881016294,0.5621617819510861,-0.8,0.6
195,36,-0.57,0.6,-0.5438488259514122,0.5724070700761074,-0.57,0.6
195,37,-0.29,0.6,-0.28096073345426287,0.5807279925924003,-0.29,0.6
195,38,0.0,0.6,-0.00021402346479796746,0.5835813970495565,0.0,0.6
195,39,0.23,0.6,0.22273235990354245,0.5812139404752167,0.23,0.6
195,40,0.51,0.6,0.4872771621246687,0.5730792062163305,0.51,0.6
195,41,0.8,0.6,0.7467566161063176,0.5596362572798186,0.8,0.6
195,42,0.0,0.0,-0.00023570386989570026,-0.00076055043742215,0.0,0.0
195,43,0.71,-0.23,0.6787050615044076,-0.2223052630493547,0.71,-0.23
195,44,-0.37,0.53,-0.35903622874363383,0.5139663832491416,-0.37,0.53
195,45,0.12,-0.49,0.11631024373288885,-0.4807388490168157,0.12,-0.49
195,46,-0.73,0.08,-0.7027042010728285,0.07776017960617529,-0.73,0.08
195,47,0.63,0.44,0.6030048095805288,0.4202346890127771,0.63,0.44
195,48,-0.19,-0.56,-0.18561978057518427,-0.5451680379128444,-0.19,-0.56
195,49,0.79,0.31,0.7496016254877945,0.2927463338472978,0.79,0.31
195,50,-0.61,-0.41,-0.5866254311377515,-0.39308803807166026,-0.61,-0.41
195,51,0.42,-0.52,0.4035064858147827,-0.5035327512510788,0.42,-0.52
195,52,-0.48,0.27,-0.46929551205448167,0.2640214564800075,-0.48,0.27
195,53,0.06,0.58,0.05826737306944354,0.5647874585937309,0.06,0.58
196,0,-0.8,-0.6,-0.7007444876685194,-0.5193793933184699,-0.8,-0.6
196,1,-0.57,-0.6,-0.516479326435743,-0.537865332302149,-0.57,-0.6
196,2,-0.29,-0.6,-0.27205171833088504,-0.5557425702010016,-0.29,-0.6
196,3,0.0,-0.6,-0.0024197728796370496,-0.5666354262661348,0.0,-0.6
196,4,0.23,-0.6,0.21606296139024345,-0.568638798215651,0.23,-0.6
196,5,0.51,-0.6,0.47772591648132573,-0.5634004381162385,0.51,-0.6
196,6,0.8,-0.6,0.7339266304756922,-0.550620897735859,0.8,-0.6
196,7,-0.8,-0.33,-0.7192856620900763,-0.291715586349951,-0.8,-0.33
196,8,-0.57,-0.33,-0.531237516715181,-0.3032725159734296,-0.57,-0.33
196,9,-0.29,-0.33,-0.28035878169788536,-0.31464701612109014,-0.29,-0.33
196,10,0.0,-0.33,-0.0019708988933118034,-0.32141889453955674,0.0,-0.33
196,11,0.23,-0.33,0.22384527842369348,-0.32233158121190164,0.23,-0.33
196,12,0.51,-0.33,0.4933222671285566,-0.31838437915521606,0.51,-0.33
196,13,0.8,-0.33,0.7557645027527354,-0.3098674790650556,0.8,-0.33
196,14,-0.8,-0.11,-0.7289954505964952,-0.0962064582127653,-0.8,-0.11
196,15,-0.57,-0.11,-0.5390683916713378,-0.10087711879925794,-0.57,-0.11
196,16,-0.29,-0.11,-0.2848042560606275,-0.10545816937466865,-0.29,-0.11
196,17,0.0,-0.11,-0.0017954151606327986,-0.10805542521800408,0.0,-0.11
196,18,0.23,-0.11,0.22789462621487935,-0.10821765311422532,0.23,-0.11
196,19,0.51,-0.11,0.5014939235461499,-0.10630626527859297,0.51,-0.11
196,20,0.8,-0.11,0.7670898600902243,-0.1025734661913368,0.8,-0.11
196,21,-0.8,0.17,-0.7331773390046579,0.15867882600183542,-0.8,0.17
196,22,-0.57,0.17,-0.5422043191367553,0.1635633892059706,-0.57,0.17
196,23,-0.29,0.17,-0.2864248432993957,0.1684837221753551,-0.29,0.17
196,24,0.0,0.17,-0.0016583205882484552,0.17164840694833708,0.0,0.17
196,25,0.23,0.17,0.229483820468377,0.17236145900859773,0.23,0.17
196,26,0.51,0.17,0.5048102351659564,0.17111566093564834,0.51,0.17
196,27,0.8,0.17,0.772010841240757,0.1679039441170476,0.8,0.17
196,28,-0.8,0.39,-0.729958728407708,0.35795619493357544,-0.8,0.39
196,29,-0.57,0.39,-0.5392459659827857,0.3699872866458209,-0.57,0.39
196,30,-0.29,0.39,-0.28448515482917275,0.38188673394505424,-0.29,0.39
196,31,0.0,0.39,-0.00160528256689408,0.38930518504102035,0.0,0.39
196,32,0.23,0.39,0.22790950159199003,0.39075739643033514,0.23,0.39
196,33,0.51,0.39,0.5017719109615963,0.387371703465481,0.51,0.39
196,34,0.8,0.39,0.7682528230481946,0.3791187375934589,0.8,0.39
196,35,-0.8,0.6,-0.7220640837892647,0.5429846901572184,-0.8,0.6
196,36,-0.57,0.6,-0.5326831074377408,0.5610841330253107,-0.57,0.6
196,37,-0.29,0.6,-0.2805499261663174,0.5785922801102084,-0.29,0.6
196,38,0.0,0.6,-0.001718044000521213,0.5894610083176168,0.0,0.6
196,39,0.23,0.6,0.22434112623022276,0.5917077006947796,0.23,0.6
196,40,0.51,0.6,0.49474352728852766,0.5869626143655331,0.51,0.6
196,41,0.8,0.6,0.7586991811361979,0.5746788681833536,0.8,0.6
196,42,0.0,0.0,-0.001735585034480383,0.001399145775432301,0.0,0.0
196,43,0.71,-0.23,0.682107598077464,-0.21886962619669723,0.71,-0.23
196,44,-0.37,0.53,-0.356538837916984,0.5100439451002938,-0.37,0.53
196,45,0.12,-0.49,0.11348082934442671,-0.47081489530556264,0.12,-0.49
196,46,-0.73,0.08,-0.6767478764228662,0.07709146197659686,-0.73,0.08
196,47,0.63,0.44,0.6131490481583106,0.43238944782797817,0.63,0.44
196,48,-0.19,-0.56,-0.18138279321154163,-0.5258673370290848,-0.19,-0.56
196,49,0.79,0.31,0.7615621135909169,0.303102862359979,0.79,0.31
196,50,-0.61,-0.41,-0.5611370294707916,-0.37236439413478384,-0.61,-0.41
196,51,0.42,-0.52,0.39911008525830494,-0.4952874353222257,0.42,-0.52
196,52,-0.48,0.27,-0.46184945835254954,0.26081715120310284,-0.48,0.27
196,53,0.06,0.58,0.05730024931773653,0.5719322269539224,0.06,0.58
197,0,-0.8,-0.6,-0.8017853269516309,-0.6007705432252028,-0.8,-0.6
197,1,-0.57,-0.6,-0.570569687541524,-0.6010990382248552,-0.57,-0.6
197,2,-0.29,-0.6,-0.2898233812967978,-0.6009266800034552,-0.29,-0.6
197,3,0.0,-0.6,0.0005644406459582521,-0.6005157241746212,0.0,-0.6
197,4,0.23,-0.6,0.230760721896163,-0.6002926940947826,0.23,-0.6
197,5,0.51,-0.6,0.5111066645569522,-0.6001901223711594,0.51,-0.6
197,6,0.8,-0.6,0.8022198255392985,-0.5997305871441876,0.8,-0.6
197,7,-0.8,-0.33,-0.8019960660947232,-0.33056516227790933,-0.8,-0.33
197,8,-0.57,-0.33,-0.5708047224588638,-0.33095094611653836,-0.57,-0.33
197,9,-0.29,-0.33,-0.2901027843905579,-0.33094654626893877,-0.29,-0.33
197,10,0.0,-0.33,0.00023341178023714854,-0.3307616525978302,0.0,-0.33
197,11,0.23,-0.33,0.2303604782920915,-0.3307492300577952,0.23,-0.33
197,12,0.51,-0.33,0.5105189285611269,-0.3309806146607212,0.51,-0.33
197,13,0.8,-0.33,0.8011905206608303,-0.33105908806560747,0.8,-0.33
197,14,-0.8,-0.11,-0.8021541415611243,-0.11073885339602883,-0.8,-0.11
197,15,-0.57,-0.11,-0.5709411145429233,-0.11106948986080409,-0.57,-0.11
197,16,-0.29,-0.11,-0.2902412301574476,-0.11112726682627766,-0.29,-0.11
197,17,0.0,-0.11,8.229322110790784e-05,-0.11108187517751297,0.0,-0.11
197,18,0.23,-0.11,0.23018143740416738,-0.11121157588685102,0.23,-0.11
197,19,0.51,-0.11,0.510239228311859,-0.11166522356833102,0.51,-0.11
197,20,0.8,-0.11,0.8006382528514435,-0.11208988570267336,0.8,-0.11
197,21,-0.8,0.17,-0.8025539378383123,0.16862885802137473,-0.8,0.17
197,22,-0.57,0.17,-0.5712548162496498,0.16856020107952188,-0.57,0.17
197,23,-0.29,0.17,-0.29050236737850155,0.16857188154766195,-0.29,0.17
197,24,0.0,0.17,-0.00013942621242436857,0.16852704454356102,0.0,0.17
197,25,0.23,0.17,0.22997934726387625,0.16826047070588235,0.23,0.17
197,26,0.51,0.17,0.5100041059669314,0.16757476032754742,0.51,0.17
197,27,0.8,0.17,0.8002039817677659,0.16679062226320537,0.8,0.17
197,28,-0.8,0.39,-0.8031698994037244,0.3876558475934143,-0.8,0.39
197,29,-0.57,0.39,-0.5717557808069468,0.3879849706132028,-0.57,0.39
197,30,-0.29,0.39,-0.29091312048624896,0.38820284106352554,-0.29,0.39
197,31,0.0,0.39,-0.0004653347736212934,0.38817406543776345,0.0,0.39
197,32,0.23,0.39,0.22972355767880454,0.3878362271115264,0.23,0.39
197,33,0.51,0.39,0.5098147517029844,0.3869948319199161,0.51,0.39
197,34,0.8,0.39,0.7999970369575773,0.3859604759455742,0.8,0.39
197,35,-0.8,0.6,-0.804109525095984,0.5961597434024356,-0.8,0.6
197,36,-0.57,0.6,-0.572547170347684,0.5970576133001024,-0.57,0.6
197,37,-0.29,0.6,-0.2915756113978032,0.5976226697514804,-0.29,0.6
197,38,0.0,0.6,-0.0009962597155401148,0.5976930582583928,0.0,0.6
197,39,0.23,0.6,0.2293121241518784,0.5973164463793182,0.23,0.6
197,40,0.51,0.6,0.5095550303584844,0.5963352527219874,0.51,0.6
197,41,0.8,0.6,0.7998510558758711,0.5950605940186243,0.8,0.6
197,42,0.0,0.0,9.407562896687066e-06,-0.0012371779905210093,0.0,0.0
197,43,0.71,-0.23,0.7106469150481706,-0.23153796766317433,0.71,-0.23
197,44,-0.37,0.53,-0.37152501843536806,0.5277614324071658,-0.37,0.53
197,45,0.12,-0.49,0.1204909734620072,-0.49047911233086694,0.12,-0.49
197,46,-0.73,0.08,-0.7319053842042571,0.0788222232630514,-0.73,0.08
197,47,0.63,0.44,0.629806843007921,0.4363817677527406,0.63,0.44
197,48,-0.19,-0.56,-0.1897202512093333,-0.5607724159960165,-0.19,-0.56
197,49,0.79,0.31,0.7900481905488411,0.30629302286378224,0.79,0.31
197,50,-0.61,-0.41,-0.6109066089773556,-0.41091532252361723,-0.61,-0.41
197,51,0.42,-0.52,0.4207734965283189,-0.5203837296498626,0.42,-0.52
197,52,-0.48,0.27,-0.48112534016273445,0.26837006778957434,-0.48,0.27
197,53,0.06,0.58,0.05915383783708876,0.5776883318132012,0.06,0.58
198,0,-0.8,-0.6,-0.7492112607449594,-0.5625815800621777,-0.8,-0.6
198,1,-0.57,-0.6,-0.5430786125435565,-0.5723777049549013,-0.57,-0.6
198,2,-0.29,-0.6,-0.2797188838653157,-0.5806375267304712,-0.29,-0.6
198,3,0.0,-0.6,0.0014380551270699981,-0.5835140361053002,0.0,-0.6
198,4,0.23,-0.6,0.22464105915883484,-0.5810400694489259,0.23,-0.6
198,5,0.51,-0.6,0.489364766116446,-0.5725180013749334,0.51,-0.6
198,6,0.8,-0.6,0.7489770055511347,-0.5582059081498703,0.8,-0.6
198,7,-0.8,-0.33,-0.7610928054713314,-0.3149798710677076,-0.8,-0.33
198,8,-0.57,-0.33,-0.5523582632399311,-0.3205068368108736,-0.57,-0.33
198,9,-0.29,-0.33,-0.2848557923796237,-0.32542682605877504,-0.29,-0.33
198,10,0.0,-0.33,0.0015060411933612405,-0.3272843949608925,0.0,-0.33
198,11,0.23,-0.33,0.22881898843664564,-0.3259049492857596,0.23,-0.33
198,12,0.51,-0.33,0.49770345609341654,-0.32085282504024354,0.51,-0.33
198,13,0.8,-0.33,0.7604508673872971,-0.3122987576433326,0.8,-0.33
198,14,-0.8,-0.11,-0.7658368496925674,-0.10647428069939213,-0.8,-0.11
198,15,-0.57,-0.11,-0.5560829393088045,-0.10798478659314854,-0.57,-0.11
198,16,-0.29,-0.11,-0.286819490095188,-0.10952203386691915,-0.29,-0.11
198,17,0.0,-0.11,0.0017784738841164311,-0.11022813090353525,0.0,-0.11
198,18,0.23,-0.11,0.23083311794260972,-0.1098655632411519,0.23,-0.11
198,19,0.51,-0.11,0.5014277269365338,-0.10819025660566958,0.51,-0.11
198,20,0.8,-0.11,0.7653558323500145,-0.10504949246164955,0.8,-0.11
198,21,-0.8,0.17,-0.7650463604490938,0.16153752631566093,-0.8,0.17
198,22,-0.57,0.17,-0.5553731657557935,0.16531118878660664,-0.57,0.17
198,23,-0.29,0.17,-0.2862362027448583,0.16831599177477227,-0.29,0.17
198,24,0.0,0.17,0.002137918000816757,0.16922403372884193,0.0,0.17
198,25,0.23,0.17,0.23096177280235974,0.1682862184898836,0.23,0.17
198,26,0.51,0.17,0.5012826614611101,0.1654984877832719,0.51,0.17
198,27,0.8,0.17,0.7650204952005681,0.16147016169859857,0.8,0.17
198,28,-0.8,0.39,-0.7592369351793876,0.3693015466097648,-0.8,0.39
198,29,-0.57,0.39,-0.5507231351076526,0.3768126535315005,-0.57,0.39
198,30,-0.29,0.39,-0.283530996646023,0.38298985321037504,-0.29,0.39
198,31,0.0,0.39,0.0022966554557432737,0.38503648868316587,0.0,0.39
198,32,0.23,0.39,0.22905872260707616,0.3832090426028088,0.23,0.39
198,33,0.51,0.39,0.4972848001435419,0.37729608409128296,0.51,0.39
198,34,0.8,0.39,0.7595562219602563,0.3681114397169483,0.8,0.39
198,35,-0.8,0.6,-0.7499803657209638,0.5615957434264972,-0.8,0.6
198,36,-0.57,0.6,-0.5435378538749733,0.5720925627893235,-0.57,0.6
198,37,-0.29,0.6,-0.2795574599151821,0.5806554563829198,-0.29,0.6
198,38,0.0,0.6,0.0022062371197966325,0.5835353655728184,0.0,0.6
198,39,0.23,0.6,0.22571578023947858,0.5810439370079679,0.23,0.6
198,40,0.51,0.6,0.4906111812510326,0.5727458510816461,0.51,0.6
198,41,0.8,0.6,0.750365494371164,0.5593608271029589,0.8,0.6
198,42,0.0,0.0,0.001928781805760939,-0.0003796899759754848,0.0,0.0
198,43,0.71,-0.23,0.6834926991998578,-0.22077490449816178,0.71,-0.23
198,44,-0.37,0.53,-0.35793255372844734,0.5139858385794239,-0.37,0.53
198,45,0.12,-0.49,0.11920921909650571,-0.4802310120347797,0.12,-0.49
198,46,-0.73,0.08,-0.7035014985389119,0.07621732462375119,-0.73,0.08
198,47,0.63,0.44,0.6064252810360179,0.4206464711759297,0.63,0.44
198,48,-0.19,-0.56,-0.18396014728860766,-0.5453595182738604,-0.19,-0.56
198,49,0.79,0.31,0.7533031785462131,0.29381705032037386,0.79,0.31
198,50,-0.61,-0.41,-0.5870916710336122,-0.3953102307609552,-0.61,-0.41
198,51,0.42,-0.52,0.4079146529084076,-0.5023319109664036,0.42,-0.52
198,52,-0.48,0.27,-0.4688292149611891,0.26385214251392913,-0.48,0.27
198,53,0.06,0.58,0.06086824900345397,0.5647908959107721,0.06,0.58
199,0,-0.8,-0.6,-0.7000829169205165,-0.5263771999128521,-0.8,-0.6
199,1,-0.57,-0.6,-0.5149607390829206,-0.5432052910672382,-0.57,-0.6
199,2,-0.29,-0.6,-0.2697606400589199,-0.5595603680607425,-0.29,-0.6
199,3,0.0,-0.6,0.00034750630158168023,-0.569389622875548,0.0,-0.6
199,4,0.23,-0.6,0.21899143970949334,-0.5709084515743591,0.23,-0.6
199,5,0.51,-0.6,0.4806619752820607,-0.5655596297248684,0.51,-0.6
199,6,0.8,-0.6,0.7367610184745309,-0.553304228847665,0.8,-0.6
199,7,-0.8,-0.33,-0.719002794936955,-0.2977647976890801,-0.8,-0.33
199,8,-0.57,-0.33,-0.5301640594807528,-0.3079916607454892,-0.57,-0.33
199,9,-0.29,-0.33,-0.27871785625239054,-0.3182532702580106,-0.29,-0.33
199,10,0.0,-0.33,-7.291584341896053e-05,-0.32438154011557185,0.0,-0.33
199,11,0.23,-0.33,0.225834280167488,-0.32512740850020777,0.23,-0.33
199,12,0.51,-0.33,0.49542643035230916,-0.32141570172061895,0.51,-0.33
199,13,0.8,-0.33,0.7580709402198026,-0.3136998703630336,0.8,-0.33
199,14,-0.8,-0.11,-0.7289203445371184,-0.10114645798565458,-0.8,-0.11
199,15,-0.57,-0.11,-0.5381420532056892,-0.10475519942551925,-0.57,-0.11
199,16,-0.29,-0.11,-0.2833571268663492,-0.10852330766186707,-0.29,-0.11
199,17,0.0,-0.11,-0.00018453875014255285,-0.1107443345555082,0.0,-0.11
199,18,0.23,-0.11,0.22957344380215952,-0.11091227266401005,0.23,-0.11
199,19,0.51,-0.11,0.5033756990115537,-0.10938797944542014,0.51,-0.11
199,20,0.8,-0.11,0.7693750040475997,-0.10653060979254923,0.8,-0.11
199,21,-0.8,0.17,-0.7334552228583288,0.15545228872781391,-0.8,0.17
199,22,-0.57,0.17,-0.5414583148674075,0.1610504610243172,-0.57,0.17
199,23,-0.29,0.17,-0.28510210994858526,0.16643106685713127,-0.29,0.17
199,24,0.0,0.17,-0.0001945067437029046,0.16971324731878523,0.0,0.17
199,25,0.23,0.17,0.2310290493869999,0.170302916582344,0.23,0.17
199,26,0.51,0.17,0.5066746977548267,0.1686368391142356,0.51,0.17
199,27,0.8,0.17,0.7744940563518181,0.16464448699296677,0.8,0.17
199,28,-0.8,0.39,-0.7307176149808525,0.35606532096131943,-0.8,0.39
199,29,-0.57,0.39,-0.5388051146485869,0.36851660537140035,-0.57,0.39
199,30,-0.29,0.39,-0.2833473038358732,0.38060106837188673,-0.29,0.39
199,31,0.0,0.39,-0.00024778895179590314,0.3879738337746265,0.0,0.39
199,32,0.23,0.39,0.22942722650488875,0.389272157067552,0.23,0.39
199,33,0.51,0.39,0.5037549456502871,0.3855479919476405,0.51,0.39
199,34,0.8,0.39,0.77104836142854,0.37672575861170854,0.8,0.39
199,35,-0.8,0.6,-0.723516584678629,0.5419867211241298,-0.8,0.6
199,36,-0.57,0.6,-0.5327466432248833,0.5601833170861719,-0.57,0.6
199,37,-0.29,0.6,-0.2797256370335136,0.5775827001847742,-0.29,0.6
199,38,0.0,0.6,-0.00047887740568725365,0.5882524765959093,0.0,0.6
199,39,0.23,0.6,0.2259181763532567,0.5903482257619728,0.23,0.6
199,40,0.51,0.6,0.49703276657467566,0.5854178238145169,0.51,0.6
199,41,0.8,0.6,0.7620649475649961,0.5728768580974671,0.8,0.6
199,42,0.0,0.0,-0.00019505929972497968,-0.0010318396320103394,0.0,0.0
199,43,0.71,-0.23,0.6842685998042392,-0.22252220092921407,0.71,-0.23
199,44,-0.37,0.53,-0.3557559896803164,0.5090444548108797,-0.37,0.53
199,45,0.12,-0.49,0.11588440340533807,-0.4735149816403181,0.12,-0.49
199,46,-0.73,0.08,-0.6765410721426081,0.07358335905082138,-0.73,0.08
199,47,0.63,0.44,0.6155100561325807,0.43049997205955653,0.63,0.44
199,48,-0.19,-0.56,-0.17904250039741462,-0.5292897296101953,-0.19,-0.56
199,49,0.79,0.31,0.7641916256697873,0.30042162088859004,0.79,0.31
199,50,-0.61,-0.41,-0.560091293940125,-0.37753823307954815,-0.61,-0.41
199,51,0.42,-0.52,0.401709869300035,-0.49774007052189295,0.42,-0.52
199,52,-0.48,0.27,-0.46094162312376774,0.2589522018696646,-0.48,0.27
199,53,0.06,0.58,0.05861950812229289,0.5707059784304672,0.06,0.58
200,0,-0.8,-0.6,-0.798015912249066,-0.598556226070227,-0.8,-0.6
200,1,-0.57,-0.6,-0.5691598631437244,-0.6000694499681313,-0.57,-0.6
200,2,-0.29,-0.6,-0.289238287680326,-0.600579947058671,-0.29,-0.6
200,3,0.0,-0.6,0.0010667985897165986,-0.6002239478633493,0.0,-0.6
200,4,0.23,-0.6,0.23122017422099228,-0.5995177574343186,0.23,-0.6
200,5,0.51,-0.6,0.510862686575632,-0.5982888755931919,0.51,-0.6
200,6,0.8,-0.6,0.7992037784846825,-0.5970129063043333,0.8,-0.6
200,7,-0.8,-0.33,-0.7972085784675556,-0.3291204005919185,-0.8,-0.33
200,8,-0.57,-0.33,-0.5684421073814735,-0.3302147983642249,-0.57,-0.33
200,9,-0.29,-0.33,-0.28873257369805383,-0.33061116316599826,-0.29,-0.33
200,10,0.0,-0.33,0.0013420799740499487,-0.3303662131379865,0.0,-0.33
200,11,0.23,-0.33,0.23136091036728051,-0.3298559016259957,0.23,-0.33
200,12,0.51,-0.33,0.510986643814052,-0.3289748638115007,0.51,-0.33
200,13,0.8,-0.33,0.7996722119483541,-0.3281184626344991,0.8,-0.33
200,14,-0.8,-0.11,-0.7972300861717103,-0.10966542688353312,-0.8,-0.11
200,15,-0.57,-0.11,-0.5683524766934009,-0.11055924881018053,-0.57,-0.11
200,16,-0.29,-0.11,-0.2886423726421148,-0.11091805230010203,-0.29,-0.11
200,17,0.0,-0.11,0.001375029637067921,-0.11074940192703796,0.0,-0.11
200,18,0.23,-0.11,0.2313540807570064,-0.11036192899567898,0.23,-0.11
200,19,0.51,-0.11,0.5110065682791317,-0.109696788405854,0.51,-0.11
200,20,0.8,-0.11,0.7999502290419755,-0.1090671793637202,0.8,-0.11
200,21,-0.8,0.17,-0.7977872217725619,0.16996120699375664,-0.8,0.17
200,22,-0.57,0.17,-0.5686676732327823,0.1691088086771709,-0.57,0.17
200,23,-0.29,0.17,-0.2888515107066024,0.1687032973055911,-0.29,0.17
200,24,0.0,0.17,0.0011826820702309825,0.16878144220207955,0.0,0.17
200,25,0.23,0.17,0.23116148444663714,0.1690547078679237,0.23,0.17
200,26,0.51,0.17,0.5108680894046526,0.16952497044410442,0.51,0.17
200,27,0.8,0.17,0.8000841262180469,0.16999987634644648,0.8,0.17
200,28,-0.8,0.39,-0.7984375884818555,0.38997439291927327,-0.8,0.39
200,29,-0.57,0.39,-0.5691250362289498,0.3890054316915623,-0.57,0.39
200,30,-0.29,0.39,-0.2892112903988373,0.3885172961417907,-0.29,0.39
200,31,0.0,0.39,0.0008542845495015992,0.38856036751796813,0.0,0.39
200,32,0.23,0.39,0.23083793571921704,0.3887992023473665,0.23,0.39
200,33,0.51,0.39,0.5105611087981207,0.3891994367278312,0.51,0.39
200,34,0.8,0.39,0.799895082721001,0.3896666583457969,0.8,0.39
200,35,-0.8,0.6,-0.7989285260518685,0.6002246440614173,-0.8,0.6
200,36,-0.57,0.6,-0.5694973621503899,0.5990523667304005,-0.57,0.6
200,37,-0.29,0.6,-0.28955113842713587,0.5984843430879017,-0.29,0.6
200,38,0.0,0.6,0.000489018913354299,0.5985574411015472,0.0,0.6
200,39,0.23,0.6,0.23042367762488347,0.5988300531390766,0.23,0.6
200,40,0.51,0.6,0.5100622452638937,0.5992475137206809,0.51,0.6
200,41,0.8,0.6,0.7993303885449984,0.5998019742906074,0.8,0.6
200,42,0.0,0.0,0.0013326393304950957,-0.00094908296771224,0.0,0.0
200,43,0.71,-0.23,0.7102870834556843,-0.2287417057764168,0.71,-0.23
200,44,-0.37,0.53,-0.36946546892733756,0.5285544061952665,-0.37,0.53
200,45,0.12,-0.49,0.12128654197793656,-0.48991737664541263,0.12,-0.49
200,46,-0.73,0.08,-0.7279883427360887,0.07971856255687332,-0.73,0.08
200,47,0.63,0.44,0.6302215422676786,0.4393669437537925,0.63,0.44
200,48,-0.19,-0.56,-0.18904881256761336,-0.5604953274163188,-0.19,-0.56
200,49,0.79,0.31,0.7900303643844865,0.309723784916208,0.79,0.31
200,50,-0.61,-0.41,-0.6084520521117537,-0.40997022031256175,-0.61,-0.41
200,51,0.42,-0.52,0.4211246327107557,-0.5188271335413369,0.42,-0.52
200,52,-0.48,0.27,-0.47895857569100336,0.2688332591659897,-0.48,0.27
200,53,0.06,0.58,0.06052009467604103,0.5786049379999177,0.06,0.58
201,0,-0.8,-0.6,-0.7500950700032706,-0.5607922290557448,-0.8,-0.6
201,1,-0.57,-0.6,-0.5451183896979016,-0.5715844398666562,-0.57,-0.6
201,2,-0.29,-0.6,-0.2823866527730793,-0.5801671442048818,-0.29,-0.6
201,3,0.0,-0.6,-0.0016672552164801002,-0.5828554387033019,0.0,-0.6
201,4,0.23,-0.6,0.2210645284618445,-0.5800013343433967,0.23,-0.6
201,5,0.51,-0.6,0.4848756687152664,-0.5707890376937481,0.51,-0.6
201,6,0.8,-0.6,0.7429927213774099,-0.5555386536399197,0.8,-0.6
201,7,-0.8,-0.33,-0.7616036844656638,-0.3132792611178875,-0.8,-0.33
201,8,-0.57,-0.33,-0.5539011721208154,-0.31956061421706766,-0.57,-0.33
201,9,-0.29,-0.33,-0.28695842893056067,-0.3245776321775572,-0.29,-0.33
201,10,0.0,-0.33,-0.0009205520607386715,-0.3260501995272463,0.0,-0.33
201,11,0.23,-0.33,0.22611708173568068,-0.3241345172973767,0.23,-0.33
201,12,0.51,-0.33,0.4944995330344714,-0.3182226080932137,0.51,-0.33
201,13,0.8,-0.33,0.7563924749817845,-0.3086642757867359,0.8,-0.33
201,14,-0.8,-0.11,-0.7662600116206209,-0.10480107664098688,-0.8,-0.11
201,15,-0.57,-0.11,-0.5574564317520408,-0.10689599558703612,-0.57,-0.11
201,16,-0.29,-0.11,-0.28874821948235774,-0.10840628386878619,-0.29,-0.11
201,17,0.0,-0.11,-0.00042169310261698674,-0.10867779767157922,0.0,-0.11
201,18,0.23,-0.11,0.22850106864044617,-0.10777630107060837,0.23,-0.11
201,19,0.51,-0.11,0.49890123544404935,-0.10527522086295517,0.51,-0.11
201,20,0.8,-0.11,0.7624206926053047,-0.1012322906607569,0.8,-0.11
201,21,-0.8,0.17,-0.765667581839529,0.163237256709584,-0.8,0.17
201,22,-0.57,0.17,-0.5567660636800301,0.16663468501703316,-0.57,0.17
201,23,-0.29,0.17,-0.2881254153949854,0.1697700786882634,-0.29,0.17
201,24,0.0,0.17,7.513488132012422e-05,0.17105399156223405,0.0,0.17
201,25,0.23,0.17,0.22894543256507474,0.17052407744158607,0.23,0.17
201,26,0.51,0.17,0.49938838213333475,0.1683584987688308,0.51,0.17
201,27,0.8,0.17,0.7630887863078701,0.16501391064949472,0.8,0.17
201,28,-0.8,0.39,-0.7601739031406698,0.3710186775482243,-0.8,0.39
201,29,-0.57,0.39,-0.5521847025989259,0.3783529233188878,-0.57,0.39
201,30,-0.29,0.39,-0.2853365228664925,0.38474513357356765,-0.29,0.39
201,31,0.0,0.39,0.00046328841241619425,0.38707427073392947,0.0,0.39
201,32,0.23,0.39,0.22741660258001664,0.3854906393435593,0.23,0.39
201,33,0.51,0.39,0.49593710453681145,0.3799779804410116,0.51,0.39
201,34,0.8,0.39,0.758273666408152,0.37131384533808476,0.8,0.39
201,35,-0.8,0.6,-0.7511251393082985,0.5632458401951483,-0.8,0.6
201,36,-0.57,0.6,-0.5448911270828163,0.5738253743146574,-0.57,0.6
201,37,-0.29,0.6,-0.2810321456435036,0.5827335344759271,-0.29,0.6
201,38,0.0,0.6,0.0008767761236155989,0.5858212214793983,0.0,0.6
201,39,0.23,0.6,0.22469513740040092,0.583412293512669,0.23,0.6
201,40,0.51,0.6,0.48996118282845935,0.5753048182188094,0.51,0.6
201,41,0.8,0.6,0.7497120475489623,0.562336209351554,0.8,0.6
201,42,0.0,0.0,-0.00021615181060012558,0.0012901499011457435,0.0,0.0
201,43,0.71,-0.23,0.6802267145297596,-0.21729765053313368,0.71,-0.23
201,44,-0.37,0.53,-0.3595261434603453,0.5158665283998285,-0.37,0.53
201,45,0.12,-0.49,0.11625964389694685,-0.47909396224949274,0.12,-0.49
201,46,-0.73,0.08,-0.7043362856878459,0.07768873038760817,-0.73,0.08
201,47,0.63,0.44,0.6053015531900754,0.42348110943766804,0.63,0.44
201,48,-0.19,-0.56,-0.18665834673307297,-0.5447955263826563,-0.19,-0.56
201,49,0.79,0.31,0.751792381256044,0.2971211717225134,0.79,0.31
201,50,-0.61,-0.41,-0.5886161109949694,-0.39432608887235276,-0.61,-0.41
201,51,0.42,-0.52,0.40416168012790515,-0.5005407602067433,0.42,-0.52
201,52,-0.48,0.27,-0.4704386746302134,0.2652915292091025,-0.48,0.27
201,53,0.06,0.58,0.05954000318051987,0.5670755940574194,0.06,0.58
202,0,-0.8,-0.6,-0.6972563055303489,-0.5257546574479992,-0.8,-0.6
202,1,-0.57,-0.6,-0.514452954205365,-0.5425838972317041,-0.57,-0.6
202,2,-0.29,-0.6,-0.27105933398388726,-0.5591797492240419,-0.29,-0.6
202,3,0.0,-0.6,-0.0017342539967938942,-0.569479308146705,0.0,-0.6
202,4,0.23,-0.6,0.21680141182266177,-0.5714799085067837,0.23,-0.6
202,5,0.51,-0.6,0.47869826775476226,-0.5666513297716795,0.51,-0.6
202,6,0.8,-0.6,0.7359175609691074,-0.554513345200631,0.8,-0.6
202,7,-0.8,-0.33,-0.7162062990558462,-0.2972010711224071,-0.8,-0.33
202,8,-0.57,-0.33,-0.5294358654887833,-0.3071598440841149,-0.57,-0.33
202,9,-0.29,-0.33,-0.27955814866927503,-0.3173929624046454,-0.29,-0.33
202,10,0.0,-0.33,-0.0016009084195040993,-0.32373486735439433,0.0,-0.33
202,11,0.23,-0.33,0.2241643953446533,-0.3247505844738246,0.23,-0.33
202,12,0.51,-0.33,0.4938801391528331,-0.32133951742032085,0.51,-0.33
202,13,0.8,-0.33,0.7576168750882485,-0.3137451728527665,0.8,-0.33
202,14,-0.8,-0.11,-0.726068920286221,-0.10084107254088158,-0.8,-0.11
202,15,-0.57,-0.11,-0.5372490747466196,-0.1040154826796852,-0.57,-0.11
202,16,-0.29,-0.11,-0.28390914693335095,-0.10758047573476297,-0.29,-0.11
202,17,0.0,-0.11,-0.0013745141366808327,-0.10984304738099893,0.0,-0.11
202,18,0.23,-0.11,0.22821011642441338,-0.11013597181189512,0.23,-0.11
202,19,0.51,-0.11,0.5020397181460188,-0.10877433653856325,0.51,-0.11
202,20,0.8,-0.11,0.7690249167632848,-0.10610583626211252,0.8,-0.11
202,21,-0.8,0.17,-0.730199220736206,0.15518315899979415,-0.8,0.17
202,22,-0.57,0.17,-0.5401370183484807,0.16136606852115565,-0.57,0.17
202,23,-0.29,0.17,-0.2851589047389665,0.16714529604763395,-0.29,0.17
202,24,0.0,0.17,-0.0008619434928202677,0.17059677795947872,0.0,0.17
202,25,0.23,0.17,0.23014724552066154,0.17122693603403552,0.23,0.17
202,26,0.51,0.17,0.5056888078924822,0.16952198908013938,0.51,0.17
202,27,0.8,0.17,0.7742544866768587,0.16518195233477687,0.8,0.17
202,28,-0.8,0.39,-0.7268289816956471,0.3551243074840138,-0.8,0.39
202,29,-0.57,0.39,-0.5369279206122215,0.3682771011205129,-0.57,0.39
202,30,-0.29,0.39,-0.2828903653171257,0.3809595696614355,-0.29,0.39
202,31,0.0,0.39,-0.00043373409105497895,0.38871941435251667,0.0,0.39
202,32,0.23,0.39,0.228991210558919,0.39019350740025893,0.23,0.39
202,33,0.51,0.39,0.5031364467970465,0.38647792965342204,0.51,0.39
202,34,0.8,0.39,0.7709824623954634,0.37710662157359864,0.8,0.39
202,35,-0.8,0.6,-0.7188050626992509,0.5402163688466249,-0.8,0.6
202,36,-0.57,0.6,-0.5302019237188335,0.5592956654677453,-0.57,0.6
202,37,-0.29,0.6,-0.27874064685888766,0.577607395185079,-0.29,0.6
202,38,0.0,0.6,-0.00022990570022007938,0.5889832968967328,0.0,0.6
202,39,0.23,0.6,0.2258841677338928,0.5914158360034409,0.23,0.6
202,40,0.51,0.6,0.4968043751027752,0.5864968150765647,0.51,0.6
202,41,0.8,0.6,0.7622955866556719,0.573124526975201,0.8,0.6
202,42,0.0,0.0,-0.0011975577380509356,-9.903731274092642e-05,0.0,0.0
202,43,0.71,-0.23,0.6833498181373577,-0.2222697454391319,0.71,-0.23
202,44,-0.37,0.53,-0.35462093154324753,0.5089660212651913,-0.37,0.53
202,45,0.12,-0.49,0.11397198499779683,-0.4734372832864391,0.12,-0.49
202,46,-0.73,0.08,-0.6741323552767902,0.07372612902805399,-0.73,0.08
202,47,0.63,0.44,0.615035023000609,0.43130309948534334,0.63,0.44
202,48,-0.19,-0.56,-0.18062345309509692,-0.5289308049938919,-0.19,-0.56
202,49,0.79,0.31,0.763998469942949,0.3009010954105013,0.79,0.31
202,50,-0.61,-0.41,-0.5590941306542045,-0.3767443542941409,-0.61,-0.41
202,51,0.42,-0.52,0.3997970957525425,-0.4982957865147167,0.42,-0.52
202,52,-0.48,0.27,-0.45994395912474256,0.2592213413130908,-0.48,0.27
202,53,0.06,0.58,0.058743130245437286,0.5715304026940147,0.06,0.58
203,0,-0.8,-0.6,-0.8039485570714734,-0.6012557125890275,-0.8,-0.6
203,1,-0.57,-0.6,-0.5719698928426558,-0.6002824878864023,-0.57,-0.6
203,2,-0.29,-0.6,-0.29131839435114204,-0.6002340416516417,-0.29,-0.6
203,3,0.0,-0.6,-0.0011501624893858558,-0.6006533752558345,0.0,-0.6
203,4,0.23,-0.6,0.22894417903260816,-0.6008514924539439,0.23,-0.6
203,5,0.51,-0.6,0.5090965254011071,-0.6006379371777539,0.51,-0.6
203,6,0.8,-0.6,0.799250330126276,-0.5994828027877773,0.8,-0.6
203,7,-0.8,-0.33,-0.8034582804223476,-0.3305490481363441,-0.8,-0.33
203,8,-0.57,-0.33,-0.5721065402512275,-0.3299111289695858,-0.57,-0.33
203,9,-0.29,-0.33,-0.2917434243645096,-0.3299936635691052,-0.29,-0.33
203,10,0.0,-0.33,-0.001564050016671986,-0.33045760327164986,0.0,-0.33
203,11,0.23,-0.33,0.2286814665512098,-0.33074442263423515,0.23,-0.33
203,12,0.51,-0.33,0.5091539227610536,-0.330802198108001,0.51,-0.33
203,13,0.8,-0.33,0.799769866438322,-0.3302026472674276,0.8,-0.33
203,14,-0.8,-0.11,-0.8032391276918218,-0.11029891705006416,-0.8,-0.11
203,15,-0.57,-0.11,-0.5722373252426377,-0.10981792676488573,-0.57,-0.11
203,16,-0.29,-0.11,-0.2919882388687084,-0.10993931883188751,-0.29,-0.11
203,17,0.0,-0.11,-0.001749388048644786,-0.11041727690801846,0.0,-0.11
203,18,0.23,-0.11,0.22861237094964784,-0.11076097534087759,0.23,-0.11
203,19,0.51,-0.11,0.509288239490421,-0.11097844591349734,0.51,-0.11
203,20,0.8,-0.11,0.8001708110288446,-0.11065822653809751,0.8,-0.11
203,21,-0.8,0.17,-0.802927892376622,0.17005445413048728,-0.8,0.17
203,22,-0.57,0.17,-0.5722806885577725,0.17037595863979232,-0.57,0.17
203,23,-0.29,0.17,-0.29210593804981844,0.17022501514337562,-0.29,0.17
203,24,0.0,0.17,-0.0017634843529086579,0.16973688237585352,0.0,0.17
203,25,0.23,0.17,0.22873419754216148,0.16933947823430426,0.23,0.17
203,26,0.51,0.17,0.5096098655776268,0.16899153179102921,0.51,0.17
203,27,0.8,0.17,0.8007123847562507,0.1691402101715303,0.8,0.17
203,28,-0.8,0.39,-0.8025052275089782,0.3907109049305145,-0.8,0.39
203,29,-0.57,0.39,-0.5721329331069964,0.3908320030117929,-0.57,0.39
203,30,-0.29,0.39,-0.29200726568993746,0.39059748872889044,-0.29,0.39
203,31,0.0,0.39,-0.0015786330016924885,0.39007069595854776,0.0,0.39
203,32,0.23,0.39,0.22901720392578365,0.38963231283186334,0.23,0.39
203,33,0.51,0.39,0.5100121980592652,0.38922367837315636,0.51,0.39
203,34,0.8,0.39,0.801200924212553,0.38934702548351263,0.8,0.39
203,35,-0.8,0.6,-0.801745228033883,0.6020710838214883,-0.8,0.6
203,36,-0.57,0.6,-0.5716951926271467,0.6018090805001826,-0.57,0.6
203,37,-0.29,0.6,-0.29166089497421166,0.6013342352707042,-0.29,0.6
203,38,0.0,0.6,-0.0011807054236104924,0.6006687787976486,0.0,0.6
203,39,0.23,0.6,0.2294819311314197,0.6001473651416811,0.23,0.6
203,40,0.51,0.6,0.5105373386471463,0.599665088187961,0.51,0.6
203,41,0.8,0.6,0.8017068275551641,0.5997911054616938,0.8,0.6
203,42,0.0,0.0,-0.001784515866927006,-0.0003824059088524555,0.0,0.0
203,43,0.71,-0.23,0.7097240564436087,-0.23068844251093928,0.71,-0.23
203,44,-0.37,0.53,-0.3718633159682471,0.5311674742733484,-0.37,0.53
203,45,0.12,-0.49,0.11873701510338021,-0.4906876307868314,0.12,-0.49
203,46,-0.73,0.08,-0.7326812598952963,0.08007246574033011,-0.73,0.08
203,47,0.63,0.44,0.6306278014141391,0.4392414978126611,0.63,0.44
203,48,-0.19,-0.56,-0.19131074823418692,-0.5603119158565117,-0.19,-0.56
203,49,0.79,0.31,0.7909783598630997,0.3092115792646976,0.79,0.31
203,50,-0.61,-0.41,-0.6121955033354813,-0.41003965438241924,-0.61,-0.41
203,51,0.42,-0.52,0.41901305169926206,-0.5207657708518478,0.42,-0.52
203,52,-0.48,0.27,-0.48218840057476053,0.2705301513019701,-0.48,0.27
203,53,0.06,0.58,0.058921423720475714,0.5804583889370081,0.06,0.58
204,0,-0.8,-0.6,-0.750390902357915,-0.5634185522596438,-0.8,-0.6
204,1,-0.57,-0.6,-0.5448974694934086,-0.5746452697741093,-0.57,-0.6
204,2,-0.29,-0.6,-0.28212893604255745,-0.5832662641476167,-0.29,-0.6
204,3,0.0,-0.6,-0.001961059236078405,-0.5857868813949055,0.0,-0.6
204,4,0.23,-0.6,0.2201705786733359,-0.5828543353163681,0.23,-0.6
204,5,0.51,-0.6,0.48344620518681225,-0.5738485007562121,0.51,-0.6
204,6,0.8,-0.6,0.7416432926061707,-0.559372968406093,0.8,-0.6
204,7,-0.8,-0.33,-0.7624009549611163,-0.31488073868818117,-0.8,-0.33
204,8,-0.57,-0.33,-0.5541013439280614,-0.32205167353201775,-0.57,-0.33
204,9,-0.29,-0.33,-0.2870157329439532,-0.3275215013640886,-0.29,-0.33
204,10,0.0,-0.33,-0.0014693231966386626,-0.32908445393133107,0.0,-0.33
204,11,0.23,-0.33,0.22494549012797685,-0.327181888128586,0.23,-0.33
204,12,0.51,-0.33,0.49258868242182224,-0.321495517979602,0.51,-0.33
204,13,0.8,-0.33,0.7539681223898469,-0.3126862061619275,0.8,-0.33
204,14,-0.8,-0.11,-0.7679816052651283,-0.10605917311193079,-0.8,-0.11
204,15,-0.57,-0.11,-0.5584853871084409,-0.10918723409394969,-0.57,-0.11
204,16,-0.29,-0.11,-0.28951142346573877,-0.1112850054200837,-0.29,-0.11
204,17,0.0,-0.11,-0.0016179829367961233,-0.1117153568517717,0.0,-0.11
204,18,0.23,-0.11,0.22665935488992744,-0.11081107993720617,0.23,-0.11
204,19,0.51,-0.11,0.49618174924828573,-0.10842948136296485,0.51,-0.11
204,20,0.8,-0.11,0.7588316702615839,-0.10495046711560845,0.8,-0.11
204,21,-0.8,0.17,-0.7686531226762622,0.16203790429226086,-0.8,0.17
204,22,-0.57,0.17,-0.5589807192247404,0.16437203253022506,-0.57,0.17
204,23,-0.29,0.17,-0.2899549456114254,0.16688764059190472,-0.29,0.17
204,24,0.0,0.17,-0.00215330371192211,0.16803868210532555,0.0,0.17
204,25,0.23,0.17,0.22602405517904295,0.16762148449500663,0.23,0.17
204,26,0.51,0.17,0.4954681509721339,0.1656058723320663,0.51,0.17
204,27,0.8,0.17,0.7580783800274202,0.1621111562012631,0.8,0.17
204,28,-0.8,0.39,-0.7639622143799994,0.3698869919702551,-0.8,0.39
204,29,-0.57,0.39,-0.5552384600582946,0.37612929041494353,-0.57,0.39
204,30,-0.29,0.39,-0.288015378017423,0.38187015593439533,-0.29,0.39
204,31,0.0,0.39,-0.0026766402883096527,0.38409625321631574,0.0,0.39
204,32,0.23,0.39,0.22350247019564748,0.3827346328262915,0.23,0.39
204,33,0.51,0.39,0.4909494045416872,0.37763001487022957,0.51,0.39
204,34,0.8,0.39,0.7521929005827134,0.36920594413769814,0.8,0.39
204,35,-0.8,0.6,-0.7553811782894283,0.5626339477856964,-0.8,0.6
204,36,-0.57,0.6,-0.5485397027098102,0.5720069265353245,-0.57,0.6
204,37,-0.29,0.6,-0.28441703756619424,0.5801420992774914,-0.29,0.6
204,38,0.0,0.6,-0.00311481510682938,0.5830839117642802,0.0,0.6
204,39,0.23,0.6,0.2198022420619937,0.5809549330578875,0.23,0.6
204,40,0.51,0.6,0.4839070352973219,0.5734487969664602,0.51,0.6
204,41,0.8,0.6,0.7426435641234234,0.5610378593537015,0.8,0.6
204,42,0.0,0.0,-0.0017972577083806716,-0.0017379646743425573,0.0,0.0
204,43,0.71,-0.23,0.6774691317215067,-0.22095154244260962,0.71,-0.23
204,44,-0.37,0.53,-0.3627017711895035,0.5132641944330413,-0.37,0.53
204,45,0.12,-0.49,0.11566313743581533,-0.48205829881772755,0.12,-0.49
204,46,-0.73,0.08,-0.706676479083818,0.07610162421077898,-0.73,0.08
204,47,0.63,0.44,0.5996057684125434,0.4214091746044042,0.63,0.44
204,48,-0.19,-0.56,-0.18651616848990382,-0.5478384962118384,-0.19,-0.56
204,49,0.79,0.31,0.7461384929481929,0.2947215259633616,0.79,0.31
204,50,-0.61,-0.41,-0.5886648478263352,-0.3968476347235537,-0.61,-0.41
204,51,0.42,-0.52,0.4028479750332527,-0.5035871680577962,0.42,-0.52
204,52,-0.48,0.27,-0.47284143011553537,0.26275761448287555,-0.48,0.27
204,53,0.06,0.58,0.055413398617132986,0.5643408302826222,0.06,0.58
205,0,-0.8,-0.6,-0.6977902152879694,-0.521235670806701,-0.8,-0.6
205,1,-0.57,-0.6,-0.5140502893454034,-0.5394575579351538,-0.57,-0.6
205,2,-0.29,-0.6,-0.26988644256421834,-0.5567880890404752,-0.29,-0.6
205,3,0.0,-0.6,-0.000271105495433076,-0.567156129247007,0.0,-0.6
205,4,0.23,-0.6,0.21835581687119332,-0.5688742090919667,0.23,-0.6
205,5,0.51,-0.6,0.4805682339016759,-0.5636997525544544,0.51,-0.6
205,6,0.8,-0.6,0.7381564737406002,-0.5519683126612788,0.8,-0.6
205,7,-0.8,-0.33,-0.7169496532751858,-0.2939232056228468,-0.8,-0.33
205,8,-0.57,-0.33,-0.5292119323692964,-0.3052005254644804,-0.57,-0.33
205,9,-0.29,-0.33,-0.2785594788922498,-0.31600602439676784,-0.29,-0.33
205,10,0.0,-0.33,-0.0002994996758194719,-0.322336972008755,0.0,-0.33
205,11,0.23,-0.33,0.225535804052479,-0.32315680122084955,0.23,-0.33
205,12,0.51,-0.33,0.4954245771921366,-0.31962707133683255,0.51,-0.33
205,13,0.8,-0.33,0.7591884532632962,-0.312495241444943,0.8,-0.33
205,14,-0.8,-0.11,-0.7270450930819197,-0.09843757921019315,-0.8,-0.11
205,15,-0.57,-0.11,-0.5372146161940793,-0.10285268152479864,-0.57,-0.11
205,16,-0.29,-0.11,-0.2831149088791672,-0.10689109243458418,-0.29,-0.11
205,17,0.0,-0.11,-0.00030132767074573835,-0.10910975387457414,0.0,-0.11
205,18,0.23,-0.11,0.229322124263688,-0.10927396706768715,0.23,-0.11
205,19,0.51,-0.11,0.5032386364407329,-0.10791975640980242,0.51,-0.11
205,20,0.8,-0.11,0.7701217730303077,-0.10561425141722382,0.8,-0.11
205,21,-0.8,0.17,-0.731729010852193,0.15649118897027917,-0.8,0.17
205,22,-0.57,0.17,-0.5405750310130875,0.16162911991722173,-0.57,0.17
205,23,-0.29,0.17,-0.2848541323834135,0.1670713143562531,-0.29,0.17
205,24,0.0,0.17,-0.00032252970624585406,0.17059404826270513,0.0,0.17
205,25,0.23,0.17,0.23068285049104367,0.17130002145006187,0.23,0.17
205,26,0.51,0.17,0.5062463346178687,0.16955120032201262,0.51,0.17
205,27,0.8,0.17,0.774729134294902,0.16517720315779857,0.8,0.17
205,28,-0.8,0.39,-0.7289810295498125,0.3556960165242494,-0.8,0.39
205,29,-0.57,0.39,-0.5378916281104938,0.36806278630500816,-0.57,0.39
205,30,-0.29,0.39,-0.28309091312518425,0.3805426621827441,-0.29,0.39
205,31,0.0,0.39,-0.0004285203914241195,0.388390127424351,0.0,0.39
205,32,0.23,0.39,0.22893784071264942,0.3899349942212323,0.23,0.39
205,33,0.51,0.39,0.5030176217673133,0.38626975736087843,0.51,0.39
205,34,0.8,0.39,0.7708075069677535,0.3772914060528303,0.8,0.39
205,35,-0.8,0.6,-0.7215163057254489,0.5404415997265843,-0.8,0.6
205,36,-0.57,0.6,-0.5315847730725184,0.5590519416444794,-0.57,0.6
205,37,-0.29,0.6,-0.27928655664854307,0.5772936740896527,-0.29,0.6
205,38,0.0,0.6,-0.0005966145857938074,0.5887557786634655,0.0,0.6
205,39,0.23,0.6,0.22534779344203748,0.5912821281210218,0.23,0.6
205,40,0.51,0.6,0.4959852775724854,0.5866134755476978,0.51,0.6
205,41,0.8,0.6,0.761281814612074,0.5741873864408964,0.8,0.6
205,42,0.0,0.0,-0.0002994257507529486,0.000321272381937107,0.0,0.0
205,43,0.71,-0.23,0.6847906486198246,-0.22120179327740058,0.71,-0.23
205,44,-0.37,0.53,-0.35524112553692144,0.5085533482842944,-0.37,0.53
205,45,0.12,-0.49,0.11542183362615868,-0.47140617615395813,0.12,-0.49
205,46,-0.73,0.08,-0.6750790639077122,0.0749286992092346,-0.73,0.08
205,47,0.63,0.44,0.6147349302763881,0.4312276370963394,0.63,0.44
205,48,-0.19,-0.56,-0.17932328212546697,-0.52679074291148,-0.19,-0.56
205,49,0.79,0.31,0.7640923496678887,0.3009220644722221,0.79,0.31
205,50,-0.61,-0.41,-0.5589675840779407,-0.374307108076994,-0.61,-0.41
205,51,0.42,-0.52,0.40146788671529876,-0.495787901376597,0.42,-0.52
205,52,-0.48,0.27,-0.46030604450491613,0.25906726765785265,-0.48,0.27
205,53,0.06,0.58,0.05837572155096506,0.5712915803905356,0.06,0.58
206,0,-0.8,-0.6,-0.8003116750373596,-0.6019751505354802,-0.8,-0.6
206,1,-0.57,-0.6,-0.5697321691240305,-0.6022806582817933,-0.57,-0.6
206,2,-0.29,-0.6,-0.28903278074060457,-0.602529342995744,-0.29,-0.6
206,3,0.0,-0.6,0.0016213025446155946,-0.6026346242015015,0.0,-0.6
206,4,0.23,-0.6,0.23220139814921356,-0.6025519803462811,0.23,-0.6
206,5,0.51,-0.6,0.5131239037214571,-0.6023184934283077,0.51,-0.6
206,6,0.8,-0.6,0.8040485384774243,-0.6025717625056388,0.8,-0.6
206,7,-0.8,-0.33,-0.799671129092708,-0.3314559627182144,-0.8,-0.33
206,8,-0.57,-0.33,-0.569096375772783,-0.33179938775721907,-0.57,-0.33
206,9,-0.29,-0.33,-0.28862306616624656,-0.3320188038015338,-0.29,-0.33
206,10,0.0,-0.33,0.001716770609813805,-0.3320351864989124,0.0,-0.33
206,11,0.23,-0.33,0.23201492474498636,-0.3318491669866424,0.23,-0.33
206,12,0.51,-0.33,0.5124841584483361,-0.3315048479571831,0.51,-0.33
206,13,0.8,-0.33,0.8025466225605702,-0.33176967134775087,0.8,-0.33
206,14,-0.8,-0.11,-0.7993365830135429,-0.11141818874040435,-0.8,-0.11
206,15,-0.57,-0.11,-0.5687140411382595,-0.11177302965347757,-0.57,-0.11
206,16,-0.29,-0.11,-0.28832764895717167,-0.11193724120775683,-0.29,-0.11
206,17,0.0,-0.11,0.001867779571558906,-0.11186603852999638,0.0,-0.11
206,18,0.23,-0.11,0.23202851265647315,-0.11160379299645332,0.23,-0.11
206,19,0.51,-0.11,0.512280748710074,-0.11119179899659287,0.51,-0.11
206,20,0.8,-0.11,0.8019565056169163,-0.11146146027241514,0.8,-0.11
206,21,-0.8,0.17,-0.7988790192683033,0.1683234056981848,-0.8,0.17
206,22,-0.57,0.17,-0.5682018030054549,0.16796883205046964,-0.57,0.17
206,23,-0.29,0.17,-0.28788728909997563,0.16789516390496598,-0.29,0.17
206,24,0.0,0.17,0.0021994243724066027,0.1680910574147854,0.0,0.17
206,25,0.23,0.17,0.2322617170915295,0.1684439964353121,0.23,0.17
206,26,0.51,0.17,0.512372429883691,0.16890377547892724,0.51,0.17
206,27,0.8,0.17,0.8018356021354931,0.16855263560546072,0.8,0.17
206,28,-0.8,0.39,-0.7982461801791615,0.38788922540787407,-0.8,0.39
206,29,-0.57,0.39,-0.5675721865500551,0.38757572293418807,-0.57,0.39
206,30,-0.29,0.39,-0.28731653267915164,0.3875791468465449,-0.29,0.39
206,31,0.0,0.39,0.0027397161422182638,0.38784646275465895,0.0,0.39
206,32,0.23,0.39,0.2327978750803581,0.38822249705990336,0.23,0.39
206,33,0.51,0.39,0.5129168482351983,0.3886098551292987,0.51,0.39
206,34,0.8,0.39,0.802400753513521,0.3879890743612167,0.8,0.39
206,35,-0.8,0.6,-0.797234117414515,0.5972483862027085,-0.8,0.6
206,36,-0.57,0.6,-0.5665840428545492,0.5970447599630672,-0.57,0.6
206,37,-0.29,0.6,-0.2863532869953679,0.597116427828961,-0.29,0.6
206,38,0.0,0.6,0.0037724328021524816,0.5973832772686684,0.0,0.6
206,39,0.23,0.6,0.2339361931975252,0.5976876203924367,0.23,0.6
206,40,0.51,0.6,0.5142092419396042,0.5978264390166714,0.51,0.6
206,41,0.8,0.6,0.8038645904005827,0.5966410025491953,0.8,0.6
206,42,0.0,0.0,0.0019701426885106897,-0.00184939316745941,0.0,0.0
206,43,0.71,-0.23,0.7124309613956862,-0.2313479078589526,0.71,-0.23
206,44,-0.37,0.53,-0.36677313647464205,0.5272533309026791,-0.37,0.53
206,45,0.12,-0.49,0.12185628538313692,-0.4922617453929234,0.12,-0.49
206,46,-0.73,0.08,-0.728800905424713,0.07828532150408127,-0.73,0.08
206,47,0.63,0.44,0.6331138389511439,0.43840671852343094,0.63,0.44
206,48,-0.19,-0.56,-0.18876537501323626,-0.562461812021068,-0.19,-0.56
206,49,0.79,0.31,0.7921616784085511,0.30832930244840734,0.79,0.31
206,50,-0.61,-0.41,-0.6093536126560285,-0.4118284374453737,-0.61,-0.41
206,51,0.42,-0.52,0.42260064438242195,-0.5220747094983139,0.42,-0.52
206,52,-0.48,0.27,-0.4778162114063712,0.2677683372791782,-0.48,0.27
206,53,0.06,0.58,0.06367192588716998,0.5775184887074567,0.06,0.58
207,0,-0.8,-0.6,-0.7473158351423878,-0.5648273303087556,-0.8,-0.6
207,1,-0.57,-0.6,-0.5418402341314895,-0.5752682858045909,-0.57,-0.6
207,2,-0.29,-0.6,-0.2792957659190917,-0.583589259919521,-0.29,-0.6
207,3,0.0,-0.6,0.0009935559043956223,-0.5861213679785222,0.0,-0.6
207,4,0.23,-0.6,0.22326601091873288,-0.5832848585643462,0.23,-0.6
207,5,0.51,-0.6,0.4863556635761184,-0.5744161387163695,0.51,-0.6
207,6,0.8,-0.6,0.7436350126419268,-0.5602021715417671,0.8,-0.6
207,7,-0.8,-0.33,-0.7599608225893354,-0.31551435119217086,-0.8,-0.33
207,8,-0.57,-0.33,-0.5517279225851142,-0.32208881404194817,-0.57,-0.33
207,9,-0.29,-0.33,-0.28501684191084525,-0.32737946187116485,-0.29,-0.33
207,10,0.0,-0.33,0.00047004316479815143,-0.32905338953126895,0.0,-0.33
207,11,0.23,-0.33,0.22691751936930699,-0.3273636506888287,0.23,-0.33
207,12,0.51,-0.33,0.4944184989912421,-0.321972746166765,0.51,-0.33
207,13,0.8,-0.33,0.7553356356273812,-0.31348895788740755,0.8,-0.33
207,14,-0.8,-0.11,-0.7652890605973387,-0.10610732121716597,-0.8,-0.11
207,15,-0.57,-0.11,-0.5559617076014303,-0.10880166313841616,-0.57,-0.11
207,16,-0.29,-0.11,-0.2874903401895839,-0.11086081941613479,-0.29,-0.11
207,17,0.0,-0.11,0.00024235952757425952,-0.11150587400892972,0.0,-0.11
207,18,0.23,-0.11,0.22851044517034522,-0.11089296317013951,0.23,-0.11
207,19,0.51,-0.11,0.49796414892415325,-0.10888866714442139,0.51,-0.11
207,20,0.8,-0.11,0.7605302132118503,-0.10574006319300291,0.8,-0.11
207,21,-0.8,0.17,-0.765299183403873,0.16263051823896804,-0.8,0.17
207,22,-0.57,0.17,-0.5559418808692679,0.16527857514441818,-0.57,0.17
207,23,-0.29,0.17,-0.28755439939154664,0.16769315817542155,-0.29,0.17
207,24,0.0,0.17,1.692780676857203e-05,0.16853321140956465,0.0,0.17
207,25,0.23,0.17,0.2281805835128851,0.16777317662744662,0.23,0.17
207,26,0.51,0.17,0.4976733137837447,0.16533169019763952,0.51,0.17
207,27,0.8,0.17,0.7606348527608005,0.16150313979550968,0.8,0.17
207,28,-0.8,0.39,-0.7602315779911996,0.37086728627619664,-0.8,0.39
207,29,-0.57,0.39,-0.5518766163786203,0.37740977643497237,-0.57,0.39
207,30,-0.29,0.39,-0.2853239542466794,0.38298373800089525,-0.29,0.39
207,31,0.0,0.39,-0.00020156154669214815,0.38486108627011867,0.0,0.39
207,32,0.23,0.39,0.22600556649710116,0.3831617209713103,0.23,0.39
207,33,0.51,0.39,0.4936122188277426,0.3776471739305151,0.51,0.39
207,34,0.8,0.39,0.7554910374658668,0.36889576612353786,0.8,0.39
207,35,-0.8,0.6,-0.7516272943085384,0.5636644120964864,-0.8,0.6
207,36,-0.57,0.6,-0.5451045627409467,0.5733662860999398,-0.57,0.6
207,37,-0.29,0.6,-0.28157451957333524,0.5812954906087857,-0.29,0.6
207,38,0.0,0.6,-0.0003772486375994283,0.5838851479806039,0.0,0.6
207,39,0.23,0.6,0.22268005961969858,0.5814726030530137,0.23,0.6
207,40,0.51,0.6,0.4871121578145659,0.5736485571435452,0.51,0.6
207,41,0.8,0.6,0.7467427853565899,0.5609763083002189,0.8,0.6
207,42,0.0,0.0,0.0001550427761454064,-0.0014296661538418269,0.0,0.0
207,43,0.71,-0.23,0.6790200034667084,-0.2216322145046445,0.71,-0.23
207,44,-0.37,0.53,-0.3597562869809135,0.5145504173577954,-0.37,0.53
207,45,0.12,-0.49,0.11809476447722388,-0.48226781041652095,0.12,-0.49
207,46,-0.73,0.08,-0.7035228207688321,0.07666065927826368,-0.73,0.08
207,47,0.63,0.44,0.6025711339965368,0.4213616479370031,0.63,0.44
207,48,-0.19,-0.56,-0.18389713095756252,-0.5480591005838966,-0.19,-0.56
207,49,0.79,0.31,0.7491317868705418,0.2943053073434318,0.79,0.31
207,50,-0.61,-0.41,-0.5861649283066955,-0.3971234658031781,-0.61,-0.41
207,51,0.42,-0.52,0.4053882751575692,-0.5040354212909464,0.42,-0.52
207,52,-0.48,0.27,-0.4698791303759076,0.2638391600825753,-0.48,0.27
207,53,0.06,0.58,0.05814818322296833,0.5650891398199926,0.06,0.58
208,0,-0.8,-0.6,-0.6974894818822409,-0.5202789581791917,-0.8,-0.6
208,1,-0.57,-0.6,-0.5137475888262347,-0.5385332959174702,-0.57,-0.6
208,2,-0.29,-0.6,-0.26934115130015407,-0.5559225963322019,-0.29,-0.6
208,3,0.0,-0.6,0.00061568888145742,-0.5664621019665457,0.0,-0.6
208,4,0.23,-0.6,0.21957505305907815,-0.5683432583912826,0.23,-0.6
208,5,0.51,-0.6,0.4821505178831837,-0.5628530726973772,0.51,-0.6
208,6,0.8,-0.6,0.7399102082994826,-0.5490639837912362,0.8,-0.6
208,7,-0.8,-0.33,-0.7159666275302963,-0.2934439162324572,-0.8,-0.33
208,8,-0.57,-0.33,-0.5284907614523267,-0.30458240373356404,-0.57,-0.33
208,9,-0.29,-0.33,-0.27766470206400273,-0.3153966574314234,-0.29,-0.33
208,10,0.0,-0.33,0.0010704162679800481,-0.3219059893626424,0.0,-0.33
208,11,0.23,-0.33,0.22744011545196527,-0.32283795828879464,0.23,-0.33
208,12,0.51,-0.33,0.4980226565234886,-0.31881902907873005,0.51,-0.33
208,13,0.8,-0.33,0.7623797095721138,-0.30933018757712116,0.8,-0.33
208,14,-0.8,-0.11,-0.7256309600652441,-0.09800807684089174,-0.8,-0.11
208,15,-0.57,-0.11,-0.5362655393358069,-0.10220921461094373,-0.57,-0.11
208,16,-0.29,-0.11,-0.2820327981032617,-0.10625967697461654,-0.29,-0.11
208,17,0.0,-0.11,0.0013869617251925362,-0.10870833256076008,0.0,-0.11
208,18,0.23,-0.11,0.23171818871909758,-0.10899898045923709,0.23,-0.11
208,19,0.51,-0.11,0.5065925280969698,-0.10713237653400878,0.51,-0.11
208,20,0.8,-0.11,0.7743920662433535,-0.1024356531143265,0.8,-0.11
208,21,-0.8,0.17,-0.7297315476330555,0.15740108541747774,-0.8,0.17
208,22,-0.57,0.17,-0.5392472929054175,0.16269968387532666,-0.57,0.17
208,23,-0.29,0.17,-0.28343692269428866,0.16801392274367774,-0.29,0.17
208,24,0.0,0.17,0.0018139736652607672,0.17113955979251336,0.0,0.17
208,25,0.23,0.17,0.2336525677908274,0.17159181407742805,0.23,0.17
208,26,0.51,0.17,0.510339843689142,0.17018583325276163,0.51,0.17
208,27,0.8,0.17,0.7799383855394443,0.16793839285925702,0.8,0.17
208,28,-0.8,0.39,-0.7263219196593015,0.3572316726817687,-0.8,0.39
208,29,-0.57,0.39,-0.5359936267820541,0.3695706663042478,-0.57,0.39
208,30,-0.29,0.39,-0.2811203092734415,0.38173218081755456,-0.29,0.39
208,31,0.0,0.39,0.0022985256772229488,0.38898675931787635,0.0,0.39
208,32,0.23,0.39,0.2325064045715063,0.3901073203103013,0.23,0.39
208,33,0.51,0.39,0.5076755824740433,0.38650276732756605,0.51,0.39
208,34,0.8,0.39,0.776517804782697,0.37918977784462193,0.8,0.39
208,35,-0.8,0.6,-0.718005476847468,0.5425598085790042,-0.8,0.6
208,36,-0.57,0.6,-0.5288653060807045,0.5608584219605173,-0.57,0.6
208,37,-0.29,0.6,-0.2764995072372687,0.5785470828161342,-0.29,0.6
208,38,0.0,0.6,0.0029450905919883403,0.58921178111247,0.0,0.6
208,39,0.23,0.6,0.22968186766268028,0.5911111468912353,0.23,0.6
208,40,0.51,0.6,0.5012689930342401,0.586108451541942,0.51,0.6
208,41,0.8,0.6,0.767396672680499,0.5746665703869427,0.8,0.6
208,42,0.0,0.0,0.0015414717498200355,0.0007690361139132667,0.0,0.0
208,43,0.71,-0.23,0.688284839930147,-0.21901963952857031,0.71,-0.23
208,44,-0.37,0.53,-0.35286096782450893,0.5099724364181301,-0.37,0.53
208,45,0.12,-0.49,0.11671077438586737,-0.47092344062661584,0.12,-0.49
208,46,-0.73,0.08,-0.6735657300752089,0.0757089431025845,-0.73,0.08
208,47,0.63,0.44,0.6199665474735742,0.43169981038642724,0.63,0.44
208,48,-0.19,-0.56,-0.17861013747866178,-0.526014105505646,-0.19,-0.56
208,49,0.79,0.31,0.7695979911453178,0.3030966195927183,0.79,0.31
208,50,-0.61,-0.41,-0.5583492231616941,-0.37363561357238634,-0.61,-0.41
208,51,0.42,-0.52,0.40319857470648707,-0.4951955102231961,0.42,-0.52
208,52,-0.48,0.27,-0.4588229902148394,0.26031658869292434,-0.48,0.27
208,53,0.06,0.58,0.06203116625434144,0.5716006917380556,0.06,0.58
209,0,-0.8,-0.6,-0.7989092466790313,-0.598566069208327,-0.8,-0.6
209,1,-0.57,-0.6,-0.56995453951794,-0.5982811779802191,-0.57,-0.6
209,2,-0.29,-0.6,-0.2901601204316966,-0.5986086501919969,-0.29,-0.6
209,3,0.0,-0.6,-9.625898633150573e-05,-0.598961065615646,0.0,-0.6
209,4,0.23,-0.6,0.2299827598310373,-0.5990532323605657,0.23,-0.6
209,5,0.51,-0.6,0.5103295617140902,-0.5988976688853451,0.51,-0.6
209,6,0.8,-0.6,0.8020636339821061,-0.5977595825074196,0.8,-0.6
209,7,-0.8,-0.33,-0.7990500305239497,-0.3275458106924344,-0.8,-0.33
209,8,-0.57,-0.33,-0.5695909072882511,-0.32776323849406863,-0.57,-0.33
209,9,-0.29,-0.33,-0.2896509014455218,-0.328296891446723,-0.29,-0.33
209,10,0.0,-0.33,0.00043325969906416205,-0.32871797495876326,0.0,-0.33
209,11,0.23,-0.33,0.23051141026584565,-0.32887985013828236,0.23,-0.33
209,12,0.51,-0.33,0.5108218476110892,-0.3289075587828125,0.51,-0.33
209,13,0.8,-0.33,0.8024291129192629,-0.32832502343857967,0.8,-0.33
209,14,-0.8,-0.11,-0.7990026470412843,-0.10730158251332252,-0.8,-0.11
209,15,-0.57,-0.11,-0.5693103777640464,-0.10773811622451127,-0.57,-0.11
209,16,-0.29,-0.11,-0.28932520204747597,-0.1083631978577875,-0.29,-0.11
209,17,0.0,-0.11,0.0007485052067688631,-0.10882599927999509,0.0,-0.11
209,18,0.23,-0.11,0.2308094759820023,-0.10903683293286821,0.23,-0.11
209,19,0.51,-0.11,0.5110803359471495,-0.10917837105760518,0.51,-0.11
209,20,0.8,-0.11,0.8026056857407973,-0.10893974016152021,0.8,-0.11
209,21,-0.8,0.17,-0.7988528110642255,0.17266799276797354,-0.8,0.17
209,22,-0.57,0.17,-0.5689645940491594,0.17200108751011933,-0.57,0.17
209,23,-0.29,0.17,-0.2889420347802149,0.17126206284561263,-0.29,0.17
209,24,0.0,0.17,0.0011319163368763033,0.170753804362091,0.0,0.17
209,25,0.23,0.17,0.23119925514276823,0.1705115111761397,0.23,0.17
209,26,0.51,0.17,0.5114988936124973,0.17031474551167647,0.51,0.17
209,27,0.8,0.17,0.8030775552314532,0.17033439571338588,0.8,0.17
209,28,-0.8,0.39,-0.7987477123499186,0.3924454691669873,-0.8,0.39
209,29,-0.57,0.39,-0.5687030086639054,0.39158464554864564,-0.57,0.39
209,30,-0.29,0.39,-0.2886088274097551,0.3907578985785369,-0.29,0.39
209,31,0.0,0.39,0.001520263779617771,0.3902513161811526,0.0,0.39
209,32,0.23,0.39,0.23164990246019704,0.39004229079218644,0.23,0.39
209,33,0.51,0.39,0.5120758752067667,0.38992661855355776,0.51,0.39
209,34,0.8,0.39,0.8038431556259357,0.39004207845317224,0.8,0.39
209,35,-0.8,0.6,-0.7989803654293093,0.6018034036576249,-0.8,0.6
209,36,-0.57,0.6,-0.5686544428221523,0.6007825121994694,-0.57,0.6
209,37,-0.29,0.6,-0.2883379870580183,0.5999381171094619,-0.29,0.6
209,38,0.0,0.6,0.0019805261875640704,0.5995355340869949,0.0,0.6
209,39,0.23,0.6,0.23226623644912753,0.5994642036750245,0.23,0.6
209,40,0.51,0.6,0.5129185022408744,0.5996139357049489,0.51,0.6
209,41,0.8,0.6,0.8049334226013003,0.6001798176613564,0.8,0.6
209,42,0.0,0.0,0.0008936802181885536,0.0010383741235052125,0.0,0.0
209,43,0.71,-0.23,0.7117319768152809,-0.22883778407763028,0.71,-0.23
209,44,-0.37,0.53,-0.3684742153687421,0.5304647040786514,-0.37,0.53
209,45,0.12,-0.49,0.12018916259822525,-0.4888969477024822,0.12,-0.49
209,46,-0.73,0.08,-0.7289773513212275,0.0825339076072526,-0.73,0.08
209,47,0.63,0.44,0.6327218504092589,0.4398756972695165,0.63,0.44
209,48,-0.19,-0.56,-0.19005170922327486,-0.558687242262328,-0.19,-0.56
209,49,0.79,0.31,0.7934081004407803,0.31009846861802925,0.79,0.31
209,50,-0.61,-0.41,-0.6096386131693683,-0.4078014709705184,-0.61,-0.41
209,51,0.42,-0.52,0.4203496293671872,-0.5189357798251192,0.42,-0.52
209,52,-0.48,0.27,-0.4788374987952464,0.2715666506841457,-0.48,0.27
209,53,0.06,0.58,0.06199725873149037,0.5795774000491033,0.06,0.58
210,0,-0.8,-0.6,-0.7483265143085263,-0.5566775717333696,-0.8,-0.6
210,1,-0.57,-0.6,-0.5434802656492974,-0.5685903670430097,-0.57,-0.6
210,2,-0.29,-0.6,-0.28073737904448887,-0.5781823560055566,-0.29,-0.6
210,3,0.0,-0.6,-0.00015931327175264525,-0.5814579686023719,0.0,-0.6
210,4,0.23,-0.6,0.22244518856654347,-0.5789651361391824,0.23,-0.6
210,5,0.51,-0.6,0.48629653930191474,-0.5703905119537644,0.51,-0.6
210,6,0.8,-0.6,0.7445596560226225,-0.5562215632798361,0.8,-0.6
210,7,-0.8,-0.33,-0.7597876425120906,-0.309112865586403,-0.8,-0.33
210,8,-0.57,-0.33,-0.5523101810219821,-0.3166644595037155,-0.57,-0.33
210,9,-0.29,-0.33,-0.2855638341208971,-0.3228980699043925,-0.29,-0.33
210,10,0.0,-0.33,-1.337687894500215e-05,-0.32512450276685795,0.0,-0.33
210,11,0.23,-0.33,0.22650619352983312,-0.32367065789070926,0.23,-0.33
210,12,0.51,-0.33,0.4942878817897185,-0.31851688043829546,0.51,-0.33
210,13,0.8,-0.33,0.755375100293414,-0.31022391230268326,0.8,-0.33
210,14,-0.8,-0.11,-0.764816087381148,-0.10077995177159228,-0.8,-0.11
210,15,-0.57,-0.11,-0.5562884913545234,-0.10422358081031007,-0.57,-0.11
210,16,-0.29,-0.11,-0.28787026702706325,-0.10707816387945422,-0.29,-0.11
210,17,0.0,-0.11,-0.00020618330260710731,-0.10819651462022503,0.0,-0.11
210,18,0.23,-0.11,0.22796542726321925,-0.10778502242721881,0.23,-0.11
210,19,0.51,-0.11,0.49732584520791434,-0.10604634922765452,0.51,-0.11
210,20,0.8,-0.11,0.7593099086342177,-0.10332568292844344,0.8,-0.11
210,21,-0.8,0.17,-0.7646654813406352,0.16691521737054313,-0.8,0.17
210,22,-0.57,0.17,-0.5561928387651405,0.1689497403349518,-0.57,0.17
210,23,-0.29,0.17,-0.28800934472432466,0.17067024175889176,-0.29,0.17
210,24,0.0,0.17,-0.0006905052590913521,0.17105495151487016,0.0,0.17
210,25,0.23,0.17,0.22717436121202383,0.17004903610949387,0.23,0.17
210,26,0.51,0.17,0.49612973565331536,0.16719124636912316,0.51,0.17
210,27,0.8,0.17,0.7575652882884307,0.16252459895758511,0.8,0.17
210,28,-0.8,0.39,-0.7591961236735523,0.37458834310847783,-0.8,0.39
210,29,-0.57,0.39,-0.551913602594115,0.3805551054360414,-0.57,0.39
210,30,-0.29,0.39,-0.2857821279926837,0.3854931279088595,-0.29,0.39
210,31,0.0,0.39,-0.0011033869384233736,0.38689139484398444,0.0,0.39
210,32,0.23,0.39,0.22464833217998795,0.3848541959206738,0.23,0.39
210,33,0.51,0.39,0.491424943192394,0.37873589830167964,0.51,0.39
210,34,0.8,0.39,0.7511607689748298,0.36879571877316625,0.8,0.39
210,35,-0.8,0.6,-0.7497167607280858,0.5673466906645984,-0.8,0.6
210,36,-0.57,0.6,-0.5446194588528847,0.5764928025371612,-0.57,0.6
210,37,-0.29,0.6,-0.28184462626395773,0.583847662072208,-0.29,0.6
210,38,0.0,0.6,-0.001325101419827094,0.5859137422091819,0.0,0.6
210,39,0.23,0.6,0.2211317187098689,0.5830292304088874,0.23,0.6
210,40,0.51,0.6,0.48452128314120857,0.5743602635957318,0.51,0.6
210,41,0.8,0.6,0.7415901718810773,0.5601447573856808,0.8,0.6
210,42,0.0,0.0,-0.00037538804562762076,0.0015673569888106829,0.0,0.0
210,43,0.71,-0.23,0.6786848657808695,-0.2186608329378446,0.71,-0.23
210,44,-0.37,0.53,-0.35996152093510225,0.5171519020730626,-0.37,0.53
210,45,0.12,-0.49,0.11741309216912214,-0.4780598147046715,0.12,-0.49
210,46,-0.73,0.08,-0.703369485831723,0.08107654698749547,-0.73,0.08
210,47,0.63,0.44,0.5996024286714444,0.42186563440207464,0.63,0.44
210,48,-0.19,-0.56,-0.18505191182695238,-0.5430808045659123,-0.19,-0.56
210,49,0.79,0.31,0.7453285539414722,0.2946379475234978,0.79,0.31
210,50,-0.61,-0.41,-0.5869150922641855,-0.3911670952805008,-0.61,-0.41
210,51,0.42,-0.52,0.40514991895671837,-0.5000735388770366,0.42,-0.52
210,52,-0.48,0.27,-0.47019035401293535,0.26699919024224805,-0.48,0.27
210,53,0.06,0.58,0.05705171785056034,0.5669700834820124,0.06,0.58
211,0,-0.8,-0.6,-0.6986966983404139,-0.5242346630890351,-0.8,-0.6
211,1,-0.57,-0.6,-0.5145931858449322,-0.5421438095029353,-0.57,-0.6
211,2,-0.29,-0.6,-0.26996214222104703,-0.5590454510075743,-0.29,-0.6
211,3,0.0,-0.6,-0.00014447939829408303,-0.568725999336763,0.0,-0.6
211,4,0.23,-0.6,0.2183100047563232,-0.5697487197546179,0.23,-0.6
211,5,0.51,-0.6,0.4797146164524767,-0.5634151357605068,0.51,-0.6
211,6,0.8,-0.6,0.7355326044695258,-0.5495791885491961,0.8,-0.6
211,7,-0.8,-0.33,-0.716989248215448,-0.29682096478270215,-0.8,-0.33
211,8,-0.57,-0.33,-0.5292224655815962,-0.3076909587046816,-0.57,-0.33
211,9,-0.29,-0.33,-0.27840614778177925,-0.3181642136703764,-0.29,-0.33
211,10,0.0,-0.33,-0.00015206039264008576,-0.3239201957188302,0.0,-0.33
211,11,0.23,-0.33,0.22543329463526987,-0.32403048286670205,0.23,-0.33
211,12,0.51,-0.33,0.4945646660783127,-0.3191733294600095,0.51,-0.33
211,13,0.8,-0.33,0.756816743200615,-0.30972141831223504,0.8,-0.33
211,14,-0.8,-0.11,-0.7266372166023277,-0.10140749846860922,-0.8,-0.11
211,15,-0.57,-0.11,-0.5369566487126016,-0.1052878349376094,-0.57,-0.11
211,16,-0.29,-0.11,-0.2828497868652669,-0.10899098041342516,-0.29,-0.11
211,17,0.0,-0.11,-0.00013722965894972917,-0.11068115327261449,0.0,-0.11
211,18,0.23,-0.11,0.22922615580932088,-0.11013995716501467,0.23,-0.11
211,19,0.51,-0.11,0.5024964654209232,-0.10740285944426997,0.51,-0.11
211,20,0.8,-0.11,0.7681643237673528,-0.10277205628040471,0.8,-0.11
211,21,-0.8,0.17,-0.7307687179007776,0.1535535828002762,-0.8,0.17
211,22,-0.57,0.17,-0.5398820245813626,0.1593673653197016,-0.57,0.17
211,23,-0.29,0.17,-0.28425773822551603,0.1651902421298203,-0.29,0.17
211,24,0.0,0.17,0.00012458948053490924,0.1692038224868719,0.0,0.17
211,25,0.23,0.17,0.23090559046784354,0.17055950200330725,0.23,0.17
211,26,0.51,0.17,0.5060252192443887,0.17009986364165977,0.51,0.17
211,27,0.8,0.17,0.7737438999438337,0.16776029285101376,0.8,0.17
211,28,-0.8,0.39,-0.7274221951809006,0.3529635480876458,-0.8,0.39
211,29,-0.57,0.39,-0.5366390914006096,0.36607096234101705,-0.57,0.39
211,30,-0.29,0.39,-0.2819729916015589,0.3789629330493675,-0.29,0.39
211,31,0.0,0.39,0.0005484980584226433,0.3872451119594365,0.0,0.39
211,32,0.23,0.39,0.2297669088767948,0.3893158860124412,0.23,0.39
211,33,0.51,0.39,0.5036389319738824,0.3866793464372917,0.51,0.39
211,34,0.8,0.39,0.7711202547353375,0.3792220799250853,0.8,0.39
211,35,-0.8,0.6,-0.7192685869768746,0.5381482024478498,-0.8,0.6
211,36,-0.57,0.6,-0.5296769963828969,0.55754041099943,-0.57,0.6
211,37,-0.29,0.6,-0.2775425197012476,0.576207930821508,-0.29,0.6
211,38,0.0,0.6,0.0010581535632314585,0.5879816815438186,0.0,0.6
211,39,0.23,0.6,0.22700042864921616,0.5908001084008875,0.23,0.6
211,40,0.51,0.6,0.4977869891397278,0.5866987139718699,0.51,0.6
211,41,0.8,0.6,0.7633796076167264,0.5750361357315055,0.8,0.6
211,42,0.0,0.0,-7.244595085617741e-05,-0.0012003509372950864,0.0,0.0
211,43,0.71,-0.23,0.6830975829473926,-0.21923358338010315,0.71,-0.23
211,44,-0.37,0.53,-0.35367134862360083,0.5071643136348579,-0.37,0.53
211,45,0.12,-0.49,0.11549833127190036,-0.47262196307923465,0.12,-0.49
211,46,-0.73,0.08,-0.6744283871828848,0.07222082358926135,-0.73,0.08
211,47,0.63,0.44,0.6155506898274999,0.4321057310412104,0.63,0.44
211,48,-0.19,-0.56,-0.17925438243971575,-0.5288152445250992,-0.19,-0.56
211,49,0.79,0.31,0.7638924411838444,0.3030786290203537,0.79,0.31
211,50,-0.61,-0.41,-0.5591366689999889,-0.3768706206855137,-0.61,-0.41
211,51,0.42,-0.52,0.4009393556514856,-0.49588109864370306,0.42,-0.52
211,52,-0.48,0.27,-0.45942943652387536,0.25705763431333534,-0.48,0.27
211,53,0.06,0.58,0.0599526027601822,0.5705434582976208,0.06,0.58
212,0,-0.8,-0.6,-0.8016800000000001,-0.59676,-0.8,-0.6
212,1,-0.57,-0.6,-0.5706173999999999,-0.5971533,-0.57,-0.6
212,2,-0.29,-0.6,-0.2901806,-0.5972037,-0.29,-0.6
212,3,0.0,-0.6,-0.0007199999999999999,-0.59676,0.0,-0.6
212,4,0.23,-0.6,0.22813460000000002,-0.5960493,0.23,-0.6
212,5,0.51,-0.6,0.5058834000000001,-0.5947557,0.51,-0.6
212,6,0.8,-0.6,0.79256,-0.5929199999999999,0.8,-0.6
212,7,-0.8,-0.33,-0.8024738,-0.3281559,-0.8,-0.33
212,8,-0.57,-0.33,-0.5710386,-0.3287976,-0.57,-0.33
212,9,-0.29,-0.33,-0.29014819999999997,-0.3291504,-0.29,-0.33
212,10,0.0,-0.33,-0.00021780000000000004,-0.32901990000000003,0.0,-0.33
212,11,0.23,-0.33,0.2290094,-0.3285576,0.23,-0.33
212,12,0.51,-0.33,0.5072118000000001,-0.32756640000000004,0.51,-0.33
212,13,0.8,-0.33,0.7943582,-0.3260439,0.8,-0.33
212,14,-0.8,-0.11,-0.8033362000000001,-0.1083231,-0.8,-0.11
212,15,-0.57,-0.11,-0.5715973999999999,-0.10916719999999999,-0.57,-0.11
212,16,-0.29,-0.11,-0.29033739999999997,-0.1097664,-0.29,-0.11
212,17,0.0,-0.11,-2.42e-05,-0.1098911,0.0,-0.11
212,18,0.23,-0.11,0.2295066,-0.1096312,0.23,-0.11
212,19,0.51,-0.11,0.5080785999999999,-0.1088864,0.51,-0.11
212,20,0.8,-0.11,0.7956078000000001,-0.1076191,0.8,-0.11
212,21,-0.8,0.17,-0.8047138,0.1727241,-0.8,0.17
212,22,-0.57,0.17,-0.5725885999999999,0.1716224,-0.57,0.17
212,23,-0.29,0.17,-0.2908582,0.17070960000000002,-0.29,0.17
212,24,0.0,0.17,-5.780000000000001e-05,0.17026010000000003,0.0,0.17
212,25,0.23,0.17,0.22985940000000002,0.1702624,0.23,0.17
212,26,0.51,0.17,0.5089018,0.1706936,0.51,0.17
212,27,0.8,0.17,0.7969182000000001,0.1716361,0.8,0.17
212,28,-0.8,0.39,-0.8060162000000001,0.3945369,-0.8,0.39
212,29,-0.57,0.39,-0.5735874,0.3932328,-0.57,0.39
212,30,-0.29,0.39,-0.29148739999999995,0.3920736,-0.29,0.39
212,31,0.0,0.39,-0.0003042,0.3913689,0.0,0.39
212,32,0.23,0.39,0.2299166,0.39116880000000004,0.23,0.39
212,33,0.51,0.39,0.5093286,0.3913536,0.51,0.39
212,34,0.8,0.39,0.7977278,0.39204089999999997,0.8,0.39
212,35,-0.8,0.6,-0.80744,0.6070800000000001,-0.8,0.6
212,36,-0.57,0.6,-0.5747214,0.6055827,-0.57,0.6
212,37,-0.29,0.6,-0.2922686,0.6041883,-0.29,0.6
212,38,0.0,0.6,-0.0007199999999999999,0.60324,0.0,0.6
212,39,0.23,0.6,0.2297906,0.6028467,0.23,0.6
212,40,0.51,0.6,0.5095554,0.6027963,0.51,0.6
212,41,0.8,0.6,0.79832,0.60324,0.8,0.6
212,42,0.0,0.0,0.0,0.0,0.0,0.0
212,43,0.71,-0.23,0.7058898,-0.22735840000000002,0.71,-0.23
212,44,-0.37,0.53,-0.3725598,0.5337232000000001,-0.37,0.53
212,45,0.12,-0.49,0.1190806,-0.4875607,0.12,-0.49
212,46,-0.73,0.08,-0.7335606,0.0818899,-0.73,0.08
212,47,0.63,0.44,0.6288946,0.4418243,0.63,0.44
212,48,-0.19,-0.56,-0.1902054,-0.5574949000000001,-0.19,-0.56
212,49,0.79,0.31,0.7875326,0.31175759999999997,0.79,0.31
212,50,-0.61,-0.41,-0.6110682000000001,-0.4083712,-0.61,-0.41
212,51,0.42,-0.52,0.4170904,-0.5161636,0.42,-0.52
212,52,-0.48,0.27,-0.48230579999999995,0.2718657,-0.48,0.27
212,53,0.06,0.58,0.0595144,0.5828992,0.06,0.58
213,0,-0.8,-0.6,-0.8016800000000001,-0.59676,-0.8,-0.6
213,1,-0.57,-0.6,-0.5706173999999999,-0.5971533,-0.57,-0.6
213,2,-0.29,-0.6,-0.2901806,-0.5972037,-0.29,-0.6
213,3,0.0,-0.6,-0.0007199999999999999,-0.59676,0.0,-0.6
213,4,0.23,-0.6,0.22813460000000002,-0.5960493,0.23,-0.6
213,5,0.51,-0.6,0.5058834000000001,-0.5947557,0.51,-0.6
213,6,0.8,-0.6,0.79256,-0.5929199999999999,0.8,-0.6
213,7,-0.8,-0.33,-0.8024738,-0.3281559,-0.8,-0.33
213,8,-0.57,-0.33,-0.5710386,-0.3287976,-0.57,-0.33
213,9,-0.29,-0.33,-0.29014819999999997,-0.3291504,-0.29,-0.33
213,10,0.0,-0.33,-0.00021780000000000004,-0.32901990000000003,0.0,-0.33
213,11,0.23,-0.33,0.2290094,-0.3285576,0.23,-0.33
213,12,0.51,-0.33,0.5072118000000001,-0.32756640000000004,0.51,-0.33
213,13,0.8,-0.33,0.7943582,-0.3260439,0.8,-0.33
213,14,-0.8,-0.11,-0.8033362000000001,-0.1083231,-0.8,-0.11
213,15,-0.57,-0.11,-0.5715973999999999,-0.10916719999999999,-0.57,-0.11
213,16,-0.29,-0.11,-0.29033739999999997,-0.1097664,-0.29,-0.11
213,17,0.0,-0.11,-2.42e-05,-0.1098911,0.0,-0.11
213,18,0.23,-0.11,0.2295066,-0.1096312,0.23,-0.11
213,19,0.51,-0.11,0.5080785999999999,-0.1088864,0.51,-0.11
213,20,0.8,-0.11,0.7956078000000001,-0.1076191,0.8,-0.11
213,21,-0.8,0.17,-0.8047138,0.1727241,-0.8,0.17
213,22,-0.57,0.17,-0.5725885999999999,0.1716224,-0.57,0.17
213,23,-0.29,0.17,-0.2908582,0.17070960000000002,-0.29,0.17
213,24,0.0,0.17,-5.780000000000001e-05,0.17026010000000003,0.0,0.17
213,25,0.23,0.17,0.22985940000000002,0.1702624,0.23,0.17
213,26,0.51,0.17,0.5089018,0.1706936,0.51,0.17
213,27,0.8,0.17,0.7969182000000001,0.1716361,0.8,0.17
213,28,-0.8,0.39,-0.8060162000000001,0.3945369,-0.8,0.39
213,29,-0.57,0.39,-0.5735874,0.3932328,-0.57,0.39
213,30,-0.29,0.39,-0.29148739999999995,0.3920736,-0.29,0.39
213,31,0.0,0.39,-0.0003042,0.3913689,0.0,0.39
213,32,0.23,0.39,0.2299166,0.39116880000000004,0.23,0.39
213,33,0.51,0.39,0.5093286,0.3913536,0.51,0.39
213,34,0.8,0.39,0.7977278,0.39204089999999997,0.8,0.39
213,35,-0.8,0.6,-0.80744,0.6070800000000001,-0.8,0.6
213,36,-0.57,0.6,-0.5747214,0.6055827,-0.57,0.6
213,37,-0.29,0.6,-0.2922686,0.6041883,-0.29,0.6
213,38,0.0,0.6,-0.0007199999999999999,0.60324,0.0,0.6
213,39,0.23,0.6,0.2297906,0.6028467,0.23,0.6
213,40,0.51,0.6,0.5095554,0.6027963,0.51,0.6
213,41,0.8,0.6,0.79832,0.60324,0.8,0.6
213,42,0.0,0.0,0.0,0.0,0.0,0.0
213,43,0.71,-0.23,0.7058898,-0.22735840000000002,0.71,-0.23
213,44,-0.37,0.53,-0.3725598,0.5337232000000001,-0.37,0.53
213,45,0.12,-0.49,0.1190806,-0.4875607,0.12,-0.49
213,46,-0.73,0.08,-0.7335606,0.0818899,-0.73,0.08
213,47,0.63,0.44,0.6288946,0.4418243,0.63,0.44
213,48,-0.19,-0.56,-0.1902054,-0.5574949000000001,-0.19,-0.56
213,49,0.79,0.31,0.7875326,0.31175759999999997,0.79,0.31
213,50,-0.61,-0.41,-0.6110682000000001,-0.4083712,-0.61,-0.41
213,51,0.42,-0.52,0.4170904,-0.5161636,0.42,-0.52
213,52,-0.48,0.27,-0.48230579999999995,0.2718657,-0.48,0.27
213,53,0.06,0.58,0.0595144,0.5828992,0.06,0.58
214,0,-0.8,-0.6,-0.76,-0.57,-0.8,-0.6
214,1,-0.57,-0.6,-0.55048035,-0.579453,-0.57,-0.6
214,2,-0.29,-0.6,-0.28356054999999997,-0.586677,-0.29,-0.6
214,3,0.0,-0.6,0.0,-0.5892,0.0,-0.6
214,4,0.23,-0.6,0.22525165,-0.5876129999999999,0.23,-0.6
214,5,0.51,-0.6,0.49418745000000003,-0.581397,0.51,-0.6
214,6,0.8,-0.6,0.76,-0.57,0.8,-0.6
214,7,-0.8,-0.33,-0.7700440000000001,-0.31764315000000004,-0.8,-0.33
214,8,-0.57,-0.33,-0.5576367,-0.3228423,-0.57,-0.33
214,9,-0.29,-0.33,-0.28720149999999994,-0.3268155,-0.29,-0.33
214,10,0.0,-0.33,0.0,-0.32820315,0.0,-0.33
214,11,0.23,-0.33,0.2281393,-0.3273303,0.23,-0.33
214,12,0.51,-0.33,0.5005905,-0.3239115,0.51,-0.33
214,13,0.8,-0.33,0.7700440000000001,-0.31764315000000004,0.8,-0.33
214,14,-0.8,-0.11,-0.773916,-0.10641345,-0.8,-0.11
214,15,-0.57,-0.11,-0.5603954999999999,-0.10814649999999999,-0.57,-0.11
214,16,-0.29,-0.11,-0.2886051,-0.1094709,-0.29,-0.11
214,17,0.0,-0.11,0.0,-0.10993345,0.0,-0.11
214,18,0.23,-0.11,0.22925250000000003,-0.1096425,0.23,-0.11
214,19,0.51,-0.11,0.5030589,-0.1085029,0.51,-0.11
214,20,0.8,-0.11,0.773916,-0.10641345,0.8,-0.11
214,21,-0.8,0.17,-0.773244,0.16431435,-0.8,0.17
214,22,-0.57,0.17,-0.5599166999999999,0.16699270000000002,-0.57,0.17
214,23,-0.29,0.17,-0.2883615,0.1690395,-0.29,0.17
214,24,0.0,0.17,0.0,0.16975435,0.0,0.17
214,25,0.23,0.17,0.2290593,0.1693047,0.23,0.17
214,26,0.51,0.17,0.5026305,0.1675435,0.51,0.17
214,27,0.8,0.17,0.773244,0.16431435,0.8,0.17
214,28,-0.8,0.39,-0.768316,0.37455405,-0.8,0.39
214,29,-0.57,0.39,-0.5564054999999999,0.3806985,-0.57,0.39
214,30,-0.29,0.39,-0.28657509999999997,0.3853941,-0.29,0.39
214,31,0.0,0.39,0.0,0.38703405,0.0,0.39
214,32,0.23,0.39,0.22764250000000003,0.3860025,0.23,0.39
214,33,0.51,0.39,0.4994889,0.3819621,0.51,0.39
214,34,0.8,0.39,0.768316,0.37455405,0.8,0.39
214,35,-0.8,0.6,-0.76,0.57,-0.8,0.6
214,36,-0.57,0.6,-0.55048035,0.579453,-0.57,0.6
214,37,-0.29,0.6,-0.28356054999999997,0.586677,-0.29,0.6
214,38,0.0,0.6,0.0,0.5892,0.0,0.6
214,39,0.23,0.6,0.22525165,0.5876129999999999,0.23,0.6
214,40,0.51,0.6,0.49418745000000003,0.581397,0.51,0.6
214,41,0.8,0.6,0.76,0.57,0.8,0.6
214,42,0.0,0.0,0.0,0.0,0.0,0.0
214,43,0.71,-0.23,0.6902265,-0.2235945,0.71,-0.23
214,44,-0.37,0.53,-0.3622707,0.5189283,-0.37,0.53
214,45,0.12,-0.49,0.118473,-0.48376475,0.12,-0.49
214,46,-0.73,0.08,-0.71031555,0.0778428,-0.73,0.08
214,47,0.63,0.44,0.61139925,0.42700899999999997,0.63,0.44
214,48,-0.19,-0.56,-0.18667785,-0.5502084,-0.19,-0.56
214,49,0.79,0.31,0.7615521000000001,0.2988369,0.79,0.31
214,50,-0.61,-0.41,-0.5935239,-0.3989259,-0.61,-0.41
214,51,0.42,-0.52,0.41061719999999996,-0.5083832,0.42,-0.52
214,52,-0.48,0.27,-0.4727208,0.26590545000000004,-0.48,0.27
214,53,0.06,0.58,0.05898,0.57014,0.06,0.58
215,0,-0.8,-0.6,-0.76,-0.57,-0.8,-0.6
215,1,-0.57,-0.6,-0.55048035,-0.579453,-0.57,-0.6
215,2,-0.29,-0.6,-0.28356054999999997,-0.586677,-0.29,-0.6
215,3,0.0,-0.6,0.0,-0.5892,0.0,-0.6
215,4,0.23,-0.6,0.22525165,-0.5876129999999999,0.23,-0.6
215,5,0.51,-0.6,0.49418745000000003,-0.581397,0.51,-0.6
215,6,0.8,-0.6,0.76,-0.57,0.8,-0.6
215,7,-0.8,-0.33,-0.7700440000000001,-0.31764315000000004,-0.8,-0.33
215,8,-0.57,-0.33,-0.5576367,-0.3228423,-0.57,-0.33
215,9,-0.29,-0.33,-0.28720149999999994,-0.3268155,-0.29,-0.33
215,10,0.0,-0.33,0.0,-0.32820315,0.0,-0.33
215,11,0.23,-0.33,0.2281393,-0.3273303,0.23,-0.33
215,12,0.51,-0.33,0.5005905,-0.3239115,0.51,-0.33
215,13,0.8,-0.33,0.7700440000000001,-0.31764315000000004,0.8,-0.33
215,14,-0.8,-0.11,-0.773916,-0.10641345,-0.8,-0.11
215,15,-0.57,-0.11,-0.5603954999999999,-0.10814649999999999,-0.57,-0.11
215,16,-0.29,-0.11,-0.2886051,-0.1094709,-0.29,-0.11
215,17,0.0,-0.11,0.0,-0.10993345,0.0,-0.11
215,18,0.23,-0.11,0.22925250000000003,-0.1096425,0.23,-0.11
215,19,0.51,-0.11,0.5030589,-0.1085029,0.51,-0.11
215,20,0.8,-0.11,0.773916,-0.10641345,0.8,-0.11
215,21,-0.8,0.17,-0.773244,0.16431435,-0.8,0.17
215,22,-0.57,0.17,-0.5599166999999999,0.16699270000000002,-0.57,0.17
215,23,-0.29,0.17,-0.2883615,0.1690395,-0.29,0.17
215,24,0.0,0.17,0.0,0.16975435,0.0,0.17
215,25,0.23,0.17,0.2290593,0.1693047,0.23,0.17
215,26,0.51,0.17,0.5026305,0.1675435,0.51,0.17
215,27,0.8,0.17,0.773244,0.16431435,0.8,0.17
215,28,-0.8,0.39,-0.768316,0.37455405,-0.8,0.39
215,29,-0.57,0.39,-0.5564054999999999,0.3806985,-0.57,0.39
215,30,-0.29,0.39,-0.28657509999999997,0.3853941,-0.29,0.39
215,31,0.0,0.39,0.0,0.38703405,0.0,0.39
215,32,0.23,0.39,0.22764250000000003,0.3860025,0.23,0.39
215,33,0.51,0.39,0.4994889,0.3819621,0.51,0.39
215,34,0.8,0.39,0.768316,0.37455405,0.8,0.39
215,35,-0.8,0.6,-0.76,0.57,-0.8,0.6
215,36,-0.57,0.6,-0.55048035,0.579453,-0.57,0.6
215,37,-0.29,0.6,-0.28356054999999997,0.586677,-0.29,0.6
215,38,0.0,0.6,0.0,0.5892,0.0,0.6
215,39,0.23,0.6,0.22525165,0.5876129999999999,0.23,0.6
215,40,0.51,0.6,0.49418745000000003,0.581397,0.51,0.6
215,41,0.8,0.6,0.76,0.57,0.8,0.6
215,42,0.0,0.0,0.0,0.0,0.0,0.0
215,43,0.71,-0.23,0.6902265,-0.2235945,0.71,-0.23
215,44,-0.37,0.53,-0.3622707,0.5189283,-0.37,0.53
215,45,0.12,-0.49,0.118473,-0.48376475,0.12,-0.49
215,46,-0.73,0.08,-0.71031555,0.0778428,-0.73,0.08
215,47,0.63,0.44,0.61139925,0.42700899999999997,0.63,0.44
215,48,-0.19,-0.56,-0.18667785,-0.5502084,-0.19,-0.56
215,49,0.79,0.31,0.7615521000000001,0.2988369,0.79,0.31
215,50,-0.61,-0.41,-0.5935239,-0.3989259,-0.61,-0.41
215,51,0.42,-0.52,0.41061719999999996,-0.5083832,0.42,-0.52
215,52,-0.48,0.27,-0.4727208,0.26590545000000004,-0.48,0.27
215,53,0.06,0.58,0.05898,0.57014,0.06,0.58
216,0,-0.8,-0.6,-0.8160000000000001,-0.612,-0.8,-0.6
216,1,-0.57,-0.6,-0.5753476033139999,-0.60562905612,-0.57,-0.6
216,2,-0.29,-0.6,-0.29114390389799993,-0.60236669772,-0.29,-0.6
216,3,0.0,-0.6,0.0,-0.6015552,0.0,-0.6
216,4,0.23,-0.6,0.23078423748600002,-0.60204583692,0.23,-0.6
216,5,0.51,-0.6,0.5139221449019999,-0.60461428812,0.51,-0.6
216,6,0.8,-0.6,0.8160000000000001,-0.612,0.8,-0.6
216,7,-0.8,-0.33,-0.8089736193600001,-0.333701617986,-0.8,-0.33
216,8,-0.57,-0.33,-0.5721452798159999,-0.331242004104,-0.57,-0.33
216,9,-0.29,-0.33,-0.29021604419999997,-0.33024584339999996,-0.29,-0.33
216,10,0.0,-0.33,0.0,-0.330078270786,0.0,-0.33
216,11,0.23,-0.33,0.23012042450400003,-0.33017278298400005,0.23,-0.33
216,12,0.51,-0.33,0.5113888422,-0.3308986626,0.51,-0.33
216,13,0.8,-0.33,0.8089736193600001,-0.333701617986,0.8,-0.33
216,14,-0.8,-0.11,-0.80680375056,-0.110935515702,-0.8,-0.11
216,15,-0.57,-0.11,-0.5712946865999999,-0.1102498518,-0.57,-0.11
216,16,-0.29,-0.11,-0.290053675752,-0.110020359768,-0.29,-0.11
216,17,0.0,-0.11,0.0,-0.110000322102,0.0,-0.11
216,18,0.23,-0.11,0.23001943500000002,-0.110009295,0.23,-0.11
216,19,0.51,-0.11,0.510755746968,-0.11016300424799999,0.51,-0.11
216,20,0.8,-0.11,0.80680375056,-0.110935515702,0.8,-0.11
216,21,-0.8,0.17,-0.80715883536,0.171521252514,-0.8,0.17
216,22,-0.57,0.17,-0.5714269886159999,0.170425593096,-0.57,0.17
216,23,-0.29,0.17,-0.2900740602,0.17004341460000003,-0.29,0.17
216,24,0.0,0.17,0.0,0.17000283971400004,0.0,0.17
216,25,0.23,0.17,0.23003077970400002,0.17002275021600002,0.23,0.17
216,26,0.51,0.17,0.5108519142,0.1702839714,0.51,0.17
216,27,0.8,0.17,0.80715883536,0.171521252514,0.8,0.17
216,28,-0.8,0.39,-0.8100387585600001,0.394893894798,-0.8,0.39
216,29,-0.57,0.39,-0.5725938306,0.39177472620000003,-0.57,0.39
216,30,-0.29,0.39,-0.290323584552,0.390435165432,-0.29,0.39
216,31,0.0,0.39,0.0,0.39018044839800003,0.0,0.39
216,32,0.23,0.39,0.230193315,0.39032779500000003,0.23,0.39
216,33,0.51,0.39,0.511733070168,0.391325288952,0.51,0.39
216,34,0.8,0.39,0.8100387585600001,0.394893894798,0.8,0.39
216,35,-0.8,0.6,-0.8160000000000001,0.612,-0.8,0.6
216,36,-0.57,0.6,-0.5753476033139999,0.60562905612,-0.57,0.6
216,37,-0.29,0.6,-0.29114390389799993,0.60236669772,-0.29,0.6
216,38,0.0,0.6,0.0,0.6015552,0.0,0.6
216,39,0.23,0.6,0.23078423748600002,0.60204583692,0.23,0.6
216,40,0.51,0.6,0.5139221449019999,0.60461428812,0.51,0.6
216,41,0.8,0.6,0.8160000000000001,0.612,0.8,0.6
216,42,0.0,0.0,0.0,0.0,0.0,0.0
216,43,0.71,-0.23,0.7144055357999999,-0.23142714539999998,0.71,-0.23
216,44,-0.37,0.53,-0.37129172061599997,0.531850302504,-0.37,0.53
216,45,0.12,-0.49,0.12015544859999999,-0.49063474845,0.12,-0.49
216,46,-0.73,0.08,-0.7342463295539999,0.080465351184,-0.73,0.08
216,47,0.63,0.44,0.63439349715,0.44306847420000006,0.63,0.44
216,48,-0.19,-0.56,-0.190464702342,-0.561369649008,-0.19,-0.56
216,49,0.79,0.31,0.798195271032,0.31321586584800004,0.79,0.31
216,50,-0.61,-0.41,-0.613560155688,-0.412392891528,-0.61,-0.41
216,51,0.42,-0.52,0.421676894016,-0.5220761544960001,0.42,-0.52
216,52,-0.48,0.27,-0.480883112544,0.27049675080600005,-0.48,0.27
216,53,0.06,0.58,0.06013872000000001,0.58134096,0.06,0.58
217,0,-0.8,-0.6,-0.8160000000000001,-0.612,-0.8,-0.6
217,1,-0.57,-0.6,-0.5753476033139999,-0.60562905612,-0.57,-0.6
217,2,-0.29,-0.6,-0.29114390389799993,-0.60236669772,-0.29,-0.6
217,3,0.0,-0.6,0.0,-0.6015552,0.0,-0.6
217,4,0.23,-0.6,0.23078423748600002,-0.60204583692,0.23,-0.6
217,5,0.51,-0.6,0.5139221449019999,-0.60461428812,0.51,-0.6
217,6,0.8,-0.6,0.8160000000000001,-0.612,0.8,-0.6
217,7,-0.8,-0.33,-0.8089736193600001,-0.333701617986,-0.8,-0.33
217,8,-0.57,-0.33,-0.5721452798159999,-0.331242004104,-0.57,-0.33
217,9,-0.29,-0.33,-0.29021604419999997,-0.33024584339999996,-0.29,-0.33
217,10,0.0,-0.33,0.0,-0.330078270786,0.0,-0.33
217,11,0.23,-0.33,0.23012042450400003,-0.33017278298400005,0.23,-0.33
217,12,0.51,-0.33,0.5113888422,-0.3308986626,0.51,-0.33
217,13,0.8,-0.33,0.8089736193600001,-0.333701617986,0.8,-0.33
217,14,-0.8,-0.11,-0.80680375056,-0.110935515702,-0.8,-0.11
217,15,-0.57,-0.11,-0.5712946865999999,-0.1102498518,-0.57,-0.11
217,16,-0.29,-0.11,-0.290053675752,-0.110020359768,-0.29,-0.11
217,17,0.0,-0.11,0.0,-0.110000322102,0.0,-0.11
217,18,0.23,-0.11,0.23001943500000002,-0.110009295,0.23,-0.11
217,19,0.51,-0.11,0.510755746968,-0.11016300424799999,0.51,-0.11
217,20,0.8,-0.11,0.80680375056,-0.110935515702,0.8,-0.11
217,21,-0.8,0.17,-0.80715883536,0.171521252514,-0.8,0.17
217,22,-0.57,0.17,-0.5714269886159999,0.170425593096,-0.57,0.17
217,23,-0.29,0.17,-0.2900740602,0.17004341460000003,-0.29,0.17
217,24,0.0,0.17,0.0,0.17000283971400004,0.0,0.17
217,25,0.23,0.17,0.23003077970400002,0.17002275021600002,0.23,0.17
217,26,0.51,0.17,0.5108519142,0.1702839714,0.51,0.17
217,27,0.8,0.17,0.80715883536,0.171521252514,0.8,0.17
217,28,-0.8,0.39,-0.8100387585600001,0.394893894798,-0.8,0.39
217,29,-0.57,0.39,-0.5725938306,0.39177472620000003,-0.57,0.39
217,30,-0.29,0.39,-0.290323584552,0.390435165432,-0.29,0.39
217,31,0.0,0.39,0.0,0.39018044839800003,0.0,0.39
217,32,0.23,0.39,0.230193315,0.39032779500000003,0.23,0.39
217,33,0.51,0.39,0.511733070168,0.391325288952,0.51,0.39
217,34,0.8,0.39,0.8100387585600001,0.394893894798,0.8,0.39
217,35,-0.8,0.6,-0.8160000000000001,0.612,-0.8,0.6
217,36,-0.57,0.6,-0.5753476033139999,0.60562905612,-0.57,0.6
217,37,-0.29,0.6,-0.29114390389799993,0.60236669772,-0.29,0.6
217,38,0.0,0.6,0.0,0.6015552,0.0,0.6
217,39,0.23,0.6,0.23078423748600002,0.60204583692,0.23,0.6
217,40,0.51,0.6,0.5139221449019999,0.60461428812,0.51,0.6
217,41,0.8,0.6,0.8160000000000001,0.612,0.8,0.6
217,42,0.0,0.0,0.0,0.0,0.0,0.0
217,43,0.71,-0.23,0.7144055357999999,-0.23142714539999998,0.71,-0.23
217,44,-0.37,0.53,-0.37129172061599997,0.531850302504,-0.37,0.53
217,45,0.12,-0.49,0.12015544859999999,-0.49063474845,0.12,-0.49
217,46,-0.73,0.08,-0.7342463295539999,0.080465351184,-0.73,0.08
217,47,0.63,0.44,0.63439349715,0.44306847420000006,0.63,0.44
217,48,-0.19,-0.56,-0.190464702342,-0.561369649008,-0.19,-0.56
217,49,0.79,0.31,0.798195271032,0.31321586584800004,0.79,0.31
217,50,-0.61,-0.41,-0.613560155688,-0.412392891528,-0.61,-0.41
217,51,0.42,-0.52,0.421676894016,-0.5220761544960001,0.42,-0.52
217,52,-0.48,0.27,-0.480883112544,0.27049675080600005,-0.48,0.27
217,53,0.06,0.58,0.06013872000000001,0.58134096,0.06,0.58
218,0,-0.8,-0.6,-0.792,-0.594,-0.8,-0.6
218,1,-0.57,-0.6,-0.5681687132451206,-0.598072329731706,-0.57,-0.6
218,2,-0.29,-0.6,-0.28974599613944907,-0.5994744747712739,-0.29,-0.6
218,3,0.0,-0.6,0.0,-0.599720064,0.0,-0.6
218,4,0.23,-0.6,0.2298380941710153,-0.599577636967866,0.23,-0.6
218,5,0.51,-0.6,0.5087839389731349,-0.598569339968394,0.51,-0.6
218,6,0.8,-0.6,0.792,-0.594,0.8,-0.6
218,7,-0.8,-0.33,-0.796639828230648,-0.3286139291451423,-0.8,-0.33
218,8,-0.57,-0.33,-0.5695346888079096,-0.3297306093098424,-0.57,-0.33
218,9,-0.29,-0.33,-0.28997915173469996,-0.3299762761119,-0.29,-0.33
218,10,0.0,-0.33,0.0,-0.3299957381557023,0.0,-0.33
218,11,0.23,-0.33,0.2299902576576264,-0.3299860218565944,0.23,-0.33
218,12,0.51,-0.33,0.5097437586141,-0.3298341967503,0.51,-0.33
218,13,0.8,-0.33,0.796639828230648,-0.3286139291451423,0.8,-0.33
218,14,-0.8,-0.11,-0.797781637129912,-0.1096949751053629,-0.8,-0.11
218,15,-0.57,-0.11,-0.5697818453079,-0.1099578999717,-0.57,-0.11
218,16,-0.29,-0.11,-0.2899974181963288,-0.10999902069515921,-0.29,-0.11
218,17,0.0,-0.11,0.0,-0.1099999980512829,0.0,-0.11
218,18,0.23,-0.11,0.2299993683625,-0.1099996979125,0.23,-0.11
218,19,0.51,-0.11,0.5098971428376552,-0.1099778151218472,0.51,-0.11
218,20,0.8,-0.11,0.797781637129912,-0.1096949751053629,0.8,-0.11
218,21,-0.8,0.17,-0.7976057275138481,0.1694912170966927,-0.8,0.17
218,22,-0.57,0.17,-0.5697475657138296,0.1699247125813176,-0.57,0.17
218,23,-0.29,0.17,-0.28999581559869997,0.1699975470751,-0.29,0.17
218,24,0.0,0.17,0.0,0.1699999589661327,0.0,0.17
218,25,0.23,0.17,0.2299987411101064,0.1699990695161656,0.23,0.17
218,26,0.51,0.17,0.5098768983981,0.1699589661327,0.51,0.17
218,27,0.8,0.17,0.7976057275138481,0.1694912170966927,0.8,0.17
218,28,-0.8,0.39,-0.796024149672312,0.3880617729652521,-0.8,0.39
218,29,-0.57,0.39,-0.5693813714018999,0.38957672780130004,-0.57,0.39
218,30,-0.29,0.39,-0.28996178466440875,0.3899486069624808,-0.29,0.39
218,31,0.0,0.39,0.0,0.38998627689933213,0.0,0.39
218,32,0.23,0.39,0.22998018521250002,0.3899664010125,0.23,0.39
218,33,0.51,0.39,0.5096428142383752,0.3897268579469928,0.51,0.39
218,34,0.8,0.39,0.796024149672312,0.3880617729652521,0.8,0.39
218,35,-0.8,0.6,-0.792,0.594,-0.8,0.6
218,36,-0.57,0.6,-0.5681687132451206,0.598072329731706,-0.57,0.6
218,37,-0.29,0.6,-0.28974599613944907,0.5994744747712739,-0.29,0.6
218,38,0.0,0.6,0.0,0.599720064,0.0,0.6
218,39,0.23,0.6,0.2298380941710153,0.599577636967866,0.23,0.6
218,40,0.51,0.6,0.5087839389731349,0.598569339968394,0.51,0.6
218,41,0.8,0.6,0.792,0.594,0.8,0.6
218,42,0.0,0.0,0.0,0.0,0.0,0.0
218,43,0.71,-0.23,0.7087730582796999,-0.2296025400061,0.71,-0.23
218,44,-0.37,0.53,-0.3697301595633176,0.5296134718069144,-0.37,0.53
218,45,0.12,-0.49,0.11998021916564999,-0.4899192282597375,0.12,-0.49
218,46,-0.73,0.08,-0.7288549772357639,0.07987451805323441,-0.73,0.08
218,47,0.63,0.44,0.6287028199664625,0.43909403299245,0.63,0.44
218,48,-0.19,-0.56,-0.1899187467955013,-0.5597605168709513,-0.19,-0.56
218,49,0.79,0.31,0.7870488829013769,0.3088419667081352,0.79,0.31
218,50,-0.61,-0.41,-0.6090384019486712,-0.4093536799982872,-0.61,-0.41
218,51,0.42,-0.52,0.41962538187682563,-0.5195361870855937,0.42,-0.52
218,52,-0.48,0.27,-0.47986607598270237,0.26992466774027013,-0.48,0.27
218,53,0.06,0.58,0.0599764176,0.5797720368,0.06,0.58
219,0,-0.8,-0.6,-0.792,-0.594,-0.8,-0.6
219,1,-0.57,-0.6,-0.5681687132451206,-0.598072329731706,-0.57,-0.6
219,2,-0.29,-0.6,-0.28974599613944907,-0.5994744747712739,-0.29,-0.6
219,3,0.0,-0.6,0.0,-0.599720064,0.0,-0.6
219,4,0.23,-0.6,0.2298380941710153,-0.599577636967866,0.23,-0.6
219,5,0.51,-0.6,0.5087839389731349,-0.598569339968394,0.51,-0.6
219,6,0.8,-0.6,0.792,-0.594,0.8,-0.6
219,7,-0.8,-0.33,-0.796639828230648,-0.3286139291451423,-0.8,-0.33
219,8,-0.57,-0.33,-0.5695346888079096,-0.3297306093098424,-0.57,-0.33
219,9,-0.29,-0.33,-0.28997915173469996,-0.3299762761119,-0.29,-0.33
219,10,0.0,-0.33,0.0,-0.3299957381557023,0.0,-0.33
219,11,0.23,-0.33,0.2299902576576264,-0.3299860218565944,0.23,-0.33
219,12,0.51,-0.33,0.5097437586141,-0.3298341967503,0.51,-0.33
219,13,0.8,-0.33,0.796639828230648,-0.3286139291451423,0.8,-0.33
219,14,-0.8,-0.11,-0.797781637129912,-0.1096949751053629,-0.8,-0.11
219,15,-0.57,-0.11,-0.5697818453079,-0.1099578999717,-0.57,-0.11
219,16,-0.29,-0.11,-0.2899974181963288,-0.10999902069515921,-0.29,-0.11
219,17,0.0,-0.11,0.0,-0.1099999980512829,0.0,-0.11
219,18,0.23,-0.11,0.2299993683625,-0.1099996979125,0.23,-0.11
219,19,0.51,-0.11,0.5098971428376552,-0.1099778151218472,0.51,-0.11
219,20,0.8,-0.11,0.797781637129912,-0.1096949751053629,0.8,-0.11
219,21,-0.8,0.17,-0.7976057275138481,0.1694912170966927,-0.8,0.17
219,22,-0.57,0.17,-0.5697475657138296,0.1699247125813176,-0.57,0.17
219,23,-0.29,0.17,-0.28999581559869997,0.1699975470751,-0.29,0.17
219,24,0.0,0.17,0.0,0.1699999589661327,0.0,0.17
219,25,0.23,0.17,0.2299987411101064,0.1699990695161656,0.23,0.17
219,26,0.51,0.17,0.5098768983981,0.1699589661327,0.51,0.17
219,27,0.8,0.17,0.7976057275138481,0.1694912170966927,0.8,0.17
219,28,-0.8,0.39,-0.796024149672312,0.3880617729652521,-0.8,0.39
219,29,-0.57,0.39,-0.5693813714018999,0.38957672780130004,-0.57,0.39
219,30,-0.29,0.39,-0.28996178466440875,0.3899486069624808,-0.29,0.39
219,31,0.0,0.39,0.0,0.38998627689933213,0.0,0.39
219,32,0.23,0.39,0.22998018521250002,0.3899664010125,0.23,0.39
219,33,0.51,0.39,0.5096428142383752,0.3897268579469928,0.51,0.39
219,34,0.8,0.39,0.796024149672312,0.3880617729652521,0.8,0.39
219,35,-0.8,0.6,-0.792,0.594,-0.8,0.6
219,36,-0.57,0.6,-0.5681687132451206,0.598072329731706,-0.57,0.6
219,37,-0.29,0.6,-0.28974599613944907,0.5994744747712739,-0.29,0.6
219,38,0.0,0.6,0.0,0.599720064,0.0,0.6
219,39,0.23,0.6,0.2298380941710153,0.599577636967866,0.23,0.6
219,40,0.51,0.6,0.5087839389731349,0.598569339968394,0.51,0.6
219,41,0.8,0.6,0.792,0.594,0.8,0.6
219,42,0.0,0.0,0.0,0.0,0.0,0.0
219,43,0.71,-0.23,0.7087730582796999,-0.2296025400061,0.71,-0.23
219,44,-0.37,0.53,-0.3697301595633176,0.5296134718069144,-0.37,0.53
219,45,0.12,-0.49,0.11998021916564999,-0.4899192282597375,0.12,-0.49
219,46,-0.73,0.08,-0.7288549772357639,0.07987451805323441,-0.73,0.08
219,47,0.63,0.44,0.6287028199664625,0.43909403299245,0.63,0.44
219,48,-0.19,-0.56,-0.1899187467955013,-0.5597605168709513,-0.19,-0.56
219,49,0.79,0.31,0.7870488829013769,0.3088419667081352,0.79,0.31
219,50,-0.61,-0.41,-0.6090384019486712,-0.4093536799982872,-0.61,-0.41
219,51,0.42,-0.52,0.41962538187682563,-0.5195361870855937,0.42,-0.52
219,52,-0.48,0.27,-0.47986607598270237,0.26992466774027013,-0.48,0.27
219,53,0.06,0.58,0.0599764176,0.5797720368,0.06,0.58
220,0,-0.8,-0.6,-0.76968,-0.5727599999999999,-0.8,-0.6
220,1,-0.57,-0.6,-0.5546140665591207,-0.5803076858517061,-0.57,-0.6
220,2,-0.29,-0.6,-0.2846310500374491,-0.5857218724912739,-0.29,-0.6
220,3,0.0,-0.6,-0.0007199999999999999,-0.5872352639999999,0.0,-0.6
220,4,0.23,-0.6,0.22400858165701532,-0.585285773887866,0.23,-0.6
220,5,0.51,-0.6,0.4927769338751349,-0.579336328088394,0.51,-0.6
220,6,0.8,-0.6,0.76056,-0.5689199999999999,0.8,-0.6
220,7,-0.8,-0.33,-0.7781312475906481,-0.3181145971311423,-0.8,-0.33
220,8,-0.57,-0.33,-0.5603552686239095,-0.3226125134138424,-0.57,-0.33
220,9,-0.29,-0.33,-0.28754489593469995,-0.3261880195119,-0.29,-0.33
220,10,0.0,-0.33,-0.00021780000000000004,-0.3272970589417023,0.0,-0.33
220,11,0.23,-0.33,0.2272593821616264,-0.3260467048405944,0.23,-0.33
220,12,0.51,-0.33,0.49893490081410014,-0.3222107593503001,0.51,-0.33
220,13,0.8,-0.33,0.7700156475906481,-0.3160025971311423,0.8,-0.33
220,14,-0.8,-0.11,-0.7818375876899121,-0.10536704080736291,-0.8,-0.11
220,15,-0.57,-0.11,-0.5630694319078999,-0.10752145177169999,-0.57,-0.11
220,16,-0.29,-0.11,-0.2889935939483288,-0.10925668046315921,-0.29,-0.11
220,17,0.0,-0.11,-2.42e-05,-0.10982487015328292,0.0,-0.11
220,18,0.23,-0.11,0.22877790336250003,-0.1092826929125,0.23,-0.11
220,19,0.51,-0.11,0.5017903898056552,-0.1075301193698472,0.51,-0.11
220,20,0.8,-0.11,0.7741091876899121,-0.1046630408073629,0.8,-0.11
220,21,-0.8,0.17,-0.782722362873848,0.16805091961069268,-0.8,0.17
220,22,-0.57,0.17,-0.5636798543298295,0.1689654056773176,-0.57,0.17
220,23,-0.29,0.17,-0.2892895757987,0.1697900616751,-0.29,0.17
220,24,0.0,0.17,-5.780000000000001e-05,0.1700172486801327,0.0,0.17
220,25,0.23,0.17,0.2289482208141064,0.1695889197321656,0.23,0.17
220,26,0.51,0.17,0.5022611125980999,0.1684800375327,0.51,0.17
220,27,0.8,0.17,0.7749267628738481,0.1669629196106927,0.8,0.17
220,28,-0.8,0.39,-0.7803951082323121,0.38204661776325216,-0.8,0.39
220,29,-0.57,0.39,-0.5619681020019,0.38528275400129997,-0.57,0.39
220,30,-0.29,0.39,-0.28834786921640876,0.3878514723944808,-0.29,0.39
220,31,0.0,0.39,-0.0003042,0.3885696752973321,0.0,0.39
220,32,0.23,0.39,0.2277326002125,0.3874654960125001,0.23,0.39
220,33,0.51,0.39,0.5001933844063752,0.38436784689899284,0.51,0.39
220,34,0.8,0.39,0.772106708232312,0.3795506177632521,0.8,0.39
220,35,-0.8,0.6,-0.77544,0.58308,-0.8,0.6
220,36,-0.57,0.6,-0.5587180665591208,0.5887370858517061,-0.57,0.6
220,37,-0.29,0.6,-0.2867190500374491,0.592706472491274,-0.29,0.6
220,38,0.0,0.6,-0.0007199999999999999,0.593715264,0.0,0.6
220,39,0.23,0.6,0.2256645816570153,0.5920831738878659,0.23,0.6
220,40,0.51,0.6,0.4964489338751349,0.5873769280883939,0.51,0.6
220,41,0.8,0.6,0.76632,0.57924,0.8,0.6
220,42,0.0,0.0,0.0,0.0,0.0,0.0
220,43,0.71,-0.23,0.6892948940797,-0.2219825854061,0.71,-0.23
220,44,-0.37,0.53,-0.3658523801793176,0.5241152743109145,-0.37,0.53
220,45,0.12,-0.49,0.11768926776565,-0.48187942670973755,0.12,-0.49
220,46,-0.73,0.08,-0.7169774567897639,0.0800725692372344,-0.73,0.08
220,47,0.63,0.44,0.6133901671164624,0.43099580719245,0.63,0.44
220,48,-0.19,-0.56,-0.1872666991375013,-0.5488334658789513,-0.19,-0.56
220,49,0.79,0.31,0.7643288539333768,0.30265233255613516,0.79,0.31
220,50,-0.61,-0.41,-0.5971906576366712,-0.39904367152628717,-0.61,-0.41
220,51,0.42,-0.52,0.40900987589282556,-0.5061591415815936,0.42,-0.52
220,52,-0.48,0.27,-0.4757757885267023,0.2681925685462701,-0.48,0.27
220,53,0.06,0.58,0.058609537600000004,0.5741521968,0.06,0.58
221,0,-0.8,-0.6,-0.76968,-0.5727599999999999,-0.8,-0.6
221,1,-0.57,-0.6,-0.5546140665591207,-0.5803076858517061,-0.57,-0.6
221,2,-0.29,-0.6,-0.2846310500374491,-0.5857218724912739,-0.29,-0.6
221,3,0.0,-0.6,-0.0007199999999999999,-0.5872352639999999,0.0,-0.6
221,4,0.23,-0.6,0.22400858165701532,-0.585285773887866,0.23,-0.6
221,5,0.51,-0.6,0.4927769338751349,-0.579336328088394,0.51,-0.6
221,6,0.8,-0.6,0.76056,-0.5689199999999999,0.8,-0.6
221,7,-0.8,-0.33,-0.7781312475906481,-0.3181145971311423,-0.8,-0.33
221,8,-0.57,-0.33,-0.5603552686239095,-0.3226125134138424,-0.57,-0.33
221,9,-0.29,-0.33,-0.28754489593469995,-0.3261880195119,-0.29,-0.33
221,10,0.0,-0.33,-0.00021780000000000004,-0.3272970589417023,0.0,-0.33
221,11,0.23,-0.33,0.2272593821616264,-0.3260467048405944,0.23,-0.33
221,12,0.51,-0.33,0.49893490081410014,-0.3222107593503001,0.51,-0.33
221,13,0.8,-0.33,0.7700156475906481,-0.3160025971311423,0.8,-0.33
221,14,-0.8,-0.11,-0.7818375876899121,-0.10536704080736291,-0.8,-0.11
221,15,-0.57,-0.11,-0.5630694319078999,-0.10752145177169999,-0.57,-0.11
221,16,-0.29,-0.11,-0.2889935939483288,-0.10925668046315921,-0.29,-0.11
221,17,0.0,-0.11,-2.42e-05,-0.10982487015328292,0.0,-0.11
221,18,0.23,-0.11,0.22877790336250003,-0.1092826929125,0.23,-0.11
221,19,0.51,-0.11,0.5017903898056552,-0.1075301193698472,0.51,-0.11
221,20,0.8,-0.11,0.7741091876899121,-0.1046630408073629,0.8,-0.11
221,21,-0.8,0.17,-0.782722362873848,0.16805091961069268,-0.8,0.17
221,22,-0.57,0.17,-0.5636798543298295,0.1689654056773176,-0.57,0.17
221,23,-0.29,0.17,-0.2892895757987,0.1697900616751,-0.29,0.17
221,24,0.0,0.17,-5.780000000000001e-05,0.1700172486801327,0.0,0.17
221,25,0.23,0.17,0.2289482208141064,0.1695889197321656,0.23,0.17
221,26,0.51,0.17,0.5022611125980999,0.1684800375327,0.51,0.17
221,27,0.8,0.17,0.7749267628738481,0.1669629196106927,0.8,0.17
221,28,-0.8,0.39,-0.7803951082323121,0.38204661776325216,-0.8,0.39
221,29,-0.57,0.39,-0.5619681020019,0.38528275400129997,-0.57,0.39
221,30,-0.29,0.39,-0.28834786921640876,0.3878514723944808,-0.29,0.39
221,31,0.0,0.39,-0.0003042,0.3885696752973321,0.0,0.39
221,32,0.23,0.39,0.2277326002125,0.3874654960125001,0.23,0.39
221,33,0.51,0.39,0.5001933844063752,0.38436784689899284,0.51,0.39
221,34,0.8,0.39,0.772106708232312,0.3795506177632521,0.8,0.39
221,35,-0.8,0.6,-0.77544,0.58308,-0.8,0.6
221,36,-0.57,0.6,-0.5587180665591208,0.5887370858517061,-0.57,0.6
221,37,-0.29,0.6,-0.2867190500374491,0.592706472491274,-0.29,0.6
221,38,0.0,0.6,-0.0007199999999999999,0.593715264,0.0,0.6
221,39,0.23,0.6,0.2256645816570153,0.5920831738878659,0.23,0.6
221,40,0.51,0.6,0.4964489338751349,0.5873769280883939,0.51,0.6
221,41,0.8,0.6,0.76632,0.57924,0.8,0.6
221,42,0.0,0.0,0.0,0.0,0.0,0.0
221,43,0.71,-0.23,0.6892948940797,-0.2219825854061,0.71,-0.23
221,44,-0.37,0.53,-0.3658523801793176,0.5241152743109145,-0.37,0.53
221,45,0.12,-0.49,0.11768926776565,-0.48187942670973755,0.12,-0.49
221,46,-0.73,0.08,-0.7169774567897639,0.0800725692372344,-0.73,0.08
221,47,0.63,0.44,0.6133901671164624,0.43099580719245,0.63,0.44
221,48,-0.19,-0.56,-0.1872666991375013,-0.5488334658789513,-0.19,-0.56
221,49,0.79,0.31,0.7643288539333768,0.30265233255613516,0.79,0.31
221,50,-0.61,-0.41,-0.5971906576366712,-0.39904367152628717,-0.61,-0.41
221,51,0.42,-0.52,0.40900987589282556,-0.5061591415815936,0.42,-0.52
221,52,-0.48,0.27,-0.4757757885267023,0.2681925685462701,-0.48,0.27
221,53,0.06,0.58,0.058609537600000004,0.5741521968,0.06,0.58
222,0,-0.8,-0.6,-0.77068,-0.5747599999999999,-0.8,-0.6
222,1,-0.57,-0.6,-0.5548673425791207,-0.5818932978417061,-0.57,-0.6
222,2,-0.29,-0.6,-0.2845813996574491,-0.5868569476812739,-0.29,-0.6
222,3,0.0,-0.6,-0.0006192,-0.5881856639999999,0.0,-0.6
222,4,0.23,-0.6,0.2240805088370153,-0.586353987477866,0.23,-0.6
222,5,0.51,-0.6,0.4926279858551349,-0.580812104078394,0.51,-0.6
222,6,0.8,-0.6,0.75956,-0.5709199999999999,0.8,-0.6
222,7,-0.8,-0.33,-0.778504050010648,-0.3198004459211423,-0.8,-0.33
222,8,-0.57,-0.33,-0.5602978335039095,-0.3237257309738424,-0.57,-0.33
222,9,-0.29,-0.33,-0.28742639393469993,-0.3267297705119,-0.29,-0.33
222,10,0.0,-0.33,-0.00013261842,-0.3276118997317023,0.0,-0.33
222,11,0.23,-0.33,0.2273688236816264,-0.32650592560059444,0.23,-0.33
222,12,0.51,-0.33,0.49903157881410015,-0.3231815983503001,0.51,-0.33
222,13,0.8,-0.33,0.7696428451706482,-0.3176884459211423,0.8,-0.33
222,14,-0.8,-0.11,-0.782035956509912,-0.1068981063973629,-0.8,-0.11
222,15,-0.57,-0.11,-0.5629595699078999,-0.10841888277169999,-0.57,-0.11
222,16,-0.29,-0.11,-0.2889159028283288,-0.10953602602315922,-0.29,-0.11
222,17,0.0,-0.11,-1.2392819999999999e-05,-0.10986102374328292,0.0,-0.11
222,18,0.23,-0.11,0.22883445336250005,-0.10947346791250001,0.23,-0.11
222,19,0.51,-0.11,0.5019144041256551,-0.1082726265298472,0.51,-0.11
222,20,0.8,-0.11,0.7739108188699122,-0.10619410639736289,0.8,-0.11
222,21,-0.8,0.17,-0.7829483172938481,0.16649164682069267,-0.8,0.17
222,22,-0.57,0.17,-0.5635764032098295,0.1680291801173176,-0.57,0.17
222,23,-0.29,0.17,-0.28920211379870003,0.16946383067509999,-0.29,0.17
222,24,0.0,0.17,-3.057042e-05,0.1699313838901327,0.0,0.17
222,25,0.23,0.17,0.2290166383341064,0.1693502109721656,0.23,0.17
222,26,0.51,0.17,0.5023830705981,0.1676965585327,0.51,0.17
222,27,0.8,0.17,0.774700808453848,0.1654036468206927,0.8,0.17
222,28,-0.8,0.39,-0.7808578530523121,0.3802977401732522,-0.8,0.39
222,29,-0.57,0.39,-0.5619461600019,0.38407928300129995,-0.57,0.39
222,30,-0.29,0.39,-0.28822325009640876,0.3871986628344808,-0.29,0.39
222,31,0.0,0.39,-0.00019836882,0.3881365097073321,0.0,0.39
222,32,0.23,0.39,0.2278535502125,0.3868925210125001,0.23,0.39
222,33,0.51,0.39,0.5002657667263751,0.38330115573899287,0.51,0.39
222,34,0.8,0.39,0.7716439634123119,0.37780174017325213,0.8,0.39
222,35,-0.8,0.6,-0.77644,0.58108,-0.8,0.6
222,36,-0.57,0.6,-0.5589713425791208,0.5871514738617062,-0.57,0.6
222,37,-0.29,0.6,-0.2866693996574491,0.591571397301274,-0.29,0.6
222,38,0.0,0.6,-0.0006192,0.592764864,0.0,0.6
222,39,0.23,0.6,0.2257365088370153,0.5910149602978658,0.23,0.6
222,40,0.51,0.6,0.4962999858551349,0.5859011520983939,0.51,0.6
222,41,0.8,0.6,0.76532,0.57724,0.8,0.6
222,42,0.0,0.0,0.0,0.0,0.0,0.0
222,43,0.71,-0.23,0.6892313960797001,-0.2233433364061,0.71,-0.23
222,44,-0.37,0.53,-0.3657836938593176,0.5230364311509146,-0.37,0.53
222,45,0.12,-0.49,0.11781422726565001,-0.4825781564597375,0.12,-0.49
222,46,-0.73,0.08,-0.7170198457697639,0.07874551372723439,-0.73,0.08
222,47,0.63,0.44,0.6132832866164625,0.42957299744245003,0.63,0.44
222,48,-0.19,-0.56,-0.1871615793175013,-0.5497602757889514,-0.19,-0.56
222,49,0.79,0.31,0.7640116778533768,0.30101042059613514,0.79,0.31
222,50,-0.61,-0.41,-0.5972340897166712,-0.4003724554862872,-0.61,-0.41
222,51,0.42,-0.52,0.4090574154128256,-0.5072999113415936,0.42,-0.52
222,52,-0.48,0.27,-0.47565647030670233,0.2673746594362701,-0.48,0.27
222,53,0.06,0.58,0.0587183376,0.5732477967999999,0.06,0.58
223,0,-0.8,-0.6,-0.77068,-0.5747599999999999,-0.8,-0.6
223,1,-0.57,-0.6,-0.5548673425791207,-0.5818932978417061,-0.57,-0.6
223,2,-0.29,-0.6,-0.2845813996574491,-0.5868569476812739,-0.29,-0.6
223,3,0.0,-0.6,-0.0006192,-0.5881856639999999,0.0,-0.6
223,4,0.23,-0.6,0.2240805088370153,-0.586353987477866,0.23,-0.6
223,5,0.51,-0.6,0.4926279858551349,-0.580812104078394,0.51,-0.6
223,6,0.8,-0.6,0.75956,-0.5709199999999999,0.8,-0.6
223,7,-0.8,-0.33,-0.778504050010648,-0.3198004459211423,-0.8,-0.33
223,8,-0.57,-0.33,-0.5602978335039095,-0.3237257309738424,-0.57,-0.33
223,9,-0.29,-0.33,-0.28742639393469993,-0.3267297705119,-0.29,-0.33
223,10,0.0,-0.33,-0.00013261842,-0.3276118997317023,0.0,-0.33
223,11,0.23,-0.33,0.2273688236816264,-0.32650592560059444,0.23,-0.33
223,12,0.51,-0.33,0.49903157881410015,-0.3231815983503001,0.51,-0.33
223,13,0.8,-0.33,0.7696428451706482,-0.3176884459211423,0.8,-0.33
223,14,-0.8,-0.11,-0.782035956509912,-0.1068981063973629,-0.8,-0.11
223,15,-0.57,-0.11,-0.5629595699078999,-0.10841888277169999,-0.57,-0.11
223,16,-0.29,-0.11,-0.2889159028283288,-0.10953602602315922,-0.29,-0.11
223,17,0.0,-0.11,-1.2392819999999999e-05,-0.10986102374328292,0.0,-0.11
223,18,0.23,-0.11,0.22883445336250005,-0.10947346791250001,0.23,-0.11
223,19,0.51,-0.11,0.5019144041256551,-0.1082726265298472,0.51,-0.11
223,20,0.8,-0.11,0.7739108188699122,-0.10619410639736289,0.8,-0.11
223,21,-0.8,0.17,-0.7829483172938481,0.16649164682069267,-0.8,0.17
223,22,-0.57,0.17,-0.5635764032098295,0.1680291801173176,-0.57,0.17
223,23,-0.29,0.17,-0.28920211379870003,0.16946383067509999,-0.29,0.17
223,24,0.0,0.17,-3.057042e-05,0.1699313838901327,0.0,0.17
223,25,0.23,0.17,0.2290166383341064,0.1693502109721656,0.23,0.17
223,26,0.51,0.17,0.5023830705981,0.1676965585327,0.51,0.17
223,27,0.8,0.17,0.774700808453848,0.1654036468206927,0.8,0.17
223,28,-0.8,0.39,-0.7808578530523121,0.3802977401732522,-0.8,0.39
223,29,-0.57,0.39,-0.5619461600019,0.38407928300129995,-0.57,0.39
223,30,-0.29,0.39,-0.28822325009640876,0.3871986628344808,-0.29,0.39
223,31,0.0,0.39,-0.00019836882,0.3881365097073321,0.0,0.39
223,32,0.23,0.39,0.2278535502125,0.3868925210125001,0.23,0.39
223,33,0.51,0.39,0.5002657667263751,0.38330115573899287,0.51,0.39
223,34,0.8,0.39,0.7716439634123119,0.37780174017325213,0.8,0.39
223,35,-0.8,0.6,-0.77644,0.58108,-0.8,0.6
223,36,-0.57,0.6,-0.5589713425791208,0.5871514738617062,-0.57,0.6
223,37,-0.29,0.6,-0.2866693996574491,0.591571397301274,-0.29,0.6
223,38,0.0,0.6,-0.0006192,0.592764864,0.0,0.6
223,39,0.23,0.6,0.2257365088370153,0.5910149602978658,0.23,0.6
223,40,0.51,0.6,0.4962999858551349,0.5859011520983939,0.51,0.6
223,41,0.8,0.6,0.76532,0.57724,0.8,0.6
223,42,0.0,0.0,0.0,0.0,0.0,0.0
223,43,0.71,-0.23,0.6892313960797001,-0.2233433364061,0.71,-0.23
223,44,-0.37,0.53,-0.3657836938593176,0.5230364311509146,-0.37,0.53
223,45,0.12,-0.49,0.11781422726565001,-0.4825781564597375,0.12,-0.49
223,46,-0.73,0.08,-0.7170198457697639,0.07874551372723439,-0.73,0.08
223,47,0.63,0.44,0.6132832866164625,0.42957299744245003,0.63,0.44
223,48,-0.19,-0.56,-0.1871615793175013,-0.5497602757889514,-0.19,-0.56
223,49,0.79,0.31,0.7640116778533768,0.30101042059613514,0.79,0.31
223,50,-0.61,-0.41,-0.5972340897166712,-0.4003724554862872,-0.61,-0.41
223,51,0.42,-0.52,0.4090574154128256,-0.5072999113415936,0.42,-0.52
223,52,-0.48,0.27,-0.47565647030670233,0.2673746594362701,-0.48,0.27
223,53,0.06,0.58,0.0587183376,0.5732477967999999,0.06,0.58
