0.000000000000000000e+00,0.000000000000000000e+00,0.000000000000000000e+00
3.125000000000005811e-03,0.000000000000000000e+00,0.000000000000000000e+00
3.125000000000001041e-03,2.500000000000000052e-03,0.000000000000000000e+00
0.000000000000000000e+00,2.500000000000000919e-03,0.000000000000000000e+00
0.000000000000000000e+00,0.000000000000000000e+00,5.000000000000000104e-04
3.125000000000005811e-03,0.000000000000000000e+00,5.000000000000000104e-04
0.000000000000000000e+00,2.500000000000000919e-03,5.000000000000000104e-04
1.562500000000002906e-03,0.000000000000000000e+00,0.000000000000000000e+00
3.125000000000004077e-03,1.250000000000000026e-03,0.000000000000000000e+00
1.562500000000000954e-03,2.500000000000000919e-03,0.000000000000000000e+00
0.000000000000000000e+00,1.250000000000000893e-03,0.000000000000000000e+00
0.000000000000000000e+00,0.000000000000000000e+00,2.500000000000000052e-04
3.125000000000005811e-03,0.000000000000000000e+00,2.500000000000000052e-04
0.000000000000000000e+00,2.500000000000000919e-03,2.500000000000000052e-04
1.562500000000002906e-03,0.000000000000000000e+00,5.000000000000000104e-04
0.000000000000000000e+00,1.250000000000000026e-03,5.000000000000000104e-04
0.000000000000000000e+00,0.000000000000000000e+00,1.000000000000000021e-03
3.125000000000005811e-03,0.000000000000000000e+00,1.000000000000000021e-03
3.125000000000001041e-03,2.500000000000000052e-03,1.000000000000000021e-03
0.000000000000000000e+00,2.500000000000000919e-03,1.000000000000000021e-03
0.000000000000000000e+00,0.000000000000000000e+00,7.500000000000000156e-04
3.125000000000005811e-03,0.000000000000000000e+00,7.500000000000000156e-04
0.000000000000000000e+00,2.500000000000000919e-03,7.500000000000000156e-04
1.562500000000002906e-03,0.000000000000000000e+00,1.000000000000000021e-03
3.125000000000004077e-03,1.250000000000000026e-03,1.000000000000000021e-03
1.562500000000000954e-03,2.500000000000000052e-03,1.000000000000000021e-03
0.000000000000000000e+00,1.250000000000000893e-03,1.000000000000000021e-03
3.124999999999995837e-03,5.000000000000000971e-03,0.000000000000000000e+00
0.000000000000000000e+00,5.000000000000000971e-03,0.000000000000000000e+00
0.000000000000000000e+00,5.000000000000000971e-03,5.000000000000000104e-04
3.124999999999998005e-03,3.750000000000001162e-03,0.000000000000000000e+00
1.562499999999997918e-03,5.000000000000000971e-03,0.000000000000000000e+00
0.000000000000000000e+00,3.750000000000001162e-03,0.000000000000000000e+00
0.000000000000000000e+00,5.000000000000000971e-03,2.500000000000000052e-04
0.000000000000000000e+00,3.750000000000001162e-03,5.000000000000000104e-04
3.124999999999995837e-03,5.000000000000000971e-03,1.000000000000000021e-03
0.000000000000000000e+00,5.000000000000000971e-03,1.000000000000000021e-03
0.000000000000000000e+00,5.000000000000000971e-03,7.500000000000000156e-04
3.124999999999998005e-03,3.750000000000001162e-03,1.000000000000000021e-03
1.562499999999997918e-03,5.000000000000000971e-03,1.000000000000000021e-03
0.000000000000000000e+00,3.750000000000001162e-03,1.000000000000000021e-03
6.250000000000004684e-03,0.000000000000000000e+00,0.000000000000000000e+00
6.250000000000000347e-03,2.500000000000000052e-03,0.000000000000000000e+00
6.250000000000004684e-03,0.000000000000000000e+00,5.000000000000000104e-04
4.687500000000005898e-03,0.000000000000000000e+00,0.000000000000000000e+00
6.250000000000002082e-03,1.250000000000000026e-03,0.000000000000000000e+00
4.687500000000000694e-03,2.500000000000000052e-03,0.000000000000000000e+00
6.250000000000004684e-03,0.000000000000000000e+00,2.500000000000000052e-04
4.687500000000005898e-03,0.000000000000000000e+00,5.000000000000000104e-04
6.250000000000004684e-03,0.000000000000000000e+00,1.000000000000000021e-03
6.250000000000000347e-03,2.500000000000000052e-03,1.000000000000000021e-03
6.250000000000004684e-03,0.000000000000000000e+00,7.500000000000000156e-04
4.687500000000005898e-03,0.000000000000000000e+00,1.000000000000000021e-03
6.250000000000002082e-03,1.250000000000000026e-03,1.000000000000000021e-03
4.687500000000000694e-03,2.500000000000000052e-03,1.000000000000000021e-03
6.249999999999996010e-03,5.000000000000000971e-03,0.000000000000000000e+00
6.249999999999998612e-03,3.750000000000001162e-03,0.000000000000000000e+00
4.687499999999994622e-03,5.000000000000000971e-03,0.000000000000000000e+00
6.249999999999996010e-03,5.000000000000000971e-03,1.000000000000000021e-03
6.249999999999998612e-03,3.750000000000001162e-03,1.000000000000000021e-03
4.687499999999994622e-03,5.000000000000000971e-03,1.000000000000000021e-03
9.375000000000004857e-03,0.000000000000000000e+00,0.000000000000000000e+00
9.374999999999999653e-03,2.500000000000000052e-03,0.000000000000000000e+00
9.375000000000004857e-03,0.000000000000000000e+00,5.000000000000000104e-04
7.812500000000005204e-03,0.000000000000000000e+00,0.000000000000000000e+00
9.375000000000001388e-03,1.250000000000000026e-03,0.000000000000000000e+00
7.812500000000000000e-03,2.500000000000000052e-03,0.000000000000000000e+00
9.375000000000004857e-03,0.000000000000000000e+00,2.500000000000000052e-04
7.812500000000005204e-03,0.000000000000000000e+00,5.000000000000000104e-04
9.375000000000004857e-03,0.000000000000000000e+00,1.000000000000000021e-03
9.374999999999999653e-03,2.500000000000000052e-03,1.000000000000000021e-03
9.375000000000004857e-03,0.000000000000000000e+00,7.500000000000000156e-04
7.812500000000005204e-03,0.000000000000000000e+00,1.000000000000000021e-03
9.375000000000001388e-03,1.250000000000000026e-03,1.000000000000000021e-03
7.812500000000000000e-03,2.500000000000000052e-03,1.000000000000000021e-03
9.374999999999994449e-03,5.000000000000000971e-03,0.000000000000000000e+00
9.374999999999997918e-03,3.750000000000001162e-03,0.000000000000000000e+00
7.812499999999994796e-03,5.000000000000000971e-03,0.000000000000000000e+00
9.374999999999994449e-03,5.000000000000000971e-03,1.000000000000000021e-03
9.374999999999997918e-03,3.750000000000001162e-03,1.000000000000000021e-03
7.812499999999994796e-03,5.000000000000000971e-03,1.000000000000000021e-03
1.250000000000000069e-02,0.000000000000000000e+00,0.000000000000000000e+00
1.250000000000000069e-02,2.500000000000000052e-03,0.000000000000000000e+00
1.250000000000000069e-02,0.000000000000000000e+00,5.000000000000000104e-04
1.093749999999999931e-02,0.000000000000000000e+00,0.000000000000000000e+00
1.250000000000000069e-02,1.250000000000000026e-03,0.000000000000000000e+00
1.093749999999999931e-02,2.500000000000000052e-03,0.000000000000000000e+00
1.250000000000000069e-02,0.000000000000000000e+00,2.500000000000000052e-04
1.093749999999999931e-02,0.000000000000000000e+00,5.000000000000000104e-04
1.250000000000000069e-02,0.000000000000000000e+00,1.000000000000000021e-03
1.250000000000000069e-02,2.500000000000000052e-03,1.000000000000000021e-03
1.250000000000000069e-02,0.000000000000000000e+00,7.500000000000000156e-04
1.093749999999999931e-02,0.000000000000000000e+00,1.000000000000000021e-03
1.250000000000000069e-02,1.250000000000000026e-03,1.000000000000000021e-03
1.093749999999999931e-02,2.500000000000000052e-03,1.000000000000000021e-03
1.250000000000000069e-02,5.000000000000000971e-03,0.000000000000000000e+00
1.250000000000000069e-02,3.749999999999999861e-03,0.000000000000000000e+00
1.093749999999999931e-02,5.000000000000000971e-03,0.000000000000000000e+00
1.250000000000000069e-02,5.000000000000000971e-03,1.000000000000000021e-03
1.250000000000000069e-02,3.749999999999999861e-03,1.000000000000000021e-03
1.093749999999999931e-02,5.000000000000000971e-03,1.000000000000000021e-03
1.562500000000001041e-02,0.000000000000000000e+00,0.000000000000000000e+00
1.562500000000000000e-02,2.500000000000000052e-03,0.000000000000000000e+00
1.562500000000001041e-02,0.000000000000000000e+00,5.000000000000000104e-04
1.406250000000000035e-02,0.000000000000000000e+00,0.000000000000000000e+00
1.562500000000000000e-02,1.250000000000000026e-03,0.000000000000000000e+00
1.406250000000000035e-02,2.500000000000000052e-03,0.000000000000000000e+00
1.562500000000001041e-02,0.000000000000000000e+00,2.500000000000000052e-04
1.406250000000000035e-02,0.000000000000000000e+00,5.000000000000000104e-04
1.562500000000001041e-02,0.000000000000000000e+00,1.000000000000000021e-03
1.562500000000000000e-02,2.500000000000000052e-03,1.000000000000000021e-03
1.562500000000001041e-02,0.000000000000000000e+00,7.500000000000000156e-04
1.406250000000000035e-02,0.000000000000000000e+00,1.000000000000000021e-03
1.562500000000001041e-02,1.250000000000000026e-03,1.000000000000000021e-03
1.406250000000000035e-02,2.500000000000000052e-03,1.000000000000000021e-03
1.562500000000000000e-02,5.000000000000000971e-03,0.000000000000000000e+00
1.562500000000000000e-02,3.750000000000001162e-03,0.000000000000000000e+00
1.406250000000000035e-02,5.000000000000000971e-03,0.000000000000000000e+00
1.562500000000000000e-02,5.000000000000000971e-03,1.000000000000000021e-03
1.562500000000000000e-02,3.750000000000001162e-03,1.000000000000000021e-03
1.406250000000000035e-02,5.000000000000000971e-03,1.000000000000000021e-03
1.875000000000000971e-02,0.000000000000000000e+00,0.000000000000000000e+00
1.874999999999999931e-02,2.500000000000000052e-03,0.000000000000000000e+00
1.875000000000000971e-02,0.000000000000000000e+00,5.000000000000000104e-04
1.718750000000000833e-02,0.000000000000000000e+00,0.000000000000000000e+00
1.874999999999999931e-02,1.250000000000000026e-03,0.000000000000000000e+00
1.718750000000000139e-02,2.500000000000000052e-03,0.000000000000000000e+00
1.875000000000000971e-02,0.000000000000000000e+00,2.500000000000000052e-04
1.718750000000000833e-02,0.000000000000000000e+00,5.000000000000000104e-04
1.875000000000000971e-02,0.000000000000000000e+00,1.000000000000000021e-03
1.874999999999999931e-02,2.500000000000000052e-03,1.000000000000000021e-03
1.875000000000000971e-02,0.000000000000000000e+00,7.500000000000000156e-04
1.718750000000000833e-02,0.000000000000000000e+00,1.000000000000000021e-03
1.874999999999999931e-02,1.250000000000000026e-03,1.000000000000000021e-03
1.718750000000000139e-02,2.500000000000000052e-03,1.000000000000000021e-03
1.874999999999999931e-02,5.000000000000000971e-03,0.000000000000000000e+00
1.874999999999999931e-02,3.750000000000001162e-03,0.000000000000000000e+00
1.718749999999999098e-02,5.000000000000000971e-03,0.000000000000000000e+00
1.874999999999999931e-02,5.000000000000000971e-03,1.000000000000000021e-03
1.874999999999999931e-02,3.750000000000001162e-03,1.000000000000000021e-03
1.718749999999999098e-02,5.000000000000000971e-03,1.000000000000000021e-03
2.187500000000000902e-02,0.000000000000000000e+00,0.000000000000000000e+00
2.187499999999999861e-02,2.500000000000000052e-03,0.000000000000000000e+00
2.187500000000000902e-02,0.000000000000000000e+00,5.000000000000000104e-04
2.031250000000000069e-02,0.000000000000000000e+00,0.000000000000000000e+00
2.187499999999999861e-02,1.250000000000000026e-03,0.000000000000000000e+00
2.031250000000000069e-02,2.500000000000000052e-03,0.000000000000000000e+00
2.187500000000000902e-02,0.000000000000000000e+00,2.500000000000000052e-04
2.031250000000000069e-02,0.000000000000000000e+00,5.000000000000000104e-04
2.187500000000000902e-02,0.000000000000000000e+00,1.000000000000000021e-03
2.187499999999999861e-02,2.500000000000000052e-03,1.000000000000000021e-03
2.187500000000000902e-02,0.000000000000000000e+00,7.500000000000000156e-04
2.031250000000000069e-02,0.000000000000000000e+00,1.000000000000000021e-03
2.187500000000000902e-02,1.250000000000000026e-03,1.000000000000000021e-03
2.031250000000000069e-02,2.500000000000000052e-03,1.000000000000000021e-03
2.187499999999999861e-02,5.000000000000000971e-03,0.000000000000000000e+00
2.187499999999999861e-02,3.750000000000001162e-03,0.000000000000000000e+00
2.031250000000000069e-02,5.000000000000000971e-03,0.000000000000000000e+00
2.187499999999999861e-02,5.000000000000000971e-03,1.000000000000000021e-03
2.187499999999999861e-02,3.750000000000001162e-03,1.000000000000000021e-03
2.031250000000000069e-02,5.000000000000000971e-03,1.000000000000000021e-03
2.500000000000000139e-02,0.000000000000000000e+00,0.000000000000000000e+00
2.500000000000000139e-02,2.500000000000000052e-03,0.000000000000000000e+00
2.500000000000000139e-02,0.000000000000000000e+00,5.000000000000000104e-04
2.500000000000000139e-02,2.500000000000000052e-03,5.000000000000000104e-04
2.343750000000000000e-02,0.000000000000000000e+00,0.000000000000000000e+00
2.500000000000000139e-02,1.250000000000000026e-03,0.000000000000000000e+00
2.343750000000000000e-02,2.500000000000000052e-03,0.000000000000000000e+00
2.500000000000000139e-02,0.000000000000000000e+00,2.500000000000000052e-04
2.500000000000000139e-02,2.500000000000000052e-03,2.500000000000000052e-04
2.343750000000000000e-02,0.000000000000000000e+00,5.000000000000000104e-04
2.500000000000000139e-02,1.250000000000000026e-03,5.000000000000000104e-04
2.500000000000000139e-02,0.000000000000000000e+00,1.000000000000000021e-03
2.500000000000000139e-02,2.500000000000000052e-03,1.000000000000000021e-03
2.500000000000000139e-02,0.000000000000000000e+00,7.500000000000000156e-04
2.500000000000000139e-02,2.500000000000000052e-03,7.500000000000000156e-04
2.343750000000000000e-02,0.000000000000000000e+00,1.000000000000000021e-03
2.500000000000000139e-02,1.250000000000000026e-03,1.000000000000000021e-03
2.343750000000000000e-02,2.500000000000000052e-03,1.000000000000000021e-03
2.500000000000000139e-02,5.000000000000000971e-03,0.000000000000000000e+00
2.500000000000000139e-02,5.000000000000000971e-03,5.000000000000000104e-04
2.500000000000000139e-02,3.749999999999999861e-03,0.000000000000000000e+00
2.343750000000000000e-02,5.000000000000000971e-03,0.000000000000000000e+00
2.500000000000000139e-02,5.000000000000000971e-03,2.500000000000000052e-04
2.500000000000000139e-02,3.750000000000001162e-03,5.000000000000000104e-04
2.500000000000000139e-02,5.000000000000000971e-03,1.000000000000000021e-03
2.500000000000000139e-02,5.000000000000000971e-03,7.500000000000000156e-04
2.500000000000000139e-02,3.749999999999999861e-03,1.000000000000000021e-03
2.343750000000000000e-02,5.000000000000000971e-03,1.000000000000000021e-03
8.863193304856869029e-03,1.673788927129843049e-02,0.000000000000000000e+00
9.435045998739908027e-03,1.689034274369959066e-02,0.000000000000000000e+00
9.375000000000001388e-03,1.749999999999974840e-02,0.000000000000000000e+00
8.806786659482479518e-03,1.750000000000000167e-02,0.000000000000000000e+00
9.435045998739908027e-03,1.689034274369959066e-02,5.000000000000000104e-04
9.375000000000001388e-03,1.749999999999974840e-02,5.000000000000000104e-04
9.149119651798388528e-03,1.681411600749900884e-02,0.000000000000000000e+00
9.390047729149385292e-03,1.719369643647011836e-02,0.000000000000000000e+00
9.090893329741240453e-03,1.750000000000000167e-02,0.000000000000000000e+00
8.834989982169673406e-03,1.711894463564922128e-02,0.000000000000000000e+00
9.435045998739908027e-03,1.689034274369959066e-02,2.500000000000000052e-04
9.375000000000001388e-03,1.749999999999974840e-02,2.500000000000000052e-04
9.390047729149397435e-03,1.719369643647000040e-02,5.000000000000000104e-04
8.863193304856869029e-03,1.673788927129843049e-02,1.000000000000000021e-03
9.435045998739908027e-03,1.689034274369959066e-02,1.000000000000000021e-03
9.375000000000001388e-03,1.749999999999974840e-02,1.000000000000000021e-03
8.806786659482479518e-03,1.750000000000000167e-02,1.000000000000000021e-03
9.435045998739908027e-03,1.689034274369959066e-02,7.500000000000000156e-04
9.375000000000001388e-03,1.749999999999974840e-02,7.500000000000000156e-04
9.149119651798388528e-03,1.681411600749900884e-02,1.000000000000000021e-03
9.390047729149385292e-03,1.719369643647011836e-02,1.000000000000000021e-03
9.090893329741240453e-03,1.750000000000000167e-02,1.000000000000000021e-03
8.834989982169673406e-03,1.711894463564922128e-02,1.000000000000000021e-03
8.176970075338100760e-03,1.655494510523851034e-02,0.000000000000000000e+00
8.124930653988112622e-03,1.750000000000000167e-02,0.000000000000000000e+00
8.520081690097484894e-03,1.664641718826847042e-02,0.000000000000000000e+00
8.465858656735294335e-03,1.750000000000000167e-02,0.000000000000000000e+00
8.150950364663105824e-03,1.702747255261925080e-02,0.000000000000000000e+00
8.176970075338100760e-03,1.655494510523851034e-02,1.000000000000000021e-03
8.124930653988112622e-03,1.750000000000000167e-02,1.000000000000000021e-03
8.520081690097484894e-03,1.664641718826847042e-02,1.000000000000000021e-03
8.465858656735294335e-03,1.750000000000000167e-02,1.000000000000000021e-03
8.150950364663105824e-03,1.702747255261925080e-02,1.000000000000000021e-03
7.353502201128376582e-03,1.633541210627088153e-02,0.000000000000000000e+00
7.306703448606892415e-03,1.750000000000000167e-02,0.000000000000000000e+00
7.765236138233239105e-03,1.644517860575470114e-02,0.000000000000000000e+00
7.715817051297501651e-03,1.750000000000000167e-02,0.000000000000000000e+00
7.330102824867634065e-03,1.691770605313544854e-02,0.000000000000000000e+00
7.353502201128376582e-03,1.633541210627088153e-02,1.000000000000000021e-03
7.306703448606892415e-03,1.750000000000000167e-02,1.000000000000000021e-03
7.765236138233239105e-03,1.644517860575469073e-02,1.000000000000000021e-03
7.715817051297501651e-03,1.750000000000000167e-02,1.000000000000000021e-03
7.330102824867634065e-03,1.691770605313544854e-02,1.000000000000000021e-03
6.365340758644547070e-03,1.607197250923783974e-02,0.000000000000000000e+00
6.324830808683797045e-03,1.750000000000000167e-02,0.000000000000000000e+00
6.859421479886462260e-03,1.620369230775435890e-02,0.000000000000000000e+00
6.815767128645344730e-03,1.750000000000000167e-02,0.000000000000000000e+00
6.345085783664172058e-03,1.678598625461891897e-02,0.000000000000000000e+00
6.365340758644547070e-03,1.607197250923783974e-02,1.000000000000000021e-03
6.324830808683797045e-03,1.750000000000000167e-02,1.000000000000000021e-03
6.859421479886462260e-03,1.620369230775435890e-02,1.000000000000000021e-03
6.815767128645344730e-03,1.750000000000000167e-02,1.000000000000000021e-03
6.345085783664172058e-03,1.678598625461891897e-02,1.000000000000000021e-03
5.179547028387876742e-03,1.575584499296375091e-02,0.000000000000000000e+00
5.146583641505397995e-03,1.750000000000000167e-02,0.000000000000000000e+00
5.772443893516211906e-03,1.591390875110079012e-02,0.000000000000000000e+00
5.735707225094597086e-03,1.750000000000000167e-02,0.000000000000000000e+00
5.163065334946636935e-03,1.662792249648186935e-02,0.000000000000000000e+00
5.179547028387876742e-03,1.575584499296375091e-02,1.000000000000000021e-03
5.146583641505397995e-03,1.750000000000000167e-02,1.000000000000000021e-03
5.772443893516211906e-03,1.591390875110079012e-02,1.000000000000000021e-03
5.735707225094597086e-03,1.750000000000000167e-02,1.000000000000000021e-03
5.163065334946637802e-03,1.662792249648186935e-02,1.000000000000000021e-03
3.756594553971100148e-03,1.537649197390611976e-02,0.000000000000000000e+00
3.732687042782506862e-03,1.750000000000000167e-02,0.000000000000000000e+00
4.468070791179487578e-03,1.556616848343492926e-02,0.000000000000000000e+00
4.439635342143952862e-03,1.750000000000000167e-02,0.000000000000000000e+00
3.744640798376803938e-03,1.643824598695306158e-02,0.000000000000000000e+00
3.756594553971100148e-03,1.537649197390611976e-02,1.000000000000000021e-03
3.732687042782506862e-03,1.750000000000000167e-02,1.000000000000000021e-03
4.468070791179487578e-03,1.556616848343492926e-02,1.000000000000000021e-03
4.439635342143952862e-03,1.750000000000000167e-02,1.000000000000000021e-03
3.744640798376803938e-03,1.643824598695306158e-02,1.000000000000000021e-03
2.049051578249219858e-03,1.492126834928544921e-02,0.000000000000000000e+00
2.036011117948553165e-03,1.750000000000000167e-02,0.000000000000000000e+00
2.902823066110160003e-03,1.514888016159579055e-02,0.000000000000000000e+00
2.884349080365529797e-03,1.750000000000000167e-02,0.000000000000000000e+00
2.042531348098887162e-03,1.621063417464272891e-02,0.000000000000000000e+00
2.049051578249219858e-03,1.492126834928544921e-02,1.000000000000000021e-03
2.036011117948553165e-03,1.750000000000000167e-02,1.000000000000000021e-03
2.902823066110160003e-03,1.514888016159579055e-02,1.000000000000000021e-03
2.884349080365529797e-03,1.750000000000000167e-02,1.000000000000000021e-03
2.042531348098887162e-03,1.621063417464272891e-02,1.000000000000000021e-03
0.000000000000000000e+00,1.437500000000000062e-02,0.000000000000000000e+00
0.000000000000000000e+00,1.750000000000000167e-02,0.000000000000000000e+00
0.000000000000000000e+00,1.437500000000000062e-02,5.000000000000000104e-04
0.000000000000000000e+00,1.750000000000000167e-02,5.000000000000000104e-04
1.024525789124609062e-03,1.464813417464272058e-02,0.000000000000000000e+00
1.018005558974277016e-03,1.750000000000000167e-02,0.000000000000000000e+00
0.000000000000000000e+00,1.593750000000000028e-02,0.000000000000000000e+00
0.000000000000000000e+00,1.437500000000000062e-02,2.500000000000000052e-04
0.000000000000000000e+00,1.750000000000000167e-02,2.500000000000000052e-04
0.000000000000000000e+00,1.593750000000000028e-02,5.000000000000000104e-04
0.000000000000000000e+00,1.437500000000000062e-02,1.000000000000000021e-03
0.000000000000000000e+00,1.750000000000000167e-02,1.000000000000000021e-03
0.000000000000000000e+00,1.437500000000000062e-02,7.500000000000000156e-04
0.000000000000000000e+00,1.750000000000000167e-02,7.500000000000000156e-04
1.024525789124609062e-03,1.464813417464272058e-02,1.000000000000000021e-03
1.018005558974277016e-03,1.750000000000000167e-02,1.000000000000000021e-03
0.000000000000000000e+00,1.593750000000000028e-02,1.000000000000000021e-03
9.030245565285852094e-03,1.599778732382755100e-02,0.000000000000000000e+00
9.612876460902241085e-03,1.630411427385906886e-02,0.000000000000000000e+00
9.612876460902241085e-03,1.630411427385906886e-02,5.000000000000000104e-04
9.321561013094047457e-03,1.615095079884331167e-02,0.000000000000000000e+00
9.509561450836853669e-03,1.659286038357979040e-02,0.000000000000000000e+00
8.946719435071359694e-03,1.636783829756299075e-02,0.000000000000000000e+00
9.612876460902241085e-03,1.630411427385906886e-02,2.500000000000000052e-04
9.509561450836853669e-03,1.659286038357979040e-02,5.000000000000000104e-04
9.030245565285852094e-03,1.599778732382755100e-02,1.000000000000000021e-03
9.612876460902241085e-03,1.630411427385906886e-02,1.000000000000000021e-03
9.612876460902241085e-03,1.630411427385906886e-02,7.500000000000000156e-04
9.321561013094045722e-03,1.615095079884331167e-02,1.000000000000000021e-03
9.509561450836853669e-03,1.659286038357979040e-02,1.000000000000000021e-03
8.946719435071359694e-03,1.636783829756299075e-02,1.000000000000000021e-03
8.331088493740014533e-03,1.563019498544036129e-02,0.000000000000000000e+00
8.680667029512933314e-03,1.581399115463395094e-02,0.000000000000000000e+00
8.254029284539058514e-03,1.609257004533943061e-02,0.000000000000000000e+00
8.331088493740014533e-03,1.563019498544036129e-02,1.000000000000000021e-03
8.680667029512933314e-03,1.581399115463395094e-02,1.000000000000000021e-03
8.254029284539058514e-03,1.609257004533943061e-02,1.000000000000000021e-03
7.492100009113140599e-03,1.518908417998719035e-02,0.000000000000000000e+00
7.911594251426578434e-03,1.540963958271377929e-02,0.000000000000000000e+00
7.422801105120759024e-03,1.576224814312903941e-02,0.000000000000000000e+00
7.492100009113140599e-03,1.518908417998719035e-02,1.000000000000000021e-03
7.911594251426578434e-03,1.540963958271377929e-02,1.000000000000000021e-03
7.422801105120759024e-03,1.576224814312903941e-02,1.000000000000000021e-03
6.485313834243494092e-03,1.465975121691576004e-02,0.000000000000000000e+00
6.988706921678316912e-03,1.492441769845147086e-02,0.000000000000000000e+00
6.425327296444020148e-03,1.536586186307680076e-02,0.000000000000000000e+00
6.485313834243494092e-03,1.465975121691576004e-02,1.000000000000000021e-03
6.988706921678317779e-03,1.492441769845147086e-02,1.000000000000000021e-03
6.425327296444020148e-03,1.536586186307680076e-02,1.000000000000000021e-03
5.277170425126656399e-03,1.402455166156280943e-02,0.000000000000000000e+00
5.881242129685075246e-03,1.434215143923927953e-02,0.000000000000000000e+00
5.228358726757266137e-03,1.489019832726327930e-02,0.000000000000000000e+00
5.277170425126656399e-03,1.402455166156280943e-02,1.000000000000000021e-03
5.881242129685075246e-03,1.434215143923927953e-02,1.000000000000000021e-03
5.228358726757266137e-03,1.489019832726327930e-02,1.000000000000000021e-03
3.827398336100326041e-03,1.326231219608632085e-02,0.000000000000000000e+00
4.552284380613490569e-03,1.364343192882455993e-02,0.000000000000000000e+00
3.791996445035712877e-03,1.431940208499622030e-02,0.000000000000000000e+00
3.827398336100326041e-03,1.326231219608632085e-02,1.000000000000000021e-03
4.552284380613490569e-03,1.364343192882455993e-02,1.000000000000000021e-03
3.791996445035712877e-03,1.431940208499622030e-02,1.000000000000000021e-03
2.087671822710346174e-03,1.234762483399532915e-02,0.000000000000000000e+00
2.957535079405335891e-03,1.280496851504082066e-02,0.000000000000000000e+00
2.068361700479783016e-03,1.363444659164038918e-02,0.000000000000000000e+00
2.087671822710346174e-03,1.234762483399532915e-02,1.000000000000000021e-03
2.957535079405335891e-03,1.280496851504082066e-02,1.000000000000000021e-03
2.068361700479783016e-03,1.363444659164038918e-02,1.000000000000000021e-03
0.000000000000000000e+00,1.124999999999999958e-02,0.000000000000000000e+00
0.000000000000000000e+00,1.124999999999999958e-02,5.000000000000000104e-04
1.043835911355173954e-03,1.179881241699765916e-02,0.000000000000000000e+00
0.000000000000000000e+00,1.281249999999999924e-02,0.000000000000000000e+00
0.000000000000000000e+00,1.124999999999999958e-02,2.500000000000000052e-04
0.000000000000000000e+00,1.281249999999999924e-02,5.000000000000000104e-04
0.000000000000000000e+00,1.124999999999999958e-02,1.000000000000000021e-03
0.000000000000000000e+00,1.124999999999999958e-02,7.500000000000000156e-04
1.043835911355173954e-03,1.179881241699765916e-02,1.000000000000000021e-03
0.000000000000000000e+00,1.281249999999999924e-02,1.000000000000000021e-03
9.301523716084066085e-03,1.530085715369801022e-02,0.000000000000000000e+00
9.901657461554570078e-03,1.576384302181371017e-02,0.000000000000000000e+00
9.901657461554570078e-03,1.576384302181371017e-02,5.000000000000000104e-04
9.601590588819318081e-03,1.553235008775586019e-02,0.000000000000000000e+00
9.743996048911407470e-03,1.602688519741872833e-02,0.000000000000000000e+00
9.165884640684959089e-03,1.564932223876278061e-02,0.000000000000000000e+00
9.901657461554570078e-03,1.576384302181371017e-02,2.500000000000000052e-04
9.743996048911407470e-03,1.602688519741872833e-02,5.000000000000000104e-04
9.301523716084066085e-03,1.530085715369801022e-02,1.000000000000000021e-03
9.901657461554570078e-03,1.576384302181371017e-02,1.000000000000000021e-03
9.901657461554570078e-03,1.576384302181371017e-02,7.500000000000000156e-04
9.601590588819318081e-03,1.553235008775586019e-02,1.000000000000000021e-03
9.743996048911407470e-03,1.602688519741872833e-02,1.000000000000000021e-03
9.165884640684959089e-03,1.564932223876278061e-02,1.000000000000000021e-03
8.581363224802712741e-03,1.474527411445409990e-02,0.000000000000000000e+00
8.941443470443389413e-03,1.502306563407605072e-02,0.000000000000000000e+00
8.456225859271363637e-03,1.518773454994722973e-02,0.000000000000000000e+00
8.581363224802712741e-03,1.474527411445409990e-02,1.000000000000000021e-03
8.941443470443389413e-03,1.502306563407605072e-02,1.000000000000000021e-03
8.456225859271363637e-03,1.518773454994722973e-02,1.000000000000000021e-03
7.717170636522274751e-03,1.407857446828571051e-02,0.000000000000000000e+00
8.149266930662493746e-03,1.441192429136990000e-02,0.000000000000000000e+00
7.604635322817707675e-03,1.463382932413644956e-02,0.000000000000000000e+00
7.717170636522274751e-03,1.407857446828571051e-02,1.000000000000000021e-03
8.149266930662493746e-03,1.441192429136990000e-02,1.000000000000000021e-03
7.604635322817707675e-03,1.463382932413644956e-02,1.000000000000000021e-03
6.680139537459688602e-03,1.327853489813200956e-02,0.000000000000000000e+00
7.198655086990982110e-03,1.367855468320886003e-02,0.000000000000000000e+00
6.582726685851592215e-03,1.396914305752387959e-02,0.000000000000000000e+00
6.680139537459688602e-03,1.327853489813200956e-02,1.000000000000000021e-03
7.198655086990982110e-03,1.367855468320886003e-02,1.000000000000000021e-03
6.582726685851591347e-03,1.396914305752387959e-02,1.000000000000000021e-03
5.435702219321863343e-03,1.231848741445073017e-02,0.000000000000000000e+00
6.057920878390776406e-03,1.279851115629137073e-02,0.000000000000000000e+00
5.356436322224260305e-03,1.317151953800677067e-02,0.000000000000000000e+00
5.435702219321863343e-03,1.231848741445073017e-02,1.000000000000000021e-03
6.057920878390776406e-03,1.279851115629137073e-02,1.000000000000000021e-03
5.356436322224260305e-03,1.317151953800677067e-02,1.000000000000000021e-03
3.942377439514288193e-03,1.116643043546484970e-02,0.000000000000000000e+00
4.689039829418076635e-03,1.174245892495778994e-02,0.000000000000000000e+00
3.884887887807306900e-03,1.221437131577557920e-02,0.000000000000000000e+00
3.942377439514288193e-03,1.116643043546484970e-02,1.000000000000000021e-03
4.689039829418075768e-03,1.174245892495778994e-02,1.000000000000000021e-03
3.884887887807306900e-03,1.221437131577557920e-02,1.000000000000000021e-03
2.150387696973529803e-03,9.783962055363139634e-03,0.000000000000000000e+00
3.046382568243910082e-03,1.047519624541399033e-02,0.000000000000000000e+00
2.119029759841938206e-03,1.106579344467924046e-02,0.000000000000000000e+00
2.150387696973529803e-03,9.783962055363139634e-03,1.000000000000000021e-03
3.046382568243909215e-03,1.047519624541399033e-02,1.000000000000000021e-03
2.119029759841938206e-03,1.106579344467924046e-02,1.000000000000000021e-03
0.000000000000000000e+00,8.124999999999996808e-03,0.000000000000000000e+00
0.000000000000000000e+00,8.124999999999996808e-03,5.000000000000000104e-04
1.075193848486765986e-03,8.954481027681569089e-03,0.000000000000000000e+00
0.000000000000000000e+00,9.687499999999996461e-03,0.000000000000000000e+00
0.000000000000000000e+00,8.124999999999996808e-03,2.500000000000000052e-04
0.000000000000000000e+00,9.687499999999996461e-03,5.000000000000000104e-04
0.000000000000000000e+00,8.124999999999996808e-03,1.000000000000000021e-03
0.000000000000000000e+00,8.124999999999996808e-03,7.500000000000000156e-04
1.075193848486765986e-03,8.954481027681569089e-03,1.000000000000000021e-03
0.000000000000000000e+00,9.687499999999996461e-03,1.000000000000000021e-03
9.666602690049810528e-03,1.466660268982826996e-02,0.000000000000000000e+00
1.029029130879208047e-02,1.529029130879199991e-02,0.000000000000000000e+00
1.029029130879208047e-02,1.529029130879199991e-02,5.000000000000000104e-04
9.978446999420943764e-03,1.497844699931013927e-02,0.000000000000000000e+00
1.008434233324147916e-02,1.551752098698857066e-02,0.000000000000000000e+00
9.484063203066937439e-03,1.498372992176313923e-02,0.000000000000000000e+00
1.029029130879208047e-02,1.529029130879199991e-02,2.500000000000000052e-04
1.008434233324147916e-02,1.551752098698857066e-02,5.000000000000000104e-04
9.666602690049810528e-03,1.466660268982826996e-02,1.000000000000000021e-03
1.029029130879208047e-02,1.529029130879199991e-02,1.000000000000000021e-03
1.029029130879208047e-02,1.529029130879199991e-02,7.500000000000000156e-04
9.978446999420943764e-03,1.497844699931013927e-02,1.000000000000000021e-03
1.008434233324147916e-02,1.551752098698857066e-02,1.000000000000000021e-03
9.484063203066939174e-03,1.498372992176313923e-02,1.000000000000000021e-03
8.918176350964592339e-03,1.391817635043293006e-02,0.000000000000000000e+00
9.292389520507201434e-03,1.429238952013059914e-02,0.000000000000000000e+00
8.749769787883653407e-03,1.433172523244351064e-02,0.000000000000000000e+00
8.918176350964592339e-03,1.391817635043293006e-02,1.000000000000000021e-03
9.292389520507201434e-03,1.429238952013059914e-02,1.000000000000000021e-03
8.749769787883651673e-03,1.433172523244351064e-02,1.000000000000000021e-03
8.020064745360910505e-03,1.302006474440394086e-02,0.000000000000000000e+00
8.469120548162751422e-03,1.346912054741842939e-02,0.000000000000000000e+00
7.868617690941593495e-03,1.354931960634482048e-02,0.000000000000000000e+00
8.020064745360910505e-03,1.302006474440394086e-02,1.000000000000000021e-03
8.469120548162751422e-03,1.346912054741842939e-02,1.000000000000000021e-03
7.868617690941593495e-03,1.354931960634482048e-02,1.000000000000000021e-03
6.942330825770694040e-03,1.194233082423954047e-02,0.000000000000000000e+00
7.481197785565802706e-03,1.248119778432174067e-02,0.000000000000000000e+00
6.811235181615192188e-03,1.261043286118578022e-02,0.000000000000000000e+00
6.942330825770694040e-03,1.194233082423954047e-02,1.000000000000000021e-03
7.481197785565801839e-03,1.248119778432174067e-02,1.000000000000000021e-03
6.811235181615192188e-03,1.261043286118578022e-02,1.000000000000000021e-03
5.649050123017200671e-03,1.064905012072048934e-02,0.000000000000000000e+00
6.295690474393947356e-03,1.129569047248001924e-02,0.000000000000000000e+00
5.542376171169531573e-03,1.148376876758560976e-02,0.000000000000000000e+00
5.649050123017200671e-03,1.064905012072048934e-02,1.000000000000000021e-03
6.295690474393947356e-03,1.129569047248001924e-02,1.000000000000000021e-03
5.542376171169531573e-03,1.148376876758560976e-02,1.000000000000000021e-03
4.097113281733928171e-03,9.097113278426665825e-03,0.000000000000000000e+00
4.873081702375564421e-03,9.873081699573576717e-03,0.000000000000000000e+00
4.019745360624108615e-03,1.013177185694576037e-02,0.000000000000000000e+00
4.097113281733928171e-03,9.097113278426665825e-03,1.000000000000000021e-03
4.873081702375564421e-03,9.873081699573576717e-03,1.000000000000000021e-03
4.019745360624108615e-03,1.013177185694576037e-02,1.000000000000000021e-03
2.234789065140063095e-03,7.234789060509900192e-03,0.000000000000000000e+00
3.165951173436994982e-03,8.165951169468284310e-03,0.000000000000000000e+00
2.192588381056796015e-03,8.509375557936519480e-03,0.000000000000000000e+00
2.234789065140063095e-03,7.234789060509900192e-03,1.000000000000000021e-03
3.165951173436994982e-03,8.165951169468282575e-03,1.000000000000000021e-03
2.192588381056796015e-03,8.509375557936519480e-03,1.000000000000000021e-03
1.117394532570030897e-03,6.117394530254951016e-03,0.000000000000000000e+00
0.000000000000000000e+00,6.562499999999998890e-03,0.000000000000000000e+00
0.000000000000000000e+00,6.562499999999998890e-03,5.000000000000000104e-04
1.117394532570030897e-03,6.117394530254951016e-03,1.000000000000000021e-03
0.000000000000000000e+00,6.562499999999998890e-03,1.000000000000000021e-03
1.030085715386416974e-02,1.430152371580714968e-02,0.000000000000000000e+00
1.076384302181379940e-02,1.490165746155451033e-02,0.000000000000000000e+00
1.076384302181379940e-02,1.490165746155451033e-02,5.000000000000000104e-04
1.053235008783899064e-02,1.460159058868082914e-02,0.000000000000000000e+00
1.051752098698865989e-02,1.508434233324141074e-02,0.000000000000000000e+00
9.983729921956991868e-03,1.448406320281771069e-02,0.000000000000000000e+00
1.076384302181379940e-02,1.490165746155451033e-02,2.500000000000000052e-04
1.051752098698865989e-02,1.508434233324141074e-02,5.000000000000000104e-04
1.030085715386416974e-02,1.430152371580714968e-02,1.000000000000000021e-03
1.076384302181379940e-02,1.490165746155451033e-02,1.000000000000000021e-03
1.076384302181379940e-02,1.490165746155451033e-02,7.500000000000000156e-04
1.053235008783899064e-02,1.460159058868082914e-02,1.000000000000000021e-03
1.051752098698865989e-02,1.508434233324141074e-02,1.000000000000000021e-03
9.983729921956993603e-03,1.448406320281771069e-02,1.000000000000000021e-03
9.745274114852851138e-03,1.358136322413813941e-02,0.000000000000000000e+00
1.002306563435850957e-02,1.394144346997265062e-02,0.000000000000000000e+00
9.331725232908722606e-03,1.374976978728554081e-02,0.000000000000000000e+00
9.745274114852851138e-03,1.358136322413813941e-02,1.000000000000000021e-03
1.002306563435850957e-02,1.394144346997265062e-02,1.000000000000000021e-03
9.331725232908722606e-03,1.374976978728554081e-02,1.000000000000000021e-03
9.078574469003447903e-03,1.271717063532606072e-02,0.000000000000000000e+00
9.411924291928150388e-03,1.314926692973210007e-02,0.000000000000000000e+00
8.549319607182179204e-03,1.286861768986500079e-02,0.000000000000000000e+00
9.078574469003447903e-03,1.271717063532606072e-02,1.000000000000000021e-03
9.411924291928150388e-03,1.314926692973210007e-02,1.000000000000000021e-03
8.549319607182179204e-03,1.286861768986500079e-02,1.000000000000000021e-03
8.278534899280374712e-03,1.168013953554575962e-02,0.000000000000000000e+00
8.678554684141911307e-03,1.219865508543590930e-02,0.000000000000000000e+00
7.610432862525533942e-03,1.181123517989264918e-02,0.000000000000000000e+00
8.278534899280374712e-03,1.168013953554575962e-02,1.000000000000000021e-03
8.678554684141911307e-03,1.219865508543590930e-02,1.000000000000000021e-03
7.610432862525533942e-03,1.181123517989264918e-02,1.000000000000000021e-03
7.318487416173267979e-03,1.043570221645098023e-02,0.000000000000000000e+00
7.798511157726821345e-03,1.105792087599836993e-02,0.000000000000000000e+00
6.483768769595233891e-03,1.054237616858572958e-02,0.000000000000000000e+00
7.318487416173267979e-03,1.043570221645098023e-02,1.000000000000000021e-03
7.798511157726821345e-03,1.105792087599836993e-02,1.000000000000000021e-03
6.483768769595233891e-03,1.054237616858572958e-02,1.000000000000000021e-03
6.166430437945294267e-03,8.942377435380215872e-03,0.000000000000000000e+00
6.742458927059282424e-03,9.689039825915596316e-03,0.000000000000000000e+00
5.131771859839611219e-03,9.019745356903439981e-03,0.000000000000000000e+00
6.166430437945294267e-03,8.942377435380215872e-03,1.000000000000000021e-03
6.742458927059282424e-03,9.689039825915596316e-03,1.000000000000000021e-03
5.131771859839611219e-03,9.019745356903439981e-03,1.000000000000000021e-03
4.783962058835763628e-03,7.150387691185826691e-03,0.000000000000000000e+00
5.475196248390529381e-03,8.046382563283022149e-03,0.000000000000000000e+00
3.509375561987913145e-03,7.192588375847863008e-03,0.000000000000000000e+00
4.783962058835763628e-03,7.150387691185826691e-03,1.000000000000000021e-03
5.475196248390529381e-03,8.046382563283022149e-03,1.000000000000000021e-03
3.509375561987913145e-03,7.192588375847863008e-03,1.000000000000000021e-03
3.954481029417879732e-03,6.075193845592913831e-03,0.000000000000000000e+00
3.954481029417879732e-03,6.075193845592913831e-03,1.000000000000000021e-03
1.099778732393832947e-02,1.403024556495355984e-02,0.000000000000000000e+00
1.130411427385917024e-02,1.461287646090220042e-02,0.000000000000000000e+00
1.130411427385917024e-02,1.461287646090220042e-02,5.000000000000000104e-04
1.115095079889875072e-02,1.432156101292787927e-02,0.000000000000000000e+00
1.102688519741882971e-02,1.474399604891135987e-02,0.000000000000000000e+00
1.064932223890125047e-02,1.416588464038035997e-02,0.000000000000000000e+00
1.130411427385917024e-02,1.461287646090220042e-02,2.500000000000000052e-04
1.102688519741882971e-02,1.474399604891135987e-02,5.000000000000000104e-04
1.099778732393832947e-02,1.403024556495355984e-02,1.000000000000000021e-03
1.130411427385917024e-02,1.461287646090220042e-02,1.000000000000000021e-03
1.130411427385917024e-02,1.461287646090220042e-02,7.500000000000000156e-04
1.115095079889875072e-02,1.432156101292787927e-02,1.000000000000000021e-03
1.102688519741882971e-02,1.474399604891135987e-02,1.000000000000000021e-03
1.064932223890125047e-02,1.416588464038035997e-02,1.000000000000000021e-03
1.063019498570619975e-02,1.333108849294254057e-02,0.000000000000000000e+00
1.081399115482225941e-02,1.368066702894804934e-02,0.000000000000000000e+00
1.018773455027953065e-02,1.345622585854033999e-02,0.000000000000000000e+00
1.063019498570619975e-02,1.333108849294254057e-02,1.000000000000000021e-03
1.081399115482225941e-02,1.368066702894804934e-02,1.000000000000000021e-03
1.018773455027953065e-02,1.345622585854033999e-02,1.000000000000000021e-03
1.018908418046569030e-02,1.249210000767769085e-02,0.000000000000000000e+00
1.040963958308594069e-02,1.291159425031010964e-02,0.000000000000000000e+00
9.633829324734567365e-03,1.260463532150186972e-02,0.000000000000000000e+00
1.018908418046569030e-02,1.249210000767769085e-02,1.000000000000000021e-03
1.040963958308594069e-02,1.291159425031010964e-02,1.000000000000000021e-03
9.633829324734567365e-03,1.260463532150188012e-02,1.000000000000000021e-03
9.659751217681341109e-03,1.148531383194677929e-02,0.000000000000000000e+00
9.924417699073513968e-03,1.198870691981224028e-02,0.000000000000000000e+00
8.969143058480857911e-03,1.158272668374626946e-02,0.000000000000000000e+00
9.659751217681341109e-03,1.148531383194677929e-02,1.000000000000000021e-03
9.924417699073513968e-03,1.198870691981224028e-02,1.000000000000000021e-03
8.969143058480857911e-03,1.158272668374626946e-02,1.000000000000000021e-03
9.024551662711169375e-03,1.027717042168159976e-02,0.000000000000000000e+00
9.342151440196254375e-03,1.088124212681419040e-02,0.000000000000000000e+00
8.171519539442218677e-03,1.035643631906629086e-02,0.000000000000000000e+00
9.024551662711169375e-03,1.027717042168159976e-02,1.000000000000000021e-03
9.342151440196254375e-03,1.088124212681419040e-02,1.000000000000000021e-03
8.171519539442218677e-03,1.035643631906629086e-02,1.000000000000000021e-03
8.262312197739953706e-03,8.827398331139440710e-03,0.000000000000000000e+00
8.643431930225561541e-03,9.552284376410518502e-03,0.000000000000000000e+00
7.214371317842624420e-03,8.884887883259827424e-03,0.000000000000000000e+00
8.262312197739953706e-03,8.827398331139440710e-03,1.000000000000000021e-03
8.643431930225561541e-03,9.552284376410518502e-03,1.000000000000000021e-03
7.214371317842624420e-03,8.884887883259827424e-03,1.000000000000000021e-03
7.347624836310413798e-03,7.087671815765103286e-03,0.000000000000000000e+00
7.804968517025182885e-03,7.957535073452271998e-03,0.000000000000000000e+00
6.065793447573087846e-03,7.119029753475464989e-03,0.000000000000000000e+00
7.347624836310413798e-03,7.087671815765103286e-03,1.000000000000000021e-03
7.804968517025183752e-03,7.957535073452271998e-03,1.000000000000000021e-03
6.065793447573088713e-03,7.119029753475464989e-03,1.000000000000000021e-03
6.798812418155203603e-03,6.043835907882552129e-03,0.000000000000000000e+00
6.798812418155203603e-03,6.043835907882552129e-03,1.000000000000000021e-03
1.173788927135381924e-02,1.386319330446919920e-02,0.000000000000000000e+00
1.189034274369969030e-02,1.443504599873988992e-02,0.000000000000000000e+00
1.189034274369969030e-02,1.443504599873988992e-02,5.000000000000000104e-04
1.181411600752674956e-02,1.414911965160454976e-02,0.000000000000000000e+00
1.159286038357989004e-02,1.450956145083681995e-02,0.000000000000000000e+00
1.136783829764606915e-02,1.394671943471137952e-02,0.000000000000000000e+00
1.189034274369969030e-02,1.443504599873988992e-02,2.500000000000000052e-04
1.159286038357989004e-02,1.450956145083681995e-02,5.000000000000000104e-04
1.173788927135381924e-02,1.386319330446919920e-02,1.000000000000000021e-03
1.189034274369969030e-02,1.443504599873988992e-02,1.000000000000000021e-03
1.189034274369969030e-02,1.443504599873988992e-02,7.500000000000000156e-04
1.181411600752674956e-02,1.414911965160454976e-02,1.000000000000000021e-03
1.159286038357989004e-02,1.450956145083681995e-02,1.000000000000000021e-03
1.136783829764606915e-02,1.394671943471137952e-02,1.000000000000000021e-03
1.155494510537143082e-02,1.317697007440771922e-02,0.000000000000000000e+00
1.164641718836261983e-02,1.352008168943845921e-02,0.000000000000000000e+00
1.109257004553882049e-02,1.325402928367513077e-02,0.000000000000000000e+00
1.155494510537143082e-02,1.317697007440771922e-02,1.000000000000000021e-03
1.164641718836261983e-02,1.352008168943845921e-02,1.000000000000000021e-03
1.109257004553882049e-02,1.325402928367513077e-02,1.000000000000000021e-03
1.133541210651013015e-02,1.235350219945369026e-02,0.000000000000000000e+00
1.144517860594078049e-02,1.276523613693071081e-02,0.000000000000000000e+00
1.076224814348790935e-02,1.242280110356568969e-02,0.000000000000000000e+00
1.133541210651013015e-02,1.235350219945369026e-02,1.000000000000000021e-03
1.144517860594078049e-02,1.276523613693071081e-02,1.000000000000000021e-03
1.076224814348790935e-02,1.242280110356568969e-02,1.000000000000000021e-03
1.107197250962062979e-02,1.136534075596505079e-02,0.000000000000000000e+00
1.120369230806537997e-02,1.185942147770937052e-02,0.000000000000000000e+00
1.036586186365097938e-02,1.142532729395591938e-02,0.000000000000000000e+00
1.107197250962062979e-02,1.136534075596505079e-02,1.000000000000000021e-03
1.120369230806537997e-02,1.185942147770937052e-02,1.000000000000000021e-03
1.036586186365097938e-02,1.142532729395591938e-02,1.000000000000000021e-03
1.075584499353792953e-02,1.017954702436865005e-02,0.000000000000000000e+00
1.091390875157927966e-02,1.077244389016684956e-02,0.000000000000000000e+00
9.890198328124549451e-03,1.022835872302512057e-02,0.000000000000000000e+00
1.075584499353792953e-02,1.017954702436865005e-02,1.000000000000000021e-03
1.091390875157927966e-02,1.077244389016684956e-02,1.000000000000000021e-03
9.890198328124549451e-03,1.022835872302512057e-02,1.000000000000000021e-03
1.037649197473292963e-02,8.756594548183404408e-03,0.000000000000000000e+00
1.056616848413543044e-02,9.468070786276025497e-03,0.000000000000000000e+00
9.319402086236442534e-03,8.791996439661423426e-03,0.000000000000000000e+00
1.037649197473292963e-02,8.756594548183404408e-03,1.000000000000000021e-03
1.056616848413543044e-02,9.468070786276025497e-03,1.000000000000000021e-03
9.319402086236444269e-03,8.791996439661421692e-03,1.000000000000000021e-03
9.921268350442994516e-03,7.049051570146439363e-03,0.000000000000000000e+00
1.014888016258795947e-02,7.902823059164922753e-03,0.000000000000000000e+00
8.634446593376702422e-03,7.068361692955771325e-03,0.000000000000000000e+00
9.921268350442994516e-03,7.049051570146439363e-03,1.000000000000000021e-03
1.014888016258795947e-02,7.902823059164922753e-03,1.000000000000000021e-03
8.634446593376704157e-03,7.068361692955771325e-03,1.000000000000000021e-03
9.648134175221494482e-03,6.024525785073220167e-03,0.000000000000000000e+00
9.648134175221494482e-03,6.024525785073220167e-03,1.000000000000000021e-03
1.250000000000000069e-02,1.380678665903944079e-02,0.000000000000000000e+00
1.250000000000010998e-02,1.437500000000000062e-02,0.000000000000000000e+00
1.250000000000010998e-02,1.437500000000000062e-02,5.000000000000000104e-04
1.250000000000000069e-02,1.409089332951972071e-02,0.000000000000000000e+00
1.219369643647023015e-02,1.439004772914937932e-02,0.000000000000000000e+00
1.211894463567690997e-02,1.383498998175432086e-02,0.000000000000000000e+00
1.250000000000010998e-02,1.437500000000000062e-02,2.500000000000000052e-04
1.219369643647023015e-02,1.439004772914937932e-02,5.000000000000000104e-04
1.250000000000000069e-02,1.380678665903944079e-02,1.000000000000000021e-03
1.250000000000010998e-02,1.437500000000000062e-02,1.000000000000000021e-03
1.250000000000010998e-02,1.437500000000000062e-02,7.500000000000000156e-04
1.250000000000000069e-02,1.409089332951972071e-02,1.000000000000000021e-03
1.219369643647023015e-02,1.439004772914937932e-02,1.000000000000000021e-03
1.211894463567690997e-02,1.383498998175432086e-02,1.000000000000000021e-03
1.250000000000000069e-02,1.312493065292482004e-02,0.000000000000000000e+00
1.250000000000000069e-02,1.346585865598213042e-02,0.000000000000000000e+00
1.202747255268571923e-02,1.315095036366627050e-02,0.000000000000000000e+00
1.250000000000000069e-02,1.312493065292482004e-02,1.000000000000000021e-03
1.250000000000000069e-02,1.346585865598213042e-02,1.000000000000000021e-03
1.202747255268571923e-02,1.315095036366627050e-02,1.000000000000000021e-03
1.250000000000000069e-02,1.230670344669296951e-02,0.000000000000000000e+00
1.250000000000000069e-02,1.271581704980890085e-02,0.000000000000000000e+00
1.191770605325507063e-02,1.233010282307333075e-02,0.000000000000000000e+00
1.250000000000000069e-02,1.230670344669296951e-02,1.000000000000000021e-03
1.250000000000000069e-02,1.271581704980890085e-02,1.000000000000000021e-03
1.191770605325507063e-02,1.233010282307333075e-02,1.000000000000000021e-03
1.250000000000000069e-02,1.132483080562153056e-02,0.000000000000000000e+00
1.250000000000000069e-02,1.181576712615724917e-02,0.000000000000000000e+00
1.178598625481032044e-02,1.134508578079329068e-02,0.000000000000000000e+00
1.250000000000000069e-02,1.132483080562153056e-02,1.000000000000000021e-03
1.250000000000000069e-02,1.181576712615724917e-02,1.000000000000000021e-03
1.178598625481032044e-02,1.134508578079329068e-02,1.000000000000000021e-03
1.250000000000000069e-02,1.014658363691199952e-02,0.000000000000000000e+00
1.250000000000000069e-02,1.073570722126676071e-02,0.000000000000000000e+00
1.162792249676897031e-02,1.016306533064031958e-02,0.000000000000000000e+00
1.250000000000000069e-02,1.014658363691199952e-02,1.000000000000000021e-03
1.250000000000000069e-02,1.073570722126676071e-02,1.000000000000000021e-03
1.162792249676897031e-02,1.016306533064031958e-02,1.000000000000000021e-03
1.250000000000000069e-02,8.732687036168002015e-03,0.000000000000000000e+00
1.250000000000000069e-02,9.439635336539999033e-03,0.000000000000000000e+00
1.143824598736646950e-02,8.744640792175703212e-03,0.000000000000000000e+00
1.250000000000000069e-02,8.732687036168002015e-03,1.000000000000000021e-03
1.250000000000000069e-02,9.439635336539999033e-03,1.000000000000000021e-03
1.143824598736646950e-02,8.744640792175703212e-03,1.000000000000000021e-03
1.250000000000000069e-02,7.036011108688233762e-03,0.000000000000000000e+00
1.250000000000000069e-02,7.884349072428117888e-03,0.000000000000000000e+00
1.121063417522149934e-02,7.042531339417337430e-03,0.000000000000000000e+00
1.250000000000000069e-02,7.036011108688233762e-03,1.000000000000000021e-03
1.250000000000000069e-02,7.884349072428117888e-03,1.000000000000000021e-03
1.121063417522149934e-02,7.042531339417337430e-03,1.000000000000000021e-03
1.250000000000000069e-02,6.018005554344117367e-03,0.000000000000000000e+00
1.250000000000000069e-02,6.018005554344117367e-03,1.000000000000000021e-03
1.326211072873339017e-02,1.386319330444013044e-02,0.000000000000000000e+00
1.310965725630050017e-02,1.443504599873991941e-02,0.000000000000000000e+00
1.310965725630050017e-02,1.443504599873991941e-02,5.000000000000000104e-04
1.318588399251694084e-02,1.414911965159003013e-02,0.000000000000000000e+00
1.280630356352997941e-02,1.439004772914940014e-02,0.000000000000000000e+00
1.288105536436670064e-02,1.383498998173979082e-02,0.000000000000000000e+00
1.310965725630050017e-02,1.443504599873991941e-02,2.500000000000000052e-04
1.280630356352997941e-02,1.439004772914940014e-02,5.000000000000000104e-04
1.326211072873339017e-02,1.386319330444013044e-02,1.000000000000000021e-03
1.310965725630050017e-02,1.443504599873991941e-02,1.000000000000000021e-03
1.310965725630050017e-02,1.443504599873991941e-02,7.500000000000000156e-04
1.318588399251694084e-02,1.414911965159003013e-02,1.000000000000000021e-03
1.280630356352997941e-02,1.439004772914940014e-02,1.000000000000000021e-03
1.288105536436670064e-02,1.383498998173979082e-02,1.000000000000000021e-03
1.344505489483775046e-02,1.317697007433788967e-02,0.000000000000000000e+00
1.335358281178557031e-02,1.352008168938900919e-02,0.000000000000000000e+00
1.297252744741887037e-02,1.315095036363135919e-02,0.000000000000000000e+00
1.344505489483775046e-02,1.317697007433788967e-02,1.000000000000000021e-03
1.335358281178557031e-02,1.352008168938900919e-02,1.000000000000000021e-03
1.297252744741887037e-02,1.315095036363135919e-02,1.000000000000000021e-03
1.366458789386630970e-02,1.235350219932796964e-02,0.000000000000000000e+00
1.355482139435203008e-02,1.276523613683292965e-02,0.000000000000000000e+00
1.308229394693316040e-02,1.233010282301046957e-02,0.000000000000000000e+00
1.366458789386630970e-02,1.235350219932796964e-02,1.000000000000000021e-03
1.355482139435203008e-02,1.276523613683292965e-02,1.000000000000000021e-03
1.308229394693316040e-02,1.233010282301046957e-02,1.000000000000000021e-03
1.392802749098162943e-02,1.136534075576388012e-02,0.000000000000000000e+00
1.379630769242396957e-02,1.185942147754593008e-02,0.000000000000000000e+00
1.321401374549082026e-02,1.134508578069269927e-02,0.000000000000000000e+00
1.392802749098162943e-02,1.136534075576388012e-02,1.000000000000000021e-03
1.379630769242396957e-02,1.185942147754593008e-02,1.000000000000000021e-03
1.321401374549082026e-02,1.134508578069269927e-02,1.000000000000000021e-03
1.424415500736542044e-02,1.017954702406687062e-02,0.000000000000000000e+00
1.408609124917352927e-02,1.077244388991538057e-02,0.000000000000000000e+00
1.337207750368270970e-02,1.016306533048942987e-02,0.000000000000000000e+00
1.424415500736542044e-02,1.017954702406687062e-02,1.000000000000000021e-03
1.408609124917352927e-02,1.077244388991538057e-02,1.000000000000000021e-03
1.337207750368270970e-02,1.016306533048942987e-02,1.000000000000000021e-03
1.462350802656785069e-02,8.756594547748831892e-03,0.000000000000000000e+00
1.443383151696663036e-02,9.468070785907849521e-03,0.000000000000000000e+00
1.356175401328391962e-02,8.744640791958416953e-03,0.000000000000000000e+00
1.462350802656785069e-02,8.756594547748831892e-03,1.000000000000000021e-03
1.443383151696663036e-02,9.468070785907851256e-03,1.000000000000000021e-03
1.356175401328391962e-02,8.744640791958416953e-03,1.000000000000000021e-03
1.507873165137806927e-02,7.049051569538023268e-03,0.000000000000000000e+00
1.485111983897295998e-02,7.902823058643426712e-03,0.000000000000000000e+00
1.378936582568903932e-02,7.042531339113129382e-03,0.000000000000000000e+00
1.507873165137806927e-02,7.049051569538023268e-03,1.000000000000000021e-03
1.485111983897295998e-02,7.902823058643426712e-03,1.000000000000000021e-03
1.378936582568903932e-02,7.042531339113129382e-03,1.000000000000000021e-03
1.535186582568904071e-02,6.024525784769012120e-03,0.000000000000000000e+00
1.535186582568904071e-02,6.024525784769012120e-03,1.000000000000000021e-03
1.400221267623654071e-02,1.403024556489262074e-02,0.000000000000000000e+00
1.369588572614098033e-02,1.461287646090225940e-02,0.000000000000000000e+00
1.369588572614098033e-02,1.461287646090225940e-02,5.000000000000000104e-04
1.384904920118876052e-02,1.432156101289744007e-02,0.000000000000000000e+00
1.340713961642027961e-02,1.450956145083688066e-02,0.000000000000000000e+00
1.363216170248496978e-02,1.394671943466638080e-02,0.000000000000000000e+00
1.369588572614098033e-02,1.461287646090225940e-02,2.500000000000000052e-04
1.340713961642027961e-02,1.450956145083688066e-02,5.000000000000000104e-04
1.400221267623654071e-02,1.403024556489262074e-02,1.000000000000000021e-03
1.369588572614098033e-02,1.461287646090225940e-02,1.000000000000000021e-03
1.369588572614098033e-02,1.461287646090225940e-02,7.500000000000000156e-04
1.384904920118876052e-02,1.432156101289744007e-02,1.000000000000000021e-03
1.340713961642027961e-02,1.450956145083688066e-02,1.000000000000000021e-03
1.363216170248496978e-02,1.394671943466638080e-02,1.000000000000000021e-03
1.436980501471338961e-02,1.333108849279619063e-02,0.000000000000000000e+00
1.418600884547496083e-02,1.368066702884441002e-02,0.000000000000000000e+00
1.390742995477557004e-02,1.325402928356704015e-02,0.000000000000000000e+00
1.436980501471338961e-02,1.333108849279619063e-02,1.000000000000000021e-03
1.418600884547496083e-02,1.368066702884441002e-02,1.000000000000000021e-03
1.390742995477557004e-02,1.325402928356704015e-02,1.000000000000000021e-03
1.481091582028951081e-02,1.249210000741421932e-02,0.000000000000000000e+00
1.459036041750145021e-02,1.291159425010520063e-02,0.000000000000000000e+00
1.423775185707791026e-02,1.242280110337110055e-02,0.000000000000000000e+00
1.481091582028951081e-02,1.249210000741421932e-02,1.000000000000000021e-03
1.459036041750145021e-02,1.291159425010520063e-02,1.000000000000000021e-03
1.423775185707791026e-02,1.242280110337110055e-02,1.000000000000000021e-03
1.534024878352694028e-02,1.148531383152518945e-02,0.000000000000000000e+00
1.507558230190821948e-02,1.198870691946970005e-02,0.000000000000000000e+00
1.463413813725428919e-02,1.142532729364452958e-02,0.000000000000000000e+00
1.534024878352694028e-02,1.148531383152518945e-02,1.000000000000000021e-03
1.507558230190821948e-02,1.198870691946970005e-02,1.000000000000000021e-03
1.463413813725428919e-02,1.142532729364452958e-02,1.000000000000000021e-03
1.597544833910120865e-02,1.027717042104918030e-02,0.000000000000000000e+00
1.565784856131407013e-02,1.088124212628717967e-02,0.000000000000000000e+00
1.510980167323331021e-02,1.022835872255803066e-02,0.000000000000000000e+00
1.597544833910120865e-02,1.027717042104918030e-02,1.000000000000000021e-03
1.565784856131407013e-02,1.088124212628717967e-02,1.000000000000000021e-03
1.510980167323331021e-02,1.022835872255803066e-02,1.000000000000000021e-03
1.673768780486984895e-02,8.827398330228736906e-03,0.000000000000000000e+00
1.635656807198553053e-02,9.552284375638958602e-03,0.000000000000000000e+00
1.568059791571884895e-02,8.791996438988784399e-03,0.000000000000000000e+00
1.673768780486984895e-02,8.827398330228736906e-03,1.000000000000000021e-03
1.635656807198553053e-02,9.552284375638958602e-03,1.000000000000000021e-03
1.568059791571884895e-02,8.791996438988784399e-03,1.000000000000000021e-03
1.765237516734327952e-02,7.087671814490095409e-03,0.000000000000000000e+00
1.719503148610656076e-02,7.957535072359415290e-03,0.000000000000000000e+00
1.636555340936067873e-02,7.068361692014059339e-03,0.000000000000000000e+00
1.765237516734327952e-02,7.087671814490095409e-03,1.000000000000000021e-03
1.719503148610656076e-02,7.957535072359415290e-03,1.000000000000000021e-03
1.636555340936067873e-02,7.068361692014059339e-03,1.000000000000000021e-03
1.820118758367163941e-02,6.043835907245047323e-03,0.000000000000000000e+00
1.820118758367163941e-02,6.043835907245047323e-03,1.000000000000000021e-03
1.469914284639944023e-02,1.430152371571171040e-02,0.000000000000000000e+00
1.423615697818631995e-02,1.490165746155459013e-02,0.000000000000000000e+00
1.423615697818631995e-02,1.490165746155459013e-02,5.000000000000000104e-04
1.446764991229287922e-02,1.460159058863315026e-02,0.000000000000000000e+00
1.397311480258131046e-02,1.474399604891142926e-02,0.000000000000000000e+00
1.435067776131799047e-02,1.416588464030217077e-02,0.000000000000000000e+00
1.423615697818631995e-02,1.490165746155459013e-02,2.500000000000000052e-04
1.397311480258131046e-02,1.474399604891142926e-02,5.000000000000000104e-04
1.469914284639944023e-02,1.430152371571171040e-02,1.000000000000000021e-03
1.423615697818631995e-02,1.490165746155459013e-02,1.000000000000000021e-03
1.423615697818631995e-02,1.490165746155459013e-02,7.500000000000000156e-04
1.446764991229287922e-02,1.460159058863315026e-02,1.000000000000000021e-03
1.397311480258131046e-02,1.474399604891142926e-02,1.000000000000000021e-03
1.435067776131799047e-02,1.416588464030217077e-02,1.000000000000000021e-03
1.525472588577975012e-02,1.358136322390897030e-02,0.000000000000000000e+00
1.497693436608958997e-02,1.394144346981033948e-02,0.000000000000000000e+00
1.481226545024657074e-02,1.345622585835258046e-02,0.000000000000000000e+00
1.525472588577975012e-02,1.358136322390897030e-02,1.000000000000000021e-03
1.497693436608958997e-02,1.394144346981033948e-02,1.000000000000000021e-03
1.481226545024657074e-02,1.345622585835258046e-02,1.000000000000000021e-03
1.592142553213518955e-02,1.271717063491350011e-02,0.000000000000000000e+00
1.558807570895747070e-02,1.314926692941124041e-02,0.000000000000000000e+00
1.536617067621235018e-02,1.260463532116386058e-02,0.000000000000000000e+00
1.592142553213518955e-02,1.271717063491350011e-02,1.000000000000000021e-03
1.558807570895747070e-02,1.314926692941124041e-02,1.000000000000000021e-03
1.536617067621235018e-02,1.260463532116386058e-02,1.000000000000000021e-03
1.672146510254142113e-02,1.168013953488561928e-02,0.000000000000000000e+00
1.632144531733830881e-02,1.219865508489956056e-02,0.000000000000000000e+00
1.603085694303418157e-02,1.158272668320540003e-02,0.000000000000000000e+00
1.672146510254142113e-02,1.168013953488561928e-02,1.000000000000000021e-03
1.632144531733830881e-02,1.219865508489956056e-02,1.000000000000000021e-03
1.603085694303418157e-02,1.158272668320540003e-02,1.000000000000000021e-03
1.768151258655939126e-02,1.043570221546073935e-02,0.000000000000000000e+00
1.720148884455039925e-02,1.105792087517317931e-02,0.000000000000000000e+00
1.682848046283030169e-02,1.035643631825496069e-02,0.000000000000000000e+00
1.768151258655939126e-02,1.043570221546073935e-02,1.000000000000000021e-03
1.720148884455039925e-02,1.105792087517317931e-02,1.000000000000000021e-03
1.682848046283030169e-02,1.035643631825496069e-02,1.000000000000000021e-03
1.883356956598971829e-02,8.942377433954235011e-03,0.000000000000000000e+00
1.825754107627456171e-02,9.689039824707486315e-03,0.000000000000000000e+00
1.778562868542978015e-02,8.884887882091485958e-03,0.000000000000000000e+00
1.883356956598971829e-02,8.942377433954235011e-03,1.000000000000000021e-03
1.825754107627456171e-02,9.689039824707486315e-03,1.000000000000000021e-03
1.778562868542978015e-02,8.884887882091485958e-03,1.000000000000000021e-03
2.021603794667324941e-02,7.150387689189427118e-03,0.000000000000000000e+00
1.952480375633149079e-02,8.046382561571831932e-03,0.000000000000000000e+00
1.893420655700826100e-02,7.119029751839761264e-03,0.000000000000000000e+00
2.021603794667324941e-02,7.150387689189427118e-03,1.000000000000000021e-03
1.952480375633148038e-02,8.046382561571831932e-03,1.000000000000000021e-03
1.893420655700826100e-02,7.119029751839761264e-03,1.000000000000000021e-03
2.104551897333661881e-02,6.075193844594714045e-03,0.000000000000000000e+00
2.104551897333661881e-02,6.075193844594714045e-03,1.000000000000000021e-03
1.533339731030411955e-02,1.466660268969595914e-02,0.000000000000000000e+00
1.470970869120800072e-02,1.529029130879207971e-02,0.000000000000000000e+00
1.470970869120800072e-02,1.529029130879207971e-02,5.000000000000000104e-04
1.502155300075606013e-02,1.497844699924402029e-02,0.000000000000000000e+00
1.448247901301144037e-02,1.508434233324149054e-02,0.000000000000000000e+00
1.501627007835177989e-02,1.448406320270382956e-02,0.000000000000000000e+00
1.470970869120800072e-02,1.529029130879207971e-02,2.500000000000000052e-04
1.448247901301144037e-02,1.508434233324149054e-02,5.000000000000000104e-04
1.533339731030411955e-02,1.466660268969595914e-02,1.000000000000000021e-03
1.470970869120800072e-02,1.529029130879207971e-02,1.000000000000000021e-03
1.470970869120800072e-02,1.529029130879207971e-02,7.500000000000000156e-04
1.502155300075606013e-02,1.497844699924402029e-02,1.000000000000000021e-03
1.448247901301144037e-02,1.508434233324149054e-02,1.000000000000000021e-03
1.501627007835177989e-02,1.448406320270382956e-02,1.000000000000000021e-03
1.608182364988480079e-02,1.391817635011526923e-02,0.000000000000000000e+00
1.570761048009446104e-02,1.429238951990561071e-02,0.000000000000000000e+00
1.566827476783226938e-02,1.374976978701212063e-02,0.000000000000000000e+00
1.608182364988480079e-02,1.391817635011526923e-02,1.000000000000000021e-03
1.570761048009446104e-02,1.429238951990561071e-02,1.000000000000000021e-03
1.566827476783226938e-02,1.374976978701212063e-02,1.000000000000000021e-03
1.697993525616798074e-02,1.302006474383208927e-02,0.000000000000000000e+00
1.653087945302638903e-02,1.346912054697367925e-02,0.000000000000000000e+00
1.645068039415158168e-02,1.286861768937279035e-02,0.000000000000000000e+00
1.697993525616798074e-02,1.302006474383208927e-02,1.000000000000000021e-03
1.653087945302638903e-02,1.346912054697367925e-02,1.000000000000000021e-03
1.645068039415158168e-02,1.286861768937279035e-02,1.000000000000000021e-03
1.805766917667550944e-02,1.194233082332453975e-02,0.000000000000000000e+00
1.751880221642174856e-02,1.248119778357830931e-02,0.000000000000000000e+00
1.738956713960846875e-02,1.181123517910507952e-02,0.000000000000000000e+00
1.805766917667550944e-02,1.194233082332453975e-02,1.000000000000000021e-03
1.751880221642174856e-02,1.248119778357830931e-02,1.000000000000000021e-03
1.738956713960846875e-02,1.181123517910507952e-02,1.000000000000000021e-03
1.935094988065209909e-02,1.064905011934795011e-02,0.000000000000000000e+00
1.870430952866379906e-02,1.129569047133623973e-02,0.000000000000000000e+00
1.851623123360573997e-02,1.054237616740433953e-02,0.000000000000000000e+00
1.935094988065209909e-02,1.064905011934795011e-02,1.000000000000000021e-03
1.870430952866379906e-02,1.129569047133623973e-02,1.000000000000000021e-03
1.851623123360573997e-02,1.054237616740433953e-02,1.000000000000000021e-03
2.090288672354985097e-02,9.097113276450180877e-03,0.000000000000000000e+00
2.012691830210096983e-02,9.873081697899065493e-03,0.000000000000000000e+00
1.986822814476979157e-02,9.019745355202208811e-03,0.000000000000000000e+00
2.090288672354985097e-02,9.097113276450180877e-03,1.000000000000000021e-03
2.012691830210098023e-02,9.873081697899065493e-03,1.000000000000000021e-03
1.986822814476979157e-02,9.019745355202207077e-03,1.000000000000000021e-03
2.276521094225723157e-02,7.234789057742789867e-03,0.000000000000000000e+00
2.183404883290353954e-02,8.165951167096485372e-03,0.000000000000000000e+00
2.149062444446523876e-02,7.192588373466107625e-03,0.000000000000000000e+00
2.276521094225723157e-02,7.234789057742789867e-03,1.000000000000000021e-03
2.183404883290353954e-02,8.165951167096485372e-03,1.000000000000000021e-03
2.149062444446523876e-02,7.192588373466107625e-03,1.000000000000000021e-03
2.388260547112861995e-02,6.117394528871395419e-03,0.000000000000000000e+00
2.388260547112861995e-02,6.117394528871395419e-03,1.000000000000000021e-03
1.569847628428834921e-02,1.530085715360065060e-02,0.000000000000000000e+00
1.509834253844547988e-02,1.576384302181377955e-02,0.000000000000000000e+00
1.509834253844547988e-02,1.576384302181377955e-02,5.000000000000000104e-04
1.539840941136690934e-02,1.553235008770722028e-02,0.000000000000000000e+00
1.491565766675857947e-02,1.551752098698865046e-02,0.000000000000000000e+00
1.551593679729624045e-02,1.498372992164830053e-02,0.000000000000000000e+00
1.509834253844547988e-02,1.576384302181377955e-02,2.500000000000000052e-04
1.491565766675857947e-02,1.551752098698865046e-02,5.000000000000000104e-04
1.569847628428834921e-02,1.530085715360065060e-02,1.000000000000000021e-03
1.509834253844547988e-02,1.576384302181377955e-02,1.000000000000000021e-03
1.509834253844547988e-02,1.576384302181377955e-02,7.500000000000000156e-04
1.539840941136690934e-02,1.553235008770722028e-02,1.000000000000000021e-03
1.491565766675857947e-02,1.551752098698865046e-02,1.000000000000000021e-03
1.551593679729624045e-02,1.498372992164830053e-02,1.000000000000000021e-03
1.641863677609108063e-02,1.474527411422034071e-02,0.000000000000000000e+00
1.605855653018972012e-02,1.502306563391050086e-02,0.000000000000000000e+00
1.625023021298794071e-02,1.433172523216780063e-02,0.000000000000000000e+00
1.641863677609108063e-02,1.474527411422034071e-02,1.000000000000000021e-03
1.605855653018972012e-02,1.502306563391050086e-02,1.000000000000000021e-03
1.625023021298794071e-02,1.433172523216780063e-02,1.000000000000000021e-03
1.728282936508655082e-02,1.407857446786488914e-02,0.000000000000000000e+00
1.685073307058881920e-02,1.441192429104260972e-02,0.000000000000000000e+00
1.713138231062726058e-02,1.354931960584849007e-02,0.000000000000000000e+00
1.728282936508655082e-02,1.407857446786488914e-02,1.000000000000000021e-03
1.685073307058881920e-02,1.441192429104260972e-02,1.000000000000000021e-03
1.713138231062726058e-02,1.354931960584849007e-02,1.000000000000000021e-03
1.831986046511442992e-02,1.327853489745865062e-02,0.000000000000000000e+00
1.780134491510048864e-02,1.367855468266176988e-02,0.000000000000000000e+00
1.818876482089496968e-02,1.261043286039159085e-02,0.000000000000000000e+00
1.831986046511442992e-02,1.327853489745865062e-02,1.000000000000000021e-03
1.780134491510048864e-02,1.367855468266176988e-02,1.000000000000000021e-03
1.818876482089496968e-02,1.261043286039159085e-02,1.000000000000000021e-03
1.956429778453929944e-02,1.231848741344065967e-02,0.000000000000000000e+00
1.894207912482686121e-02,1.279851115544966035e-02,0.000000000000000000e+00
1.945762383259570100e-02,1.148376876639430923e-02,0.000000000000000000e+00
1.956429778453929944e-02,1.231848741344065967e-02,1.000000000000000021e-03
1.894207912482686121e-02,1.279851115544966035e-02,1.000000000000000021e-03
1.945762383259570100e-02,1.148376876639430923e-02,1.000000000000000021e-03
2.105762256604579163e-02,1.116643043401032050e-02,0.000000000000000000e+00
2.031096017529255074e-02,1.174245892372548922e-02,0.000000000000000000e+00
2.098025464479781957e-02,1.013177185523025069e-02,0.000000000000000000e+00
2.105762256604579163e-02,1.116643043401032050e-02,1.000000000000000021e-03
2.031096017529255074e-02,1.174245892372548922e-02,1.000000000000000021e-03
2.098025464479781957e-02,1.013177185523025069e-02,1.000000000000000021e-03
2.284961231081059085e-02,9.783962053326773767e-03,0.000000000000000000e+00
2.195361743842819124e-02,1.047519624366853933e-02,0.000000000000000000e+00
2.280741162653391121e-02,8.509375555534780949e-03,0.000000000000000000e+00
2.284961231081059085e-02,9.783962053326773767e-03,1.000000000000000021e-03
2.195361743842819124e-02,1.047519624366854973e-02,1.000000000000000021e-03
2.280741162653391121e-02,8.509375555534780949e-03,1.000000000000000021e-03
2.500000000000000139e-02,8.125000000000007216e-03,0.000000000000000000e+00
2.500000000000000139e-02,8.125000000000007216e-03,5.000000000000000104e-04
2.392480615540529959e-02,8.954481026663390492e-03,0.000000000000000000e+00
2.500000000000000139e-02,6.562500000000004094e-03,0.000000000000000000e+00
2.500000000000000139e-02,8.125000000000007216e-03,2.500000000000000052e-04
2.500000000000000139e-02,6.562500000000004094e-03,5.000000000000000104e-04
2.500000000000000139e-02,8.125000000000007216e-03,1.000000000000000021e-03
2.500000000000000139e-02,8.125000000000007216e-03,7.500000000000000156e-04
2.392480615540529959e-02,8.954481026663390492e-03,1.000000000000000021e-03
2.500000000000000139e-02,6.562500000000004094e-03,1.000000000000000021e-03
1.596975443510742151e-02,1.599778732376356052e-02,0.000000000000000000e+00
1.538712353909777938e-02,1.630411427385912090e-02,0.000000000000000000e+00
1.538712353909777938e-02,1.630411427385912090e-02,5.000000000000000104e-04
1.567843898710260045e-02,1.615095079881134071e-02,0.000000000000000000e+00
1.525600395108863035e-02,1.602688519741879078e-02,0.000000000000000000e+00
1.583411535969788883e-02,1.564932223868209862e-02,0.000000000000000000e+00
1.538712353909777938e-02,1.630411427385912090e-02,2.500000000000000052e-04
1.525600395108863035e-02,1.602688519741879078e-02,5.000000000000000104e-04
1.596975443510742151e-02,1.599778732376356052e-02,1.000000000000000021e-03
1.538712353909777938e-02,1.630411427385912090e-02,1.000000000000000021e-03
1.538712353909777938e-02,1.630411427385912090e-02,7.500000000000000156e-04
1.567843898710260045e-02,1.615095079881134071e-02,1.000000000000000021e-03
1.525600395108863035e-02,1.602688519741879078e-02,1.000000000000000021e-03
1.583411535969788883e-02,1.564932223868210903e-02,1.000000000000000021e-03
1.666891150720384990e-02,1.563019498528670989e-02,0.000000000000000000e+00
1.631933297115564091e-02,1.581399115452512827e-02,0.000000000000000000e+00
1.654377414164746873e-02,1.518773454975352009e-02,0.000000000000000000e+00
1.666891150720384990e-02,1.563019498528670989e-02,1.000000000000000021e-03
1.631933297115563050e-02,1.581399115452512827e-02,1.000000000000000021e-03
1.654377414164746873e-02,1.518773454975352009e-02,1.000000000000000021e-03
1.750789999258581947e-02,1.518908417971056961e-02,0.000000000000000000e+00
1.708840574989483121e-02,1.540963958249864062e-02,0.000000000000000000e+00
1.739536467883618862e-02,1.463382932378773024e-02,0.000000000000000000e+00
1.750789999258581947e-02,1.518908417971056961e-02,1.000000000000000021e-03
1.708840574989483121e-02,1.540963958249864062e-02,1.000000000000000021e-03
1.739536467883618862e-02,1.463382932378773024e-02,1.000000000000000021e-03
1.851468616847484067e-02,1.465975121647312973e-02,0.000000000000000000e+00
1.801129308053033007e-02,1.492441769809185054e-02,0.000000000000000000e+00
1.841727331679463009e-02,1.396914305696589018e-02,0.000000000000000000e+00
1.851468616847484067e-02,1.465975121647312973e-02,1.000000000000000021e-03
1.801129308053033007e-02,1.492441769809185054e-02,1.000000000000000021e-03
1.841727331679464050e-02,1.396914305696589018e-02,1.000000000000000021e-03
1.972282957895084982e-02,1.402455166089884922e-02,0.000000000000000000e+00
1.911875787371284871e-02,1.434215143868598948e-02,0.000000000000000000e+00
1.964356368174506942e-02,1.317151953716975965e-02,0.000000000000000000e+00
1.972282957895084982e-02,1.402455166089884922e-02,1.000000000000000021e-03
1.911875787371284871e-02,1.434215143868598948e-02,1.000000000000000021e-03
1.964356368174506942e-02,1.317151953716975965e-02,1.000000000000000021e-03
2.117260166977127933e-02,1.326231219513020025e-02,0.000000000000000000e+00
2.044771562436106110e-02,1.364343192801453081e-02,0.000000000000000000e+00
2.111511211790853895e-02,1.221437131457026037e-02,0.000000000000000000e+00
2.117260166977127933e-02,1.326231219513020025e-02,1.000000000000000021e-03
2.044771562436106110e-02,1.364343192801452040e-02,1.000000000000000021e-03
2.111511211790853895e-02,1.221437131457026037e-02,1.000000000000000021e-03
2.291232818550991909e-02,1.234762483265674018e-02,0.000000000000000000e+00
2.204246492764060095e-02,1.280496851389346935e-02,0.000000000000000000e+00
2.288097024816024977e-02,1.106579344299176045e-02,0.000000000000000000e+00
2.291232818550991909e-02,1.234762483265674018e-02,1.000000000000000021e-03
2.204246492764060095e-02,1.280496851389346935e-02,1.000000000000000021e-03
2.288097024816024977e-02,1.106579344299176045e-02,1.000000000000000021e-03
2.500000000000000139e-02,1.125000000000000999e-02,0.000000000000000000e+00
2.500000000000000139e-02,1.125000000000000999e-02,5.000000000000000104e-04
2.395616409275495851e-02,1.179881241632838029e-02,0.000000000000000000e+00
2.500000000000000139e-02,9.687500000000006870e-03,0.000000000000000000e+00
2.500000000000000139e-02,1.125000000000000999e-02,2.500000000000000052e-04
2.500000000000000139e-02,9.687500000000006870e-03,5.000000000000000104e-04
2.500000000000000139e-02,1.125000000000000999e-02,1.000000000000000021e-03
2.500000000000000139e-02,1.125000000000000999e-02,7.500000000000000156e-04
2.395616409275495851e-02,1.179881241632838029e-02,1.000000000000000021e-03
2.500000000000000139e-02,9.687500000000006870e-03,1.000000000000000021e-03
1.613680669555989100e-02,1.673788927126670933e-02,0.000000000000000000e+00
1.556495400126010030e-02,1.689034274369961147e-02,0.000000000000000000e+00
1.556495400126010030e-02,1.689034274369961147e-02,5.000000000000000104e-04
1.585088034840998958e-02,1.681411600748316040e-02,0.000000000000000000e+00
1.549043854916315986e-02,1.659286038357982856e-02,0.000000000000000000e+00
1.605328056533366146e-02,1.636783829751512973e-02,0.000000000000000000e+00
1.556495400126010030e-02,1.689034274369961147e-02,2.500000000000000052e-04
1.549043854916315986e-02,1.659286038357982163e-02,5.000000000000000104e-04
1.613680669555989100e-02,1.673788927126670933e-02,1.000000000000000021e-03
1.556495400126010030e-02,1.689034274369961147e-02,1.000000000000000021e-03
1.556495400126010030e-02,1.689034274369961147e-02,7.500000000000000156e-04
1.585088034840998958e-02,1.681411600748316040e-02,1.000000000000000021e-03
1.549043854916315986e-02,1.659286038357982856e-02,1.000000000000000021e-03
1.605328056533366146e-02,1.636783829751512973e-02,1.000000000000000021e-03
1.682302992566213004e-02,1.655494510516234904e-02,0.000000000000000000e+00
1.647991831061100879e-02,1.664641718821453092e-02,0.000000000000000000e+00
1.674597071643299170e-02,1.609257004522452947e-02,0.000000000000000000e+00
1.682302992566213004e-02,1.655494510516234904e-02,1.000000000000000021e-03
1.647991831061100879e-02,1.664641718821453092e-02,1.000000000000000021e-03
1.674597071643299170e-02,1.609257004522452947e-02,1.000000000000000021e-03
1.764649780067205007e-02,1.633541210613377939e-02,0.000000000000000000e+00
1.723476386316709005e-02,1.644517860564806075e-02,0.000000000000000000e+00
1.757719889662892956e-02,1.576224814292217016e-02,0.000000000000000000e+00
1.764649780067205007e-02,1.633541210613377939e-02,1.000000000000000021e-03
1.723476386316709005e-02,1.644517860564806075e-02,1.000000000000000021e-03
1.757719889662892956e-02,1.576224814292217016e-02,1.000000000000000021e-03
1.863465924423613959e-02,1.607197250901843885e-02,0.000000000000000000e+00
1.814057852245409136e-02,1.620369230757610912e-02,0.000000000000000000e+00
1.857467270635548839e-02,1.536586186274578950e-02,0.000000000000000000e+00
1.863465924423613959e-02,1.607197250901843885e-02,1.000000000000000021e-03
1.814057852245409136e-02,1.620369230757610912e-02,1.000000000000000021e-03
1.857467270635548839e-02,1.536586186274578950e-02,1.000000000000000021e-03
1.982045297593314909e-02,1.575584499263463917e-02,0.000000000000000000e+00
1.922755611008463913e-02,1.591390875082654074e-02,0.000000000000000000e+00
1.977164127744199945e-02,1.489019832676674940e-02,0.000000000000000000e+00
1.982045297593314909e-02,1.575584499263463917e-02,1.000000000000000021e-03
1.922755611008463913e-02,1.591390875082654074e-02,1.000000000000000021e-03
1.977164127744199945e-02,1.489019832676674940e-02,1.000000000000000021e-03
2.124340545225118088e-02,1.537649197343220024e-02,0.000000000000000000e+00
2.053192921409216151e-02,1.556616848303342057e-02,0.000000000000000000e+00
2.120800356101123010e-02,1.431940208428120025e-02,0.000000000000000000e+00
2.124340545225118088e-02,1.537649197343220024e-02,1.000000000000000021e-03
2.053192921409216151e-02,1.556616848303342057e-02,1.000000000000000021e-03
2.120800356101123010e-02,1.431940208428120025e-02,1.000000000000000021e-03
2.295094843046198083e-02,1.492126834862195044e-02,0.000000000000000000e+00
2.209717694135657912e-02,1.514888016102707013e-02,0.000000000000000000e+00
2.293163830798594996e-02,1.363444659063934965e-02,0.000000000000000000e+00
2.295094843046198083e-02,1.492126834862195044e-02,1.000000000000000021e-03
2.209717694135657912e-02,1.514888016102707013e-02,1.000000000000000021e-03
2.293163830798594996e-02,1.363444659063934965e-02,1.000000000000000021e-03
2.500000000000000139e-02,1.437500000000000930e-02,0.000000000000000000e+00
2.500000000000000139e-02,1.437500000000000930e-02,5.000000000000000104e-04
2.397547421523098937e-02,1.464813417431098073e-02,0.000000000000000000e+00
2.500000000000000139e-02,1.281250000000000965e-02,0.000000000000000000e+00
2.500000000000000139e-02,1.437500000000000930e-02,2.500000000000000052e-04
2.500000000000000139e-02,1.281250000000000965e-02,5.000000000000000104e-04
2.500000000000000139e-02,1.437500000000000930e-02,1.000000000000000021e-03
2.500000000000000139e-02,1.437500000000000930e-02,7.500000000000000156e-04
2.397547421523098937e-02,1.464813417431098073e-02,1.000000000000000021e-03
2.500000000000000139e-02,1.281250000000000965e-02,1.000000000000000021e-03
1.619321334096055984e-02,1.750000000000000167e-02,0.000000000000000000e+00
1.562500000000000000e-02,1.750000000000000167e-02,0.000000000000000000e+00
1.562500000000000000e-02,1.750000000000000167e-02,5.000000000000000104e-04
1.590910667048028165e-02,1.750000000000000167e-02,0.000000000000000000e+00
1.560995227085061957e-02,1.719369643647012877e-02,0.000000000000000000e+00
1.616501001826022021e-02,1.711894463563335897e-02,0.000000000000000000e+00
1.562500000000000000e-02,1.750000000000000167e-02,2.500000000000000052e-04
1.560995227085061957e-02,1.719369643647012877e-02,5.000000000000000104e-04
1.619321334096055984e-02,1.750000000000000167e-02,1.000000000000000021e-03
1.562500000000000000e-02,1.750000000000000167e-02,1.000000000000000021e-03
1.562500000000000000e-02,1.750000000000000167e-02,7.500000000000000156e-04
1.590910667048028165e-02,1.750000000000000167e-02,1.000000000000000021e-03
1.560995227085061957e-02,1.719369643647012877e-02,1.000000000000000021e-03
1.616501001826023062e-02,1.711894463563335897e-02,1.000000000000000021e-03
1.687506934707518058e-02,1.750000000000000167e-02,0.000000000000000000e+00
1.653414134401786847e-02,1.750000000000000167e-02,0.000000000000000000e+00
1.684904963636865011e-02,1.702747255258118056e-02,0.000000000000000000e+00
1.687506934707518058e-02,1.750000000000000167e-02,1.000000000000000021e-03
1.653414134401786847e-02,1.750000000000000167e-02,1.000000000000000021e-03
1.684904963636865011e-02,1.702747255258118056e-02,1.000000000000000021e-03
1.769329655330702938e-02,1.750000000000000167e-02,0.000000000000000000e+00
1.728418295019110151e-02,1.750000000000000167e-02,0.000000000000000000e+00
1.766989717698954146e-02,1.691770605306688879e-02,0.000000000000000000e+00
1.769329655330702938e-02,1.750000000000000167e-02,1.000000000000000021e-03
1.728418295019110151e-02,1.750000000000000167e-02,1.000000000000000021e-03
1.766989717698954146e-02,1.691770605306688879e-02,1.000000000000000021e-03
1.867516919437848047e-02,1.750000000000000167e-02,0.000000000000000000e+00
1.818423287384274972e-02,1.750000000000000167e-02,0.000000000000000000e+00
1.865491421930731003e-02,1.678598625450921852e-02,0.000000000000000000e+00
1.867516919437848047e-02,1.750000000000000167e-02,1.000000000000000021e-03
1.818423287384274972e-02,1.750000000000000167e-02,1.000000000000000021e-03
1.865491421930731003e-02,1.678598625450921852e-02,1.000000000000000021e-03
1.985341636308800978e-02,1.750000000000000167e-02,0.000000000000000000e+00
1.926429277873323992e-02,1.750000000000000167e-02,0.000000000000000000e+00
1.983693466951057943e-02,1.662792249631732042e-02,0.000000000000000000e+00
1.985341636308800978e-02,1.750000000000000167e-02,1.000000000000000021e-03
1.926429277873323992e-02,1.750000000000000167e-02,1.000000000000000021e-03
1.983693466951057943e-02,1.662792249631732042e-02,1.000000000000000021e-03
2.126731296383200034e-02,1.750000000000000167e-02,0.000000000000000000e+00
2.056036466345999986e-02,1.750000000000000167e-02,0.000000000000000000e+00
2.125535920804158888e-02,1.643824598671609835e-02,0.000000000000000000e+00
2.126731296383200034e-02,1.750000000000000167e-02,1.000000000000000021e-03
2.056036466345999986e-02,1.750000000000000167e-02,1.000000000000000021e-03
2.125535920804158888e-02,1.643824598671609835e-02,1.000000000000000021e-03
2.296398889131176860e-02,1.750000000000000167e-02,0.000000000000000000e+00
2.211565092757188100e-02,1.750000000000000167e-02,0.000000000000000000e+00
2.295746866088687124e-02,1.621063417431098039e-02,0.000000000000000000e+00
2.296398889131176860e-02,1.750000000000000167e-02,1.000000000000000021e-03
2.211565092757188100e-02,1.750000000000000167e-02,1.000000000000000021e-03
2.295746866088687124e-02,1.621063417431098039e-02,1.000000000000000021e-03
2.500000000000000139e-02,1.750000000000000167e-02,0.000000000000000000e+00
2.500000000000000139e-02,1.750000000000000167e-02,5.000000000000000104e-04
2.398199444565589020e-02,1.750000000000000167e-02,0.000000000000000000e+00
2.500000000000000139e-02,1.593750000000000028e-02,0.000000000000000000e+00
2.500000000000000139e-02,1.750000000000000167e-02,2.500000000000000052e-04
2.500000000000000139e-02,1.593750000000000028e-02,5.000000000000000104e-04
2.500000000000000139e-02,1.750000000000000167e-02,1.000000000000000021e-03
2.500000000000000139e-02,1.750000000000000167e-02,7.500000000000000156e-04
2.398199444565589020e-02,1.750000000000000167e-02,1.000000000000000021e-03
2.500000000000000139e-02,1.593750000000000028e-02,1.000000000000000021e-03
9.435045998739908027e-03,1.810965725630041961e-02,0.000000000000000000e+00
8.863193304885991566e-03,1.826211072861445156e-02,0.000000000000000000e+00
9.435045998739908027e-03,1.810965725630041961e-02,5.000000000000000104e-04
9.390047729149385292e-03,1.780630356352988150e-02,0.000000000000000000e+00
9.149119651812949797e-03,1.818588399245743906e-02,0.000000000000000000e+00
8.834989982184234675e-03,1.788105536430723008e-02,0.000000000000000000e+00
9.435045998739908027e-03,1.810965725630041961e-02,2.500000000000000052e-04
9.390047729149373149e-03,1.780630356352976007e-02,5.000000000000000104e-04
9.435045998739908027e-03,1.810965725630041961e-02,1.000000000000000021e-03
8.863193304885991566e-03,1.826211072861445156e-02,1.000000000000000021e-03
9.435045998739908027e-03,1.810965725630041961e-02,7.500000000000000156e-04
9.390047729149385292e-03,1.780630356352988150e-02,1.000000000000000021e-03
9.149119651812949797e-03,1.818588399245743906e-02,1.000000000000000021e-03
8.834989982184234675e-03,1.788105536430723008e-02,1.000000000000000021e-03
8.176970075407973687e-03,1.844505489455238942e-02,0.000000000000000000e+00
8.520081690146983494e-03,1.835358281158341875e-02,0.000000000000000000e+00
8.150950364698043155e-03,1.797252744727620075e-02,0.000000000000000000e+00
8.176970075407973687e-03,1.844505489455238942e-02,1.000000000000000021e-03
8.520081690146983494e-03,1.835358281158341875e-02,1.000000000000000021e-03
8.150950364698043155e-03,1.797252744727620075e-02,1.000000000000000021e-03
7.353502201254137095e-03,1.866458789335273885e-02,0.000000000000000000e+00
7.765236138331054958e-03,1.855482139395256067e-02,0.000000000000000000e+00
7.330102824930514321e-03,1.808229394667636852e-02,0.000000000000000000e+00
7.353502201254137095e-03,1.866458789335273885e-02,1.000000000000000021e-03
7.765236138331054958e-03,1.855482139395256067e-02,1.000000000000000021e-03
7.330102824930514321e-03,1.808229394667636852e-02,1.000000000000000021e-03
6.365340758845754177e-03,1.892802749015996128e-02,0.000000000000000000e+00
6.859421480049946070e-03,1.879630769175634833e-02,0.000000000000000000e+00
6.345085783764775611e-03,1.821401374507998147e-02,0.000000000000000000e+00
6.365340758845754177e-03,1.892802749015996128e-02,1.000000000000000021e-03
6.859421480049945202e-03,1.879630769175634833e-02,1.000000000000000021e-03
6.345085783764775611e-03,1.821401374507998147e-02,1.000000000000000021e-03
5.179547028689682198e-03,1.924415500613295069e-02,0.000000000000000000e+00
5.772443893767718187e-03,1.908609124814646119e-02,0.000000000000000000e+00
5.163065335097539663e-03,1.837207750306648138e-02,0.000000000000000000e+00
5.179547028689682198e-03,1.924415500613295069e-02,1.000000000000000021e-03
5.772443893767718187e-03,1.908609124814645078e-02,1.000000000000000021e-03
5.163065335097539663e-03,1.837207750306648138e-02,1.000000000000000021e-03
3.756594554405695216e-03,1.962350802479313067e-02,0.000000000000000000e+00
4.468070791547688707e-03,1.943383151546303894e-02,0.000000000000000000e+00
3.744640798594101039e-03,1.856175401239655923e-02,0.000000000000000000e+00
3.756594554405695216e-03,1.962350802479313067e-02,1.000000000000000021e-03
4.468070791547688707e-03,1.943383151546303894e-02,1.000000000000000021e-03
3.744640798594101039e-03,1.856175401239655923e-02,1.000000000000000021e-03
2.049051578857648964e-03,2.007873164889347958e-02,0.000000000000000000e+00
2.902823066631672090e-03,1.985111983684329992e-02,0.000000000000000000e+00
2.042531348403100848e-03,1.878936582444673889e-02,0.000000000000000000e+00
2.049051578857648964e-03,2.007873164889347958e-02,1.000000000000000021e-03
2.902823066631672090e-03,1.985111983684329992e-02,1.000000000000000021e-03
2.042531348403100848e-03,1.878936582444673889e-02,1.000000000000000021e-03
0.000000000000000000e+00,2.062500000000000097e-02,0.000000000000000000e+00
0.000000000000000000e+00,2.062500000000000097e-02,5.000000000000000104e-04
1.024525789428824048e-03,2.035186582444674028e-02,0.000000000000000000e+00
0.000000000000000000e+00,1.906249999999999958e-02,0.000000000000000000e+00
0.000000000000000000e+00,2.062500000000000097e-02,2.500000000000000052e-04
0.000000000000000000e+00,1.906249999999999958e-02,5.000000000000000104e-04
0.000000000000000000e+00,2.062500000000000097e-02,1.000000000000000021e-03
0.000000000000000000e+00,2.062500000000000097e-02,7.500000000000000156e-04
1.024525789428824048e-03,2.035186582444674028e-02,1.000000000000000021e-03
0.000000000000000000e+00,1.906249999999999958e-02,1.000000000000000021e-03
9.612876460902239351e-03,1.869588572614093100e-02,0.000000000000000000e+00
9.030245565346879666e-03,1.900221267599765118e-02,0.000000000000000000e+00
9.612876460902239351e-03,1.869588572614093100e-02,5.000000000000000104e-04
9.509561450836853669e-03,1.840713961642021987e-02,0.000000000000000000e+00
9.321561013124559508e-03,1.884904920106928936e-02,0.000000000000000000e+00
8.946719435116434749e-03,1.863216170230605137e-02,0.000000000000000000e+00
9.612876460902241085e-03,1.869588572614093100e-02,2.500000000000000052e-04
9.509561450836853669e-03,1.840713961642021987e-02,5.000000000000000104e-04
9.612876460902239351e-03,1.869588572614093100e-02,1.000000000000000021e-03
9.030245565346879666e-03,1.900221267599765118e-02,1.000000000000000021e-03
9.612876460902241085e-03,1.869588572614093100e-02,7.500000000000000156e-04
9.509561450836853669e-03,1.840713961642021987e-02,1.000000000000000021e-03
9.321561013124559508e-03,1.884904920106928936e-02,1.000000000000000021e-03
8.946719435116434749e-03,1.863216170230605137e-02,1.000000000000000021e-03
8.331088493886439073e-03,1.936980501414011999e-02,0.000000000000000000e+00
8.680667029616659369e-03,1.918600884506889079e-02,0.000000000000000000e+00
8.254029284647206380e-03,1.890742995434626164e-02,0.000000000000000000e+00
8.331088493886439073e-03,1.936980501414011999e-02,1.000000000000000021e-03
8.680667029616659369e-03,1.918600884506888038e-02,1.000000000000000021e-03
8.254029284647206380e-03,1.890742995434625123e-02,1.000000000000000021e-03
7.492100009376683259e-03,1.981091581925767051e-02,0.000000000000000000e+00
7.911594251631562033e-03,1.959036041669888831e-02,0.000000000000000000e+00
7.422801105315410611e-03,1.923775185630520121e-02,0.000000000000000000e+00
7.492100009376683259e-03,1.981091581925767051e-02,1.000000000000000021e-03
7.911594251631560298e-03,1.959036041669888831e-02,1.000000000000000021e-03
7.422801105315410611e-03,1.923775185630520121e-02,1.000000000000000021e-03
6.485313834665146389e-03,2.034024878187601013e-02,0.000000000000000000e+00
6.988706922020915258e-03,2.007558230056684032e-02,0.000000000000000000e+00
6.425327296755450716e-03,1.963413813601799091e-02,0.000000000000000000e+00
6.485313834665146389e-03,2.034024878187601013e-02,1.000000000000000021e-03
6.988706922020915258e-03,2.007558230056684032e-02,1.000000000000000021e-03
6.425327296755449849e-03,1.963413813601799091e-02,1.000000000000000021e-03
5.277170425759121833e-03,2.097544833662485023e-02,0.000000000000000000e+00
5.881242130212135412e-03,2.065784855925043018e-02,0.000000000000000000e+00
5.228358727224402015e-03,2.010980167137890046e-02,0.000000000000000000e+00
5.277170425759121833e-03,2.097544833662485023e-02,1.000000000000000021e-03
5.881242130212135412e-03,2.065784855925043018e-02,1.000000000000000021e-03
5.228358727224402015e-03,2.010980167137890046e-02,1.000000000000000021e-03
3.827398337011068009e-03,2.173768780130391071e-02,0.000000000000000000e+00
4.552284381385094704e-03,2.135656806896437873e-02,0.000000000000000000e+00
3.791996445708380962e-03,2.068059791304852069e-02,0.000000000000000000e+00
3.827398337011068009e-03,2.173768780130391071e-02,1.000000000000000021e-03
4.552284381385094704e-03,2.135656806896437873e-02,1.000000000000000021e-03
3.791996445708380962e-03,2.068059791304852069e-02,1.000000000000000021e-03
2.087671823985376169e-03,2.265237516235097878e-02,0.000000000000000000e+00
2.957535080498222089e-03,2.219503148182743954e-02,0.000000000000000000e+00
2.068361701421511916e-03,2.136555340562222918e-02,0.000000000000000000e+00
2.087671823985376169e-03,2.265237516235097878e-02,1.000000000000000021e-03
2.957535080498222089e-03,2.219503148182743954e-02,1.000000000000000021e-03
2.068361701421511916e-03,2.136555340562222918e-02,1.000000000000000021e-03
0.000000000000000000e+00,2.375000000000000028e-02,0.000000000000000000e+00
0.000000000000000000e+00,2.375000000000000028e-02,5.000000000000000104e-04
1.043835911992688084e-03,2.320118758117549126e-02,0.000000000000000000e+00
0.000000000000000000e+00,2.218749999999999889e-02,0.000000000000000000e+00
0.000000000000000000e+00,2.375000000000000028e-02,2.500000000000000052e-04
0.000000000000000000e+00,2.218749999999999889e-02,5.000000000000000104e-04
0.000000000000000000e+00,2.375000000000000028e-02,1.000000000000000021e-03
0.000000000000000000e+00,2.375000000000000028e-02,7.500000000000000156e-04
1.043835911992688084e-03,2.320118758117549126e-02,1.000000000000000021e-03
0.000000000000000000e+00,2.218749999999999889e-02,1.000000000000000021e-03
9.901657461554570078e-03,1.923615697818628970e-02,0.000000000000000000e+00
9.301523716179619858e-03,1.969914284603841922e-02,0.000000000000000000e+00
9.901657461554570078e-03,1.923615697818628970e-02,5.000000000000000104e-04
9.743996048911407470e-03,1.897311480258127847e-02,0.000000000000000000e+00
9.601590588867095835e-03,1.946764991211236140e-02,0.000000000000000000e+00
9.165884640763250629e-03,1.935067776101804041e-02,0.000000000000000000e+00
9.901657461554570078e-03,1.923615697818628970e-02,2.500000000000000052e-04
9.743996048911407470e-03,1.897311480258127847e-02,5.000000000000000104e-04
9.901657461554570078e-03,1.923615697818628970e-02,1.000000000000000021e-03
9.301523716179619858e-03,1.969914284603841922e-02,1.000000000000000021e-03
9.901657461554570078e-03,1.923615697818628970e-02,7.500000000000000156e-04
9.743996048911407470e-03,1.897311480258127847e-02,1.000000000000000021e-03
9.601590588867095835e-03,1.946764991211236140e-02,1.000000000000000021e-03
9.165884640763250629e-03,1.935067776101804041e-02,1.000000000000000021e-03
8.581363225031982470e-03,2.025472588491334866e-02,0.000000000000000000e+00
8.941443470605801164e-03,1.997693436547589088e-02,0.000000000000000000e+00
8.456225859459209904e-03,1.981226544952673085e-02,0.000000000000000000e+00
8.581363225031982470e-03,2.025472588491334866e-02,1.000000000000000021e-03
8.941443470605801164e-03,1.997693436547589088e-02,1.000000000000000021e-03
8.456225859459209904e-03,1.981226544952673085e-02,1.000000000000000021e-03
7.717170636934927302e-03,2.092142553057569146e-02,0.000000000000000000e+00
8.149266930983455753e-03,2.058807570774452006e-02,0.000000000000000000e+00
7.604635323155806148e-03,2.036617067491668098e-02,0.000000000000000000e+00
7.717170636934927302e-03,2.092142553057569146e-02,1.000000000000000021e-03
8.149266930983455753e-03,2.058807570774452006e-02,1.000000000000000021e-03
7.604635323155805281e-03,2.036617067491668098e-02,1.000000000000000021e-03
6.680139538119907877e-03,2.172146510004623055e-02,0.000000000000000000e+00
7.198655087527417590e-03,2.132144531531095927e-02,0.000000000000000000e+00
6.582726686392527567e-03,2.103085694096111860e-02,0.000000000000000000e+00
6.680139538119907877e-03,2.172146510004623055e-02,1.000000000000000021e-03
7.198655087527417590e-03,2.132144531531095927e-02,1.000000000000000021e-03
6.582726686392526699e-03,2.103085694096111860e-02,1.000000000000000021e-03
5.435702220312171873e-03,2.268151258281662919e-02,0.000000000000000000e+00
6.057920879216039875e-03,2.220148884143142987e-02,0.000000000000000000e+00
5.356436323035646853e-03,2.182848045972074144e-02,0.000000000000000000e+00
5.435702220312171873e-03,2.268151258281662919e-02,1.000000000000000021e-03
6.057920879216039875e-03,2.220148884143142987e-02,1.000000000000000021e-03
5.356436323035646853e-03,2.182848045972074144e-02,1.000000000000000021e-03
3.942377440940317626e-03,2.383356956060014853e-02,0.000000000000000000e+00
4.689039830626244749e-03,2.325754107170838886e-02,0.000000000000000000e+00
3.884887888975693034e-03,2.278562868095202962e-02,0.000000000000000000e+00
3.942377440940317626e-03,2.383356956060014853e-02,1.000000000000000021e-03
4.689039830626244749e-03,2.325754107170838886e-02,1.000000000000000021e-03
3.884887888975693034e-03,2.278562868095202962e-02,1.000000000000000021e-03
2.150387698969957132e-03,2.521603793912784858e-02,0.000000000000000000e+00
3.046382569955137162e-03,2.452480374986399855e-02,0.000000000000000000e+00
2.119029761477665783e-03,2.393420655073940848e-02,0.000000000000000000e+00
2.150387698969957132e-03,2.521603793912784858e-02,1.000000000000000021e-03
3.046382569955137162e-03,2.452480374986399855e-02,1.000000000000000021e-03
2.119029761477665783e-03,2.393420655073940848e-02,1.000000000000000021e-03
0.000000000000000000e+00,2.687499999999999958e-02,0.000000000000000000e+00
0.000000000000000000e+00,2.687499999999999958e-02,5.000000000000000104e-04
1.075193849484977916e-03,2.604551896956391888e-02,0.000000000000000000e+00
0.000000000000000000e+00,2.531249999999999126e-02,0.000000000000000000e+00
0.000000000000000000e+00,2.687499999999999958e-02,2.500000000000000052e-04
0.000000000000000000e+00,2.531249999999999126e-02,5.000000000000000104e-04
0.000000000000000000e+00,2.687499999999999958e-02,1.000000000000000021e-03
0.000000000000000000e+00,2.687499999999999958e-02,7.500000000000000156e-04
1.075193849484977916e-03,2.604551896956391888e-02,1.000000000000000021e-03
0.000000000000000000e+00,2.531249999999999126e-02,1.000000000000000021e-03
1.029029130879208047e-02,1.970970869120799995e-02,0.000000000000000000e+00
9.666602690182247992e-03,2.033339730981783069e-02,0.000000000000000000e+00
1.029029130879208047e-02,1.970970869120799995e-02,5.000000000000000104e-04
1.008434233324147916e-02,1.948247901301142920e-02,0.000000000000000000e+00
9.978446999487163363e-03,2.002155300051291012e-02,0.000000000000000000e+00
9.484063203180934792e-03,2.001627007792812149e-02,0.000000000000000000e+00
1.029029130879208047e-02,1.970970869120799995e-02,2.500000000000000052e-04
1.008434233324147916e-02,1.948247901301142920e-02,5.000000000000000104e-04
1.029029130879208047e-02,1.970970869120799995e-02,1.000000000000000021e-03
9.666602690182247992e-03,2.033339730981783069e-02,1.000000000000000021e-03
1.029029130879208047e-02,1.970970869120799995e-02,7.500000000000000156e-04
1.008434233324147916e-02,1.948247901301142920e-02,1.000000000000000021e-03
9.978446999487163363e-03,2.002155300051291012e-02,1.000000000000000021e-03
9.484063203180934792e-03,2.001627007792812149e-02,1.000000000000000021e-03
8.918176351282367659e-03,2.108182364871770062e-02,0.000000000000000000e+00
9.292389520732307825e-03,2.070761047926776913e-02,0.000000000000000000e+00
8.749769788157175932e-03,2.066827476681552117e-02,0.000000000000000000e+00
8.918176351282367659e-03,2.108182364871770062e-02,1.000000000000000021e-03
9.292389520732307825e-03,2.070761047926776913e-02,1.000000000000000021e-03
8.749769788157175932e-03,2.066827476681553158e-02,1.000000000000000021e-03
8.020064745932864447e-03,2.197993525406720036e-02,0.000000000000000000e+00
8.469120548607616053e-03,2.153087945139245049e-02,0.000000000000000000e+00
7.868617691433895875e-03,2.145068039232144938e-02,0.000000000000000000e+00
8.020064745932864447e-03,2.197993525406720036e-02,1.000000000000000021e-03
8.469120548607616053e-03,2.153087945139245049e-02,1.000000000000000021e-03
7.868617691433895875e-03,2.145068039232144938e-02,1.000000000000000021e-03
6.942330826685785827e-03,2.305766917331426857e-02,0.000000000000000000e+00
7.481197786309325137e-03,2.251880221369073967e-02,0.000000000000000000e+00
6.811235182402846852e-03,2.238956713668024956e-02,0.000000000000000000e+00
6.942330826685785827e-03,2.305766917331426857e-02,1.000000000000000021e-03
7.481197786309325137e-03,2.251880221369073967e-02,1.000000000000000021e-03
6.811235182402846852e-03,2.238956713668024956e-02,1.000000000000000021e-03
5.649050124389810162e-03,2.435094987561023036e-02,0.000000000000000000e+00
6.295690475537797995e-03,2.370430952446225120e-02,0.000000000000000000e+00
5.542376172350991018e-03,2.351623122921343151e-02,0.000000000000000000e+00
5.649050124389810162e-03,2.435094987561023036e-02,1.000000000000000021e-03
6.295690475537797995e-03,2.370430952446225120e-02,1.000000000000000021e-03
5.542376172350991018e-03,2.351623122921343151e-02,1.000000000000000021e-03
4.097113283710467763e-03,2.590288671628956929e-02,0.000000000000000000e+00
4.873081704050138963e-03,2.512691829594990156e-02,0.000000000000000000e+00
4.019745362325391827e-03,2.486822813844485891e-02,0.000000000000000000e+00
4.097113283710467763e-03,2.590288671628956929e-02,1.000000000000000021e-03
4.873081704050138963e-03,2.512691829594990156e-02,1.000000000000000021e-03
4.019745362325392694e-03,2.486822813844485891e-02,1.000000000000000021e-03
2.234789067907202911e-03,2.776521093209282157e-02,0.000000000000000000e+00
3.165951175808835987e-03,2.683404882419119022e-02,0.000000000000000000e+00
2.192588383438580021e-03,2.649062443561032987e-02,0.000000000000000000e+00
2.234789067907202911e-03,2.776521093209282157e-02,1.000000000000000021e-03
3.165951175808835987e-03,2.683404882419119022e-02,1.000000000000000021e-03
2.192588383438580021e-03,2.649062443561032987e-02,1.000000000000000021e-03
0.000000000000000000e+00,2.999999999999999889e-02,0.000000000000000000e+00
0.000000000000000000e+00,2.999999999999999889e-02,5.000000000000000104e-04
1.117394533953602106e-03,2.888260546604640849e-02,0.000000000000000000e+00
0.000000000000000000e+00,2.843750000000000097e-02,0.000000000000000000e+00
0.000000000000000000e+00,2.999999999999999889e-02,2.500000000000000052e-04
0.000000000000000000e+00,2.843750000000000097e-02,5.000000000000000104e-04
0.000000000000000000e+00,2.999999999999999889e-02,1.000000000000000021e-03
0.000000000000000000e+00,2.999999999999999889e-02,7.500000000000000156e-04
1.117394533953602106e-03,2.888260546604640849e-02,1.000000000000000021e-03
0.000000000000000000e+00,2.843750000000000097e-02,1.000000000000000021e-03
1.076384302181379940e-02,2.009834253844549126e-02,0.000000000000000000e+00
1.030085715396166987e-02,2.069847628382043975e-02,0.000000000000000000e+00
1.076384302181379940e-02,2.009834253844549126e-02,5.000000000000000104e-04
1.051752098698865989e-02,1.991565766675858912e-02,0.000000000000000000e+00
1.053235008788772943e-02,2.039840941113297071e-02,0.000000000000000000e+00
9.983729922071957197e-03,2.051593679681913002e-02,0.000000000000000000e+00
1.076384302181379940e-02,2.009834253844549126e-02,2.500000000000000052e-04
1.051752098698865989e-02,1.991565766675859953e-02,5.000000000000000104e-04
1.076384302181379940e-02,2.009834253844549126e-02,1.000000000000000021e-03
1.030085715396166987e-02,2.069847628382043975e-02,1.000000000000000021e-03
1.076384302181379940e-02,2.009834253844549126e-02,7.500000000000000156e-04
1.051752098698865989e-02,1.991565766675858912e-02,1.000000000000000021e-03
1.053235008788772943e-02,2.039840941113297071e-02,1.000000000000000021e-03
9.983729922071957197e-03,2.051593679681913002e-02,1.000000000000000021e-03
9.745274115086731762e-03,2.141863677496807020e-02,0.000000000000000000e+00
1.002306563452419995e-02,2.105855652939426018e-02,0.000000000000000000e+00
9.331725233184550578e-03,2.125023021184288888e-02,0.000000000000000000e+00
9.745274115086731762e-03,2.141863677496807020e-02,1.000000000000000021e-03
1.002306563452419995e-02,2.105855652939426018e-02,1.000000000000000021e-03
9.331725233184550578e-03,2.125023021184288888e-02,1.000000000000000021e-03
9.078574469424382024e-03,2.228282936306512016e-02,0.000000000000000000e+00
9.411924292255556893e-03,2.185073306901659865e-02,0.000000000000000000e+00
8.549319607678622368e-03,2.213138230856616026e-02,0.000000000000000000e+00
9.078574469424382024e-03,2.228282936306512016e-02,1.000000000000000021e-03
9.411924292255556893e-03,2.185073306901659865e-02,1.000000000000000021e-03
8.549319607678622368e-03,2.213138230856616026e-02,1.000000000000000021e-03
8.278534899953829060e-03,2.331986046188013958e-02,0.000000000000000000e+00
8.678554684689105542e-03,2.280134491247262987e-02,0.000000000000000000e+00
7.610432863319806576e-03,2.318876481759719888e-02,0.000000000000000000e+00
8.278534899953829060e-03,2.331986046188013958e-02,1.000000000000000021e-03
8.678554684689105542e-03,2.280134491247262987e-02,1.000000000000000021e-03
7.610432863319806576e-03,2.318876481759719888e-02,1.000000000000000021e-03
7.318487417183418275e-03,2.456429777968786865e-02,0.000000000000000000e+00
7.798511158568623668e-03,2.394207912078399891e-02,0.000000000000000000e+00
6.483768770786614219e-03,2.445762382764905124e-02,0.000000000000000000e+00
7.318487417183418275e-03,2.456429777968786865e-02,1.000000000000000021e-03
7.798511158568623668e-03,2.394207912078399891e-02,1.000000000000000021e-03
6.483768770786614219e-03,2.445762382764905124e-02,1.000000000000000021e-03
6.166430439399884188e-03,2.605762255905971075e-02,0.000000000000000000e+00
6.742458928291651665e-03,2.531096016937378970e-02,0.000000000000000000e+00
5.131771861555176409e-03,2.598025463767464002e-02,0.000000000000000000e+00
6.166430439399884188e-03,2.605762255905971075e-02,1.000000000000000021e-03
6.742458928291651665e-03,2.531096016937378970e-02,1.000000000000000021e-03
5.131771861555176409e-03,2.598025463767464002e-02,1.000000000000000021e-03
4.783962060872169395e-03,2.784961230103006127e-02,0.000000000000000000e+00
5.475196250136026357e-03,2.695361743004488081e-02,0.000000000000000000e+00
3.509375564389685936e-03,2.780741161656144142e-02,0.000000000000000000e+00
4.783962060872169395e-03,2.784961230103006127e-02,1.000000000000000021e-03
5.475196250136026357e-03,2.695361743004488081e-02,1.000000000000000021e-03
3.509375564389685936e-03,2.780741161656144142e-02,1.000000000000000021e-03
3.124999999999995837e-03,2.999999999999999889e-02,0.000000000000000000e+00
3.954481030436082616e-03,2.892480615051502835e-02,0.000000000000000000e+00
1.562499999999997918e-03,2.999999999999999889e-02,0.000000000000000000e+00
3.124999999999995837e-03,2.999999999999999889e-02,1.000000000000000021e-03
3.954481030436082616e-03,2.892480615051502835e-02,1.000000000000000021e-03
1.562499999999997918e-03,2.999999999999999889e-02,1.000000000000000021e-03
1.130411427385917024e-02,2.038712353909780117e-02,0.000000000000000000e+00
1.099778732400243965e-02,2.096975443465316086e-02,0.000000000000000000e+00
1.130411427385917024e-02,2.038712353909780117e-02,5.000000000000000104e-04
1.102688519741881930e-02,2.025600395108865040e-02,0.000000000000000000e+00
1.115095079893081015e-02,2.067843898687548101e-02,0.000000000000000000e+00
1.064932223898206083e-02,2.083411535923680030e-02,0.000000000000000000e+00
1.130411427385917024e-02,2.038712353909780117e-02,2.500000000000000052e-04
1.102688519741881930e-02,2.025600395108865040e-02,5.000000000000000104e-04
1.130411427385917024e-02,2.038712353909780117e-02,1.000000000000000021e-03
1.099778732400243965e-02,2.096975443465316086e-02,1.000000000000000021e-03
1.130411427385917024e-02,2.038712353909780117e-02,7.500000000000000156e-04
1.102688519741881930e-02,2.025600395108865040e-02,1.000000000000000021e-03
1.115095079893081015e-02,2.067843898687548101e-02,1.000000000000000021e-03
1.064932223898206083e-02,2.083411535923680030e-02,1.000000000000000021e-03
1.063019498585997084e-02,2.166891150611360145e-02,0.000000000000000000e+00
1.081399115493121045e-02,2.131933297038338115e-02,0.000000000000000000e+00
1.018773455047334957e-02,2.154377414054084103e-02,0.000000000000000000e+00
1.063019498585997084e-02,2.166891150611360145e-02,1.000000000000000021e-03
1.081399115493121045e-02,2.131933297038338115e-02,1.000000000000000021e-03
1.018773455047334957e-02,2.154377414054084103e-02,1.000000000000000021e-03
1.018908418074240992e-02,2.250789999062334859e-02,0.000000000000000000e+00
1.040963958330119038e-02,2.208840574836848022e-02,0.000000000000000000e+00
9.633829325083397704e-03,2.239536467684424131e-02,0.000000000000000000e+00
1.018908418074240992e-02,2.250789999062334859e-02,1.000000000000000021e-03
1.040963958330119038e-02,2.208840574836848022e-02,1.000000000000000021e-03
9.633829325083397704e-03,2.239536467684424131e-02,1.000000000000000021e-03
9.659751218124054684e-03,2.351468616533488112e-02,0.000000000000000000e+00
9.924417699433233167e-03,2.301129307797911833e-02,0.000000000000000000e+00
8.969143059038942739e-03,2.341727331360751035e-02,0.000000000000000000e+00
9.659751218124054684e-03,2.351468616533488112e-02,1.000000000000000021e-03
9.924417699433233167e-03,2.301129307797911833e-02,1.000000000000000021e-03
8.969143059038942739e-03,2.341727331360751035e-02,1.000000000000000021e-03
9.024551663375202440e-03,2.472282957424089961e-02,0.000000000000000000e+00
9.342151440749629429e-03,2.411875786978789904e-02,0.000000000000000000e+00
8.171519540279309490e-03,2.464356367696438066e-02,0.000000000000000000e+00
9.024551663375202440e-03,2.472282957424089961e-02,1.000000000000000021e-03
9.342151440749627694e-03,2.411875786978788863e-02,1.000000000000000021e-03
8.171519540279309490e-03,2.464356367696438066e-02,1.000000000000000021e-03
8.262312198696129817e-03,2.617260166298894866e-02,0.000000000000000000e+00
8.643431931035666996e-03,2.544771561861492934e-02,0.000000000000000000e+00
7.214371319048006569e-03,2.611511211102433144e-02,0.000000000000000000e+00
8.262312198696129817e-03,2.617260166298894866e-02,1.000000000000000021e-03
8.643431931035665261e-03,2.544771561861492934e-02,1.000000000000000021e-03
7.214371319048006569e-03,2.611511211102433144e-02,1.000000000000000021e-03
7.347624837649038322e-03,2.791232817601464050e-02,0.000000000000000000e+00
7.804968518172585371e-03,2.704246491950179979e-02,0.000000000000000000e+00
6.065793449260603425e-03,2.788097023852234915e-02,0.000000000000000000e+00
7.347624837649038322e-03,2.791232817601464050e-02,1.000000000000000021e-03
7.804968518172583636e-03,2.704246491950179979e-02,1.000000000000000021e-03
6.065793449260604292e-03,2.788097023852234915e-02,1.000000000000000021e-03
6.249999999999996010e-03,2.999999999999999889e-02,0.000000000000000000e+00
6.798812418824517166e-03,2.895616408800731970e-02,0.000000000000000000e+00
4.687499999999994622e-03,2.999999999999999889e-02,0.000000000000000000e+00
6.249999999999996010e-03,2.999999999999999889e-02,1.000000000000000021e-03
6.798812418824517166e-03,2.895616408800731970e-02,1.000000000000000021e-03
4.687499999999994622e-03,2.999999999999999889e-02,1.000000000000000021e-03
1.189034274369969030e-02,2.056495400126012035e-02,0.000000000000000000e+00
1.173788927138566009e-02,2.113680669511402987e-02,0.000000000000000000e+00
1.189034274369969030e-02,2.056495400126012035e-02,5.000000000000000104e-04
1.159286038357989004e-02,2.049043854916317992e-02,0.000000000000000000e+00
1.181411600754267953e-02,2.085088034818707164e-02,0.000000000000000000e+00
1.136783829769404987e-02,2.105328056488359884e-02,0.000000000000000000e+00
1.189034274369969030e-02,2.056495400126012035e-02,2.500000000000000052e-04
1.159286038357989004e-02,2.049043854916317992e-02,5.000000000000000104e-04
1.189034274369969030e-02,2.056495400126012035e-02,1.000000000000000021e-03
1.173788927138566009e-02,2.113680669511402987e-02,1.000000000000000021e-03
1.189034274369969030e-02,2.056495400126012035e-02,7.500000000000000156e-04
1.159286038357989004e-02,2.049043854916317992e-02,1.000000000000000021e-03
1.181411600754267953e-02,2.085088034818707164e-02,1.000000000000000021e-03
1.136783829769404987e-02,2.105328056488359884e-02,1.000000000000000021e-03
1.155494510544769968e-02,2.182302992459204949e-02,0.000000000000000000e+00
1.164641718841668075e-02,2.147991830985303968e-02,0.000000000000000000e+00
1.109257004565383960e-02,2.174597071535281853e-02,0.000000000000000000e+00
1.155494510544769968e-02,2.182302992459204949e-02,1.000000000000000021e-03
1.164641718841668075e-02,2.147991830985303968e-02,1.000000000000000021e-03
1.109257004565383960e-02,2.174597071535281853e-02,1.000000000000000021e-03
1.133541210664735024e-02,2.264649779874588001e-02,0.000000000000000000e+00
1.144517860604751976e-02,2.223476386166895954e-02,0.000000000000000000e+00
1.076224814369487921e-02,2.257719889468462124e-02,0.000000000000000000e+00
1.133541210664735024e-02,2.264649779874588001e-02,1.000000000000000021e-03
1.144517860604751976e-02,2.223476386166895954e-02,1.000000000000000021e-03
1.076224814369487921e-02,2.257719889468462124e-02,1.000000000000000021e-03
1.107197250984011047e-02,2.363465924115425859e-02,0.000000000000000000e+00
1.120369230824373036e-02,2.314057851995007103e-02,0.000000000000000000e+00
1.036586186398208084e-02,2.357467270324457159e-02,0.000000000000000000e+00
1.107197250984011047e-02,2.363465924115425859e-02,1.000000000000000021e-03
1.120369230824373036e-02,2.314057851995007103e-02,1.000000000000000021e-03
1.036586186398208084e-02,2.357467270324457159e-02,1.000000000000000021e-03
1.075584499386711065e-02,2.482045297131033057e-02,0.000000000000000000e+00
1.091390875185361056e-02,2.422755610623230152e-02,0.000000000000000000e+00
9.890198328621155680e-03,2.477164127277561856e-02,0.000000000000000000e+00
1.075584499386711065e-02,2.482045297131033057e-02,1.000000000000000021e-03
1.091390875185361056e-02,2.422755610623230152e-02,1.000000000000000021e-03
9.890198328621153945e-03,2.477164127277561856e-02,1.000000000000000021e-03
1.037649197520690986e-02,2.624340544559431929e-02,0.000000000000000000e+00
1.056616848453701026e-02,2.553192920845231972e-02,0.000000000000000000e+00
9.319402086951521572e-03,2.620800355429163050e-02,0.000000000000000000e+00
1.037649197520690986e-02,2.624340544559431929e-02,1.000000000000000021e-03
1.056616848453701026e-02,2.553192920845231972e-02,1.000000000000000021e-03
9.319402086951521572e-03,2.620800355429163050e-02,1.000000000000000021e-03
9.921268351106533184e-03,2.795094842114236033e-02,0.000000000000000000e+00
1.014888016315671979e-02,2.709717693336834154e-02,0.000000000000000000e+00
8.634446594377785320e-03,2.793163829857850042e-02,0.000000000000000000e+00
9.921268351106533184e-03,2.795094842114236033e-02,1.000000000000000021e-03
1.014888016315671979e-02,2.709717693336834154e-02,1.000000000000000021e-03
8.634446594377785320e-03,2.793163829857850042e-02,1.000000000000000021e-03
9.374999999999994449e-03,2.999999999999999889e-02,0.000000000000000000e+00
9.648134175553263817e-03,2.897547421057117961e-02,0.000000000000000000e+00
7.812499999999994796e-03,2.999999999999999889e-02,0.000000000000000000e+00
9.374999999999994449e-03,2.999999999999999889e-02,1.000000000000000021e-03
9.648134175553263817e-03,2.897547421057117961e-02,1.000000000000000021e-03
7.812499999999994796e-03,2.999999999999999889e-02,1.000000000000000021e-03
1.250000000000010998e-02,2.062500000000000097e-02,0.000000000000000000e+00
1.250000000000000069e-02,2.119321334051751937e-02,0.000000000000000000e+00
1.250000000000010998e-02,2.062500000000000097e-02,5.000000000000000104e-04
1.219369643647023015e-02,2.060995227085063095e-02,0.000000000000000000e+00
1.250000000000000069e-02,2.090910667025875844e-02,0.000000000000000000e+00
1.211894463569282952e-02,2.116501001781578156e-02,0.000000000000000000e+00
1.250000000000010998e-02,2.062500000000000097e-02,2.500000000000000052e-04
1.219369643647023015e-02,2.060995227085063095e-02,5.000000000000000104e-04
1.250000000000010998e-02,2.062500000000000097e-02,1.000000000000000021e-03
1.250000000000000069e-02,2.119321334051751937e-02,1.000000000000000021e-03
1.250000000000010998e-02,2.062500000000000097e-02,7.500000000000000156e-04
1.219369643647023015e-02,2.060995227085063095e-02,1.000000000000000021e-03
1.250000000000000069e-02,2.090910667025875844e-02,1.000000000000000021e-03
1.211894463569282952e-02,2.116501001781577115e-02,1.000000000000000021e-03
1.250000000000000069e-02,2.187506934601188974e-02,0.000000000000000000e+00
1.250000000000000069e-02,2.153414134326471149e-02,0.000000000000000000e+00
1.202747255272385019e-02,2.184904963530196961e-02,0.000000000000000000e+00
1.250000000000000069e-02,2.187506934601188974e-02,1.000000000000000021e-03
1.250000000000000069e-02,2.153414134326471149e-02,1.000000000000000021e-03
1.202747255272385019e-02,2.184904963530196961e-02,1.000000000000000021e-03
1.250000000000000069e-02,2.269329655139310994e-02,0.000000000000000000e+00
1.250000000000000069e-02,2.228418294870250158e-02,0.000000000000000000e+00
1.191770605332367026e-02,2.266989717506949151e-02,0.000000000000000000e+00
1.250000000000000069e-02,2.269329655139310994e-02,1.000000000000000021e-03
1.250000000000000069e-02,2.228418294870250158e-02,1.000000000000000021e-03
1.191770605332367026e-02,2.266989717506949845e-02,1.000000000000000021e-03
1.250000000000000069e-02,2.367516919131620878e-02,0.000000000000000000e+00
1.250000000000000069e-02,2.318423287135466110e-02,0.000000000000000000e+00
1.178598625492006079e-02,2.365491421623523022e-02,0.000000000000000000e+00
1.250000000000000069e-02,2.367516919131620878e-02,1.000000000000000021e-03
1.250000000000000069e-02,2.318423287135466110e-02,1.000000000000000021e-03
1.178598625492006079e-02,2.365491421623523022e-02,1.000000000000000021e-03
1.250000000000000069e-02,2.485341635849460870e-02,0.000000000000000000e+00
1.250000000000000069e-02,2.426429277490540007e-02,0.000000000000000000e+00
1.162792249693355047e-02,2.483693466490247137e-02,0.000000000000000000e+00
1.250000000000000069e-02,2.485341635849460870e-02,1.000000000000000021e-03
1.250000000000000069e-02,2.426429277490540007e-02,1.000000000000000021e-03
1.162792249693355047e-02,2.483693466490247137e-02,1.000000000000000021e-03
1.250000000000000069e-02,2.626731295721749029e-02,0.000000000000000000e+00
1.250000000000000069e-02,2.556036465785604950e-02,0.000000000000000000e+00
1.143824598760346048e-02,2.625535920140590132e-02,0.000000000000000000e+00
1.250000000000000069e-02,2.626731295721749029e-02,1.000000000000000021e-03
1.250000000000000069e-02,2.556036465785604950e-02,1.000000000000000021e-03
1.143824598760346048e-02,2.625535920140590132e-02,1.000000000000000021e-03
1.250000000000000069e-02,2.796398888205145136e-02,0.000000000000000000e+00
1.250000000000000069e-02,2.711565091963447083e-02,0.000000000000000000e+00
1.121063417555327041e-02,2.795746865159690064e-02,0.000000000000000000e+00
1.250000000000000069e-02,2.796398888205145136e-02,1.000000000000000021e-03
1.250000000000000069e-02,2.711565091963447083e-02,1.000000000000000021e-03
1.121063417555327041e-02,2.795746865159690064e-02,1.000000000000000021e-03
1.250000000000000069e-02,2.999999999999999889e-02,0.000000000000000000e+00
1.250000000000000069e-02,2.898199444102573033e-02,0.000000000000000000e+00
1.093749999999999931e-02,2.999999999999999889e-02,0.000000000000000000e+00
1.250000000000000069e-02,2.999999999999999889e-02,1.000000000000000021e-03
1.250000000000000069e-02,2.898199444102573033e-02,1.000000000000000021e-03
1.093749999999999931e-02,2.999999999999999889e-02,1.000000000000000021e-03
1.613680669553077887e-02,1.826211072864616924e-02,0.000000000000000000e+00
1.556495400126010030e-02,1.810965725630038839e-02,0.000000000000000000e+00
1.556495400126010030e-02,1.810965725630038839e-02,5.000000000000000104e-04
1.585088034839543872e-02,1.818588399247328055e-02,0.000000000000000000e+00
1.560995227085061957e-02,1.780630356352987109e-02,0.000000000000000000e+00
1.616501001824566935e-02,1.788105536432308892e-02,0.000000000000000000e+00
1.556495400126010030e-02,1.810965725630038839e-02,2.500000000000000052e-04
1.560995227085061957e-02,1.780630356352987109e-02,5.000000000000000104e-04
1.613680669553077887e-02,1.826211072864616924e-02,1.000000000000000021e-03
1.556495400126010030e-02,1.810965725630038839e-02,1.000000000000000021e-03
1.556495400126010030e-02,1.810965725630038839e-02,7.500000000000000156e-04
1.585088034839543872e-02,1.818588399247328055e-02,1.000000000000000021e-03
1.560995227085061957e-02,1.780630356352987109e-02,1.000000000000000021e-03
1.616501001824566935e-02,1.788105536432308892e-02,1.000000000000000021e-03
1.682302992559226926e-02,1.844505489462856113e-02,0.000000000000000000e+00
1.647991831056153100e-02,1.835358281163736172e-02,0.000000000000000000e+00
1.684904963633373012e-02,1.797252744731428140e-02,0.000000000000000000e+00
1.682302992559226926e-02,1.844505489462856113e-02,1.000000000000000021e-03
1.647991831056153100e-02,1.835358281163736172e-02,1.000000000000000021e-03
1.684904963633373012e-02,1.797252744731428140e-02,1.000000000000000021e-03
1.764649780054629996e-02,1.866458789348985139e-02,0.000000000000000000e+00
1.723476386306927940e-02,1.855482139405920106e-02,0.000000000000000000e+00
1.766989717692666120e-02,1.808229394674493173e-02,0.000000000000000000e+00
1.764649780054629996e-02,1.866458789348985139e-02,1.000000000000000021e-03
1.723476386306927940e-02,1.855482139405921146e-02,1.000000000000000021e-03
1.766989717692666120e-02,1.808229394674493173e-02,1.000000000000000021e-03
1.863465924403493942e-02,1.892802749037935869e-02,0.000000000000000000e+00
1.814057852229062143e-02,1.879630769193460851e-02,0.000000000000000000e+00
1.865491421920670995e-02,1.821401374518967844e-02,0.000000000000000000e+00
1.863465924403493942e-02,1.892802749037935869e-02,1.000000000000000021e-03
1.814057852229062143e-02,1.879630769193460851e-02,1.000000000000000021e-03
1.865491421920670995e-02,1.821401374518967844e-02,1.000000000000000021e-03
1.982045297563134884e-02,1.924415500646206936e-02,0.000000000000000000e+00
1.922755610983313893e-02,1.908609124842071056e-02,0.000000000000000000e+00
1.983693466935967931e-02,1.837207750323103031e-02,0.000000000000000000e+00
1.982045297563134884e-02,1.924415500646206936e-02,1.000000000000000021e-03
1.922755610983313893e-02,1.908609124842071056e-02,1.000000000000000021e-03
1.983693466935967931e-02,1.837207750323103031e-02,1.000000000000000021e-03
2.124340545181659101e-02,1.962350802526706059e-02,0.000000000000000000e+00
2.053192921372396992e-02,1.943383151586456151e-02,0.000000000000000000e+00
2.125535920782430088e-02,1.856175401263352939e-02,0.000000000000000000e+00
2.124340545181659101e-02,1.962350802526706059e-02,1.000000000000000021e-03
2.053192921372396992e-02,1.943383151586456151e-02,1.000000000000000021e-03
2.125535920782430088e-02,1.856175401263352939e-02,1.000000000000000021e-03
2.295094842985356126e-02,2.007873164955700090e-02,0.000000000000000000e+00
2.209717694083507961e-02,1.985111983741202901e-02,0.000000000000000000e+00
2.295746866058265973e-02,1.878936582477850128e-02,0.000000000000000000e+00
2.295094842985356126e-02,2.007873164955700090e-02,1.000000000000000021e-03
2.209717694083507961e-02,1.985111983741202901e-02,1.000000000000000021e-03
2.295746866058267013e-02,1.878936582477850128e-02,1.000000000000000021e-03
2.500000000000000139e-02,2.062500000000001138e-02,0.000000000000000000e+00
2.500000000000000139e-02,2.062500000000001138e-02,5.000000000000000104e-04
2.397547421492678132e-02,2.035186582477850961e-02,0.000000000000000000e+00
2.500000000000000139e-02,1.906249999999999958e-02,0.000000000000000000e+00
2.500000000000000139e-02,2.062500000000001138e-02,2.500000000000000052e-04
2.500000000000000139e-02,1.906249999999999958e-02,5.000000000000000104e-04
2.500000000000000139e-02,2.062500000000001138e-02,1.000000000000000021e-03
2.500000000000000139e-02,2.062500000000001138e-02,7.500000000000000156e-04
2.397547421492678132e-02,2.035186582477850961e-02,1.000000000000000021e-03
2.500000000000000139e-02,1.906249999999999958e-02,1.000000000000000021e-03
1.596975443504642170e-02,1.900221267606164860e-02,0.000000000000000000e+00
1.538712353909777938e-02,1.869588572614087896e-02,0.000000000000000000e+00
1.538712353909777938e-02,1.869588572614087896e-02,5.000000000000000104e-04
1.567843898707210054e-02,1.884904920110126031e-02,0.000000000000000000e+00
1.549043854916315986e-02,1.840713961642018170e-02,0.000000000000000000e+00
1.605328056528860028e-02,1.863216170235390892e-02,0.000000000000000000e+00
1.538712353909777938e-02,1.869588572614087896e-02,2.500000000000000052e-04
1.549043854916315986e-02,1.840713961642018170e-02,5.000000000000000104e-04
1.596975443504642170e-02,1.900221267606164860e-02,1.000000000000000021e-03
1.538712353909777938e-02,1.869588572614087896e-02,1.000000000000000021e-03
1.538712353909777938e-02,1.869588572614087896e-02,7.500000000000000156e-04
1.567843898707210054e-02,1.884904920110126031e-02,1.000000000000000021e-03
1.549043854916315986e-02,1.840713961642018170e-02,1.000000000000000021e-03
1.605328056528860028e-02,1.863216170235390892e-02,1.000000000000000021e-03
1.666891150705744964e-02,1.936980501429377832e-02,0.000000000000000000e+00
1.631933297105193914e-02,1.918600884517770999e-02,0.000000000000000000e+00
1.674597071632485945e-02,1.890742995446116972e-02,0.000000000000000000e+00
1.666891150705744964e-02,1.936980501429377832e-02,1.000000000000000021e-03
1.631933297105193914e-02,1.918600884517770999e-02,1.000000000000000021e-03
1.674597071632485945e-02,1.890742995446116972e-02,1.000000000000000021e-03
1.750789999232229069e-02,1.981091581953428951e-02,0.000000000000000000e+00
1.708840574968987017e-02,1.959036041691402871e-02,0.000000000000000000e+00
1.757719889643430053e-02,1.923775185651207045e-02,0.000000000000000000e+00
1.750789999232229069e-02,1.981091581953428951e-02,1.000000000000000021e-03
1.708840574968987017e-02,1.959036041691403912e-02,1.000000000000000021e-03
1.757719889643430053e-02,1.923775185651207045e-02,1.000000000000000021e-03
1.851468616805320919e-02,2.034024878231863870e-02,0.000000000000000000e+00
1.801129308018774994e-02,2.007558230092646931e-02,0.000000000000000000e+00
1.857467270604407084e-02,1.963413813634900043e-02,0.000000000000000000e+00
1.851468616805320919e-02,2.034024878231863870e-02,1.000000000000000021e-03
1.801129308018774994e-02,2.007558230092646931e-02,1.000000000000000021e-03
1.857467270604407084e-02,1.963413813634900043e-02,1.000000000000000021e-03
1.972282957831839045e-02,2.097544833728881911e-02,0.000000000000000000e+00
1.911875787318580155e-02,2.065784855980373064e-02,0.000000000000000000e+00
1.977164127697486964e-02,2.010980167187544077e-02,0.000000000000000000e+00
1.972282957831839045e-02,2.097544833728881911e-02,1.000000000000000021e-03
1.911875787318580155e-02,2.065784855980373064e-02,1.000000000000000021e-03
1.977164127697486964e-02,2.010980167187544077e-02,1.000000000000000021e-03
2.117260166886054951e-02,2.173768780226004171e-02,0.000000000000000000e+00
2.044771562358946998e-02,2.135656806977442868e-02,0.000000000000000000e+00
2.120800356033857026e-02,2.068059791376354942e-02,0.000000000000000000e+00
2.117260166886054951e-02,2.173768780226004171e-02,1.000000000000000021e-03
2.044771562358946998e-02,2.135656806977442868e-02,1.000000000000000021e-03
2.120800356033857026e-02,2.068059791376354942e-02,1.000000000000000021e-03
2.291232818423489040e-02,2.265237516368958162e-02,0.000000000000000000e+00
2.204246492654772863e-02,2.219503148297480993e-02,0.000000000000000000e+00
2.293163830704423103e-02,2.136555340662328953e-02,0.000000000000000000e+00
2.291232818423489040e-02,2.265237516368958162e-02,1.000000000000000021e-03
2.204246492654772863e-02,2.219503148297480993e-02,1.000000000000000021e-03
2.293163830704423103e-02,2.136555340662328953e-02,1.000000000000000021e-03
2.500000000000000139e-02,2.375000000000001069e-02,0.000000000000000000e+00
2.500000000000000139e-02,2.375000000000001069e-02,5.000000000000000104e-04
2.395616409211745110e-02,2.320118758184478922e-02,0.000000000000000000e+00
2.500000000000000139e-02,2.218750000000000930e-02,0.000000000000000000e+00
2.500000000000000139e-02,2.375000000000001069e-02,2.500000000000000052e-04
2.500000000000000139e-02,2.218750000000000930e-02,5.000000000000000104e-04
2.500000000000000139e-02,2.375000000000001069e-02,1.000000000000000021e-03
2.500000000000000139e-02,2.375000000000001069e-02,7.500000000000000156e-04
2.395616409211745110e-02,2.320118758184478922e-02,1.000000000000000021e-03
2.500000000000000139e-02,2.218750000000000930e-02,1.000000000000000021e-03
1.569847628419283880e-02,1.969914284613578925e-02,0.000000000000000000e+00
1.509834253844547988e-02,1.923615697818622031e-02,0.000000000000000000e+00
1.509834253844547988e-02,1.923615697818622031e-02,5.000000000000000104e-04
1.539840941131915934e-02,1.946764991216099958e-02,0.000000000000000000e+00
1.525600395108863035e-02,1.897311480258121949e-02,0.000000000000000000e+00
1.583411535961962852e-02,1.935067776109871893e-02,0.000000000000000000e+00
1.509834253844547988e-02,1.923615697818622031e-02,2.500000000000000052e-04
1.525600395108863035e-02,1.897311480258121949e-02,5.000000000000000104e-04
1.569847628419283880e-02,1.969914284613578925e-02,1.000000000000000021e-03
1.509834253844547988e-02,1.923615697818622031e-02,1.000000000000000021e-03
1.509834253844547988e-02,1.923615697818622031e-02,7.500000000000000156e-04
1.539840941131915934e-02,1.946764991216099958e-02,1.000000000000000021e-03
1.525600395108863035e-02,1.897311480258121949e-02,1.000000000000000021e-03
1.583411535961962852e-02,1.935067776109871893e-02,1.000000000000000021e-03
1.641863677586185080e-02,2.025472588514710959e-02,0.000000000000000000e+00
1.605855653002733960e-02,1.997693436564144942e-02,0.000000000000000000e+00
1.654377414145965022e-02,1.981226544972044049e-02,0.000000000000000000e+00
1.641863677586185080e-02,2.025472588514710959e-02,1.000000000000000021e-03
1.605855653002733960e-02,1.997693436564144942e-02,1.000000000000000021e-03
1.654377414145965022e-02,1.981226544972044049e-02,1.000000000000000021e-03
1.728282936467392950e-02,2.092142553099652150e-02,0.000000000000000000e+00
1.685073307026788841e-02,2.058807570807181034e-02,0.000000000000000000e+00
1.739536467849810836e-02,2.036617067526540897e-02,0.000000000000000000e+00
1.728282936467392950e-02,2.092142553099652150e-02,1.000000000000000021e-03
1.685073307026788841e-02,2.058807570807181034e-02,1.000000000000000021e-03
1.739536467849810836e-02,2.036617067526540897e-02,1.000000000000000021e-03
1.831986046445423927e-02,2.172146510071960163e-02,0.000000000000000000e+00
1.780134491456408091e-02,2.132144531585805983e-02,0.000000000000000000e+00
1.841727331625371902e-02,2.103085694151912016e-02,0.000000000000000000e+00
1.831986046445423927e-02,2.172146510071960163e-02,1.000000000000000021e-03
1.780134491456408091e-02,2.132144531585805983e-02,1.000000000000000021e-03
1.841727331625371902e-02,2.103085694151912016e-02,1.000000000000000021e-03
1.956429778354901866e-02,2.268151258382671009e-02,0.000000000000000000e+00
1.894207912400162896e-02,2.220148884227314892e-02,0.000000000000000000e+00
1.964356368093370109e-02,2.182848046055775940e-02,0.000000000000000000e+00
1.956429778354901866e-02,2.268151258382671009e-02,1.000000000000000021e-03
1.894207912400162896e-02,2.220148884227314892e-02,1.000000000000000021e-03
1.964356368093370109e-02,2.182848046055775940e-02,1.000000000000000021e-03
2.105762256461977955e-02,2.383356956205468988e-02,0.000000000000000000e+00
2.031096017408439910e-02,2.325754107294070172e-02,0.000000000000000000e+00
2.111511211674016106e-02,2.278562868215736059e-02,0.000000000000000000e+00
2.105762256461977955e-02,2.383356956205468988e-02,1.000000000000000021e-03
2.031096017408439910e-02,2.325754107294070172e-02,1.000000000000000021e-03
2.111511211674016106e-02,2.278562868215736059e-02,1.000000000000000021e-03
2.284961230881417046e-02,2.521603794116423006e-02,0.000000000000000000e+00
2.195361743671698021e-02,2.452480375160945997e-02,0.000000000000000000e+00
2.288097024652453043e-02,2.393420655242690931e-02,0.000000000000000000e+00
2.284961230881417046e-02,2.521603794116423006e-02,1.000000000000000021e-03
2.195361743671698021e-02,2.452480375160945997e-02,1.000000000000000021e-03
2.288097024652453043e-02,2.393420655242689890e-02,1.000000000000000021e-03
2.500000000000000139e-02,2.687500000000000999e-02,0.000000000000000000e+00
2.500000000000000139e-02,2.687500000000000999e-02,5.000000000000000104e-04
2.392480615440708072e-02,2.604551897058211829e-02,0.000000000000000000e+00
2.500000000000000139e-02,2.531250000000000860e-02,0.000000000000000000e+00
2.500000000000000139e-02,2.687500000000000999e-02,2.500000000000000052e-04
2.500000000000000139e-02,2.531250000000000860e-02,5.000000000000000104e-04
2.500000000000000139e-02,2.687500000000000999e-02,1.000000000000000021e-03
2.500000000000000139e-02,2.687500000000000999e-02,7.500000000000000156e-04
2.392480615440708072e-02,2.604551897058211829e-02,1.000000000000000021e-03
2.500000000000000139e-02,2.531250000000000860e-02,1.000000000000000021e-03
1.533339731017173066e-02,2.033339730995014152e-02,0.000000000000000000e+00
1.470970869120800072e-02,1.970970869120792016e-02,0.000000000000000000e+00
1.470970869120800072e-02,1.970970869120792016e-02,5.000000000000000104e-04
1.502155300068987002e-02,2.002155300057903084e-02,0.000000000000000000e+00
1.491565766675857947e-02,1.948247901301135981e-02,0.000000000000000000e+00
1.551593679718227953e-02,2.001627007804296018e-02,0.000000000000000000e+00
1.470970869120800072e-02,1.970970869120792016e-02,2.500000000000000052e-04
1.491565766675857947e-02,1.948247901301135981e-02,5.000000000000000104e-04
1.533339731017173066e-02,2.033339730995014152e-02,1.000000000000000021e-03
1.470970869120800072e-02,1.970970869120792016e-02,1.000000000000000021e-03
1.470970869120800072e-02,1.970970869120792016e-02,7.500000000000000156e-04
1.502155300068987002e-02,2.002155300057903084e-02,1.000000000000000021e-03
1.491565766675857947e-02,1.948247901301135981e-02,1.000000000000000021e-03
1.551593679718228994e-02,2.001627007804296018e-02,1.000000000000000021e-03
1.608182364956706883e-02,2.108182364903535971e-02,0.000000000000000000e+00
1.570761047986940148e-02,2.070761047949274888e-02,0.000000000000000000e+00
1.625023021271446155e-02,2.066827476709124159e-02,0.000000000000000000e+00
1.608182364956706883e-02,2.108182364903535971e-02,1.000000000000000021e-03
1.570761047986940148e-02,2.070761047949274888e-02,1.000000000000000021e-03
1.625023021271446155e-02,2.066827476709124159e-02,1.000000000000000021e-03
1.697993525559607017e-02,2.197993525463904849e-02,0.000000000000000000e+00
1.653087945258157124e-02,2.153087945183720930e-02,0.000000000000000000e+00
1.713138231013500157e-02,2.145068039281778152e-02,0.000000000000000000e+00
1.697993525559607017e-02,2.197993525463904849e-02,1.000000000000000021e-03
1.653087945258157124e-02,2.153087945183720930e-02,1.000000000000000021e-03
1.713138231013500157e-02,2.145068039281778152e-02,1.000000000000000021e-03
1.805766917576046016e-02,2.305766917422926929e-02,0.000000000000000000e+00
1.751880221567825996e-02,2.251880221443415889e-02,0.000000000000000000e+00
1.818876482010734971e-02,2.238956713747443025e-02,0.000000000000000000e+00
1.805766917576046016e-02,2.305766917422926929e-02,1.000000000000000021e-03
1.751880221567825996e-02,2.251880221443415889e-02,1.000000000000000021e-03
1.818876482010734971e-02,2.238956713747443025e-02,1.000000000000000021e-03
1.935094987927951996e-02,2.435094987698277133e-02,0.000000000000000000e+00
1.870430952751998832e-02,2.370430952560602031e-02,0.000000000000000000e+00
1.945762383141426063e-02,2.351623123040473898e-02,0.000000000000000000e+00
1.935094987927951996e-02,2.435094987698277133e-02,1.000000000000000021e-03
1.870430952751998832e-02,2.370430952560602031e-02,1.000000000000000021e-03
1.945762383141426063e-02,2.351623123040473898e-02,1.000000000000000021e-03
2.090288672157333133e-02,2.590288671826605077e-02,0.000000000000000000e+00
2.012691830042642044e-02,2.512691829762440932e-02,0.000000000000000000e+00
2.098025464309655891e-02,2.486822814016036859e-02,0.000000000000000000e+00
2.090288672157333133e-02,2.590288671826605077e-02,1.000000000000000021e-03
2.012691830042643085e-02,2.512691829762440932e-02,1.000000000000000021e-03
2.098025464309655891e-02,2.486822814016036859e-02,1.000000000000000021e-03
2.276521093949010130e-02,2.776521093485992062e-02,0.000000000000000000e+00
2.183404883053172152e-02,2.683404882656299090e-02,0.000000000000000000e+00
2.280741162415213935e-02,2.649062443801207881e-02,0.000000000000000000e+00
2.276521093949010130e-02,2.776521093485992062e-02,1.000000000000000021e-03
2.183404883053172152e-02,2.683404882656299090e-02,1.000000000000000021e-03
2.280741162415213935e-02,2.649062443801207881e-02,1.000000000000000021e-03
2.500000000000000139e-02,2.999999999999999889e-02,0.000000000000000000e+00
2.500000000000000139e-02,2.999999999999999889e-02,5.000000000000000104e-04
2.388260546974504961e-02,2.888260546742996149e-02,0.000000000000000000e+00
2.500000000000000139e-02,2.843750000000000097e-02,0.000000000000000000e+00
2.500000000000000139e-02,2.999999999999999889e-02,2.500000000000000052e-04
2.500000000000000139e-02,2.843750000000000097e-02,5.000000000000000104e-04
2.500000000000000139e-02,2.999999999999999889e-02,1.000000000000000021e-03
2.500000000000000139e-02,2.999999999999999889e-02,7.500000000000000156e-04
2.388260546974504961e-02,2.888260546742996149e-02,1.000000000000000021e-03
2.500000000000000139e-02,2.843750000000000097e-02,1.000000000000000021e-03
1.469914284630200949e-02,2.069847628391588076e-02,0.000000000000000000e+00
1.423615697818630954e-02,2.009834253844541840e-02,0.000000000000000000e+00
1.423615697818630954e-02,2.009834253844541840e-02,5.000000000000000104e-04
1.446764991224415951e-02,2.039840941118065132e-02,0.000000000000000000e+00
1.448247901301144037e-02,1.991565766675851973e-02,0.000000000000000000e+00
1.501627007823687007e-02,2.051593679693301114e-02,0.000000000000000000e+00
1.423615697818630954e-02,2.009834253844541840e-02,2.500000000000000052e-04
1.448247901301144037e-02,1.991565766675851973e-02,5.000000000000000104e-04
1.469914284630200949e-02,2.069847628391588076e-02,1.000000000000000021e-03
1.423615697818630954e-02,2.009834253844541840e-02,1.000000000000000021e-03
1.423615697818630954e-02,2.009834253844541840e-02,7.500000000000000156e-04
1.446764991224415951e-02,2.039840941118065132e-02,1.000000000000000021e-03
1.448247901301144037e-02,1.991565766675851973e-02,1.000000000000000021e-03
1.501627007823687007e-02,2.051593679693301114e-02,1.000000000000000021e-03
1.525472588554591981e-02,2.141863677519724105e-02,0.000000000000000000e+00
1.497693436592397072e-02,2.105855652955656090e-02,0.000000000000000000e+00
1.566827476755650039e-02,2.125023021211629864e-02,0.000000000000000000e+00
1.525472588554591981e-02,2.141863677519724105e-02,1.000000000000000021e-03
1.497693436592397072e-02,2.105855652955656090e-02,1.000000000000000021e-03
1.566827476755650039e-02,2.125023021211629864e-02,1.000000000000000021e-03
1.592142553171431094e-02,2.228282936347767904e-02,0.000000000000000000e+00
1.558807570863011971e-02,2.185073306933746004e-02,0.000000000000000000e+00
1.645068039365519055e-02,2.213138230905837070e-02,0.000000000000000000e+00
1.592142553171431094e-02,2.228282936347767904e-02,1.000000000000000021e-03
1.558807570863011971e-02,2.185073306933746004e-02,1.000000000000000021e-03
1.645068039365519055e-02,2.213138230905837070e-02,1.000000000000000021e-03
1.672146510186800841e-02,2.331986046254027126e-02,0.000000000000000000e+00
1.632144531679115967e-02,2.280134491300897862e-02,0.000000000000000000e+00
1.738956713881422908e-02,2.318876481838477027e-02,0.000000000000000000e+00
1.672146510186800841e-02,2.331986046254027126e-02,1.000000000000000021e-03
1.632144531679115967e-02,2.280134491300897862e-02,1.000000000000000021e-03
1.738956713881422908e-02,2.318876481838477027e-02,1.000000000000000021e-03
1.768151258554927913e-02,2.456429778067811126e-02,0.000000000000000000e+00
1.720148884370864897e-02,2.394207912160918952e-02,0.000000000000000000e+00
1.851623123241440128e-02,2.445762382883043956e-02,0.000000000000000000e+00
1.768151258554927913e-02,2.456429778067811126e-02,1.000000000000000021e-03
1.720148884370864897e-02,2.394207912160918952e-02,1.000000000000000021e-03
1.851623123241440128e-02,2.445762382883043956e-02,1.000000000000000021e-03
1.883356956453515960e-02,2.605762256048569162e-02,0.000000000000000000e+00
1.825754107504222110e-02,2.531096017058189970e-02,0.000000000000000000e+00
1.986822814305425067e-02,2.598025463937586946e-02,0.000000000000000000e+00
1.883356956453515960e-02,2.605762256048569162e-02,1.000000000000000021e-03
1.825754107504222110e-02,2.531096017058189970e-02,1.000000000000000021e-03
1.986822814305425067e-02,2.598025463937586946e-02,1.000000000000000021e-03
2.021603794463686099e-02,2.784961230302646085e-02,0.000000000000000000e+00
1.952480375458600856e-02,2.695361743175607103e-02,0.000000000000000000e+00
2.149062444206347941e-02,2.780741161894318900e-02,0.000000000000000000e+00
2.021603794463686099e-02,2.784961230302646085e-02,1.000000000000000021e-03
1.952480375458600856e-02,2.695361743175607103e-02,1.000000000000000021e-03
2.149062444206347941e-02,2.780741161894318900e-02,1.000000000000000021e-03
2.187499999999999861e-02,2.999999999999999889e-02,0.000000000000000000e+00
2.104551897231842980e-02,2.892480615151322987e-02,0.000000000000000000e+00
2.343750000000000000e-02,2.999999999999999889e-02,0.000000000000000000e+00
2.187499999999999861e-02,2.999999999999999889e-02,1.000000000000000021e-03
2.104551897231842980e-02,2.892480615151322987e-02,1.000000000000000021e-03
2.343750000000000000e-02,2.999999999999999889e-02,1.000000000000000021e-03
1.400221267617249993e-02,2.096975443471410863e-02,0.000000000000000000e+00
1.369588572614098033e-02,2.038712353909773872e-02,0.000000000000000000e+00
1.369588572614098033e-02,2.038712353909773872e-02,5.000000000000000104e-04
1.384904920115673926e-02,2.067843898690591847e-02,0.000000000000000000e+00
1.397311480258131046e-02,2.025600395108858101e-02,0.000000000000000000e+00
1.435067776123725991e-02,2.083411535931499123e-02,0.000000000000000000e+00
1.369588572614098033e-02,2.038712353909773872e-02,2.500000000000000052e-04
1.397311480258131046e-02,2.025600395108858101e-02,5.000000000000000104e-04
1.400221267617249993e-02,2.096975443471410863e-02,1.000000000000000021e-03
1.369588572614098033e-02,2.038712353909773872e-02,1.000000000000000021e-03
1.369588572614098033e-02,2.038712353909773872e-02,7.500000000000000156e-04
1.384904920115673926e-02,2.067843898690591847e-02,1.000000000000000021e-03
1.397311480258131046e-02,2.025600395108858101e-02,1.000000000000000021e-03
1.435067776123725991e-02,2.083411535931499123e-02,1.000000000000000021e-03
1.436980501455967923e-02,2.166891150625994966e-02,0.000000000000000000e+00
1.418600884536608958e-02,2.131933297048703088e-02,0.000000000000000000e+00
1.481226545005280039e-02,2.154377414072859015e-02,0.000000000000000000e+00
1.436980501455967923e-02,2.166891150625994966e-02,1.000000000000000021e-03
1.418600884536608958e-02,2.131933297048703088e-02,1.000000000000000021e-03
1.481226545005280039e-02,2.154377414072859015e-02,1.000000000000000021e-03
1.481091582001285017e-02,2.250789999088681839e-02,0.000000000000000000e+00
1.459036041728625950e-02,2.208840574857338923e-02,0.000000000000000000e+00
1.536617067586358056e-02,2.239536467718224871e-02,0.000000000000000000e+00
1.481091582001285017e-02,2.250789999088681839e-02,1.000000000000000021e-03
1.459036041728625950e-02,2.208840574857337882e-02,1.000000000000000021e-03
1.536617067586358056e-02,2.239536467718224871e-02,1.000000000000000021e-03
1.534024878308428048e-02,2.351468616575647097e-02,0.000000000000000000e+00
1.507558230154855926e-02,2.301129307832164989e-02,0.000000000000000000e+00
1.603085694247613838e-02,2.341727331414837979e-02,0.000000000000000000e+00
1.534024878308428048e-02,2.351468616575647097e-02,1.000000000000000021e-03
1.507558230154855926e-02,2.301129307832164989e-02,1.000000000000000021e-03
1.603085694247613838e-02,2.341727331414837979e-02,1.000000000000000021e-03
1.597544833843721895e-02,2.472282957487332081e-02,0.000000000000000000e+00
1.565784856076074885e-02,2.411875787031490109e-02,0.000000000000000000e+00
1.682848046199324904e-02,2.464356367777571083e-02,0.000000000000000000e+00
1.597544833843721895e-02,2.472282957487332081e-02,1.000000000000000021e-03
1.565784856076074885e-02,2.411875787031490109e-02,1.000000000000000021e-03
1.682848046199324904e-02,2.464356367777571083e-02,1.000000000000000021e-03
1.673768780391370059e-02,2.617260166389966114e-02,0.000000000000000000e+00
1.635656807117545977e-02,2.544771561938648924e-02,0.000000000000000000e+00
1.778562868422442836e-02,2.611511211219267117e-02,0.000000000000000000e+00
1.673768780391370059e-02,2.617260166389966114e-02,1.000000000000000021e-03
1.635656807117545977e-02,2.544771561938648924e-02,1.000000000000000021e-03
1.778562868422442836e-02,2.611511211219267117e-02,1.000000000000000021e-03
1.765237516600466974e-02,2.791232817728964144e-02,0.000000000000000000e+00
1.719503148495919037e-02,2.704246492059465129e-02,0.000000000000000000e+00
1.893420655532077057e-02,2.788097024015805114e-02,0.000000000000000000e+00
1.765237516600466974e-02,2.791232817728964144e-02,1.000000000000000021e-03
1.719503148495917996e-02,2.704246492059465129e-02,1.000000000000000021e-03
1.893420655532077057e-02,2.788097024015805114e-02,1.000000000000000021e-03
1.874999999999999931e-02,2.999999999999999889e-02,0.000000000000000000e+00
1.820118758300233106e-02,2.895616408864482016e-02,0.000000000000000000e+00
2.031250000000000069e-02,2.999999999999999889e-02,0.000000000000000000e+00
1.874999999999999931e-02,2.999999999999999889e-02,1.000000000000000021e-03
1.820118758300233106e-02,2.895616408864482016e-02,1.000000000000000021e-03
2.031250000000000069e-02,2.999999999999999889e-02,1.000000000000000021e-03
1.326211072870164993e-02,2.113680669514310037e-02,0.000000000000000000e+00
1.310965725630050017e-02,2.056495400126007872e-02,0.000000000000000000e+00
1.310965725630050017e-02,2.056495400126007872e-02,5.000000000000000104e-04
1.318588399250106985e-02,2.085088034820159128e-02,0.000000000000000000e+00
1.340713961642027961e-02,2.049043854916313134e-02,0.000000000000000000e+00
1.363216170243707059e-02,2.105328056492860103e-02,0.000000000000000000e+00
1.310965725630050017e-02,2.056495400126007872e-02,2.500000000000000052e-04
1.340713961642027961e-02,2.049043854916313134e-02,5.000000000000000104e-04
1.326211072870164993e-02,2.113680669514310037e-02,1.000000000000000021e-03
1.310965725630050017e-02,2.056495400126007872e-02,1.000000000000000021e-03
1.310965725630050017e-02,2.056495400126007872e-02,7.500000000000000156e-04
1.318588399250106985e-02,2.085088034820159128e-02,1.000000000000000021e-03
1.340713961642027961e-02,2.049043854916313134e-02,1.000000000000000021e-03
1.363216170243707059e-02,2.105328056492860103e-02,1.000000000000000021e-03
1.344505489476155967e-02,2.182302992466187905e-02,0.000000000000000000e+00
1.335358281173159960e-02,2.147991830990248971e-02,0.000000000000000000e+00
1.390742995466062032e-02,2.174597071546090915e-02,0.000000000000000000e+00
1.344505489476155967e-02,2.182302992466187905e-02,1.000000000000000021e-03
1.335358281173159960e-02,2.147991830990248971e-02,1.000000000000000021e-03
1.390742995466062032e-02,2.174597071546090915e-02,1.000000000000000021e-03
1.366458789372917981e-02,2.264649779887159889e-02,0.000000000000000000e+00
1.355482139424537061e-02,2.223476386176673897e-02,0.000000000000000000e+00
1.423775185687100979e-02,2.257719889487920864e-02,0.000000000000000000e+00
1.366458789372917981e-02,2.264649779887159889e-02,1.000000000000000021e-03
1.355482139424537061e-02,2.223476386176673897e-02,1.000000000000000021e-03
1.423775185687100979e-02,2.257719889487920864e-02,1.000000000000000021e-03
1.392802749076221987e-02,2.363465924135543100e-02,0.000000000000000000e+00
1.379630769224570071e-02,2.314057852011352015e-02,0.000000000000000000e+00
1.463413813692323977e-02,2.357467270355595099e-02,0.000000000000000000e+00
1.392802749076221987e-02,2.363465924135543100e-02,1.000000000000000021e-03
1.379630769224570071e-02,2.314057852011352015e-02,1.000000000000000021e-03
1.463413813692323977e-02,2.357467270355595099e-02,1.000000000000000021e-03
1.424415500703628962e-02,2.482045297161211000e-02,0.000000000000000000e+00
1.408609124889925041e-02,2.422755610648377050e-02,0.000000000000000000e+00
1.510980167273675082e-02,2.477164127324271020e-02,0.000000000000000000e+00
1.424415500703628962e-02,2.482045297161211000e-02,1.000000000000000021e-03
1.408609124889925041e-02,2.422755610648377050e-02,1.000000000000000021e-03
1.510980167273675949e-02,2.477164127324272061e-02,1.000000000000000021e-03
1.462350802609391036e-02,2.624340544602888833e-02,0.000000000000000000e+00
1.443383151656510086e-02,2.553192920882050090e-02,0.000000000000000000e+00
1.568059791500379940e-02,2.620800355496426953e-02,0.000000000000000000e+00
1.462350802609391036e-02,2.624340544602888833e-02,1.000000000000000021e-03
1.443383151656510086e-02,2.553192920882050090e-02,1.000000000000000021e-03
1.568059791500379940e-02,2.620800355496427994e-02,1.000000000000000021e-03
1.507873165071456009e-02,2.795094842175077990e-02,0.000000000000000000e+00
1.485111983840422915e-02,2.709717693388983065e-02,0.000000000000000000e+00
1.636555340835961145e-02,2.793163829952020893e-02,0.000000000000000000e+00
1.507873165071456009e-02,2.795094842175077990e-02,1.000000000000000021e-03
1.485111983840422915e-02,2.709717693388983065e-02,1.000000000000000021e-03
1.636555340835961145e-02,2.793163829952020893e-02,1.000000000000000021e-03
1.562500000000000000e-02,2.999999999999999889e-02,0.000000000000000000e+00
1.535186582535728005e-02,2.897547421087539113e-02,0.000000000000000000e+00
1.718749999999999098e-02,2.999999999999999889e-02,0.000000000000000000e+00
1.562500000000000000e-02,2.999999999999999889e-02,1.000000000000000021e-03
1.535186582535728005e-02,2.897547421087539113e-02,1.000000000000000021e-03
1.718749999999999098e-02,2.999999999999999889e-02,1.000000000000000021e-03
1.280630356352997941e-02,2.060995227085061013e-02,0.000000000000000000e+00
1.288105536435081924e-02,2.116501001783031854e-02,0.000000000000000000e+00
1.280630356352997941e-02,2.060995227085061013e-02,5.000000000000000104e-04
1.280630356352997941e-02,2.060995227085061013e-02,1.000000000000000021e-03
1.288105536435081924e-02,2.116501001783031161e-02,1.000000000000000021e-03
1.297252744738077931e-02,2.184904963533687919e-02,0.000000000000000000e+00
1.297252744738077931e-02,2.184904963533687919e-02,1.000000000000000021e-03
1.308229394686459025e-02,2.266989717513236136e-02,0.000000000000000000e+00
1.308229394686459025e-02,2.266989717513236136e-02,1.000000000000000021e-03
1.321401374538110941e-02,2.365491421633581989e-02,0.000000000000000000e+00
1.321401374538110941e-02,2.365491421633581989e-02,1.000000000000000021e-03
1.337207750351815036e-02,2.483693466505336109e-02,0.000000000000000000e+00
1.337207750351815036e-02,2.483693466505336109e-02,1.000000000000000021e-03
1.356175401304694945e-02,2.625535920162318931e-02,0.000000000000000000e+00
1.356175401304694945e-02,2.625535920162318931e-02,1.000000000000000021e-03
1.378936582535728039e-02,2.795746865190110869e-02,0.000000000000000000e+00
1.378936582535728039e-02,2.795746865190110869e-02,1.000000000000000021e-03
1.406250000000000035e-02,2.999999999999999889e-02,0.000000000000000000e+00
1.406250000000000035e-02,2.999999999999999889e-02,1.000000000000000021e-03
3.124999999999995837e-03,3.250000000000000111e-02,0.000000000000000000e+00
0.000000000000000000e+00,3.250000000000000111e-02,0.000000000000000000e+00
0.000000000000000000e+00,3.250000000000000111e-02,5.000000000000000104e-04
3.124999999999995837e-03,3.125000000000000000e-02,0.000000000000000000e+00
1.562499999999997918e-03,3.250000000000000111e-02,0.000000000000000000e+00
0.000000000000000000e+00,3.125000000000000000e-02,0.000000000000000000e+00
0.000000000000000000e+00,3.250000000000000111e-02,2.500000000000000052e-04
0.000000000000000000e+00,3.125000000000000000e-02,5.000000000000000104e-04
3.124999999999995837e-03,3.250000000000000111e-02,1.000000000000000021e-03
0.000000000000000000e+00,3.250000000000000111e-02,1.000000000000000021e-03
0.000000000000000000e+00,3.250000000000000111e-02,7.500000000000000156e-04
3.124999999999995837e-03,3.125000000000000000e-02,1.000000000000000021e-03
1.562499999999997918e-03,3.250000000000000111e-02,1.000000000000000021e-03
0.000000000000000000e+00,3.125000000000000000e-02,1.000000000000000021e-03
3.124999999999995837e-03,3.500000000000000333e-02,0.000000000000000000e+00
0.000000000000000000e+00,3.500000000000000333e-02,0.000000000000000000e+00
3.124999999999995837e-03,3.500000000000000333e-02,5.000000000000000104e-04
0.000000000000000000e+00,3.500000000000000333e-02,5.000000000000000104e-04
3.124999999999995837e-03,3.375000000000000222e-02,0.000000000000000000e+00
1.562499999999997918e-03,3.500000000000000333e-02,0.000000000000000000e+00
0.000000000000000000e+00,3.375000000000000222e-02,0.000000000000000000e+00
3.124999999999995837e-03,3.500000000000000333e-02,2.500000000000000052e-04
0.000000000000000000e+00,3.500000000000000333e-02,2.500000000000000052e-04
1.562499999999997918e-03,3.500000000000000333e-02,5.000000000000000104e-04
0.000000000000000000e+00,3.375000000000000222e-02,5.000000000000000104e-04
3.124999999999995837e-03,3.500000000000000333e-02,1.000000000000000021e-03
0.000000000000000000e+00,3.500000000000000333e-02,1.000000000000000021e-03
3.124999999999995837e-03,3.500000000000000333e-02,7.500000000000000156e-04
0.000000000000000000e+00,3.500000000000000333e-02,7.500000000000000156e-04
3.124999999999995837e-03,3.375000000000000222e-02,1.000000000000000021e-03
1.562499999999997918e-03,3.500000000000000333e-02,1.000000000000000021e-03
0.000000000000000000e+00,3.375000000000000222e-02,1.000000000000000021e-03
6.249999999999996010e-03,3.250000000000000111e-02,0.000000000000000000e+00
6.249999999999996010e-03,3.125000000000000000e-02,0.000000000000000000e+00
4.687499999999994622e-03,3.250000000000000111e-02,0.000000000000000000e+00
6.249999999999996010e-03,3.250000000000000111e-02,1.000000000000000021e-03
6.249999999999996010e-03,3.125000000000000000e-02,1.000000000000000021e-03
4.687499999999994622e-03,3.250000000000000111e-02,1.000000000000000021e-03
6.249999999999996010e-03,3.500000000000000333e-02,0.000000000000000000e+00
6.249999999999996010e-03,3.500000000000000333e-02,5.000000000000000104e-04
6.249999999999996010e-03,3.375000000000000222e-02,0.000000000000000000e+00
4.687499999999994622e-03,3.500000000000000333e-02,0.000000000000000000e+00
6.249999999999996010e-03,3.500000000000000333e-02,2.500000000000000052e-04
4.687499999999994622e-03,3.500000000000000333e-02,5.000000000000000104e-04
6.249999999999996010e-03,3.500000000000000333e-02,1.000000000000000021e-03
6.249999999999996010e-03,3.500000000000000333e-02,7.500000000000000156e-04
6.249999999999996010e-03,3.375000000000000222e-02,1.000000000000000021e-03
4.687499999999994622e-03,3.500000000000000333e-02,1.000000000000000021e-03
9.374999999999994449e-03,3.250000000000000111e-02,0.000000000000000000e+00
9.374999999999994449e-03,3.125000000000000000e-02,0.000000000000000000e+00
7.812499999999994796e-03,3.250000000000000111e-02,0.000000000000000000e+00
9.374999999999994449e-03,3.250000000000000111e-02,1.000000000000000021e-03
9.374999999999994449e-03,3.125000000000000000e-02,1.000000000000000021e-03
7.812499999999994796e-03,3.250000000000000111e-02,1.000000000000000021e-03
9.374999999999994449e-03,3.500000000000000333e-02,0.000000000000000000e+00
9.374999999999994449e-03,3.500000000000000333e-02,5.000000000000000104e-04
9.374999999999994449e-03,3.375000000000000222e-02,0.000000000000000000e+00
7.812499999999994796e-03,3.500000000000000333e-02,0.000000000000000000e+00
9.374999999999994449e-03,3.500000000000000333e-02,2.500000000000000052e-04
7.812499999999994796e-03,3.500000000000000333e-02,5.000000000000000104e-04
9.374999999999994449e-03,3.500000000000000333e-02,1.000000000000000021e-03
9.374999999999994449e-03,3.500000000000000333e-02,7.500000000000000156e-04
9.374999999999994449e-03,3.375000000000000222e-02,1.000000000000000021e-03
7.812499999999994796e-03,3.500000000000000333e-02,1.000000000000000021e-03
1.250000000000000069e-02,3.250000000000000111e-02,0.000000000000000000e+00
1.250000000000000069e-02,3.125000000000000000e-02,0.000000000000000000e+00
1.093749999999999931e-02,3.250000000000000111e-02,0.000000000000000000e+00
1.250000000000000069e-02,3.250000000000000111e-02,1.000000000000000021e-03
1.250000000000000069e-02,3.125000000000000000e-02,1.000000000000000021e-03
1.093749999999999931e-02,3.250000000000000111e-02,1.000000000000000021e-03
1.250000000000000069e-02,3.500000000000000333e-02,0.000000000000000000e+00
1.250000000000000069e-02,3.500000000000000333e-02,5.000000000000000104e-04
1.250000000000000069e-02,3.375000000000000222e-02,0.000000000000000000e+00
1.093749999999999931e-02,3.500000000000000333e-02,0.000000000000000000e+00
1.250000000000000069e-02,3.500000000000000333e-02,2.500000000000000052e-04
1.093749999999999931e-02,3.500000000000000333e-02,5.000000000000000104e-04
1.250000000000000069e-02,3.500000000000000333e-02,1.000000000000000021e-03
1.250000000000000069e-02,3.500000000000000333e-02,7.500000000000000156e-04
1.250000000000000069e-02,3.375000000000000222e-02,1.000000000000000021e-03
1.093749999999999931e-02,3.500000000000000333e-02,1.000000000000000021e-03
1.562500000000000000e-02,3.250000000000000111e-02,0.000000000000000000e+00
1.562500000000000000e-02,3.125000000000000000e-02,0.000000000000000000e+00
1.406250000000000035e-02,3.250000000000000111e-02,0.000000000000000000e+00
1.562500000000000000e-02,3.250000000000000111e-02,1.000000000000000021e-03
1.562500000000000000e-02,3.125000000000000000e-02,1.000000000000000021e-03
1.406250000000000035e-02,3.250000000000000111e-02,1.000000000000000021e-03
1.562500000000000000e-02,3.500000000000000333e-02,0.000000000000000000e+00
1.562500000000000000e-02,3.500000000000000333e-02,5.000000000000000104e-04
1.562500000000000000e-02,3.375000000000000222e-02,0.000000000000000000e+00
1.406250000000000035e-02,3.500000000000000333e-02,0.000000000000000000e+00
1.562500000000000000e-02,3.500000000000000333e-02,2.500000000000000052e-04
1.406250000000000035e-02,3.500000000000000333e-02,5.000000000000000104e-04
1.562500000000000000e-02,3.500000000000000333e-02,1.000000000000000021e-03
1.562500000000000000e-02,3.500000000000000333e-02,7.500000000000000156e-04
1.562500000000000000e-02,3.375000000000000222e-02,1.000000000000000021e-03
1.406250000000000035e-02,3.500000000000000333e-02,1.000000000000000021e-03
1.874999999999999931e-02,3.250000000000000111e-02,0.000000000000000000e+00
1.874999999999999931e-02,3.125000000000000000e-02,0.000000000000000000e+00
1.718749999999999098e-02,3.250000000000000111e-02,0.000000000000000000e+00
1.874999999999999931e-02,3.250000000000000111e-02,1.000000000000000021e-03
1.874999999999999931e-02,3.125000000000000000e-02,1.000000000000000021e-03
1.718749999999999098e-02,3.250000000000000111e-02,1.000000000000000021e-03
1.874999999999999931e-02,3.500000000000000333e-02,0.000000000000000000e+00
1.874999999999999931e-02,3.500000000000000333e-02,5.000000000000000104e-04
1.874999999999999931e-02,3.375000000000000222e-02,0.000000000000000000e+00
1.718749999999999098e-02,3.500000000000000333e-02,0.000000000000000000e+00
1.874999999999999931e-02,3.500000000000000333e-02,2.500000000000000052e-04
1.718749999999999098e-02,3.500000000000000333e-02,5.000000000000000104e-04
1.874999999999999931e-02,3.500000000000000333e-02,1.000000000000000021e-03
1.874999999999999931e-02,3.500000000000000333e-02,7.500000000000000156e-04
1.874999999999999931e-02,3.375000000000000222e-02,1.000000000000000021e-03
1.718749999999999098e-02,3.500000000000000333e-02,1.000000000000000021e-03
2.187499999999999861e-02,3.250000000000000111e-02,0.000000000000000000e+00
2.187499999999999861e-02,3.125000000000000000e-02,0.000000000000000000e+00
2.031250000000000069e-02,3.250000000000000111e-02,0.000000000000000000e+00
2.187499999999999861e-02,3.250000000000000111e-02,1.000000000000000021e-03
2.187499999999999861e-02,3.125000000000000000e-02,1.000000000000000021e-03
2.031250000000000069e-02,3.250000000000000111e-02,1.000000000000000021e-03
2.187499999999999861e-02,3.500000000000000333e-02,0.000000000000000000e+00
2.187499999999999861e-02,3.500000000000000333e-02,5.000000000000000104e-04
2.187499999999999861e-02,3.375000000000000222e-02,0.000000000000000000e+00
2.031250000000000069e-02,3.500000000000000333e-02,0.000000000000000000e+00
2.187499999999999861e-02,3.500000000000000333e-02,2.500000000000000052e-04
2.031250000000000069e-02,3.500000000000000333e-02,5.000000000000000104e-04
2.187499999999999861e-02,3.500000000000000333e-02,1.000000000000000021e-03
2.187499999999999861e-02,3.500000000000000333e-02,7.500000000000000156e-04
2.187499999999999861e-02,3.375000000000000222e-02,1.000000000000000021e-03
2.031250000000000069e-02,3.500000000000000333e-02,1.000000000000000021e-03
2.500000000000000139e-02,3.250000000000000111e-02,0.000000000000000000e+00
2.500000000000000139e-02,3.250000000000000111e-02,5.000000000000000104e-04
2.500000000000000139e-02,3.125000000000000000e-02,0.000000000000000000e+00
2.343750000000000000e-02,3.250000000000000111e-02,0.000000000000000000e+00
2.500000000000000139e-02,3.250000000000000111e-02,2.500000000000000052e-04
2.500000000000000139e-02,3.125000000000000000e-02,5.000000000000000104e-04
2.500000000000000139e-02,3.250000000000000111e-02,1.000000000000000021e-03
2.500000000000000139e-02,3.250000000000000111e-02,7.500000000000000156e-04
2.500000000000000139e-02,3.125000000000000000e-02,1.000000000000000021e-03
2.343750000000000000e-02,3.250000000000000111e-02,1.000000000000000021e-03
2.500000000000000139e-02,3.500000000000000333e-02,0.000000000000000000e+00
2.500000000000000139e-02,3.500000000000000333e-02,5.000000000000000104e-04
2.500000000000000139e-02,3.375000000000000222e-02,0.000000000000000000e+00
2.343750000000000000e-02,3.500000000000000333e-02,0.000000000000000000e+00
2.500000000000000139e-02,3.500000000000000333e-02,2.500000000000000052e-04
2.500000000000000139e-02,3.375000000000000222e-02,5.000000000000000104e-04
2.343750000000000000e-02,3.500000000000000333e-02,5.000000000000000104e-04
2.500000000000000139e-02,3.500000000000000333e-02,1.000000000000000021e-03
2.500000000000000139e-02,3.500000000000000333e-02,7.500000000000000156e-04
2.500000000000000139e-02,3.375000000000000222e-02,1.000000000000000021e-03
2.343750000000000000e-02,3.500000000000000333e-02,1.000000000000000021e-03
