0.000000000000000000e+00,0.000000000000000000e+00,0.000000000000000000e+00,0.000000000000000000e+00,0.000000000000000000e+00,0.000000000000000000e+00,0.000000000000000000e+00,0.000000000000000000e+00
0.000000000000000000e+00,0.000000000000000000e+00,0.000000000000000000e+00,0.000000000000000000e+00,0.000000000000000000e+00,0.000000000000000000e+00,0.000000000000000000e+00,0.000000000000000000e+00
0.000000000000000000e+00,6.502209709816229686e-08,1.300441941963245937e-07,1.950662912944868906e-07,2.600883883926491874e-07,3.251104854908114843e-07,3.901325825889737811e-07,4.551546796871360780e-07
0.000000000000000000e+00,5.352025543035147765e-08,1.070405108607029553e-07,1.605607662910544197e-07,2.140810217214058841e-07,2.676012771517573485e-07,3.211215325821088394e-07,3.746417880124603303e-07
0.000000000000000000e+00,0.000000000000000000e+00,0.000000000000000000e+00,0.000000000000000000e+00,0.000000000000000000e+00,0.000000000000000000e+00,0.000000000000000000e+00,0.000000000000000000e+00
0.000000000000000000e+00,0.000000000000000000e+00,0.000000000000000000e+00,0.000000000000000000e+00,0.000000000000000000e+00,0.000000000000000000e+00,0.000000000000000000e+00,0.000000000000000000e+00
0.000000000000000000e+00,2.083818765781546615e-19,4.167637531563093229e-19,6.251456297344640084e-19,8.335275063126187421e-19,1.041909382890773476e-18,1.250291259468928209e-18,1.458673136047082943e-18
0.000000000000000000e+00,0.000000000000000000e+00,0.000000000000000000e+00,0.000000000000000000e+00,0.000000000000000000e+00,0.000000000000000000e+00,0.000000000000000000e+00,0.000000000000000000e+00
0.000000000000000000e+00,7.678390527208183952e-08,1.535678105441636790e-07,2.303517158162455185e-07,3.071356210883273581e-07,3.839195263604091711e-07,4.607034316324909842e-07,5.374873369045727972e-07
0.000000000000000000e+00,5.834492620388274308e-08,1.166898524077654862e-07,1.750347786116482292e-07,2.333797048155309723e-07,2.917246310194137154e-07,3.500695572232964585e-07,4.084144834271792016e-07
0.000000000000000000e+00,9.191305711435376794e-08,1.838261142287075359e-07,2.757391713430613303e-07,3.676522284574151247e-07,4.595652855717689191e-07,5.514783426861226606e-07,6.433913998004764020e-07
0.000000000000000000e+00,0.000000000000000000e+00,0.000000000000000000e+00,0.000000000000000000e+00,0.000000000000000000e+00,0.000000000000000000e+00,0.000000000000000000e+00,0.000000000000000000e+00
0.000000000000000000e+00,0.000000000000000000e+00,0.000000000000000000e+00,0.000000000000000000e+00,0.000000000000000000e+00,0.000000000000000000e+00,0.000000000000000000e+00,0.000000000000000000e+00
0.000000000000000000e+00,2.680770697664969399e-08,5.361541395329938798e-08,8.042312092994908528e-08,1.072308279065987892e-07,1.340385348832485064e-07,1.608462418598982235e-07,1.876539488365479407e-07
0.000000000000000000e+00,0.000000000000000000e+00,0.000000000000000000e+00,0.000000000000000000e+00,0.000000000000000000e+00,0.000000000000000000e+00,0.000000000000000000e+00,0.000000000000000000e+00
0.000000000000000000e+00,7.789310857663609070e-20,1.557862171532721814e-19,2.336793257299082841e-19,3.115724343065444110e-19,3.894655428831805378e-19,4.673586514598166646e-19,5.452517600364527914e-19
0.000000000000000000e+00,0.000000000000000000e+00,0.000000000000000000e+00,0.000000000000000000e+00,0.000000000000000000e+00,0.000000000000000000e+00,0.000000000000000000e+00,0.000000000000000000e+00
0.000000000000000000e+00,0.000000000000000000e+00,0.000000000000000000e+00,0.000000000000000000e+00,0.000000000000000000e+00,0.000000000000000000e+00,0.000000000000000000e+00,0.000000000000000000e+00
0.000000000000000000e+00,-6.502209709856400223e-08,-1.300441941971280045e-07,-1.950662912956920067e-07,-2.600883883942560089e-07,-3.251104854928200112e-07,-3.901325825913840134e-07,-4.551546796899480156e-07
0.000000000000000000e+00,-5.352025542993954832e-08,-1.070405108598790966e-07,-1.605607662898186516e-07,-2.140810217197582198e-07,-2.676012771496977879e-07,-3.211215325796373561e-07,-3.746417880095769243e-07
0.000000000000000000e+00,0.000000000000000000e+00,0.000000000000000000e+00,0.000000000000000000e+00,0.000000000000000000e+00,0.000000000000000000e+00,0.000000000000000000e+00,0.000000000000000000e+00
0.000000000000000000e+00,0.000000000000000000e+00,0.000000000000000000e+00,0.000000000000000000e+00,0.000000000000000000e+00,0.000000000000000000e+00,0.000000000000000000e+00,0.000000000000000000e+00
0.000000000000000000e+00,-2.680770697623588862e-08,-5.361541395247177724e-08,-8.042312092870766586e-08,-1.072308279049435545e-07,-1.340385348811794431e-07,-1.608462418574153317e-07,-1.876539488336512203e-07
0.000000000000000000e+00,0.000000000000000000e+00,0.000000000000000000e+00,0.000000000000000000e+00,0.000000000000000000e+00,0.000000000000000000e+00,0.000000000000000000e+00,0.000000000000000000e+00
0.000000000000000000e+00,-7.678390527219064355e-08,-1.535678105443812871e-07,-2.303517158165719174e-07,-3.071356210887625212e-07,-3.839195263609531251e-07,-4.607034316331437289e-07,-5.374873369053343857e-07
0.000000000000000000e+00,-5.834492620389604415e-08,-1.166898524077920883e-07,-1.750347786116881457e-07,-2.333797048155842031e-07,-2.917246310194802604e-07,-3.500695572233762913e-07,-4.084144834272723223e-07
0.000000000000000000e+00,-9.191305711419373165e-08,-1.838261142283874633e-07,-2.757391713425811685e-07,-3.676522284567748737e-07,-4.595652855709685788e-07,-5.514783426851623370e-07,-6.433913997993560951e-07
0.000000000000000000e+00,6.245836178199966515e-08,1.249167235639993303e-07,1.873750853459989954e-07,2.498334471279986606e-07,3.122918089099982993e-07,3.747501706919979379e-07,4.372085324739975766e-07
0.000000000000000000e+00,6.009229863695964631e-08,1.201845972739192926e-07,1.802768959108789389e-07,2.403691945478385852e-07,3.004614931847982315e-07,3.605537918217578778e-07,4.206460904587175771e-07
0.000000000000000000e+00,4.121966525795927618e-19,8.243933051591855235e-19,1.236589957738778141e-18,1.648786610318371047e-18,2.060983262897963375e-18,2.473179915477557052e-18,2.885376568057149188e-18
0.000000000000000000e+00,6.693902951396728465e-08,1.338780590279345693e-07,2.008170885419018672e-07,2.677561180558691915e-07,3.346951475698365159e-07,4.016341770838038402e-07,4.685732065977711646e-07
0.000000000000000000e+00,6.437210925376662471e-08,1.287442185075332494e-07,1.931163277612998609e-07,2.574884370150664459e-07,3.218605462688330309e-07,3.862326555225996159e-07,4.506047647763662009e-07
0.000000000000000000e+00,6.171491688672576491e-08,1.234298337734515298e-07,1.851447506601772947e-07,2.468596675469030596e-07,3.085745844336287981e-07,3.702895013203545365e-07,4.320044182070802749e-07
0.000000000000000000e+00,3.001645573554534415e-08,6.003291147109068829e-08,9.004936720663603906e-08,1.200658229421814031e-07,1.500822786777267671e-07,1.800987344132721575e-07,2.101151901488174951e-07
0.000000000000000000e+00,3.123620244215360518e-19,6.247240488430721036e-19,9.370860732646081072e-19,1.249448097686144015e-18,1.561810122107679922e-18,1.874172146529215829e-18,2.186534170950751737e-18
0.000000000000000000e+00,-6.245836178347502449e-08,-1.249167235669500490e-07,-1.873750853504250867e-07,-2.498334471339001509e-07,-3.122918089173752151e-07,-3.747501707008502793e-07,-4.372085324843253435e-07
0.000000000000000000e+00,-6.009229863613430534e-08,-1.201845972722686107e-07,-1.802768959084028763e-07,-2.403691945445371684e-07,-3.004614931806714341e-07,-3.605537918168056997e-07,-4.206460904529399654e-07
0.000000000000000000e+00,-3.001645573472017524e-08,-6.003291146944035047e-08,-9.004936720416053233e-08,-1.200658229388807274e-07,-1.500822786736009225e-07,-1.800987344083210911e-07,-2.101151901430412862e-07
0.000000000000000000e+00,-6.693902951481918804e-08,-1.338780590296383761e-07,-2.008170885444575773e-07,-2.677561180592768051e-07,-3.346951475740960328e-07,-4.016341770889152606e-07,-4.685732066037344883e-07
0.000000000000000000e+00,-6.437210925411895071e-08,-1.287442185082379014e-07,-1.931163277623568521e-07,-2.574884370164758029e-07,-3.218605462705947536e-07,-3.862326555247137043e-07,-4.506047647788326550e-07
0.000000000000000000e+00,-6.171491688609960903e-08,-1.234298337721992181e-07,-1.851447506582988139e-07,-2.468596675443983832e-07,-3.085745844304979525e-07,-3.702895013165975219e-07,-4.320044182026970912e-07
0.000000000000000000e+00,0.000000000000000000e+00,0.000000000000000000e+00,0.000000000000000000e+00,0.000000000000000000e+00,0.000000000000000000e+00,0.000000000000000000e+00,0.000000000000000000e+00
0.000000000000000000e+00,5.809250280524385173e-08,1.161850056104877035e-07,1.742775084157315618e-07,2.323700112209754334e-07,2.904625140262193050e-07,3.485550168314631765e-07,4.066475196367070481e-07
0.000000000000000000e+00,0.000000000000000000e+00,0.000000000000000000e+00,0.000000000000000000e+00,0.000000000000000000e+00,0.000000000000000000e+00,0.000000000000000000e+00,0.000000000000000000e+00
0.000000000000000000e+00,0.000000000000000000e+00,0.000000000000000000e+00,0.000000000000000000e+00,0.000000000000000000e+00,0.000000000000000000e+00,0.000000000000000000e+00,0.000000000000000000e+00
0.000000000000000000e+00,7.375503399015441189e-08,1.475100679803088238e-07,2.212651019704632357e-07,2.950201359606176476e-07,3.687751699507720330e-07,4.425302039409264184e-07,5.162852379310808038e-07
0.000000000000000000e+00,6.103543494095574858e-08,1.220708698819114972e-07,1.831063048228672457e-07,2.441417397638229943e-07,3.051771747047787429e-07,3.662126096457344915e-07,4.272480445866902401e-07
0.000000000000000000e+00,0.000000000000000000e+00,0.000000000000000000e+00,0.000000000000000000e+00,0.000000000000000000e+00,0.000000000000000000e+00,0.000000000000000000e+00,0.000000000000000000e+00
0.000000000000000000e+00,0.000000000000000000e+00,0.000000000000000000e+00,0.000000000000000000e+00,0.000000000000000000e+00,0.000000000000000000e+00,0.000000000000000000e+00,0.000000000000000000e+00
0.000000000000000000e+00,0.000000000000000000e+00,0.000000000000000000e+00,0.000000000000000000e+00,0.000000000000000000e+00,0.000000000000000000e+00,0.000000000000000000e+00,0.000000000000000000e+00
0.000000000000000000e+00,-5.809250280627637827e-08,-1.161850056125527565e-07,-1.742775084188291348e-07,-2.323700112251055131e-07,-2.904625140313819178e-07,-3.485550168376583226e-07,-4.066475196439347273e-07
0.000000000000000000e+00,0.000000000000000000e+00,0.000000000000000000e+00,0.000000000000000000e+00,0.000000000000000000e+00,0.000000000000000000e+00,0.000000000000000000e+00,0.000000000000000000e+00
0.000000000000000000e+00,0.000000000000000000e+00,0.000000000000000000e+00,0.000000000000000000e+00,0.000000000000000000e+00,0.000000000000000000e+00,0.000000000000000000e+00,0.000000000000000000e+00
0.000000000000000000e+00,-7.375503399044321042e-08,-1.475100679808864208e-07,-2.212651019713296180e-07,-2.950201359617727887e-07,-3.687751699522159594e-07,-4.425302039426591302e-07,-5.162852379331022479e-07
0.000000000000000000e+00,-6.103543494169618772e-08,-1.220708698833923754e-07,-1.831063048250885632e-07,-2.441417397667847509e-07,-3.051771747084809651e-07,-3.662126096501771793e-07,-4.272480445918733935e-07
0.000000000000000000e+00,6.114888934763522046e-08,1.222977786952704409e-07,1.834466680429056614e-07,2.445955573905408818e-07,3.057444467381761023e-07,3.668933360858113228e-07,4.280422254334465432e-07
0.000000000000000000e+00,6.361841537459223862e-08,1.272368307491844772e-07,1.908552461237767291e-07,2.544736614983690074e-07,3.180920768729612857e-07,3.817104922475535641e-07,4.453289076221458424e-07
0.000000000000000000e+00,6.253768882748032361e-08,1.250753776549606472e-07,1.876130664824409841e-07,2.501507553099213474e-07,3.126884441374017107e-07,3.752261329648820740e-07,4.377638217923624373e-07
0.000000000000000000e+00,-6.114888935110702322e-08,-1.222977787022140464e-07,-1.834466680533210697e-07,-2.445955574044280929e-07,-3.057444467555351426e-07,-3.668933361066421923e-07,-4.280422254577492420e-07
0.000000000000000000e+00,-6.361841537673662164e-08,-1.272368307534732433e-07,-1.908552461302098649e-07,-2.544736615069464866e-07,-3.180920768836831347e-07,-3.817104922604197828e-07,-4.453289076371564309e-07
0.000000000000000000e+00,-6.253768883000629497e-08,-1.250753776600125899e-07,-1.876130664900188849e-07,-2.501507553200251799e-07,-3.126884441500314484e-07,-3.752261329800377169e-07,-4.377638218100439854e-07
0.000000000000000000e+00,0.000000000000000000e+00,0.000000000000000000e+00,0.000000000000000000e+00,0.000000000000000000e+00,0.000000000000000000e+00,0.000000000000000000e+00,0.000000000000000000e+00
0.000000000000000000e+00,5.574386495751498404e-08,1.114877299150299681e-07,1.672315948725449521e-07,2.229754598300599362e-07,2.787193247875749202e-07,3.344631897450899042e-07,3.902070547026048883e-07
0.000000000000000000e+00,0.000000000000000000e+00,0.000000000000000000e+00,0.000000000000000000e+00,0.000000000000000000e+00,0.000000000000000000e+00,0.000000000000000000e+00,0.000000000000000000e+00
0.000000000000000000e+00,0.000000000000000000e+00,0.000000000000000000e+00,0.000000000000000000e+00,0.000000000000000000e+00,0.000000000000000000e+00,0.000000000000000000e+00,0.000000000000000000e+00
0.000000000000000000e+00,6.785607511691221523e-08,1.357121502338244305e-07,2.035682253507366325e-07,2.714243004676488080e-07,3.392803755845609835e-07,4.071364507014731591e-07,4.749925258183853346e-07
0.000000000000000000e+00,5.633304312616763146e-08,1.126660862523352629e-07,1.689991293785029010e-07,2.253321725046705523e-07,2.816652156308381772e-07,3.379982587570058020e-07,3.943313018831734268e-07
0.000000000000000000e+00,0.000000000000000000e+00,0.000000000000000000e+00,0.000000000000000000e+00,0.000000000000000000e+00,0.000000000000000000e+00,0.000000000000000000e+00,0.000000000000000000e+00
0.000000000000000000e+00,0.000000000000000000e+00,0.000000000000000000e+00,0.000000000000000000e+00,0.000000000000000000e+00,0.000000000000000000e+00,0.000000000000000000e+00,0.000000000000000000e+00
0.000000000000000000e+00,0.000000000000000000e+00,0.000000000000000000e+00,0.000000000000000000e+00,0.000000000000000000e+00,0.000000000000000000e+00,0.000000000000000000e+00,0.000000000000000000e+00
0.000000000000000000e+00,-5.574386495900639730e-08,-1.114877299180127946e-07,-1.672315948770191919e-07,-2.229754598360255892e-07,-2.787193247950319865e-07,-3.344631897540383838e-07,-3.902070547130447811e-07
0.000000000000000000e+00,0.000000000000000000e+00,0.000000000000000000e+00,0.000000000000000000e+00,0.000000000000000000e+00,0.000000000000000000e+00,0.000000000000000000e+00,0.000000000000000000e+00
0.000000000000000000e+00,0.000000000000000000e+00,0.000000000000000000e+00,0.000000000000000000e+00,0.000000000000000000e+00,0.000000000000000000e+00,0.000000000000000000e+00,0.000000000000000000e+00
0.000000000000000000e+00,-6.785607511732495851e-08,-1.357121502346499170e-07,-2.035682253519748888e-07,-2.714243004692998870e-07,-3.392803755866248852e-07,-4.071364507039498834e-07,-4.749925258212748816e-07
0.000000000000000000e+00,-5.633304312743589786e-08,-1.126660862548717957e-07,-1.689991293823076936e-07,-2.253321725097435915e-07,-2.816652156371794893e-07,-3.379982587646153872e-07,-3.943313018920512850e-07
0.000000000000000000e+00,5.789417845151341985e-08,1.157883569030268397e-07,1.736825353545402662e-07,2.315767138060537059e-07,2.894708922575671720e-07,3.473650707090806382e-07,4.052592491605941044e-07
0.000000000000000000e+00,6.045116778908755578e-08,1.209023355781751116e-07,1.813535033672626541e-07,2.418046711563501702e-07,3.022558389454376862e-07,3.627070067345252023e-07,4.231581745236127184e-07
0.000000000000000000e+00,5.928362882881908914e-08,1.185672576576381783e-07,1.778508864864572740e-07,2.371345153152763830e-07,2.964181441440954920e-07,3.557017729729146010e-07,4.149854018017337100e-07
0.000000000000000000e+00,-5.789417845670290616e-08,-1.157883569134058123e-07,-1.736825353701087053e-07,-2.315767138268115982e-07,-2.894708922835144911e-07,-3.473650707402174105e-07,-4.052592491969203299e-07
0.000000000000000000e+00,-6.045116779222275559e-08,-1.209023355844455112e-07,-1.813535033766682668e-07,-2.418046711688910224e-07,-3.022558389611137779e-07,-3.627070067533365335e-07,-4.231581745455592891e-07
0.000000000000000000e+00,-5.928362883315086857e-08,-1.185672576663017371e-07,-1.778508864994526123e-07,-2.371345153326035008e-07,-2.964181441657543892e-07,-3.557017729989052776e-07,-4.149854018320561660e-07
0.000000000000000000e+00,0.000000000000000000e+00,0.000000000000000000e+00,0.000000000000000000e+00,0.000000000000000000e+00,0.000000000000000000e+00,0.000000000000000000e+00,0.000000000000000000e+00
0.000000000000000000e+00,5.422438329280309303e-08,1.084487665856061861e-07,1.626731498784092725e-07,2.168975331712123457e-07,2.711219164640154188e-07,3.253462997568184920e-07,3.795706830496215652e-07
0.000000000000000000e+00,0.000000000000000000e+00,0.000000000000000000e+00,0.000000000000000000e+00,0.000000000000000000e+00,0.000000000000000000e+00,0.000000000000000000e+00,0.000000000000000000e+00
0.000000000000000000e+00,0.000000000000000000e+00,0.000000000000000000e+00,0.000000000000000000e+00,0.000000000000000000e+00,0.000000000000000000e+00,0.000000000000000000e+00,0.000000000000000000e+00
0.000000000000000000e+00,6.622458492126244019e-08,1.324491698425248804e-07,1.986737547637873206e-07,2.648983396850497608e-07,3.311229246063122010e-07,3.973475095275746412e-07,4.635720944488370814e-07
0.000000000000000000e+00,5.413264286803368403e-08,1.082652857360673681e-07,1.623979286041010653e-07,2.165305714721347626e-07,2.706632143401684599e-07,3.247958572082021307e-07,3.789285000762358015e-07
0.000000000000000000e+00,0.000000000000000000e+00,0.000000000000000000e+00,0.000000000000000000e+00,0.000000000000000000e+00,0.000000000000000000e+00,0.000000000000000000e+00,0.000000000000000000e+00
0.000000000000000000e+00,0.000000000000000000e+00,0.000000000000000000e+00,0.000000000000000000e+00,0.000000000000000000e+00,0.000000000000000000e+00,0.000000000000000000e+00,0.000000000000000000e+00
0.000000000000000000e+00,0.000000000000000000e+00,0.000000000000000000e+00,0.000000000000000000e+00,0.000000000000000000e+00,0.000000000000000000e+00,0.000000000000000000e+00,0.000000000000000000e+00
0.000000000000000000e+00,-5.422438329477120717e-08,-1.084487665895424143e-07,-1.626731498843136215e-07,-2.168975331790848287e-07,-2.711219164738560359e-07,-3.253462997686272430e-07,-3.795706830633984502e-07
0.000000000000000000e+00,0.000000000000000000e+00,0.000000000000000000e+00,0.000000000000000000e+00,0.000000000000000000e+00,0.000000000000000000e+00,0.000000000000000000e+00,0.000000000000000000e+00
0.000000000000000000e+00,0.000000000000000000e+00,0.000000000000000000e+00,0.000000000000000000e+00,0.000000000000000000e+00,0.000000000000000000e+00,0.000000000000000000e+00,0.000000000000000000e+00
0.000000000000000000e+00,-6.622458492180332367e-08,-1.324491698436066473e-07,-1.986737547654099710e-07,-2.648983396872132947e-07,-3.311229246090166183e-07,-3.973475095308199420e-07,-4.635720944526232657e-07
0.000000000000000000e+00,-5.413264286976547598e-08,-1.082652857395309520e-07,-1.623979286092964213e-07,-2.165305714790618775e-07,-2.706632143488273071e-07,-3.247958572185927368e-07,-3.789285000883581664e-07
0.000000000000000000e+00,5.637461658891625668e-08,1.127492331778325134e-07,1.691238497667487634e-07,2.254984663556650003e-07,2.818730829445812636e-07,3.382476995334975269e-07,3.946223161224137902e-07
0.000000000000000000e+00,5.900534897710370685e-08,1.180106979542074137e-07,1.770160469313111206e-07,2.360213959084148274e-07,2.950267448855185343e-07,3.540320938626222411e-07,4.130374428397259480e-07
0.000000000000000000e+00,5.624886615028097586e-08,1.124977323005619517e-07,1.687465984508429408e-07,2.249954646011239299e-07,2.812443307514049190e-07,3.374931969016858816e-07,3.937420630519668442e-07
0.000000000000000000e+00,-5.637461659586610907e-08,-1.127492331917322181e-07,-1.691238497875983206e-07,-2.254984663834644098e-07,-2.818730829793304726e-07,-3.382476995751965353e-07,-3.946223161710625981e-07
0.000000000000000000e+00,-5.900534898125521385e-08,-1.180106979625104277e-07,-1.770160469437656283e-07,-2.360213959250208289e-07,-2.950267449062760295e-07,-3.540320938875312566e-07,-4.130374428687864837e-07
0.000000000000000000e+00,-5.624886615635757037e-08,-1.124977323127151407e-07,-1.687465984690727045e-07,-2.249954646254302550e-07,-2.812443307817878320e-07,-3.374931969381454090e-07,-3.937420630945029860e-07
0.000000000000000000e+00,0.000000000000000000e+00,0.000000000000000000e+00,0.000000000000000000e+00,0.000000000000000000e+00,0.000000000000000000e+00,0.000000000000000000e+00,0.000000000000000000e+00
0.000000000000000000e+00,5.574386495706914031e-08,1.114877299141382806e-07,1.672315948712074342e-07,2.229754598282765877e-07,2.787193247853457412e-07,3.344631897424148683e-07,3.902070546994839954e-07
0.000000000000000000e+00,0.000000000000000000e+00,0.000000000000000000e+00,0.000000000000000000e+00,0.000000000000000000e+00,0.000000000000000000e+00,0.000000000000000000e+00,0.000000000000000000e+00
0.000000000000000000e+00,0.000000000000000000e+00,0.000000000000000000e+00,0.000000000000000000e+00,0.000000000000000000e+00,0.000000000000000000e+00,0.000000000000000000e+00,0.000000000000000000e+00
0.000000000000000000e+00,6.785607511679965250e-08,1.357121502335993050e-07,2.035682253503989575e-07,2.714243004671986100e-07,3.392803755839982360e-07,4.071364507007978620e-07,4.749925258175974881e-07
0.000000000000000000e+00,5.413264286784785295e-08,1.082652857356957059e-07,1.623979286035435588e-07,2.165305714713914118e-07,2.706632143392392647e-07,3.247958572070871177e-07,3.789285000749349706e-07
0.000000000000000000e+00,0.000000000000000000e+00,0.000000000000000000e+00,0.000000000000000000e+00,0.000000000000000000e+00,0.000000000000000000e+00,0.000000000000000000e+00,0.000000000000000000e+00
0.000000000000000000e+00,0.000000000000000000e+00,0.000000000000000000e+00,0.000000000000000000e+00,0.000000000000000000e+00,0.000000000000000000e+00,0.000000000000000000e+00,0.000000000000000000e+00
0.000000000000000000e+00,0.000000000000000000e+00,0.000000000000000000e+00,0.000000000000000000e+00,0.000000000000000000e+00,0.000000000000000000e+00,0.000000000000000000e+00,0.000000000000000000e+00
0.000000000000000000e+00,-5.574386495945529829e-08,-1.114877299189105966e-07,-1.672315948783658949e-07,-2.229754598378211932e-07,-2.787193247972765179e-07,-3.344631897567318427e-07,-3.902070547161871675e-07
0.000000000000000000e+00,0.000000000000000000e+00,0.000000000000000000e+00,0.000000000000000000e+00,0.000000000000000000e+00,0.000000000000000000e+00,0.000000000000000000e+00,0.000000000000000000e+00
0.000000000000000000e+00,0.000000000000000000e+00,0.000000000000000000e+00,0.000000000000000000e+00,0.000000000000000000e+00,0.000000000000000000e+00,0.000000000000000000e+00,0.000000000000000000e+00
0.000000000000000000e+00,-6.785607511744645480e-08,-1.357121502348929096e-07,-2.035682253523393776e-07,-2.714243004697858721e-07,-3.392803755872323666e-07,-4.071364507046788611e-07,-4.749925258221253556e-07
0.000000000000000000e+00,-5.413264287003595742e-08,-1.082652857400719148e-07,-1.623979286101078789e-07,-2.165305714801438562e-07,-2.706632143501798070e-07,-3.247958572202157578e-07,-3.789285000902517086e-07
0.000000000000000000e+00,5.789417844971832542e-08,1.157883568994366508e-07,1.736825353491549630e-07,2.315767137988732752e-07,2.894708922485915874e-07,3.473650706983099261e-07,4.052592491480282647e-07
0.000000000000000000e+00,6.045116778808480112e-08,1.209023355761696022e-07,1.813535033642544166e-07,2.418046711523392574e-07,3.022558389404240982e-07,3.627070067285089391e-07,4.231581745165937799e-07
0.000000000000000000e+00,5.624886614920514475e-08,1.124977322984102895e-07,1.687465984476154276e-07,2.249954645968205525e-07,2.812443307460256774e-07,3.374931968952308023e-07,3.937420630444359273e-07
0.000000000000000000e+00,-5.789417845818407562e-08,-1.157883569163681512e-07,-1.736825353745522401e-07,-2.315767138327363290e-07,-2.894708922909204178e-07,-3.473650707491044802e-07,-4.052592492072885426e-07
0.000000000000000000e+00,-6.045116779317061193e-08,-1.209023355863412239e-07,-1.813535033795118358e-07,-2.418046711726824477e-07,-3.022558389658530861e-07,-3.627070067590237245e-07,-4.231581745521943629e-07
0.000000000000000000e+00,-5.624886615694807807e-08,-1.124977323138961561e-07,-1.687465984708442474e-07,-2.249954646277923387e-07,-2.812443307847404300e-07,-3.374931969416884949e-07,-3.937420630986365597e-07
0.000000000000000000e+00,0.000000000000000000e+00,0.000000000000000000e+00,0.000000000000000000e+00,0.000000000000000000e+00,0.000000000000000000e+00,0.000000000000000000e+00,0.000000000000000000e+00
0.000000000000000000e+00,5.809250280442105186e-08,1.161850056088421037e-07,1.742775084132631490e-07,2.323700112176841810e-07,2.904625140221052130e-07,3.485550168265262450e-07,4.066475196309472770e-07
0.000000000000000000e+00,0.000000000000000000e+00,0.000000000000000000e+00,0.000000000000000000e+00,0.000000000000000000e+00,0.000000000000000000e+00,0.000000000000000000e+00,0.000000000000000000e+00
0.000000000000000000e+00,0.000000000000000000e+00,0.000000000000000000e+00,0.000000000000000000e+00,0.000000000000000000e+00,0.000000000000000000e+00,0.000000000000000000e+00,0.000000000000000000e+00
0.000000000000000000e+00,7.375503398996191042e-08,1.475100679799238208e-07,2.212651019698857445e-07,2.950201359598476946e-07,3.687751699498096447e-07,4.425302039397715948e-07,5.162852379297335979e-07
0.000000000000000000e+00,5.633304312544512559e-08,1.126660862508902512e-07,1.689991293763353702e-07,2.253321725017804759e-07,2.816652156272255816e-07,3.379982587526706874e-07,3.943313018781157931e-07
0.000000000000000000e+00,0.000000000000000000e+00,0.000000000000000000e+00,0.000000000000000000e+00,0.000000000000000000e+00,0.000000000000000000e+00,0.000000000000000000e+00,0.000000000000000000e+00
0.000000000000000000e+00,0.000000000000000000e+00,0.000000000000000000e+00,0.000000000000000000e+00,0.000000000000000000e+00,0.000000000000000000e+00,0.000000000000000000e+00,0.000000000000000000e+00
0.000000000000000000e+00,0.000000000000000000e+00,0.000000000000000000e+00,0.000000000000000000e+00,0.000000000000000000e+00,0.000000000000000000e+00,0.000000000000000000e+00,0.000000000000000000e+00
0.000000000000000000e+00,-5.809250280711764743e-08,-1.161850056142352949e-07,-1.742775084213529489e-07,-2.323700112284706162e-07,-2.904625140355882834e-07,-3.485550168427059507e-07,-4.066475196498236180e-07
0.000000000000000000e+00,0.000000000000000000e+00,0.000000000000000000e+00,0.000000000000000000e+00,0.000000000000000000e+00,0.000000000000000000e+00,0.000000000000000000e+00,0.000000000000000000e+00
0.000000000000000000e+00,0.000000000000000000e+00,0.000000000000000000e+00,0.000000000000000000e+00,0.000000000000000000e+00,0.000000000000000000e+00,0.000000000000000000e+00,0.000000000000000000e+00
0.000000000000000000e+00,-7.375503399068747354e-08,-1.475100679813749471e-07,-2.212651019720624074e-07,-2.950201359627498412e-07,-3.687751699534372751e-07,-4.425302039441247089e-07,-5.162852379348121957e-07
0.000000000000000000e+00,-5.633304312798347158e-08,-1.126660862559669432e-07,-1.689991293839504081e-07,-2.253321725119338598e-07,-2.816652156399173116e-07,-3.379982587679007633e-07,-3.943313018958842150e-07
0.000000000000000000e+00,6.114888934371482111e-08,1.222977786874296422e-07,1.834466680311444501e-07,2.445955573748592315e-07,3.057444467185740129e-07,3.668933360622887943e-07,4.280422254060035757e-07
0.000000000000000000e+00,6.361841537277560441e-08,1.272368307455512088e-07,1.908552461183268132e-07,2.544736614911024176e-07,3.180920768638780220e-07,3.817104922366536265e-07,4.453289076094292309e-07
0.000000000000000000e+00,5.928362882628514375e-08,1.185672576525702875e-07,1.778508864788554180e-07,2.371345153051405485e-07,2.964181441314256791e-07,3.557017729577108361e-07,4.149854017839959930e-07
0.000000000000000000e+00,-6.114888935341708059e-08,-1.222977787068341612e-07,-1.834466680602512550e-07,-2.445955574136683753e-07,-3.057444467670854956e-07,-3.668933361205026159e-07,-4.280422254739197362e-07
0.000000000000000000e+00,-6.361841537854219148e-08,-1.272368307570843830e-07,-1.908552461356265612e-07,-2.544736615141687130e-07,-3.180920768927108648e-07,-3.817104922712530165e-07,-4.453289076497951683e-07
0.000000000000000000e+00,-5.928362883538705540e-08,-1.185672576707741108e-07,-1.778508865061611662e-07,-2.371345153415482216e-07,-2.964181441769352770e-07,-3.557017730123223324e-07,-4.149854018477093878e-07
0.000000000000000000e+00,0.000000000000000000e+00,0.000000000000000000e+00,0.000000000000000000e+00,0.000000000000000000e+00,0.000000000000000000e+00,0.000000000000000000e+00,0.000000000000000000e+00
0.000000000000000000e+00,6.502209709711884491e-08,1.300441941942376898e-07,1.950662912913565215e-07,2.600883883884753267e-07,3.251104854855941319e-07,3.901325825827129371e-07,4.551546796798317423e-07
0.000000000000000000e+00,0.000000000000000000e+00,0.000000000000000000e+00,0.000000000000000000e+00,0.000000000000000000e+00,0.000000000000000000e+00,0.000000000000000000e+00,0.000000000000000000e+00
0.000000000000000000e+00,0.000000000000000000e+00,0.000000000000000000e+00,0.000000000000000000e+00,0.000000000000000000e+00,0.000000000000000000e+00,0.000000000000000000e+00,0.000000000000000000e+00
0.000000000000000000e+00,7.678390527185392148e-08,1.535678105437078430e-07,2.303517158155617777e-07,3.071356210874157389e-07,3.839195263592697000e-07,4.607034316311236612e-07,5.374873369029776224e-07
0.000000000000000000e+00,6.103543493981280997e-08,1.220708698796256199e-07,1.831063048194384299e-07,2.441417397592512399e-07,3.051771746990640763e-07,3.662126096388769127e-07,4.272480445786897492e-07
0.000000000000000000e+00,0.000000000000000000e+00,0.000000000000000000e+00,0.000000000000000000e+00,0.000000000000000000e+00,0.000000000000000000e+00,0.000000000000000000e+00,0.000000000000000000e+00
0.000000000000000000e+00,0.000000000000000000e+00,0.000000000000000000e+00,0.000000000000000000e+00,0.000000000000000000e+00,0.000000000000000000e+00,0.000000000000000000e+00,0.000000000000000000e+00
0.000000000000000000e+00,0.000000000000000000e+00,0.000000000000000000e+00,0.000000000000000000e+00,0.000000000000000000e+00,0.000000000000000000e+00,0.000000000000000000e+00,0.000000000000000000e+00
0.000000000000000000e+00,-6.502209710022732348e-08,-1.300441942004546470e-07,-1.950662913006819837e-07,-2.600883884009093469e-07,-3.251104855011367100e-07,-3.901325826013640732e-07,-4.551546797015914364e-07
0.000000000000000000e+00,0.000000000000000000e+00,0.000000000000000000e+00,0.000000000000000000e+00,0.000000000000000000e+00,0.000000000000000000e+00,0.000000000000000000e+00,0.000000000000000000e+00
0.000000000000000000e+00,0.000000000000000000e+00,0.000000000000000000e+00,0.000000000000000000e+00,0.000000000000000000e+00,0.000000000000000000e+00,0.000000000000000000e+00,0.000000000000000000e+00
0.000000000000000000e+00,-7.678390527270733364e-08,-1.535678105454146673e-07,-2.303517158181219877e-07,-3.071356210908292816e-07,-3.839195263635365756e-07,-4.607034316362438695e-07,-5.374873369089512164e-07
0.000000000000000000e+00,-6.103543494270080850e-08,-1.220708698854016170e-07,-1.831063048281024387e-07,-2.441417397708032870e-07,-3.051771747135041352e-07,-3.662126096562049834e-07,-4.272480445989058316e-07
0.000000000000000000e+00,6.245836177564139909e-08,1.249167235512827982e-07,1.873750853269242105e-07,2.498334471025656493e-07,3.122918088782070881e-07,3.747501706538485269e-07,4.372085324294899657e-07
0.000000000000000000e+00,6.693902951024184846e-08,1.338780590204836969e-07,2.008170885307255321e-07,2.677561180409673409e-07,3.346951475512091497e-07,4.016341770614509584e-07,4.685732065716927672e-07
0.000000000000000000e+00,6.253768882367842946e-08,1.250753776473568589e-07,1.876130664710352884e-07,2.501507552947137178e-07,3.126884441183921208e-07,3.752261329420705238e-07,4.377638217657489268e-07
0.000000000000000000e+00,-6.245836178674522017e-08,-1.249167235734904403e-07,-1.873750853602356605e-07,-2.498334471469808807e-07,-3.122918089337261273e-07,-3.747501707204713740e-07,-4.372085325072166206e-07
0.000000000000000000e+00,-6.693902951688821159e-08,-1.338780590337764232e-07,-2.008170885506646348e-07,-2.677561180675528464e-07,-3.346951475844410580e-07,-4.016341771013292696e-07,-4.685732066182174812e-07
0.000000000000000000e+00,-6.253768883403559100e-08,-1.250753776680711820e-07,-1.876130665021067598e-07,-2.501507553361423111e-07,-3.126884441701778624e-07,-3.752261330042134136e-07,-4.377638218382489649e-07
0.000000000000000000e+00,0.000000000000000000e+00,0.000000000000000000e+00,0.000000000000000000e+00,0.000000000000000000e+00,0.000000000000000000e+00,0.000000000000000000e+00,0.000000000000000000e+00
0.000000000000000000e+00,5.352025542868802405e-08,1.070405108573760481e-07,1.605607662860640722e-07,2.140810217147520962e-07,2.676012771434401203e-07,3.211215325721281443e-07,3.746417880008161684e-07
0.000000000000000000e+00,0.000000000000000000e+00,0.000000000000000000e+00,0.000000000000000000e+00,0.000000000000000000e+00,0.000000000000000000e+00,0.000000000000000000e+00,0.000000000000000000e+00
0.000000000000000000e+00,-1.566465072321702412e-18,-3.132930144643404824e-18,-4.699395216965107044e-18,-6.265860289286808879e-18,-7.832325361608510713e-18,-9.398790433930212547e-18,-1.096525550625191438e-17
0.000000000000000000e+00,0.000000000000000000e+00,0.000000000000000000e+00,0.000000000000000000e+00,0.000000000000000000e+00,0.000000000000000000e+00,0.000000000000000000e+00,0.000000000000000000e+00
0.000000000000000000e+00,9.191305711417225143e-08,1.838261142283445029e-07,2.757391713425167410e-07,3.676522284566889528e-07,4.595652855708611645e-07,5.514783426850333762e-07,6.433913997992055350e-07
0.000000000000000000e+00,5.834492620178718357e-08,1.166898524035743671e-07,1.750347786053615507e-07,2.333797048071487343e-07,2.917246310089359178e-07,3.500695572107231014e-07,4.084144834125102850e-07
0.000000000000000000e+00,0.000000000000000000e+00,0.000000000000000000e+00,0.000000000000000000e+00,0.000000000000000000e+00,0.000000000000000000e+00,0.000000000000000000e+00,0.000000000000000000e+00
0.000000000000000000e+00,2.680770697493716212e-08,5.361541394987432423e-08,8.042312092481148635e-08,1.072308278997486485e-07,1.340385348746857974e-07,1.608462418496229462e-07,1.876539488245600951e-07
0.000000000000000000e+00,0.000000000000000000e+00,0.000000000000000000e+00,0.000000000000000000e+00,0.000000000000000000e+00,0.000000000000000000e+00,0.000000000000000000e+00,0.000000000000000000e+00
0.000000000000000000e+00,-3.586269507467077489e-19,-7.172539014934154978e-19,-1.075880852240123247e-18,-1.434507802986830996e-18,-1.793134753733538937e-18,-2.151761704480246879e-18,-2.510388655226954820e-18
0.000000000000000000e+00,0.000000000000000000e+00,0.000000000000000000e+00,0.000000000000000000e+00,0.000000000000000000e+00,0.000000000000000000e+00,0.000000000000000000e+00,0.000000000000000000e+00
0.000000000000000000e+00,-5.352025543184990540e-08,-1.070405108636998108e-07,-1.605607662955497294e-07,-2.140810217273996481e-07,-2.676012771592495667e-07,-3.211215325910994589e-07,-3.746417880229493511e-07
0.000000000000000000e+00,0.000000000000000000e+00,0.000000000000000000e+00,0.000000000000000000e+00,0.000000000000000000e+00,0.000000000000000000e+00,0.000000000000000000e+00,0.000000000000000000e+00
0.000000000000000000e+00,-2.680770697807107153e-08,-5.361541395614214305e-08,-8.042312093421322119e-08,-1.072308279122842993e-07,-1.340385348903553775e-07,-1.608462418684264424e-07,-1.876539488464975073e-07
0.000000000000000000e+00,0.000000000000000000e+00,0.000000000000000000e+00,0.000000000000000000e+00,0.000000000000000000e+00,0.000000000000000000e+00,0.000000000000000000e+00,0.000000000000000000e+00
0.000000000000000000e+00,-9.191305711494511605e-08,-1.838261142298902321e-07,-2.757391713448353349e-07,-3.676522284597804113e-07,-4.595652855747254876e-07,-5.514783426896705640e-07,-6.433913998046156403e-07
0.000000000000000000e+00,-5.834492620509799713e-08,-1.166898524101959943e-07,-1.750347786152939914e-07,-2.333797048203919885e-07,-2.917246310254899592e-07,-3.500695572305879299e-07,-4.084144834356859005e-07
0.000000000000000000e+00,6.009229862561255472e-08,1.201845972512251094e-07,1.802768958768376642e-07,2.403691945024502189e-07,3.004614931280628001e-07,3.605537917536754342e-07,4.206460903792879624e-07
0.000000000000000000e+00,-6.224567068182893474e-18,-1.244913413636578695e-17,-1.867370120454868427e-17,-2.489826827273158006e-17,-3.112283534091447585e-17,-3.734740240909736855e-17,-4.357196947728026125e-17
0.000000000000000000e+00,6.171491688305132275e-08,1.234298337661026455e-07,1.851447506491539815e-07,2.468596675322053439e-07,3.085745844152567064e-07,3.702895012983080688e-07,4.320044181813594313e-07
0.000000000000000000e+00,6.437210924709588291e-08,1.287442184941917658e-07,1.931163277412876487e-07,2.574884369883835316e-07,3.218605462354794146e-07,3.862326554825752975e-07,4.506047647296711804e-07
0.000000000000000000e+00,3.001645572657494760e-08,6.003291145314989519e-08,9.004936717972484941e-08,1.200658229062998169e-07,1.500822786328747843e-07,1.800987343594497782e-07,2.101151900860247192e-07
0.000000000000000000e+00,-3.581478989404625849e-18,-7.162957978809251698e-18,-1.074443696821387755e-17,-1.432591595761850340e-17,-1.790739494702312924e-17,-2.148887393642775509e-17,-2.507035292583238094e-17
0.000000000000000000e+00,-6.009229863808851623e-08,-1.201845972761770325e-07,-1.802768959142655619e-07,-2.403691945523540120e-07,-3.004614931904424885e-07,-3.605537918285309651e-07,-4.206460904666194416e-07
0.000000000000000000e+00,-3.001645573903247953e-08,-6.003291147806495906e-08,-9.004936721709743859e-08,-1.200658229561299181e-07,-1.500822786951624109e-07,-1.800987344341949301e-07,-2.101151901732273964e-07
0.000000000000000000e+00,-6.171491689025030870e-08,-1.234298337805006174e-07,-1.851447506707509393e-07,-2.468596675610012878e-07,-3.085745844512516362e-07,-3.702895013415019846e-07,-4.320044182317523330e-07
0.000000000000000000e+00,-6.437210925893756233e-08,-1.287442185178751247e-07,-1.931163277768126870e-07,-2.574884370357502493e-07,-3.218605462946878117e-07,-3.862326555536253740e-07,-4.506047648125629363e-07
0.000000000000000000e+00,1.403384927790857182e-07,2.806769855581714365e-07,4.210154783372571812e-07,5.613539711163429789e-07,7.016924638954287765e-07,8.420309566745145742e-07,9.823694494536002660e-07
0.000000000000000000e+00,1.747518775043956322e-07,3.495037550087912644e-07,5.242556325131868701e-07,6.990075100175824229e-07,8.737593875219779757e-07,1.048511265026373528e-06,1.223263142530769187e-06
0.000000000000000000e+00,1.844847454152431078e-07,3.689694908304862156e-07,5.534542362457293234e-07,7.379389816609724312e-07,9.224237270762155390e-07,1.106908472491458647e-06,1.291393217906701649e-06
0.000000000000000000e+00,1.492914080479693362e-07,2.985828160959386724e-07,4.478742241439080087e-07,5.971656321918773449e-07,7.464570402398466811e-07,8.957484482878160173e-07,1.045039856335785354e-06
0.000000000000000000e+00,-9.744500157809584948e-18,-1.948900031561916990e-17,-2.923350047342875330e-17,-3.897800063123833363e-17,-4.872250078904791396e-17,-5.846700094685749428e-17,-6.821150110466707461e-17
0.000000000000000000e+00,-9.623850647744776302e-18,-1.924770129548955260e-17,-2.887155194323432891e-17,-3.849540259097910521e-17,-4.811925323872388151e-17,-5.774310388646865781e-17,-6.736695453421343412e-17
0.000000000000000000e+00,1.545392280292105250e-07,3.090784560584210499e-07,4.636176840876315749e-07,6.181569121168420999e-07,7.726961401460526248e-07,9.272353681752631498e-07,1.081774596204473675e-06
0.000000000000000000e+00,1.818383021200130018e-07,3.636766042400260035e-07,5.455149063600389523e-07,7.273532084800519011e-07,9.091915106000648500e-07,1.091029812720077905e-06,1.272868114840090959e-06
0.000000000000000000e+00,1.641192985726462435e-07,3.282385971452924871e-07,4.923578957179387571e-07,6.564771942905850800e-07,8.205964928632314030e-07,9.847157914358777259e-07,1.148835090008524049e-06
0.000000000000000000e+00,1.467060009958916459e-07,2.934120019917832918e-07,4.401180029876749378e-07,5.868240039835665837e-07,7.335300049794582296e-07,8.802360059753498755e-07,1.026942006971241416e-06
0.000000000000000000e+00,8.739909529160096645e-08,1.747981905832019329e-07,2.621972858748029258e-07,3.495963811664039188e-07,4.369954764580049117e-07,5.243945717496058517e-07,6.117936670412067916e-07
0.000000000000000000e+00,9.227236152807574919e-08,1.845447230561514984e-07,2.768170845842272343e-07,3.690894461123029438e-07,4.613618076403786533e-07,5.536341691684543628e-07,6.459065306965300193e-07
0.000000000000000000e+00,-9.655392411361903178e-18,-1.931078482272380636e-17,-2.896617723408570954e-17,-3.862156964544761271e-17,-4.827696205680951589e-17,-5.793235446817141907e-17,-6.758774687953332841e-17
0.000000000000000000e+00,-1.403384927966334881e-07,-2.806769855932669761e-07,-4.210154783899004906e-07,-5.613539711865340581e-07,-7.016924639831676256e-07,-8.420309567798011930e-07,-9.823694495764348664e-07
0.000000000000000000e+00,-1.747518775238858603e-07,-3.495037550477717206e-07,-5.242556325716575545e-07,-6.990075100955433354e-07,-8.737593876194291163e-07,-1.048511265143314897e-06,-1.223263142667200784e-06
0.000000000000000000e+00,-1.844847454344953197e-07,-3.689694908689906393e-07,-5.534542363034859590e-07,-7.379389817379812786e-07,-9.224237271724765983e-07,-1.106908472606971918e-06,-1.291393218041467132e-06
0.000000000000000000e+00,-1.492914080652178122e-07,-2.985828161304356245e-07,-4.478742241956534632e-07,-5.971656322608713548e-07,-7.464570403260892465e-07,-8.957484483913071381e-07,-1.045039856456525030e-06
0.000000000000000000e+00,-8.739909531108981814e-08,-1.747981906221796363e-07,-2.621972859332694809e-07,-3.495963812443593255e-07,-4.369954765554491701e-07,-5.243945718665389618e-07,-6.117936671776287535e-07
0.000000000000000000e+00,-9.227236154732375236e-08,-1.845447230946475047e-07,-2.768170846419712703e-07,-3.690894461892950624e-07,-4.613618077366188544e-07,-5.536341692839426465e-07,-6.459065308312664915e-07
0.000000000000000000e+00,-1.545392280477308739e-07,-3.090784560954617478e-07,-4.636176841431925952e-07,-6.181569121909233897e-07,-7.726961402386541841e-07,-9.272353682863849786e-07,-1.081774596334115667e-06
0.000000000000000000e+00,-1.818383021393237383e-07,-3.636766042786474766e-07,-5.455149064179712414e-07,-7.273532085572950591e-07,-9.091915106966188768e-07,-1.091029812835942694e-06,-1.272868114975266406e-06
0.000000000000000000e+00,-1.641192985909001741e-07,-3.282385971818003483e-07,-4.923578957727004959e-07,-6.564771943636005906e-07,-8.205964929545006853e-07,-9.847157915454007801e-07,-1.148835090136300875e-06
0.000000000000000000e+00,-1.467060010132899938e-07,-2.934120020265799877e-07,-4.401180030398699550e-07,-5.868240040531598694e-07,-7.335300050664497839e-07,-8.802360060797396983e-07,-1.026942007093029507e-06
0.000000000000000000e+00,1.145055084404120629e-07,2.290110168808241258e-07,3.435165253212361755e-07,4.580220337616481987e-07,5.725275422020602219e-07,6.870330506424722451e-07,8.015385590828842683e-07
0.000000000000000000e+00,1.219188602083358165e-07,2.438377204166716330e-07,3.657565806250074494e-07,4.876754408333432659e-07,6.095943010416791354e-07,7.315131612500150048e-07,8.534320214583508742e-07
0.000000000000000000e+00,1.250386789329933799e-07,2.500773578659867599e-07,3.751160367989801398e-07,5.001547157319735197e-07,6.251933946649669526e-07,7.502320735979603855e-07,8.752707525309538184e-07
0.000000000000000000e+00,1.331777020990876686e-07,2.663554041981753371e-07,3.995331062972630057e-07,5.327108083963506742e-07,6.658885104954383428e-07,7.990662125945260114e-07,9.322439146936136799e-07
0.000000000000000000e+00,1.199795255523852744e-07,2.399590511047705488e-07,3.599385766571557967e-07,4.799181022095409916e-07,5.998976277619261866e-07,7.198771533143113816e-07,8.398566788666965765e-07
0.000000000000000000e+00,-1.145055084556648764e-07,-2.290110169113297527e-07,-3.435165253669946423e-07,-4.580220338226595584e-07,-5.725275422783244215e-07,-6.870330507339892846e-07,-8.015385591896541477e-07
0.000000000000000000e+00,-1.219188602231792483e-07,-2.438377204463584966e-07,-3.657565806695377185e-07,-4.876754408927168874e-07,-6.095943011158960563e-07,-7.315131613390752252e-07,-8.534320215622543941e-07
0.000000000000000000e+00,-1.250386789493841027e-07,-2.500773578987682055e-07,-3.751160368481523082e-07,-5.001547157975364110e-07,-6.251933947469205666e-07,-7.502320736963047223e-07,-8.752707526456888780e-07
0.000000000000000000e+00,-1.331777021151272433e-07,-2.663554042302544865e-07,-3.995331063453817298e-07,-5.327108084605089731e-07,-6.658885105756362693e-07,-7.990662126907635655e-07,-9.322439148058908617e-07
0.000000000000000000e+00,-1.199795255674240002e-07,-2.399590511348480005e-07,-3.599385767022720007e-07,-4.799181022696960010e-07,-5.998976278371200542e-07,-7.198771534045441074e-07,-8.398566789719681605e-07
0.000000000000000000e+00,9.620321630205556935e-08,1.924064326041111387e-07,2.886096489061666816e-07,3.848128652082222245e-07,4.810160815102777673e-07,5.772192978123333632e-07,6.734225141143889590e-07
0.000000000000000000e+00,1.019640662837748973e-07,2.039281325675497945e-07,3.058921988513246786e-07,4.078562651350995361e-07,5.098203314188744466e-07,6.117843977026493571e-07,7.137484639864242676e-07
0.000000000000000000e+00,1.038574091774155403e-07,2.077148183548310805e-07,3.115722275322466075e-07,4.154296367096621081e-07,5.192870458870776616e-07,6.231444550644932151e-07,7.270018642419087686e-07
0.000000000000000000e+00,1.103330767202316887e-07,2.206661534404633774e-07,3.309992301606950661e-07,4.413323068809267547e-07,5.516653836011583905e-07,6.619984603213900262e-07,7.723315370416216620e-07
0.000000000000000000e+00,1.008028276302645508e-07,2.016056552605291016e-07,3.024084828907936524e-07,4.032113105210582031e-07,5.040141381513227539e-07,6.048169657815873047e-07,7.056197934118518555e-07
0.000000000000000000e+00,-9.620321631465583295e-08,-1.924064326293116659e-07,-2.886096489439674856e-07,-3.848128652586232789e-07,-4.810160815732790192e-07,-5.772192978879347595e-07,-6.734225142025904998e-07
0.000000000000000000e+00,-1.019640662957995623e-07,-2.039281325915991245e-07,-3.058921988873987001e-07,-4.078562651831983020e-07,-5.098203314789979040e-07,-6.117843977747975060e-07,-7.137484640705971080e-07
0.000000000000000000e+00,-1.038574091913279108e-07,-2.077148183826558217e-07,-3.115722275739837325e-07,-4.154296367653116433e-07,-5.192870459566396071e-07,-6.231444551479675709e-07,-7.270018643392955347e-07
0.000000000000000000e+00,-1.103330767336552948e-07,-2.206661534673105896e-07,-3.309992302009658711e-07,-4.413323069346211262e-07,-5.516653836682764342e-07,-6.619984604019317422e-07,-7.723315371355870502e-07
0.000000000000000000e+00,-1.008028276425707484e-07,-2.016056552851414967e-07,-3.024084829277122186e-07,-4.032113105702829405e-07,-5.040141382128536624e-07,-6.048169658554244373e-07,-7.056197934979952121e-07
0.000000000000000000e+00,8.313643711055572738e-08,1.662728742211114548e-07,2.494093113316671821e-07,3.325457484422229095e-07,4.156821855527786369e-07,4.988186226633343643e-07,5.819550597738900917e-07
0.000000000000000000e+00,8.737952097241223131e-08,1.747590419448244626e-07,2.621385629172366939e-07,3.495180838896489252e-07,4.368976048620611565e-07,5.242771258344733878e-07,6.116566468068855662e-07
0.000000000000000000e+00,8.877995615437181164e-08,1.775599123087436233e-07,2.663398684631154614e-07,3.551198246174872995e-07,4.438997807718591376e-07,5.326797369262309228e-07,6.214596930806027080e-07
0.000000000000000000e+00,9.366205950447200240e-08,1.873241190089440048e-07,2.809861785134159807e-07,3.746482380178879567e-07,4.683102975223599326e-07,5.619723570268319615e-07,6.556344165313039903e-07
0.000000000000000000e+00,8.678595160729775611e-08,1.735719032145955122e-07,2.603578548218932551e-07,3.471438064291909715e-07,4.339297580364886879e-07,5.207157096437864043e-07,6.075016612510841737e-07
0.000000000000000000e+00,-8.313643712020294296e-08,-1.662728742404058859e-07,-2.494093113606088156e-07,-3.325457484808117189e-07,-4.156821856010146222e-07,-4.988186227212175254e-07,-5.819550598414204287e-07
0.000000000000000000e+00,-8.737952098115903763e-08,-1.747590419623180753e-07,-2.621385629434770864e-07,-3.495180839246360976e-07,-4.368976049057951087e-07,-5.242771258869541728e-07,-6.116566468681132369e-07
0.000000000000000000e+00,-8.877995616546193461e-08,-1.775599123309238692e-07,-2.663398684963858038e-07,-3.551198246618477384e-07,-4.438997808273096730e-07,-5.326797369927716077e-07,-6.214596931582334893e-07
0.000000000000000000e+00,-9.366205951483991067e-08,-1.873241190296798213e-07,-2.809861785445197188e-07,-3.746482380593595897e-07,-4.683102975741994607e-07,-5.619723570890393317e-07,-6.556344166038792556e-07
0.000000000000000000e+00,-8.678595161647587426e-08,-1.735719032329517485e-07,-2.603578548494275963e-07,-3.471438064659034441e-07,-4.339297580823792919e-07,-5.207157096988551926e-07,-6.075016613153310933e-07
0.000000000000000000e+00,7.353176846293625385e-08,1.470635369258725077e-07,2.205953053888087616e-07,2.941270738517450154e-07,3.676588423146812957e-07,4.411906107776175761e-07,5.147223792405538564e-07
0.000000000000000000e+00,7.641415398441455538e-08,1.528283079688291108e-07,2.292424619532436661e-07,3.056566159376582215e-07,3.820707699220727769e-07,4.584849239064873323e-07,5.348990778909019406e-07
0.000000000000000000e+00,7.784508812930026249e-08,1.556901762586005250e-07,2.335352643879007875e-07,3.113803525172010500e-07,3.892254406465013125e-07,4.670705287758015749e-07,5.449156169051018904e-07
0.000000000000000000e+00,8.130974452058944307e-08,1.626194890411788861e-07,2.439292335617683027e-07,3.252389780823577194e-07,4.065487226029471360e-07,4.878584671235366055e-07,5.691682116441260750e-07
0.000000000000000000e+00,7.619482537639617850e-08,1.523896507527923570e-07,2.285844761291885487e-07,3.047793015055847669e-07,3.809741268819809851e-07,4.571689522583772034e-07,5.333637776347734216e-07
0.000000000000000000e+00,-7.353176846934392575e-08,-1.470635369386878515e-07,-2.205953054080317773e-07,-2.941270738773757030e-07,-3.676588423467196288e-07,-4.411906108160635545e-07,-5.147223792854074273e-07
0.000000000000000000e+00,-7.641415398955407337e-08,-1.528283079791081467e-07,-2.292424619686622069e-07,-3.056566159582162406e-07,-3.820707699477702742e-07,-4.584849239373243079e-07,-5.348990779268783945e-07
0.000000000000000000e+00,-7.784508813728582442e-08,-1.556901762745716488e-07,-2.335352644118574733e-07,-3.113803525491432977e-07,-3.892254406864291221e-07,-4.670705288237149465e-07,-5.449156169610007709e-07
0.000000000000000000e+00,-8.130974452749593797e-08,-1.626194890549918759e-07,-2.439292335824877874e-07,-3.252389781099836989e-07,-4.065487226374796104e-07,-4.878584671649755749e-07,-5.691682116924715393e-07
0.000000000000000000e+00,-7.619482538219898946e-08,-1.523896507643979789e-07,-2.285844761465969816e-07,-3.047793015287960108e-07,-3.809741269109950400e-07,-4.571689522931940691e-07,-5.333637776753930983e-07
0.000000000000000000e+00,6.595789563321922984e-08,1.319157912664384597e-07,1.978736868996576895e-07,2.638315825328769194e-07,3.297894781660961227e-07,3.957473737993153261e-07,4.617052694325345295e-07
0.000000000000000000e+00,6.748240303181269249e-08,1.349648060636253850e-07,2.024472090954380642e-07,2.699296121272507170e-07,3.374120151590633698e-07,4.048944181908760226e-07,4.723768212226886753e-07
0.000000000000000000e+00,6.953666353931202281e-08,1.390733270786240456e-07,2.086099906179360817e-07,2.781466541572481442e-07,3.476833176965602067e-07,4.172199812358722692e-07,4.867566447751843318e-07
0.000000000000000000e+00,7.170532361822134276e-08,1.434106472364426855e-07,2.151159708546640283e-07,2.868212944728853711e-07,3.585266180911066873e-07,4.302319417093280036e-07,5.019372653275493199e-07
0.000000000000000000e+00,6.760009480839305784e-08,1.352001896167861157e-07,2.028002844251791603e-07,2.704003792335721784e-07,3.380004740419651965e-07,4.056005688503582147e-07,4.732006636587512328e-07
0.000000000000000000e+00,-6.595789563612426168e-08,-1.319157912722485234e-07,-1.978736869083727850e-07,-2.638315825444970467e-07,-3.297894781806213084e-07,-3.957473738167455701e-07,-4.617052694528698318e-07
0.000000000000000000e+00,-6.748240303301124411e-08,-1.349648060660224882e-07,-2.024472090990337191e-07,-2.699296121320449235e-07,-3.374120151650561279e-07,-4.048944181980673323e-07,-4.723768212310785367e-07
0.000000000000000000e+00,-6.953666354391944530e-08,-1.390733270878388906e-07,-2.086099906317583359e-07,-2.781466541756777812e-07,-3.476833177195972265e-07,-4.172199812635166718e-07,-4.867566448074360641e-07
0.000000000000000000e+00,-7.170532362135844840e-08,-1.434106472427168968e-07,-2.151159708640753320e-07,-2.868212944854337406e-07,-3.585266181067921493e-07,-4.302319417281505580e-07,-5.019372653495089667e-07
0.000000000000000000e+00,-6.760009481043709392e-08,-1.352001896208741878e-07,-2.028002844313112818e-07,-2.704003792417483757e-07,-3.380004740521854961e-07,-4.056005688626226165e-07,-4.732006636730597369e-07
0.000000000000000000e+00,5.941293282406786130e-08,1.188258656481357226e-07,1.782387984722035773e-07,2.376517312962714187e-07,2.970646641203392602e-07,3.564775969444071016e-07,4.158905297684749431e-07
0.000000000000000000e+00,5.869452180777404879e-08,1.173890436155480976e-07,1.760835654233221464e-07,2.347780872310961952e-07,2.934726090388702175e-07,3.521671308466442398e-07,4.108616526544182621e-07
0.000000000000000000e+00,6.266890851563436456e-08,1.253378170312687291e-07,1.880067255469031069e-07,2.506756340625375112e-07,3.133445425781719154e-07,3.760134510938063197e-07,4.386823596094407240e-07
0.000000000000000000e+00,6.332104874638345371e-08,1.266420974927669074e-07,1.899631462391503479e-07,2.532841949855337619e-07,3.166052437319171759e-07,3.799262924783005899e-07,4.432473412246840039e-07
0.000000000000000000e+00,5.958848554924992822e-08,1.191769710984998564e-07,1.787654566477497979e-07,2.383539421969997393e-07,2.979424277462496808e-07,3.575309132954995958e-07,4.171193988447495108e-07
0.000000000000000000e+00,-5.941293282302387996e-08,-1.188258656460477599e-07,-1.782387984690716465e-07,-2.376517312920955463e-07,-2.970646641151194196e-07,-3.564775969381432930e-07,-4.158905297611671663e-07
0.000000000000000000e+00,-5.869452180443262955e-08,-1.173890436088652591e-07,-1.760835654132978820e-07,-2.347780872177304917e-07,-2.934726090221631279e-07,-3.521671308265957640e-07,-4.108616526310284002e-07
0.000000000000000000e+00,-6.266890851654057070e-08,-1.253378170330811414e-07,-1.880067255496217121e-07,-2.506756340661622828e-07,-3.133445425827028535e-07,-3.760134510992434242e-07,-4.386823596157839949e-07
0.000000000000000000e+00,-6.332104874531382315e-08,-1.266420974906276463e-07,-1.899631462359414695e-07,-2.532841949812552926e-07,-3.166052437265691158e-07,-3.799262924718829389e-07,-4.432473412171967621e-07
0.000000000000000000e+00,-5.958848554693013658e-08,-1.191769710938602732e-07,-1.787654566407904164e-07,-2.383539421877205728e-07,-2.979424277346507292e-07,-3.575309132815808857e-07,-4.171193988285110421e-07
0.000000000000000000e+00,5.331255112561822348e-08,1.066251022512364470e-07,1.599376533768546704e-07,2.132502045024728939e-07,2.665627556280911439e-07,3.198753067537093938e-07,3.731878578793276438e-07
0.000000000000000000e+00,4.750073908706472579e-08,9.500147817412945159e-08,1.425022172611941840e-07,1.900029563482589296e-07,2.375036954353236753e-07,2.850044345223884209e-07,3.325051736094531401e-07
0.000000000000000000e+00,2.708823817972961934e-18,5.417647635945923869e-18,8.126471453918885803e-18,1.083529527189184774e-17,1.354411908986480967e-17,1.625294290783777161e-17,1.896176672581073354e-17
0.000000000000000000e+00,4.429081750486079144e-18,8.858163500972158287e-18,1.328724525145823820e-17,1.771632700194431966e-17,2.214540875243040111e-17,2.657449050291648257e-17,3.100357225340256402e-17
0.000000000000000000e+00,5.637311744701697809e-08,1.127462348940339562e-07,1.691193523410509343e-07,2.254924697880679124e-07,2.818655872350848905e-07,3.382387046821018686e-07,3.946118221291188467e-07
0.000000000000000000e+00,5.418378332884639795e-08,1.083675666576927959e-07,1.625513499865392005e-07,2.167351333153856183e-07,2.709189166442320096e-07,3.251026999730784010e-07,3.792864833019247923e-07
0.000000000000000000e+00,5.015164012510747015e-08,1.003032802502149403e-07,1.504549203753223972e-07,2.006065605004298541e-07,2.507582006255373111e-07,3.009098407506447945e-07,3.510614808757522778e-07
0.000000000000000000e+00,2.666168360451942619e-08,5.332336720903885238e-08,7.998505081355827857e-08,1.066467344180777048e-07,1.333084180225971442e-07,1.599701016271165836e-07,1.866317852316360230e-07
0.000000000000000000e+00,2.375775049338112732e-08,4.751550098676225463e-08,7.127325148014338195e-08,9.503100197352450927e-08,1.187887524669056366e-07,1.425465029602867639e-07,1.663042534536679045e-07
0.000000000000000000e+00,3.681730439779538668e-18,7.363460879559077337e-18,1.104519131933861678e-17,1.472692175911815775e-17,1.840865219889769873e-17,2.209038263867723971e-17,2.577211307845678069e-17
0.000000000000000000e+00,-5.331255112019817876e-08,-1.066251022403963575e-07,-1.599376533605945231e-07,-2.132502044807926886e-07,-2.665627556009908541e-07,-3.198753067211890461e-07,-3.731878578413872381e-07
0.000000000000000000e+00,-4.750073907822057024e-08,-9.500147815644114048e-08,-1.425022172346616975e-07,-1.900029563128822545e-07,-2.375036953911028115e-07,-2.850044344693233950e-07,-3.325051735475439785e-07
0.000000000000000000e+00,-2.666168359910047666e-08,-5.332336719820095333e-08,-7.998505079730142668e-08,-1.066467343964018934e-07,-1.333084179955023602e-07,-1.599701015946028269e-07,-1.866317851937032936e-07
0.000000000000000000e+00,-2.375775048452682722e-08,-4.751550096905365444e-08,-7.127325145358048167e-08,-9.503100193810730889e-08,-1.187887524226341361e-07,-1.425465029071609633e-07,-1.663042533916878038e-07
0.000000000000000000e+00,-5.637311744371168348e-08,-1.127462348874233670e-07,-1.691193523311350372e-07,-2.254924697748467074e-07,-2.818655872185583777e-07,-3.382387046622700744e-07,-3.946118221059817711e-07
0.000000000000000000e+00,-5.418378332278125824e-08,-1.083675666455625165e-07,-1.625513499683437681e-07,-2.167351332911250065e-07,-2.709189166139062184e-07,-3.251026999366874303e-07,-3.792864832594686422e-07
0.000000000000000000e+00,-5.015164011775402641e-08,-1.003032802355080528e-07,-1.504549203532620859e-07,-2.006065604710161321e-07,-2.507582005887701519e-07,-3.009098407065241717e-07,-3.510614808242781915e-07
0.000000000000000000e+00,1.168837510334475043e-07,2.337675020668950087e-07,3.506512531003425130e-07,4.675350041337900173e-07,5.844187551672375746e-07,7.013025062006851319e-07,8.181862572341326891e-07
0.000000000000000000e+00,1.471178067516081397e-07,2.942356135032162794e-07,4.413534202548243926e-07,5.884712270064324529e-07,7.355890337580405132e-07,8.827068405096485735e-07,1.029824647261256740e-06
0.000000000000000000e+00,-1.007944304218882922e-17,-2.015888608437765843e-17,-3.023832912656648611e-17,-4.031777216875531070e-17,-5.039721521094413529e-17,-6.047665825313295989e-17,-7.055610129532177832e-17
0.000000000000000000e+00,1.285751277996973405e-07,2.571502555993946810e-07,3.857253833990919950e-07,5.143005111987892561e-07,6.428756389984865172e-07,7.714507667981837783e-07,9.000258945978810394e-07
0.000000000000000000e+00,1.628986720981722135e-07,3.257973441963444270e-07,4.886960162945166670e-07,6.515946883926889599e-07,8.144933604908612528e-07,9.773920325890335457e-07,1.140290704687205944e-06
0.000000000000000000e+00,1.299606316233898254e-07,2.599212632467796508e-07,3.898818948701694762e-07,5.198425264935593016e-07,6.498031581169491271e-07,7.797637897403389525e-07,9.097244213637287779e-07
0.000000000000000000e+00,7.354955500792835471e-08,1.470991100158567094e-07,2.206486650237850641e-07,2.941982200317134188e-07,3.677477750396417471e-07,4.412973300475700753e-07,5.148468850554984035e-07
0.000000000000000000e+00,-9.887476159671014052e-18,-1.977495231934202810e-17,-2.966242847901304524e-17,-3.954990463868406237e-17,-4.943738079835507950e-17,-5.932485695802609047e-17,-6.921233311769710144e-17
0.000000000000000000e+00,-1.168837510516701212e-07,-2.337675021033402423e-07,-3.506512531550103900e-07,-4.675350042066805376e-07,-5.844187552583506853e-07,-7.013025063100207800e-07,-8.181862573616908747e-07
0.000000000000000000e+00,-1.471178067717569095e-07,-2.942356135435138189e-07,-4.413534203152707284e-07,-5.884712270870276378e-07,-7.355890338587846002e-07,-8.827068406305415626e-07,-1.029824647402298525e-06
0.000000000000000000e+00,-7.354955502808634919e-08,-1.470991100561726984e-07,-2.206486650842590608e-07,-2.941982201123454497e-07,-3.677477751404318386e-07,-4.412973301685182275e-07,-5.148468851966046693e-07
0.000000000000000000e+00,-1.285751278188885660e-07,-2.571502556377771320e-07,-3.857253834566656715e-07,-5.143005112755541581e-07,-6.428756390944426446e-07,-7.714507669133311312e-07,-9.000258947322196178e-07
0.000000000000000000e+00,-1.628986721179450065e-07,-3.257973442358900130e-07,-4.886960163538350195e-07,-6.515946884717800261e-07,-8.144933605897250326e-07,-9.773920327076700391e-07,-1.140290704825614940e-06
0.000000000000000000e+00,-1.299606316412820729e-07,-2.599212632825641459e-07,-3.898818949238462188e-07,-5.198425265651282917e-07,-6.498031582064104176e-07,-7.797637898476925435e-07,-9.097244214889746693e-07
0.000000000000000000e+00,9.626358040446373081e-08,1.925271608089274616e-07,2.887907412133911792e-07,3.850543216178548703e-07,4.813179020223185614e-07,5.775814824267822525e-07,6.738450628312459436e-07
0.000000000000000000e+00,1.045068139026417660e-07,2.090136278052835320e-07,3.135204417079252848e-07,4.180272556105670110e-07,5.225340695132086844e-07,6.270408834158503577e-07,7.315476973184920311e-07
0.000000000000000000e+00,1.065081320999901936e-07,2.130162641999803872e-07,3.195243962999705807e-07,4.260325283999607743e-07,5.325406604999509150e-07,6.390487925999410556e-07,7.455569246999311963e-07
0.000000000000000000e+00,-9.626358042042390941e-08,-1.925271608408478188e-07,-2.887907412612717282e-07,-3.850543216816956376e-07,-4.813179021021195471e-07,-5.775814825225434565e-07,-6.738450629429673659e-07
0.000000000000000000e+00,-1.045068139197243559e-07,-2.090136278394487118e-07,-3.135204417591730545e-07,-4.180272556788973707e-07,-5.225340695986216869e-07,-6.270408835183460030e-07,-7.315476974380703192e-07
0.000000000000000000e+00,-1.065081321156199499e-07,-2.130162642312398999e-07,-3.195243963468598365e-07,-4.260325284624797468e-07,-5.325406605780996570e-07,-6.390487926937195672e-07,-7.455569248093394774e-07
0.000000000000000000e+00,8.274424693283129210e-08,1.654884938656625842e-07,2.482327407984938631e-07,3.309769877313251155e-07,4.137212346641563679e-07,4.964654815969876203e-07,5.792097285298189256e-07
0.000000000000000000e+00,8.839069295966679105e-08,1.767813859193335821e-07,2.651720788790003467e-07,3.535627718386671113e-07,4.419534647983338758e-07,5.303441577580006933e-07,6.187348507176675109e-07
0.000000000000000000e+00,9.038183420163360068e-08,1.807636684032672014e-07,2.711455026049007756e-07,3.615273368065343498e-07,4.519091710081679240e-07,5.422910052098015511e-07,6.326728394114351783e-07
0.000000000000000000e+00,-8.274424694624793665e-08,-1.654884938924958733e-07,-2.482327408387438099e-07,-3.309769877849917466e-07,-4.137212347312396832e-07,-4.964654816774876199e-07,-5.792097286237356095e-07
0.000000000000000000e+00,-8.839069297432549029e-08,-1.767813859486509806e-07,-2.651720789229764973e-07,-3.535627718973020141e-07,-4.419534648716275309e-07,-5.303441578459529947e-07,-6.187348508202784585e-07
0.000000000000000000e+00,-9.038183421466665841e-08,-1.807636684293333168e-07,-2.711455026439999752e-07,-3.615273368586666336e-07,-4.519091710733332920e-07,-5.422910052879999504e-07,-6.326728395026665559e-07
0.000000000000000000e+00,7.367984159067619001e-08,1.473596831813523800e-07,2.210395247720285700e-07,2.947193663627047600e-07,3.683992079533809236e-07,4.420790495440570871e-07,5.157588911347332507e-07
0.000000000000000000e+00,7.764697314567385294e-08,1.552939462913477059e-07,2.329409194370215588e-07,3.105878925826954118e-07,3.882348657283692382e-07,4.658818388740430647e-07,5.435288120197168912e-07
0.000000000000000000e+00,7.908589987386823660e-08,1.581717997477364732e-07,2.372576996216047230e-07,3.163435994954729993e-07,3.954294993693412756e-07,4.745153992432095519e-07,5.536012991170777753e-07
0.000000000000000000e+00,-7.367984160127118252e-08,-1.473596832025423650e-07,-2.210395248038135608e-07,-2.947193664050847830e-07,-3.683992080063560052e-07,-4.420790496076272274e-07,-5.157588912088985026e-07
0.000000000000000000e+00,-7.764697315765301640e-08,-1.552939463153060328e-07,-2.329409194729590492e-07,-3.105878926306120656e-07,-3.882348657882650555e-07,-4.658818389459180455e-07,-5.435288121035710354e-07
0.000000000000000000e+00,-7.908589988405900910e-08,-1.581717997681180182e-07,-2.372576996521770273e-07,-3.163435995362360364e-07,-3.954294994202950190e-07,-4.745153993043540017e-07,-5.536012991884129843e-07
0.000000000000000000e+00,6.745040001864320205e-08,1.349008000372864041e-07,2.023512000559296061e-07,2.698016000745728082e-07,3.372520000932160102e-07,4.047024001118592123e-07,4.721528001305024143e-07
0.000000000000000000e+00,7.029227560258087652e-08,1.405845512051617530e-07,2.108768268077426296e-07,2.811691024103235061e-07,3.514613780129043561e-07,4.217536536154852062e-07,4.920459292180660562e-07
0.000000000000000000e+00,7.094347386805585232e-08,1.418869477361117046e-07,2.128304216041675570e-07,2.837738954722234093e-07,3.547173693402792616e-07,4.256608432083351139e-07,4.966043170763909663e-07
0.000000000000000000e+00,-6.745040002617106178e-08,-1.349008000523421236e-07,-2.023512000785131986e-07,-2.698016001046843001e-07,-3.372520001308554016e-07,-4.047024001570265030e-07,-4.721528001831976045e-07
0.000000000000000000e+00,-7.029227561159694667e-08,-1.405845512231938933e-07,-2.108768268347908532e-07,-2.811691024463878396e-07,-3.514613780579848260e-07,-4.217536536695818124e-07,-4.920459292811787988e-07
0.000000000000000000e+00,-7.094347387508794632e-08,-1.418869477501758926e-07,-2.128304216252638390e-07,-2.837738955003517853e-07,-3.547173693754397051e-07,-4.256608432505276250e-07,-4.966043171256155448e-07
0.000000000000000000e+00,6.312415478499603526e-08,1.262483095699920705e-07,1.893724643549881190e-07,2.524966191399841940e-07,3.156207739249802690e-07,3.787449287099763439e-07,4.418690834949724189e-07
0.000000000000000000e+00,6.512498862170718019e-08,1.302499772434143604e-07,1.953749658651215406e-07,2.604999544868287208e-07,3.256249431085359010e-07,3.907499317302430811e-07,4.558749203519502613e-07
0.000000000000000000e+00,6.491275428226706060e-08,1.298255085645341212e-07,1.947382628468011818e-07,2.596510171290682424e-07,3.245637714113353030e-07,3.894765256936023636e-07,4.543892799758694242e-07
0.000000000000000000e+00,-6.312415478936687085e-08,-1.262483095787337417e-07,-1.893724643681006126e-07,-2.524966191574674834e-07,-3.156207739468343543e-07,-3.787449287362012251e-07,-4.418690835255680960e-07
0.000000000000000000e+00,-6.512498862759850610e-08,-1.302499772551970122e-07,-1.953749658827955183e-07,-2.604999545103940244e-07,-3.256249431379925305e-07,-3.907499317655910366e-07,-4.558749203931895427e-07
0.000000000000000000e+00,-6.491275428596938867e-08,-1.298255085719387773e-07,-1.947382628579081660e-07,-2.596510171438775547e-07,-3.245637714298469433e-07,-3.894765257158163320e-07,-4.543892800017857207e-07
0.000000000000000000e+00,6.093170302917483281e-08,1.218634060583496656e-07,1.827951090875245117e-07,2.437268121166993842e-07,3.046585151458742567e-07,3.655902181750491292e-07,4.265219212042240018e-07
0.000000000000000000e+00,6.165482686401797880e-08,1.233096537280359576e-07,1.849644805920539364e-07,2.466193074560719152e-07,3.082741343200898940e-07,3.699289611841078728e-07,4.315837880481258516e-07
0.000000000000000000e+00,6.044642913567542654e-08,1.208928582713508531e-07,1.813392874070262929e-07,2.417857165427017591e-07,3.022321456783772253e-07,3.626785748140526916e-07,4.231250039497281578e-07
0.000000000000000000e+00,-6.093170303017065239e-08,-1.218634060603413048e-07,-1.827951090905119439e-07,-2.437268121206825566e-07,-3.046585151508531693e-07,-3.655902181810237820e-07,-4.265219212111943947e-07
0.000000000000000000e+00,-6.165482686666839783e-08,-1.233096537333367957e-07,-1.849644806000051935e-07,-2.466193074666735913e-07,-3.082741343333419891e-07,-3.699289612000103870e-07,-4.315837880666787848e-07
0.000000000000000000e+00,-6.044642913582785276e-08,-1.208928582716557055e-07,-1.813392874074835583e-07,-2.417857165433114111e-07,-3.022321456791392374e-07,-3.626785748149670636e-07,-4.231250039507948899e-07
0.000000000000000000e+00,6.188117864696381196e-08,1.237623572939276239e-07,1.856435359408914226e-07,2.475247145878551949e-07,3.094058932348189672e-07,3.712870718817827394e-07,4.331682505287465117e-07
0.000000000000000000e+00,1.258675409095656644e-18,2.517350818191313289e-18,3.776026227286970126e-18,5.034701636382627348e-18,6.293377045478284570e-18,7.552052454573941792e-18,8.810727863669598244e-18
0.000000000000000000e+00,6.039354163813092600e-08,1.207870832762618520e-07,1.811806249143927912e-07,2.415741665525237569e-07,3.019677081906547227e-07,3.623612498287856884e-07,4.227547914669166541e-07
0.000000000000000000e+00,5.830877718000470003e-08,1.166175543600094001e-07,1.749263315400141001e-07,2.332351087200188001e-07,2.915438859000234737e-07,3.498526630800281472e-07,4.081614402600328208e-07
0.000000000000000000e+00,3.093416487860275550e-08,6.186832975720551100e-08,9.280249463580826650e-08,1.237366595144110220e-07,1.546708243930137775e-07,1.856049892716165330e-07,2.165391541502192885e-07
0.000000000000000000e+00,1.851350007429542247e-18,3.702700014859084494e-18,5.554050022288627126e-18,7.405400029718170529e-18,9.256750037147713932e-18,1.110810004457725733e-17,1.295945005200680074e-17
0.000000000000000000e+00,-6.188117864443716562e-08,-1.237623572888743312e-07,-1.856435359333114836e-07,-2.475247145777486095e-07,-3.094058932221857355e-07,-3.712870718666228614e-07,-4.331682505110599873e-07
0.000000000000000000e+00,-3.093416487608258764e-08,-6.186832975216517528e-08,-9.280249462824775630e-08,-1.237366595043303241e-07,-1.546708243804128919e-07,-1.856049892564954597e-07,-2.165391541325780274e-07
0.000000000000000000e+00,-6.039354163728063727e-08,-1.207870832745612745e-07,-1.811806249118418986e-07,-2.415741665491224961e-07,-3.019677081864030937e-07,-3.623612498236836913e-07,-4.227547914609642888e-07
0.000000000000000000e+00,-5.830877717628623201e-08,-1.166175543525724640e-07,-1.749263315288587026e-07,-2.332351087051449545e-07,-2.915438858814312064e-07,-3.498526630577174582e-07,-4.081614402340037101e-07
0.000000000000000000e+00,8.662084077023566665e-08,1.732416815404713333e-07,2.598625223107069735e-07,3.464833630809426137e-07,4.331042038511782538e-07,5.197250446214139469e-07,6.063458853916496401e-07
0.000000000000000000e+00,1.054773579432011606e-07,2.109547158864023212e-07,3.164320738296034817e-07,4.219094317728046423e-07,5.273867897160058029e-07,6.328641476592069635e-07,7.383415056024081241e-07
0.000000000000000000e+00,-1.061954268309713643e-17,-2.123908536619427285e-17,-3.185862804929140619e-17,-4.247817073238853954e-17,-5.309771341548567288e-17,-6.371725609858281239e-17,-7.433679878167995190e-17
0.000000000000000000e+00,9.331124839041885366e-08,1.866224967808377073e-07,2.799337451712565874e-07,3.732449935616754676e-07,4.665562419520943477e-07,5.598674903425131749e-07,6.531787387329320021e-07
0.000000000000000000e+00,1.276512785223245729e-07,2.553025570446491457e-07,3.829538355669736921e-07,5.106051140892981856e-07,6.382563926116226790e-07,7.659076711339471725e-07,8.935589496562716659e-07
0.000000000000000000e+00,1.022264171771084836e-07,2.044528343542169672e-07,3.066792515313254243e-07,4.089056687084338814e-07,5.111320858855423385e-07,6.133585030626508486e-07,7.155849202397593587e-07
0.000000000000000000e+00,5.272807023397134817e-08,1.054561404679426963e-07,1.581842107019140511e-07,2.109122809358854191e-07,2.636403511698567872e-07,3.163684214038281552e-07,3.690964916377995232e-07
0.000000000000000000e+00,-1.032807598248167567e-17,-2.065615196496335134e-17,-3.098422794744502700e-17,-4.131230392992670267e-17,-5.164037991240837834e-17,-6.196845589489005401e-17,-7.229653187737172968e-17
0.000000000000000000e+00,-8.662084078939324904e-08,-1.732416815787864981e-07,-2.598625223681797471e-07,-3.464833631575729962e-07,-4.331042039469662452e-07,-5.197250447363594943e-07,-6.063458855257527433e-07
0.000000000000000000e+00,-1.054773579644168213e-07,-2.109547159288336426e-07,-3.164320738932504903e-07,-4.219094318576673381e-07,-5.273867898220841858e-07,-6.328641477865009806e-07,-7.383415057509177754e-07
0.000000000000000000e+00,-5.272807025520037611e-08,-1.054561405104007522e-07,-1.581842107656011349e-07,-2.109122810208015309e-07,-2.636403512760019269e-07,-3.163684215312023228e-07,-3.690964917864027188e-07
0.000000000000000000e+00,-9.331124841060310616e-08,-1.866224968212062123e-07,-2.799337452318093317e-07,-3.732449936424124776e-07,-4.665562420530156234e-07,-5.598674904636187693e-07,-6.531787388742219681e-07
0.000000000000000000e+00,-1.276512785429603072e-07,-2.553025570859206143e-07,-3.829538356288808950e-07,-5.106051141718411228e-07,-6.382563927148013505e-07,-7.659076712577615783e-07,-8.935589498007218060e-07
0.000000000000000000e+00,-1.022264171958261515e-07,-2.044528343916523030e-07,-3.066792515874784677e-07,-4.089056687833046589e-07,-5.111320859791307971e-07,-6.133585031749569354e-07,-7.155849203707830736e-07
0.000000000000000000e+00,7.520714673447172483e-08,1.504142934689434497e-07,2.256214402034151877e-07,3.008285869378869523e-07,3.760357336723587168e-07,4.512428804068304813e-07,5.264500271413022988e-07
0.000000000000000000e+00,7.978006822425942291e-08,1.595601364485188458e-07,2.393402046727782820e-07,3.191202728970377446e-07,3.989003411212972072e-07,4.786804093455566698e-07,5.584604775698161324e-07
0.000000000000000000e+00,8.595585468226091710e-08,1.719117093645218342e-07,2.578675640467827645e-07,3.438234187290437213e-07,4.297792734113046781e-07,5.157351280935656349e-07,6.016909827758265917e-07
0.000000000000000000e+00,-7.520714675122757177e-08,-1.504142935024551435e-07,-2.256214402536827286e-07,-3.008285870049103400e-07,-3.760357337561379515e-07,-4.512428805073655630e-07,-5.264500272585931745e-07
0.000000000000000000e+00,-7.978006824219750285e-08,-1.595601364843950057e-07,-2.393402047265925086e-07,-3.191202729687900114e-07,-3.989003412109875143e-07,-4.786804094531850171e-07,-5.584604776953825200e-07
0.000000000000000000e+00,-8.595585469864811942e-08,-1.719117093972962388e-07,-2.578675640959443450e-07,-3.438234187945924247e-07,-4.297792734932405045e-07,-5.157351281918885842e-07,-6.016909828905366639e-07
0.000000000000000000e+00,6.854377811877036123e-08,1.370875562375407225e-07,2.056313343563110705e-07,2.741751124750813920e-07,3.427188905938517135e-07,4.112626687126220350e-07,4.798064468313924095e-07
0.000000000000000000e+00,7.149135400983749532e-08,1.429827080196749906e-07,2.144740620295124860e-07,2.859654160393499813e-07,3.574567700491874766e-07,4.289481240590249719e-07,5.004394780688624672e-07
0.000000000000000000e+00,7.560416367961962708e-08,1.512083273592392542e-07,2.268124910388588945e-07,3.024166547184785612e-07,3.780208183980982280e-07,4.536249820777178948e-07,5.292291457573375616e-07
0.000000000000000000e+00,-6.854377813290591175e-08,-1.370875562658118235e-07,-2.056313343987177220e-07,-2.741751125316235941e-07,-3.427188906645294661e-07,-4.112626687974353382e-07,-4.798064469303412102e-07
0.000000000000000000e+00,-7.149135402525109944e-08,-1.429827080505021989e-07,-2.144740620757532851e-07,-2.859654161010043448e-07,-3.574567701262554046e-07,-4.289481241515064643e-07,-5.004394781767575241e-07
0.000000000000000000e+00,-7.560416369344706936e-08,-1.512083273868941387e-07,-2.268124910803412213e-07,-3.024166547737883304e-07,-3.780208184672354395e-07,-4.536249821606825485e-07,-5.292291458541297105e-07
0.000000000000000000e+00,6.450699146167422625e-08,1.290139829233484525e-07,1.935209743850226787e-07,2.580279658466969050e-07,3.225349573083711312e-07,3.870419487700453575e-07,4.515489402317195837e-07
0.000000000000000000e+00,6.642626321076754228e-08,1.328525264215350846e-07,1.992787896323026268e-07,2.657050528430701691e-07,3.321313160538376849e-07,3.985575792646052007e-07,4.649838424753727165e-07
0.000000000000000000e+00,6.891324938827318602e-08,1.378264987765463720e-07,2.067397481648195581e-07,2.756529975530927441e-07,3.445662469413659566e-07,4.134794963296391690e-07,4.823927457179123815e-07
0.000000000000000000e+00,-6.450699147295559337e-08,-1.290139829459111867e-07,-1.935209744188667801e-07,-2.580279658918223735e-07,-3.225349573647779669e-07,-3.870419488377335602e-07,-4.515489403106891536e-07
0.000000000000000000e+00,-6.642626322344039925e-08,-1.328525264468807985e-07,-1.992787896703211977e-07,-2.657050528937615970e-07,-3.321313161172019962e-07,-3.985575793406423955e-07,-4.649838425640827947e-07
0.000000000000000000e+00,-6.891324939927660722e-08,-1.378264987985532144e-07,-2.067397481978298349e-07,-2.756529975971064818e-07,-3.445662469963831288e-07,-4.134794963956597757e-07,-4.823927457949364756e-07
0.000000000000000000e+00,6.216821851288572997e-08,1.243364370257714599e-07,1.865046555386571899e-07,2.486728740515429199e-07,3.108410925644286499e-07,3.730093110773143798e-07,4.351775295902001098e-07
0.000000000000000000e+00,6.329641588030487431e-08,1.265928317606097486e-07,1.898892476409146097e-07,2.531856635212194443e-07,3.164820794015242789e-07,3.797784952818291135e-07,4.430749111621339481e-07
0.000000000000000000e+00,6.458032509336938240e-08,1.291606501867387648e-07,1.937409752801081604e-07,2.583213003734775825e-07,3.229016254668470046e-07,3.874819505602164267e-07,4.520622756535858488e-07
0.000000000000000000e+00,-6.216821852113748524e-08,-1.243364370422749705e-07,-1.865046555634124690e-07,-2.486728740845499939e-07,-3.108410926056875189e-07,-3.730093111268250438e-07,-4.351775296479625687e-07
0.000000000000000000e+00,-6.329641589001613352e-08,-1.265928317800322670e-07,-1.898892476700484138e-07,-2.531856635600645870e-07,-3.164820794500807602e-07,-3.797784953400969335e-07,-4.430749112301131067e-07
0.000000000000000000e+00,-6.458032510134664605e-08,-1.291606502026932921e-07,-1.937409753040399382e-07,-2.583213004053865842e-07,-3.229016255067332038e-07,-3.874819506080798234e-07,-4.520622757094264430e-07
0.000000000000000000e+00,6.123496152807813441e-08,1.224699230561562688e-07,1.837048845842344032e-07,2.449398461123125376e-07,3.061748076403906985e-07,3.674097691684688594e-07,4.286447306965470203e-07
0.000000000000000000e+00,6.155175904476849058e-08,1.231035180895369812e-07,1.846552771343054717e-07,2.462070361790739623e-07,3.077587952238424529e-07,3.693105542686109435e-07,4.308623133133794340e-07
0.000000000000000000e+00,6.206998957843484153e-08,1.241399791568696831e-07,1.862099687353045246e-07,2.482799583137393661e-07,3.103499478921742341e-07,3.724199374706091021e-07,4.344899270490439701e-07
0.000000000000000000e+00,-6.123496153319573542e-08,-1.224699230663914708e-07,-1.837048845995872195e-07,-2.449398461327829946e-07,-3.061748076659787697e-07,-3.674097691991745449e-07,-4.286447307323703200e-07
0.000000000000000000e+00,-6.155175905141080384e-08,-1.231035181028216077e-07,-1.846552771542323983e-07,-2.462070362056431624e-07,-3.077587952570539265e-07,-3.693105543084646907e-07,-4.308623133598754548e-07
0.000000000000000000e+00,-6.206998958331188518e-08,-1.241399791666237704e-07,-1.862099687499356688e-07,-2.482799583332475937e-07,-3.103499479165595186e-07,-3.724199374998714435e-07,-4.344899270831833683e-07
0.000000000000000000e+00,6.194915457351930892e-08,1.238983091470386178e-07,1.858474637205579268e-07,2.477966182940772357e-07,3.097457728675965711e-07,3.716949274411159065e-07,4.336440820146352419e-07
0.000000000000000000e+00,6.128871839737819810e-08,1.225774367947563962e-07,1.838661551921345943e-07,2.451548735895127924e-07,3.064435919868909905e-07,3.677323103842691886e-07,4.290210287816473867e-07
0.000000000000000000e+00,6.138107967594270204e-08,1.227621593518854041e-07,1.841432390278281061e-07,2.455243187037708081e-07,3.069053983797135102e-07,3.682864780556562122e-07,4.296675577315989143e-07
0.000000000000000000e+00,-6.194915457531733488e-08,-1.238983091506346698e-07,-1.858474637259520179e-07,-2.477966183012693924e-07,-3.097457728765867670e-07,-3.716949274519041416e-07,-4.336440820272215162e-07
0.000000000000000000e+00,-6.128871840075772721e-08,-1.225774368015154544e-07,-1.838661552022731816e-07,-2.451548736030309088e-07,-3.064435920037886625e-07,-3.677323104045464162e-07,-4.290210288053041699e-07
0.000000000000000000e+00,-6.138107967748439464e-08,-1.227621593549687893e-07,-1.841432390324531707e-07,-2.455243187099375256e-07,-3.069053983874218806e-07,-3.682864780649062355e-07,-4.296675577423905905e-07
0.000000000000000000e+00,6.387666502099897835e-08,1.277533300419979567e-07,1.916299950629969218e-07,2.555066600839958604e-07,3.193833251049947991e-07,3.832599901259937377e-07,4.471366551469926764e-07
0.000000000000000000e+00,6.854679284833062627e-19,1.370935856966612525e-18,2.056403785449918596e-18,2.741871713933224666e-18,3.427339642416530736e-18,4.112807570899837191e-18,4.798275499383143646e-18
0.000000000000000000e+00,6.264822904138308149e-08,1.252964580827661630e-07,1.879446871241492312e-07,2.505929161655322730e-07,3.132411452069153148e-07,3.758893742482983566e-07,4.385376032896813984e-07
0.000000000000000000e+00,6.341388313594563848e-08,1.268277662718912770e-07,1.902416494078369287e-07,2.536555325437826069e-07,3.170694156797282851e-07,3.804832988156739633e-07,4.438971819516196414e-07
0.000000000000000000e+00,3.193863342029029500e-08,6.387726684058059000e-08,9.581590026087088500e-08,1.277545336811611800e-07,1.596931671014514882e-07,1.916318005217417965e-07,2.235704339420321047e-07
0.000000000000000000e+00,8.911158556782638063e-19,1.782231711356527613e-18,2.673347567034791419e-18,3.564463422713055225e-18,4.455579278391319031e-18,5.346695134069582838e-18,6.237810989747846644e-18
0.000000000000000000e+00,-6.387666501962125279e-08,-1.277533300392425056e-07,-1.916299950588637716e-07,-2.555066600784850641e-07,-3.193833250981063566e-07,-3.832599901177276491e-07,-4.471366551373489416e-07
0.000000000000000000e+00,-3.193863341891728768e-08,-6.387726683783457536e-08,-9.581590025675185642e-08,-1.277545336756691242e-07,-1.596931670945863921e-07,-1.916318005135036599e-07,-2.235704339324209277e-07
0.000000000000000000e+00,-6.264822904149316931e-08,-1.252964580829863386e-07,-1.879446871244795212e-07,-2.505929161659727302e-07,-3.132411452074659392e-07,-3.758893742489591482e-07,-4.385376032904523572e-07
0.000000000000000000e+00,-6.341388313416066213e-08,-1.268277662683213243e-07,-1.902416494024819864e-07,-2.536555325366426485e-07,-3.170694156708033107e-07,-3.804832988049639728e-07,-4.438971819391246349e-07
0.000000000000000000e+00,5.777832657167819395e-08,1.155566531433563879e-07,1.733349797150345752e-07,2.311133062867127493e-07,2.888916328583909499e-07,3.466699594300691505e-07,4.044482860017473510e-07
0.000000000000000000e+00,5.707854285630237029e-08,1.141570857126047406e-07,1.712356285689070976e-07,2.283141714252094547e-07,2.853927142815118117e-07,3.424712571378141953e-07,3.995497999941165788e-07
0.000000000000000000e+00,-1.128297776606559342e-17,-2.256595553213118685e-17,-3.384893329819678335e-17,-4.513191106426237986e-17,-5.641488883032797637e-17,-6.769786659639356671e-17,-7.898084436245915705e-17
0.000000000000000000e+00,5.691589951165435044e-08,1.138317990233087009e-07,1.707476985349630646e-07,2.276635980466174282e-07,2.845794975582717919e-07,3.414953970699261291e-07,3.984112965815804663e-07
0.000000000000000000e+00,8.180647699597588672e-08,1.636129539919517734e-07,2.454194309879276469e-07,3.272259079839034939e-07,4.090323849798793410e-07,4.908388619758551880e-07,5.726453389718310350e-07
0.000000000000000000e+00,7.172945060675741178e-08,1.434589012135148236e-07,2.151883518202722221e-07,2.869178024270295942e-07,3.586472530337869663e-07,4.303767036405443383e-07,5.021061542473017634e-07
0.000000000000000000e+00,2.851934708683906869e-08,5.703869417367813738e-08,8.555804126051720607e-08,1.140773883473562748e-07,1.425967354341953434e-07,1.711160825210344121e-07,1.996354296078734808e-07
0.000000000000000000e+00,-1.093666403338420561e-17,-2.187332806676841123e-17,-3.280999210015261684e-17,-4.374665613353682245e-17,-5.468332016692102806e-17,-6.561998420030523368e-17,-7.655664823368944545e-17
0.000000000000000000e+00,-5.777832659187824229e-08,-1.155566531837564846e-07,-1.733349797756347269e-07,-2.311133063675129692e-07,-2.888916329593912115e-07,-3.466699595512694538e-07,-4.044482861431476960e-07
0.000000000000000000e+00,-5.707854287885848048e-08,-1.141570857577169610e-07,-1.712356286365754481e-07,-2.283141715154339484e-07,-2.853927143942924487e-07,-3.424712572731509490e-07,-3.995498001520094494e-07
0.000000000000000000e+00,-2.851934710940596862e-08,-5.703869421881193725e-08,-8.555804132821790257e-08,-1.140773884376238613e-07,-1.425967355470298200e-07,-1.711160826564357787e-07,-1.996354297658417374e-07
0.000000000000000000e+00,-5.691589953302380718e-08,-1.138317990660476144e-07,-1.707476985990714149e-07,-2.276635981320952023e-07,-2.845794976651190161e-07,-3.414953971981428298e-07,-3.984112967311666436e-07
0.000000000000000000e+00,-8.180647701783494835e-08,-1.636129540356698967e-07,-2.454194310535048318e-07,-3.272259080713397405e-07,-4.090323850891746491e-07,-4.908388621070095578e-07,-5.726453391248444664e-07
0.000000000000000000e+00,-7.172945062646561853e-08,-1.434589012529312371e-07,-2.151883518793968688e-07,-2.869178025058625271e-07,-3.586472531323281853e-07,-4.303767037587938435e-07,-5.021061543852595018e-07
0.000000000000000000e+00,5.806986680629882195e-08,1.161397336125976439e-07,1.742096004188964659e-07,2.322794672251952878e-07,2.903493340314940833e-07,3.484192008377928788e-07,4.064890676440916743e-07
0.000000000000000000e+00,5.757335755950907585e-08,1.151467151190181517e-07,1.727200726785272275e-07,2.302934302380363034e-07,2.878667877975454057e-07,3.454401453570545080e-07,4.030135029165636103e-07
0.000000000000000000e+00,6.613883071191386728e-08,1.322776614238277346e-07,1.984164921357416151e-07,2.645553228476555221e-07,3.306941535595694291e-07,3.968329842714833361e-07,4.629718149833972430e-07
0.000000000000000000e+00,-5.806986682385679586e-08,-1.161397336477135917e-07,-1.742096004715704008e-07,-2.322794672954272099e-07,-2.903493341192840190e-07,-3.484192009431408017e-07,-4.064890677669975843e-07
0.000000000000000000e+00,-5.757335757835284577e-08,-1.151467151567056915e-07,-1.727200727350585506e-07,-2.302934303134114096e-07,-2.878667878917642686e-07,-3.454401454701171011e-07,-4.030135030484699336e-07
0.000000000000000000e+00,-6.613883072911216983e-08,-1.322776614582243397e-07,-1.984164921873365095e-07,-2.645553229164486793e-07,-3.306941536455608491e-07,-3.968329843746730190e-07,-4.629718151037851888e-07
0.000000000000000000e+00,5.823354698169110662e-08,1.164670939633822132e-07,1.747006409450733199e-07,2.329341879267644265e-07,2.911677349084555596e-07,3.494012818901466927e-07,4.076348288718378258e-07
0.000000000000000000e+00,5.786517793410391332e-08,1.157303558682078266e-07,1.735955338023117400e-07,2.314607117364156533e-07,2.893258896705195666e-07,3.471910676046234799e-07,4.050562455387273932e-07
0.000000000000000000e+00,6.284050859062521029e-08,1.256810171812504206e-07,1.885215257718756309e-07,2.513620343625008411e-07,3.142025429531260514e-07,3.770430515437512617e-07,4.398835601343764720e-07
0.000000000000000000e+00,-5.823354699634619936e-08,-1.164670939926923987e-07,-1.747006409890385915e-07,-2.329341879853847710e-07,-2.911677349817309505e-07,-3.494012819780771300e-07,-4.076348289744233095e-07
0.000000000000000000e+00,-5.786517795017742229e-08,-1.157303559003548446e-07,-1.735955338505322669e-07,-2.314607118007096891e-07,-2.893258897508871114e-07,-3.471910677010645337e-07,-4.050562456512419560e-07
0.000000000000000000e+00,-6.284050860507993341e-08,-1.256810172101598668e-07,-1.885215258152398002e-07,-2.513620344203197336e-07,-3.142025430253996670e-07,-3.770430516304796005e-07,-4.398835602355595339e-07
0.000000000000000000e+00,5.854832979379619022e-08,1.170966595875923804e-07,1.756449893813885707e-07,2.341933191751847609e-07,2.927416489689809776e-07,3.512899787627771942e-07,4.098383085565734109e-07
0.000000000000000000e+00,5.816172643102389898e-08,1.163234528620477980e-07,1.744851792930717102e-07,2.326469057240956224e-07,2.908086321551195346e-07,3.489703585861434204e-07,4.071320850171673061e-07
0.000000000000000000e+00,6.104175811015879924e-08,1.220835162203175985e-07,1.831252743304763977e-07,2.441670324406351970e-07,3.052087905507939962e-07,3.662505486609527954e-07,4.272923067711115947e-07
0.000000000000000000e+00,-5.854832980535178426e-08,-1.170966596107035685e-07,-1.756449894160553528e-07,-2.341933192214071370e-07,-2.927416490267588948e-07,-3.512899788321106526e-07,-4.098383086374624104e-07
0.000000000000000000e+00,-5.816172644407819209e-08,-1.163234528881563842e-07,-1.744851793322345697e-07,-2.326469057763127419e-07,-2.908086322203908877e-07,-3.489703586644690334e-07,-4.071320851085471792e-07
0.000000000000000000e+00,-6.104175812165013789e-08,-1.220835162433002758e-07,-1.831252743649504269e-07,-2.441670324866006045e-07,-3.052087906082507821e-07,-3.662505487299009597e-07,-4.272923068515511373e-07
0.000000000000000000e+00,5.929241146406523234e-08,1.185848229281304647e-07,1.778772343921957103e-07,2.371696458562609558e-07,2.964620573203262014e-07,3.557544687843914205e-07,4.150468802484566396e-07
0.000000000000000000e+00,5.870994800592520484e-08,1.174198960118504097e-07,1.761298440177756145e-07,2.348397920237008193e-07,2.935497400296260242e-07,3.522596880355512290e-07,4.109696360414764339e-07
0.000000000000000000e+00,6.033833257916562740e-08,1.206766651583312548e-07,1.810149977374968954e-07,2.413533303166625625e-07,3.016916628958282297e-07,3.620299954749938968e-07,4.223683280541595639e-07
0.000000000000000000e+00,-5.929241147236381265e-08,-1.185848229447276253e-07,-1.778772344170914379e-07,-2.371696458894552506e-07,-2.964620573618190632e-07,-3.557544688341828759e-07,-4.150468803065466885e-07
0.000000000000000000e+00,-5.870994801579933922e-08,-1.174198960315986784e-07,-1.761298440473980243e-07,-2.348397920631973833e-07,-2.935497400789967689e-07,-3.522596880947961544e-07,-4.109696361105955400e-07
0.000000000000000000e+00,-6.033833258755657401e-08,-1.206766651751131480e-07,-1.810149977626697088e-07,-2.413533303502262431e-07,-3.016916629377827774e-07,-3.620299955253393117e-07,-4.223683281128958460e-07
0.000000000000000000e+00,6.043025742776209228e-08,1.208605148555241846e-07,1.812907722832862768e-07,2.417210297110483691e-07,3.021512871388104349e-07,3.625815445665725008e-07,4.230118019943345666e-07
0.000000000000000000e+00,5.968964859088272690e-08,1.193792971817654538e-07,1.790689457726481675e-07,2.387585943635308547e-07,2.984482429544135418e-07,3.581378915452962290e-07,4.178275401361789162e-07
0.000000000000000000e+00,6.068118451123208714e-08,1.213623690224641743e-07,1.820435535336962747e-07,2.427247380449284015e-07,3.034059225561605283e-07,3.640871070673926552e-07,4.247682915786247820e-07
0.000000000000000000e+00,-6.043025743261683515e-08,-1.208605148652336703e-07,-1.812907722978505055e-07,-2.417210297304673406e-07,-3.021512871630841758e-07,-3.625815445957010109e-07,-4.230118020283178461e-07
0.000000000000000000e+00,-5.968964859739627791e-08,-1.193792971947925558e-07,-1.790689457921888470e-07,-2.387585943895851646e-07,-2.984482429869814822e-07,-3.581378915843777998e-07,-4.178275401817741174e-07
0.000000000000000000e+00,-6.068118451634111194e-08,-1.213623690326822239e-07,-1.820435535490233358e-07,-2.427247380653644478e-07,-3.034059225817055597e-07,-3.640871070980466717e-07,-4.247682916143877836e-07
0.000000000000000000e+00,6.278506469935218043e-08,1.255701293987043609e-07,1.883551940980565413e-07,2.511402587974087217e-07,3.139253234967609286e-07,3.767103881961131355e-07,4.394954528954653424e-07
0.000000000000000000e+00,6.154198014309162135e-08,1.230839602861832427e-07,1.846259404292748641e-07,2.461679205723664854e-07,3.077099007154580803e-07,3.692518808585496752e-07,4.307938610016412701e-07
0.000000000000000000e+00,6.189710987574594802e-08,1.237942197514918960e-07,1.856913296272378440e-07,2.475884395029837921e-07,3.094855493787297665e-07,3.713826592544757410e-07,4.332797691302217155e-07
0.000000000000000000e+00,-6.278506470091445330e-08,-1.255701294018289066e-07,-1.883551941027433599e-07,-2.511402588036578132e-07,-3.139253235045722665e-07,-3.767103882054867198e-07,-4.394954529064011731e-07
0.000000000000000000e+00,-6.154198014616686711e-08,-1.230839602923337342e-07,-1.846259404385006146e-07,-2.461679205846675214e-07,-3.077099007308344282e-07,-3.692518808770013350e-07,-4.307938610231682418e-07
0.000000000000000000e+00,-6.189710987753723741e-08,-1.237942197550744748e-07,-1.856913296326117122e-07,-2.475884395101489496e-07,-3.094855493876861871e-07,-3.713826592652234245e-07,-4.332797691427606619e-07
0.000000000000000000e+00,6.270717164247184868e-08,1.254143432849436974e-07,1.881215149274155328e-07,2.508286865698873418e-07,3.135358582123591507e-07,3.762430298548309597e-07,4.389502014973027687e-07
0.000000000000000000e+00,6.260267862359107354e-08,1.252053572471821471e-07,1.878080358707732206e-07,2.504107144943642942e-07,3.130133931179553677e-07,3.756160717415464413e-07,4.382187503651375148e-07
0.000000000000000000e+00,5.323954476723131929e-19,1.064790895344626386e-18,1.597186343016939579e-18,2.129581790689252772e-18,2.661977238361566157e-18,3.194372686033879543e-18,3.726768133706192928e-18
0.000000000000000000e+00,-6.270717164259478757e-08,-1.254143432851895751e-07,-1.881215149277843627e-07,-2.508286865703791503e-07,-3.135358582129739378e-07,-3.762430298555687254e-07,-4.389502014981635130e-07
0.000000000000000000e+00,-6.260267862252452671e-08,-1.252053572450490534e-07,-1.878080358675735801e-07,-2.504107144900981069e-07,-3.130133931126226600e-07,-3.756160717351472132e-07,-4.382187503576717664e-07
0.000000000000000000e+00,2.899307478043632913e-08,5.798614956087265827e-08,8.697922434130898078e-08,1.159722991217453033e-07,1.449653739021816258e-07,1.739584486826179616e-07,2.029515234630542973e-07
0.000000000000000000e+00,9.400062631407802916e-09,1.880012526281560583e-08,2.820018789422340709e-08,3.760025052563120504e-08,4.700031315703900300e-08,5.640037578844680095e-08,6.580043841985459890e-08
0.000000000000000000e+00,-1.206020570293475404e-17,-2.412041140586950808e-17,-3.618061710880426212e-17,-4.824082281173901616e-17,-6.030102851467377020e-17,-7.236123421760852424e-17,-8.442143992054327828e-17
0.000000000000000000e+00,2.098652548295874981e-08,4.197305096591749963e-08,6.295957644887624283e-08,8.394610193183498602e-08,1.049326274147937292e-07,1.259191528977524857e-07,1.469056783807112421e-07
0.000000000000000000e+00,3.238634927108216627e-08,6.477269854216433254e-08,9.715904781324649881e-08,1.295453970843286651e-07,1.619317463554108446e-07,1.943180956264930241e-07,2.267044448975752036e-07
0.000000000000000000e+00,4.341028712806537144e-08,8.682057425613074287e-08,1.302308613841961143e-07,1.736411485122614857e-07,2.170514356403268572e-07,2.604617227683922286e-07,3.038720098964576001e-07
0.000000000000000000e+00,4.677973547395769516e-09,9.355947094791539032e-09,1.403392064218730938e-08,1.871189418958308137e-08,2.338986773697885337e-08,2.806784128437462537e-08,3.274581483177040067e-08
0.000000000000000000e+00,-1.166099455611816445e-17,-2.332198911223632889e-17,-3.498298366835449488e-17,-4.664397822447266395e-17,-5.830497278059083302e-17,-6.996596733670900209e-17,-8.162696189282717116e-17
0.000000000000000000e+00,-2.899307480250628874e-08,-5.798614960501257747e-08,-8.697922440751887282e-08,-1.159722992100251682e-07,-1.449653740125314635e-07,-1.739584488150377456e-07,-2.029515236175440278e-07
0.000000000000000000e+00,-9.400062655543469080e-09,-1.880012531108693816e-08,-2.820018796663040724e-08,-3.760025062217387632e-08,-4.700031327771734871e-08,-5.640037593326082110e-08,-6.580043858880429349e-08
0.000000000000000000e+00,-4.677973571520874239e-09,-9.355947143041748477e-09,-1.403392071456262189e-08,-1.871189428608349365e-08,-2.338986785760436540e-08,-2.806784142912523716e-08,-3.274581500064611223e-08
0.000000000000000000e+00,-2.098652550604138693e-08,-4.197305101208277387e-08,-6.295957651812416411e-08,-8.394610202416556097e-08,-1.049326275302069578e-07,-1.259191530362483547e-07,-1.469056785422897383e-07
0.000000000000000000e+00,-3.238634929439673491e-08,-6.477269858879346982e-08,-9.715904788319020473e-08,-1.295453971775869396e-07,-1.619317464719836745e-07,-1.943180957663804095e-07,-2.267044450607771444e-07
0.000000000000000000e+00,-4.341028714921529444e-08,-8.682057429843058888e-08,-1.302308614476458701e-07,-1.736411485968611513e-07,-2.170514357460764325e-07,-2.604617228952917402e-07,-3.038720100445070478e-07
0.000000000000000000e+00,4.085321781833545276e-08,8.170643563667090553e-08,1.225596534550063715e-07,1.634128712733418375e-07,2.042660890916773035e-07,2.451193069100127430e-07,2.859725247283481826e-07
0.000000000000000000e+00,3.546239653022059287e-08,7.092479306044118574e-08,1.063871895906617852e-07,1.418495861208823980e-07,1.773119826511030107e-07,2.127743791813236234e-07,2.482367757115442097e-07
0.000000000000000000e+00,4.965914213822289327e-08,9.931828427644578654e-08,1.489774264146686666e-07,1.986365685528915466e-07,2.482957106911144266e-07,2.979548528293373332e-07,3.476139949675602397e-07
0.000000000000000000e+00,-4.085321783814089625e-08,-8.170643567628179250e-08,-1.225596535144226887e-07,-1.634128713525635850e-07,-2.042660891907044812e-07,-2.451193070288453775e-07,-2.859725248669862473e-07
0.000000000000000000e+00,-3.546239655113079231e-08,-7.092479310226158463e-08,-1.063871896533923836e-07,-1.418495862045231957e-07,-1.773119827556540079e-07,-2.127743793067848201e-07,-2.482367758579156322e-07
0.000000000000000000e+00,-4.965914215691216571e-08,-9.931828431382433142e-08,-1.489774264707365037e-07,-1.986365686276486893e-07,-2.482957107845609013e-07,-2.979548529414731134e-07,-3.476139950983853254e-07
0.000000000000000000e+00,4.771134011240289211e-08,9.542268022480578422e-08,1.431340203372086697e-07,1.908453604496115420e-07,2.385567005620143878e-07,2.862680406744172335e-07,3.339793807868200793e-07
0.000000000000000000e+00,4.416487453073170540e-08,8.832974906146341079e-08,1.324946235921951228e-07,1.766594981229268481e-07,2.208243726536585733e-07,2.649892471843902986e-07,3.091541217151220238e-07
0.000000000000000000e+00,5.339752865263132331e-08,1.067950573052626466e-07,1.601925859578939567e-07,2.135901146105252668e-07,2.669876432631565768e-07,3.203851719157879134e-07,3.737827005684192499e-07
0.000000000000000000e+00,-4.771134012963396424e-08,-9.542268025926792848e-08,-1.431340203889018993e-07,-1.908453605185358834e-07,-2.385567006481698675e-07,-2.862680407778038516e-07,-3.339793809074378357e-07
0.000000000000000000e+00,-4.416487454924358399e-08,-8.832974909848716798e-08,-1.324946236477307586e-07,-1.766594981969743624e-07,-2.208243727462179663e-07,-2.649892472954615701e-07,-3.091541218447051475e-07
0.000000000000000000e+00,-5.339752866858465285e-08,-1.067950573371693057e-07,-1.601925860057539652e-07,-2.135901146743386379e-07,-2.669876433429233106e-07,-3.203851720115079833e-07,-3.737827006800926560e-07
0.000000000000000000e+00,5.209452863949893592e-08,1.041890572789978718e-07,1.562835859184968011e-07,2.083781145579957172e-07,2.604726431974946333e-07,3.125671718369935493e-07,3.646617004764924654e-07
0.000000000000000000e+00,4.959526875402924031e-08,9.919053750805848063e-08,1.487858062620877209e-07,1.983810750161169613e-07,2.479763437701462280e-07,2.975716125241754948e-07,3.471668812782047616e-07
0.000000000000000000e+00,5.582468483859904396e-08,1.116493696771980879e-07,1.674740545157971319e-07,2.232987393543961758e-07,2.791234241929952463e-07,3.349481090315943167e-07,3.907727938701933871e-07
0.000000000000000000e+00,-5.209452865384335285e-08,-1.041890573076867057e-07,-1.562835859615300453e-07,-2.083781146153733849e-07,-2.604726432692167246e-07,-3.125671719230600907e-07,-3.646617005769034567e-07
0.000000000000000000e+00,-4.959526876978374211e-08,-9.919053753956748423e-08,-1.487858063093512330e-07,-1.983810750791349949e-07,-2.479763438489187569e-07,-2.975716126187025189e-07,-3.471668813884862808e-07
0.000000000000000000e+00,-5.582468485156956683e-08,-1.116493697031391337e-07,-1.674740545547086873e-07,-2.232987394062782409e-07,-2.791234242578477945e-07,-3.349481091094173745e-07,-3.907727939609869546e-07
0.000000000000000000e+00,5.525948487516739885e-08,1.105189697503347977e-07,1.657784546255021965e-07,2.210379395006695954e-07,2.762974243758369678e-07,3.315569092510043402e-07,3.868163941261717125e-07
0.000000000000000000e+00,5.336412631336375742e-08,1.067282526267275148e-07,1.600923789400912656e-07,2.134565052534550032e-07,2.668206315668187408e-07,3.201847578801824784e-07,3.735488841935462159e-07
0.000000000000000000e+00,5.769613220854063493e-08,1.153922644170812699e-07,1.730883966256218982e-07,2.307845288341625132e-07,2.884806610427031283e-07,3.461767932512437434e-07,4.038729254597843585e-07
0.000000000000000000e+00,-5.525948488645584002e-08,-1.105189697729116800e-07,-1.657784546593675267e-07,-2.210379395458233866e-07,-2.762974244322792200e-07,-3.315569093187350534e-07,-3.868163942051908868e-07
0.000000000000000000e+00,-5.336412632613598194e-08,-1.067282526522719639e-07,-1.600923789784079392e-07,-2.134565053045439013e-07,-2.668206316306798899e-07,-3.201847579568158784e-07,-3.735488842829518670e-07
0.000000000000000000e+00,-5.769613221834741696e-08,-1.153922644366948339e-07,-1.730883966550422641e-07,-2.307845288733896943e-07,-2.884806610917371245e-07,-3.461767933100845282e-07,-4.038729255284319319e-07
0.000000000000000000e+00,5.772263610815747480e-08,1.154452722163149496e-07,1.731679083244724244e-07,2.308905444326298992e-07,2.886131805407873740e-07,3.463358166489448488e-07,4.040584527571023236e-07
0.000000000000000000e+00,5.625703171232903830e-08,1.125140634246580766e-07,1.687710951369871149e-07,2.250281268493161532e-07,2.812851585616452180e-07,3.375421902739742828e-07,3.937992219863033475e-07
0.000000000000000000e+00,5.983616303142773105e-08,1.196723260628554621e-07,1.795084890942832064e-07,2.393446521257109771e-07,2.991808151571387479e-07,3.590169781885665186e-07,4.188531412199942894e-07
0.000000000000000000e+00,-5.772263611602364479e-08,-1.154452722320472896e-07,-1.731679083480709211e-07,-2.308905444640945527e-07,-2.886131805801181842e-07,-3.463358166961418423e-07,-4.040584528121655003e-07
0.000000000000000000e+00,-5.625703172187475551e-08,-1.125140634437495110e-07,-1.687710951656242665e-07,-2.250281268874990220e-07,-2.812851586093737776e-07,-3.375421903312485331e-07,-3.937992220531232886e-07
0.000000000000000000e+00,-5.983616303781740350e-08,-1.196723260756348070e-07,-1.795084891134521973e-07,-2.393446521512695610e-07,-2.991808151890869248e-07,-3.590169782269042886e-07,-4.188531412647216524e-07
0.000000000000000000e+00,6.111031899731326614e-08,1.222206379946265323e-07,1.833309569919398117e-07,2.444412759892531175e-07,3.055515949865664233e-07,3.666619139838797292e-07,4.277722329811930350e-07
0.000000000000000000e+00,5.932281768405683916e-08,1.186456353681136783e-07,1.779684530521705042e-07,2.372912707362273302e-07,2.966140884202841561e-07,3.559369061043410085e-07,4.152597237883978609e-07
0.000000000000000000e+00,6.141127083585718777e-08,1.228225416717143755e-07,1.842338125075715633e-07,2.456450833434287511e-07,3.070563541792859124e-07,3.684676250151430737e-07,4.298788958510002350e-07
0.000000000000000000e+00,-6.111031900171345672e-08,-1.222206380034269134e-07,-1.833309570051403702e-07,-2.444412760068538269e-07,-3.055515950085672571e-07,-3.666619140102806874e-07,-4.277722330119941176e-07
0.000000000000000000e+00,-5.932281769009667377e-08,-1.186456353801933475e-07,-1.779684530702900213e-07,-2.372912707603866951e-07,-2.966140884504833688e-07,-3.559369061405800426e-07,-4.152597238306767164e-07
0.000000000000000000e+00,-6.141127083888570113e-08,-1.228225416777714023e-07,-1.842338125166571034e-07,-2.456450833555428045e-07,-3.070563541944285321e-07,-3.684676250333142597e-07,-4.298788958721999873e-07
0.000000000000000000e+00,6.161723787330912811e-08,1.232344757466182562e-07,1.848517136199273843e-07,2.464689514932365124e-07,3.080861893665456141e-07,3.697034272398547157e-07,4.313206651131638173e-07
0.000000000000000000e+00,-6.161723787609519153e-08,-1.232344757521903831e-07,-1.848517136282855613e-07,-2.464689515043807132e-07,-3.080861893804758650e-07,-3.697034272565710168e-07,-4.313206651326661686e-07
0.000000000000000000e+00,-6.267106340048729121e-10,-1.253421268009745824e-09,-1.880131902014618633e-09,-2.506842536019491235e-09,-3.133553170024363837e-09,-3.760263804029236439e-09,-4.386974438034108627e-09
0.000000000000000000e+00,-3.064036340502553427e-08,-6.128072681005106853e-08,-9.192109021507659618e-08,-1.225614536201021106e-07,-1.532018170251276250e-07,-1.838421804301531394e-07,-2.144825438351786538e-07
0.000000000000000000e+00,-1.294256196764733906e-17,-2.588512393529467813e-17,-3.882768590294201719e-17,-5.177024787058935626e-17,-6.471280983823669532e-17,-7.765537180588403439e-17,-9.059793377353137345e-17
0.000000000000000000e+00,-1.291584228346262205e-08,-2.583168456692524410e-08,-3.874752685038786449e-08,-5.166336913385048158e-08,-6.457921141731310528e-08,-7.749505370077572899e-08,-9.041089598423835269e-08
0.000000000000000000e+00,-1.221508521147588317e-08,-2.443017042295176634e-08,-3.664525563442765116e-08,-4.886034084590353929e-08,-6.107542605737943404e-08,-7.329051126885532879e-08,-8.550559648033122353e-08
0.000000000000000000e+00,1.318316892852034270e-08,2.636633785704068541e-08,3.954950678556102811e-08,5.273267571408137082e-08,6.591584464260171352e-08,7.909901357112205622e-08,9.228218249964239893e-08
0.000000000000000000e+00,-1.532922702630429787e-08,-3.065845405260859574e-08,-4.598768107891289361e-08,-6.131690810521719147e-08,-7.664613513152148934e-08,-9.197536215782578721e-08,-1.073045891841300851e-07
0.000000000000000000e+00,-1.248742650875167263e-17,-2.497485301750334526e-17,-3.746227952625501789e-17,-4.994970603500669052e-17,-6.243713254375836931e-17,-7.492455905251004810e-17,-8.741198556126172689e-17
0.000000000000000000e+00,6.267106098771664997e-10,1.253421219754332999e-09,1.880131829631499603e-09,2.506842439508666412e-09,3.133553049385833222e-09,3.760263659263000032e-09,4.386974269140166842e-09
0.000000000000000000e+00,3.064036337915941784e-08,6.128072675831883568e-08,9.192109013747825352e-08,1.225614535166376714e-07,1.532018168957971024e-07,1.838421802749565335e-07,2.144825436541159646e-07
0.000000000000000000e+00,1.532922700042283228e-08,3.065845400084566456e-08,4.598768100126849353e-08,6.131690800169131588e-08,7.664613500211413824e-08,9.197536200253696059e-08,1.073045890029597829e-07
0.000000000000000000e+00,1.291584225847282242e-08,2.583168451694564484e-08,3.874752677541846726e-08,5.166336903389128968e-08,6.457921129236411209e-08,7.749505355083693451e-08,9.041089580930975693e-08
0.000000000000000000e+00,1.221508518650961186e-08,2.443017037301922373e-08,3.664525555952883559e-08,4.886034074603844745e-08,6.107542593254805932e-08,7.329051111905767118e-08,8.550559630556728304e-08
0.000000000000000000e+00,-1.318316895163329930e-08,-2.636633790326659861e-08,-3.954950685489989956e-08,-5.273267580653320383e-08,-6.591584475816650809e-08,-7.909901370979981236e-08,-9.228218266143311663e-08
0.000000000000000000e+00,2.001448999118963356e-08,4.002897998237926712e-08,6.004346997356890729e-08,8.005795996475854747e-08,1.000724499559481876e-07,1.200869399471378146e-07,1.401014299383274415e-07
0.000000000000000000e+00,1.129459173815218881e-08,2.258918347630437762e-08,3.388377521445656477e-08,4.517836695260874861e-08,5.647295869076093246e-08,6.776755042891311630e-08,7.906214216706529353e-08
0.000000000000000000e+00,2.975216747245504388e-08,5.950433494491008776e-08,8.925650241736513163e-08,1.190086698898201755e-07,1.487608373622752326e-07,1.785130048347302897e-07,2.082651723071853468e-07
0.000000000000000000e+00,-2.001449001335315391e-08,-4.002898002670630781e-08,-6.004347004005945841e-08,-8.005796005341260239e-08,-1.000724500667657464e-07,-1.200869400801188903e-07,-1.401014300934720343e-07
0.000000000000000000e+00,-1.129459176128454114e-08,-2.258918352256908228e-08,-3.388377528385362341e-08,-4.517836704513816455e-08,-5.647295880642270569e-08,-6.776755056770724683e-08,-7.906214232899178796e-08
0.000000000000000000e+00,-2.975216749345288807e-08,-5.950433498690577614e-08,-8.925650248035866752e-08,-1.190086699738115655e-07,-1.487608374672644635e-07,-1.785130049607173615e-07,-2.082651724541702595e-07
0.000000000000000000e+00,3.345524375857347054e-08,6.691048751714694107e-08,1.003657312757204116e-07,1.338209750342938821e-07,1.672762187928673527e-07,2.007314625514408232e-07,2.341867063100142938e-07
0.000000000000000000e+00,2.744235645660991801e-08,5.488471291321983603e-08,8.232706936982975735e-08,1.097694258264396853e-07,1.372117822830496132e-07,1.646541387396595412e-07,1.920964951962694691e-07
0.000000000000000000e+00,4.033091987881135658e-08,8.066183975762271316e-08,1.209927596364340631e-07,1.613236795152453998e-07,2.016545993940567366e-07,2.419855192728680733e-07,2.823164391516794100e-07
0.000000000000000000e+00,-3.345524377847379495e-08,-6.691048755694758989e-08,-1.003657313354213848e-07,-1.338209751138951798e-07,-1.672762188923689747e-07,-2.007314626708427697e-07,-2.341867064493165646e-07
0.000000000000000000e+00,-2.744235647763884104e-08,-5.488471295527768207e-08,-8.232706943291651980e-08,-1.097694259105553509e-07,-1.372117823881941953e-07,-1.646541388658330396e-07,-1.920964953434718839e-07
0.000000000000000000e+00,-4.033091989739674837e-08,-8.066183979479349674e-08,-1.209927596921902451e-07,-1.613236795895869935e-07,-2.016545994869837418e-07,-2.419855193843804902e-07,-2.823164392817772121e-07
0.000000000000000000e+00,4.250219621402448864e-08,8.500439242804897728e-08,1.275065886420734659e-07,1.700087848560979546e-07,2.125109810701224432e-07,2.550131772841469319e-07,2.975153734981713940e-07
0.000000000000000000e+00,3.820939365521085948e-08,7.641878731042171896e-08,1.146281809656325718e-07,1.528375746208434114e-07,1.910469682760542511e-07,2.292563619312650907e-07,2.674657555864759303e-07
0.000000000000000000e+00,4.731013531525324680e-08,9.462027063050649359e-08,1.419304059457597338e-07,1.892405412610129607e-07,2.365506765762661877e-07,2.838608118915194146e-07,3.311709472067726680e-07
0.000000000000000000e+00,-4.250219623129740288e-08,-8.500439246259480576e-08,-1.275065886938922153e-07,-1.700087849251896380e-07,-2.125109811564870607e-07,-2.550131773877844834e-07,-2.975153736190819062e-07
0.000000000000000000e+00,-3.820939367377242185e-08,-7.641878734754484369e-08,-1.146281810213172589e-07,-1.528375746950896609e-07,-1.910469683688620629e-07,-2.292563620426344649e-07,-2.674657557164068669e-07
0.000000000000000000e+00,-4.731013533106618725e-08,-9.462027066213237450e-08,-1.419304059931985551e-07,-1.892405413242647225e-07,-2.365506766553308899e-07,-2.838608119863970573e-07,-3.311709473174632512e-07
0.000000000000000000e+00,4.882418726702647921e-08,9.764837453405295842e-08,1.464725618010794376e-07,1.952967490681059168e-07,2.441209363351323961e-07,2.929451236021588753e-07,3.417693108691853545e-07
0.000000000000000000e+00,4.567156086652369713e-08,9.134312173304739426e-08,1.370146825995710782e-07,1.826862434660947621e-07,2.283578043326184460e-07,2.740293651991421563e-07,3.197009260656658667e-07
0.000000000000000000e+00,5.222415444053868706e-08,1.044483088810773741e-07,1.566724633216160546e-07,2.088966177621547218e-07,2.611207722026933890e-07,3.133449266432320562e-07,3.655690810837707234e-07
0.000000000000000000e+00,-4.882418728127782840e-08,-9.764837456255565680e-08,-1.464725618438334786e-07,-1.952967491251112871e-07,-2.441209364063890957e-07,-2.929451236876669042e-07,-3.417693109689447128e-07
0.000000000000000000e+00,-4.567156088227406964e-08,-9.134312176454813929e-08,-1.370146826468222023e-07,-1.826862435290962521e-07,-2.283578044113703019e-07,-2.740293652936443517e-07,-3.197009261759184280e-07
0.000000000000000000e+00,-5.222415445330588894e-08,-1.044483089066117779e-07,-1.566724633599176668e-07,-2.088966178132235558e-07,-2.611207722665294447e-07,-3.133449267198353337e-07,-3.655690811731412226e-07
0.000000000000000000e+00,5.360762552954868223e-08,1.072152510590973645e-07,1.608228765886460599e-07,2.144305021181947554e-07,2.680381276477434508e-07,3.216457531772921198e-07,3.752533787068407888e-07
0.000000000000000000e+00,5.113881470119017164e-08,1.022776294023803433e-07,1.534164441035705017e-07,2.045552588047606601e-07,2.556940735059508185e-07,3.068328882071410034e-07,3.579717029083311882e-07
0.000000000000000000e+00,5.599861367164158341e-08,1.119972273432831668e-07,1.679958410149247436e-07,2.239944546865663072e-07,2.799930683582078707e-07,3.359916820298494343e-07,3.919902957014909978e-07
0.000000000000000000e+00,-5.360762554032535668e-08,-1.072152510806507134e-07,-1.608228766209760634e-07,-2.144305021613014003e-07,-2.680381277016267636e-07,-3.216457532419521269e-07,-3.752533787822774902e-07
0.000000000000000000e+00,-5.113881471368519140e-08,-1.022776294273703828e-07,-1.534164441410555742e-07,-2.045552588547407656e-07,-2.556940735684259570e-07,-3.068328882821111484e-07,-3.579717029957963398e-07
0.000000000000000000e+00,-5.599861368098088266e-08,-1.119972273619617653e-07,-1.679958410429426347e-07,-2.239944547239235042e-07,-2.799930684049043736e-07,-3.359916820858852695e-07,-3.919902957668661654e-07
0.000000000000000000e+00,5.750588126712020835e-08,1.150117625342404167e-07,1.725176438013606251e-07,2.300235250684808334e-07,2.875294063356010682e-07,3.450352876027213031e-07,4.025411688698415379e-07
0.000000000000000000e+00,5.547919471595971956e-08,1.109583894319194391e-07,1.664375841478791653e-07,2.219167788638389047e-07,2.773959735797986441e-07,3.328751682957583835e-07,3.883543630117181229e-07
0.000000000000000000e+00,5.952114814636206710e-08,1.190422962927241342e-07,1.785634444390861881e-07,2.380845925854482419e-07,2.976057407318102958e-07,3.571268888781723761e-07,4.166480370245344565e-07
0.000000000000000000e+00,-5.750588127413760501e-08,-1.150117625482752100e-07,-1.725176438224128084e-07,-2.300235250965503936e-07,-2.875294063706879787e-07,-3.450352876448255639e-07,-4.025411689189631490e-07
0.000000000000000000e+00,-5.547919472477398411e-08,-1.109583894495479682e-07,-1.664375841743219457e-07,-2.219167788990959100e-07,-2.773959736238698742e-07,-3.328751683486438385e-07,-3.883543630734178028e-07
0.000000000000000000e+00,-5.952114815209591105e-08,-1.190422963041918221e-07,-1.785634444562877332e-07,-2.380845926083836442e-07,-2.976057407604795553e-07,-3.571268889125754663e-07,-4.166480370646713774e-07
0.000000000000000000e+00,5.959424069882415922e-08,1.191884813976483184e-07,1.787827220964724909e-07,2.383769627952966633e-07,2.979712034941208358e-07,3.575654441929449818e-07,4.171596848917691278e-07
0.000000000000000000e+00,-5.959424070390687306e-08,-1.191884814078137461e-07,-1.787827221117206192e-07,-2.383769628156274923e-07,-2.979712035195343653e-07,-3.575654442234412384e-07,-4.171596849273481114e-07
0.000000000000000000e+00,-2.309480566845177674e-08,-4.618961133690355347e-08,-6.928441700535533021e-08,-9.237922267380710694e-08,-1.154740283422588837e-07,-1.385688340107106604e-07,-1.616636396791624504e-07
0.000000000000000000e+00,-5.653052838452714359e-08,-1.130610567690542872e-07,-1.695915851535814242e-07,-2.261221135381085479e-07,-2.826526419226356716e-07,-3.391831703071627954e-07,-3.957136986916899191e-07
0.000000000000000000e+00,-1.391841183728163811e-17,-2.783682367456327621e-17,-4.175523551184491124e-17,-5.567364734912654010e-17,-6.959205918640816896e-17,-8.351047102368979783e-17,-9.742888286097142669e-17
0.000000000000000000e+00,-3.741176350792349706e-08,-7.482352701584699412e-08,-1.122352905237704912e-07,-1.496470540316939882e-07,-1.870588175396174853e-07,-2.244705810475409824e-07,-2.618823445554645059e-07
0.000000000000000000e+00,-4.566700034323713395e-08,-9.133400068647426789e-08,-1.370010010297114018e-07,-1.826680013729485358e-07,-2.283350017161856697e-07,-2.740020020594228037e-07,-3.196690024026599641e-07
0.000000000000000000e+00,-1.373621606461793241e-08,-2.747243212923586481e-08,-4.120864819385379557e-08,-5.494486425847172301e-08,-6.868108032308965707e-08,-8.241729638770759113e-08,-9.615351245232552519e-08
0.000000000000000000e+00,-2.830136138427984522e-08,-5.660272276855969044e-08,-8.490408415283954228e-08,-1.132054455371193941e-07,-1.415068069213992460e-07,-1.698081683056790846e-07,-1.981095296899589232e-07
0.000000000000000000e+00,-1.342394722369537026e-17,-2.684789444739074052e-17,-4.027184167108611232e-17,-5.369578889478148720e-17,-6.711973611847686208e-17,-8.054368334217223696e-17,-9.396763056586761184e-17
0.000000000000000000e+00,2.309480564211106709e-08,4.618961128422213418e-08,6.928441692633320457e-08,9.237922256844428159e-08,1.154740282105553586e-07,1.385688338526664356e-07,1.616636394947775126e-07
0.000000000000000000e+00,5.653052835667464226e-08,1.130610567133492845e-07,1.695915850700239268e-07,2.261221134266985690e-07,2.826526417833732378e-07,3.391831701400479065e-07,3.957136984967225752e-07
0.000000000000000000e+00,2.830136135643480506e-08,5.660272271286961012e-08,8.490408406930441187e-08,1.132054454257392070e-07,1.415068067821740021e-07,1.698081681386087973e-07,1.981095294950435924e-07
0.000000000000000000e+00,3.741176348085097411e-08,7.482352696170194821e-08,1.122352904425529223e-07,1.496470539234038964e-07,1.870588174042548705e-07,2.244705808851058446e-07,2.618823443659568187e-07
0.000000000000000000e+00,4.566700031639448118e-08,9.133400063278896235e-08,1.370010009491834501e-07,1.826680012655779512e-07,2.283350015819724522e-07,2.740020018983669532e-07,3.196690022147614807e-07
0.000000000000000000e+00,1.373621603936861148e-08,2.747243207873722295e-08,4.120864811810583608e-08,5.494486415747445252e-08,6.868108019684307558e-08,8.241729623621169864e-08,9.615351227558032169e-08
0.000000000000000000e+00,2.253141078217091795e-09,4.506282156434183591e-09,6.759423234651275386e-09,9.012564312868367182e-09,1.126570539108545980e-08,1.351884646930255243e-08,1.577198754751964505e-08
0.000000000000000000e+00,-8.470909848095359167e-09,-1.694181969619071833e-08,-2.541272954428607750e-08,-3.388363939238143667e-08,-4.235454924047679914e-08,-5.082545908857216162e-08,-5.929636893666752410e-08
0.000000000000000000e+00,9.410637942704444273e-09,1.882127588540888855e-08,2.823191382811333447e-08,3.764255177081778371e-08,4.705318971352223295e-08,5.646382765622668218e-08,6.587446559893113804e-08
0.000000000000000000e+00,-2.253141102861277581e-09,-4.506282205722555163e-09,-6.759423308583832331e-09,-9.012564411445108671e-09,-1.126570551430638501e-08,-1.351884661716766135e-08,-1.577198772002893604e-08
0.000000000000000000e+00,8.470909822610991557e-09,1.694181964522198311e-08,2.541272946783297302e-08,3.388363929044395961e-08,4.235454911305494621e-08,5.082545893566593280e-08,5.929636875827691939e-08
0.000000000000000000e+00,-9.410637966121828153e-09,-1.882127593224365631e-08,-2.823191389836548611e-08,-3.764255186448731923e-08,-4.705318983060915234e-08,-5.646382779673098546e-08,-6.587446576285281858e-08
0.000000000000000000e+00,2.015126455605077361e-08,4.030252911210154723e-08,6.045379366815231753e-08,8.060505822420308122e-08,1.007563227802538449e-07,1.209075873363046086e-07,1.410588518923553855e-07
0.000000000000000000e+00,1.233084549356802066e-08,2.466169098713604132e-08,3.699253648070406529e-08,4.932338197427208926e-08,6.165422746784011324e-08,7.398507296140813059e-08,8.631591845497614794e-08
0.000000000000000000e+00,2.539596737228275007e-08,5.079193474456550015e-08,7.618790211684825684e-08,1.015838694891310135e-07,1.269798368614137702e-07,1.523758042336965137e-07,1.777717716059792571e-07
0.000000000000000000e+00,-2.015126457869715899e-08,-4.030252915739431798e-08,-6.045379373609148027e-08,-8.060505831478864919e-08,-1.007563228934858181e-07,-1.209075874721829870e-07,-1.410588520508801427e-07
0.000000000000000000e+00,-1.233084551721439791e-08,-2.466169103442879583e-08,-3.699253655164319374e-08,-4.932338206885759165e-08,-6.165422758607198957e-08,-7.398507310328638748e-08,-8.631591862050078540e-08
0.000000000000000000e+00,-2.539596739357159310e-08,-5.079193478714318619e-08,-7.618790218071477929e-08,-1.015838695742863724e-07,-1.269798369678579655e-07,-1.523758043614295586e-07,-1.777717717550011517e-07
0.000000000000000000e+00,3.286235706070462591e-08,6.572471412140925183e-08,9.858707118211388436e-08,1.314494282428185301e-07,1.643117853035231759e-07,1.971741423642278217e-07,2.300364994249324674e-07
0.000000000000000000e+00,2.709081906216020376e-08,5.418163812432040752e-08,8.127245718648060797e-08,1.083632762486408018e-07,1.354540953108009956e-07,1.625449143729611895e-07,1.896357334351213833e-07
0.000000000000000000e+00,3.658748843910084625e-08,7.317497687820169250e-08,1.097624653173025321e-07,1.463499537564033585e-07,1.829374421955041849e-07,2.195249306346050113e-07,2.561124190737058642e-07
0.000000000000000000e+00,-3.286235708094536493e-08,-6.572471416189072985e-08,-9.858707124283608816e-08,-1.314494283237814332e-07,-1.643117854047267783e-07,-1.971741424856721234e-07,-2.300364995666174685e-07
0.000000000000000000e+00,-2.709081908360654859e-08,-5.418163816721309717e-08,-8.127245725081964245e-08,-1.083632763344261811e-07,-1.354540954180327198e-07,-1.625449145016392584e-07,-1.896357335852457971e-07
0.000000000000000000e+00,-3.658748845787420656e-08,-7.317497691574841312e-08,-1.097624653736226263e-07,-1.463499538314968527e-07,-1.829374422893710791e-07,-2.195249307472453055e-07,-2.561124192051195319e-07
0.000000000000000000e+00,4.200029197293590038e-08,8.400058394587180077e-08,1.260008759188077012e-07,1.680011678917436015e-07,2.100014598646795019e-07,2.520017518376154023e-07,2.940020438105513027e-07
0.000000000000000000e+00,3.768545810472619742e-08,7.537091620945239484e-08,1.130563743141785856e-07,1.507418324189047632e-07,1.884272905236309408e-07,2.261127486283571183e-07,2.637982067330832694e-07
0.000000000000000000e+00,4.462648240279012682e-08,8.925296480558025364e-08,1.338794472083703805e-07,1.785059296111605073e-07,2.231324120139506341e-07,2.677588944167407609e-07,3.123853768195309142e-07
0.000000000000000000e+00,-4.200029199023750124e-08,-8.400058398047500249e-08,-1.260008759707125037e-07,-1.680011679609500050e-07,-2.100014599511875062e-07,-2.520017519414250075e-07,-2.940020439316625087e-07
0.000000000000000000e+00,-3.768545812350344217e-08,-7.537091624700688434e-08,-1.130563743705103265e-07,-1.507418324940137687e-07,-1.884272906175172109e-07,-2.261127487410206530e-07,-2.637982068645240952e-07
0.000000000000000000e+00,-4.462648241858053487e-08,-8.925296483716106975e-08,-1.338794472557415980e-07,-1.785059296743221130e-07,-2.231324120929026281e-07,-2.677588945114831431e-07,-3.123853769300636316e-07
0.000000000000000000e+00,4.877520137780761735e-08,9.755040275561523470e-08,1.463256041334228587e-07,1.951008055112304959e-07,2.438760068890381595e-07,2.926512082668458232e-07,3.414264096446534869e-07
0.000000000000000000e+00,4.545273351713003981e-08,9.090546703426007963e-08,1.363582005513901194e-07,1.818109340685201593e-07,2.272636675856501991e-07,2.727164011027802389e-07,3.181691346199103052e-07
0.000000000000000000e+00,5.065353691483717613e-08,1.013070738296743523e-07,1.519606107445115284e-07,2.026141476593487045e-07,2.532676845741859071e-07,3.039212214890231097e-07,3.545747584038603124e-07
0.000000000000000000e+00,-4.877520139153438845e-08,-9.755040278306877690e-08,-1.463256041746031653e-07,-1.951008055661375538e-07,-2.438760069576719687e-07,-2.926512083492063836e-07,-3.414264097407407986e-07
0.000000000000000000e+00,-4.545273353264177403e-08,-9.090546706528354806e-08,-1.363582005979253155e-07,-1.818109341305670696e-07,-2.272636676632088238e-07,-2.727164011958505780e-07,-3.181691347284923057e-07
0.000000000000000000e+00,-5.065353692708805188e-08,-1.013070738541761038e-07,-1.519606107812641556e-07,-2.026141477083522075e-07,-2.532676846354402594e-07,-3.039212215625283113e-07,-3.545747584896163632e-07
0.000000000000000000e+00,5.409308162790392508e-08,1.081861632558078502e-07,1.622792448837117819e-07,2.163723265116157268e-07,2.704654081395196453e-07,3.245584897674235637e-07,3.786515713953274822e-07
0.000000000000000000e+00,5.140317805964163885e-08,1.028063561192832777e-07,1.542095341789249165e-07,2.056127122385665554e-07,2.570158902982081942e-07,3.084190683578498331e-07,3.598222464174914719e-07
0.000000000000000000e+00,5.542974155710067078e-08,1.108594831142013416e-07,1.662892246713020190e-07,2.217189662284027096e-07,2.771487077855034002e-07,3.325784493426040909e-07,3.880081908997047815e-07
0.000000000000000000e+00,-5.409308163749075647e-08,-1.081861632749815129e-07,-1.622792449124722827e-07,-2.163723265499630524e-07,-2.704654081874538221e-07,-3.245584898249445653e-07,-3.786515714624353086e-07
0.000000000000000000e+00,-5.140317807125842441e-08,-1.028063561425168488e-07,-1.542095342137752666e-07,-2.056127122850336712e-07,-2.570158903562921022e-07,-3.084190684275505332e-07,-3.598222464988089642e-07
0.000000000000000000e+00,-5.542974156539997239e-08,-1.108594831307999448e-07,-1.662892246961999172e-07,-2.217189662615998896e-07,-2.771487078269998620e-07,-3.325784493923998344e-07,-3.880081909577998067e-07
0.000000000000000000e+00,5.614930005241868529e-08,1.122986001048373706e-07,1.684479001572560691e-07,2.245972002096747676e-07,2.807465002620934662e-07,3.368958003145121382e-07,3.930451003669308103e-07
0.000000000000000000e+00,-5.614930005971305510e-08,-1.122986001194261102e-07,-1.684479001791391653e-07,-2.245972002388522204e-07,-2.807465002985652755e-07,-3.368958003582783306e-07,-3.930451004179913857e-07
0.000000000000000000e+00,-3.157024703557685959e-08,-6.314049407115371918e-08,-9.471074110673057877e-08,-1.262809881423074384e-07,-1.578512351778843112e-07,-1.894214822134611840e-07,-2.209917292490380568e-07
0.000000000000000000e+00,-6.552832398746669196e-08,-1.310566479749333839e-07,-1.965849719624000626e-07,-2.621132959498667149e-07,-3.276416199373333671e-07,-3.931699439248000194e-07,-4.586982679122666716e-07
0.000000000000000000e+00,-1.494491885699434570e-17,-2.988983771398869140e-17,-4.483475657098304017e-17,-5.977967542797739512e-17,-7.472459428497175006e-17,-8.966951314196610500e-17,-1.046144319989604599e-16
0.000000000000000000e+00,-4.634227427362179135e-08,-9.268454854724358271e-08,-1.390268228208653807e-07,-1.853690970944871919e-07,-2.317113713681090031e-07,-2.780536456417308143e-07,-3.243959199153526520e-07
0.000000000000000000e+00,-6.327197332489190824e-08,-1.265439466497838165e-07,-1.898159199746757379e-07,-2.530878932995676859e-07,-3.163598666244596338e-07,-3.796318399493515818e-07,-4.429038132742435297e-07
0.000000000000000000e+00,-2.971415129514230659e-08,-5.942830259028461317e-08,-8.914245388542691976e-08,-1.188566051805692263e-07,-1.485707564757115462e-07,-1.782849077708538660e-07,-2.079990590659961858e-07
0.000000000000000000e+00,-3.280552731549675160e-08,-6.561105463099350320e-08,-9.841658194649024818e-08,-1.312221092619869799e-07,-1.640276365774837117e-07,-1.968331638929804434e-07,-2.296386912084771752e-07
0.000000000000000000e+00,-1.442418313514960826e-17,-2.884836627029921652e-17,-4.327254940544882479e-17,-5.769673254059843305e-17,-7.212091567574804747e-17,-8.654509881089766190e-17,-1.009692819460472763e-16
0.000000000000000000e+00,3.157024700689104989e-08,6.314049401378209979e-08,9.471074102067315630e-08,1.262809880275642260e-07,1.578512350344552958e-07,1.894214820413463655e-07,2.209917290482374353e-07
0.000000000000000000e+00,6.552832395758993408e-08,1.310566479151798682e-07,1.965849718727697890e-07,2.621132958303596834e-07,3.276416197879495778e-07,3.931699437455394721e-07,4.586982677031293665e-07
0.000000000000000000e+00,3.280552728561068960e-08,6.561105457122137920e-08,9.841658185683207541e-08,1.312221091424427849e-07,1.640276364280534943e-07,1.968331637136642038e-07,2.296386909992749132e-07
0.000000000000000000e+00,4.634227424434210568e-08,9.268454848868421136e-08,1.390268227330263170e-07,1.853690969773684227e-07,2.317113712217105284e-07,2.780536454660526341e-07,3.243959197103947133e-07
0.000000000000000000e+00,6.327197329604387188e-08,1.265439465920877438e-07,1.898159198881316289e-07,2.530878931841755405e-07,3.163598664802194520e-07,3.796318397762633636e-07,4.429038130723072752e-07
0.000000000000000000e+00,2.971415126761597250e-08,5.942830253523194500e-08,8.914245380284791749e-08,1.188566050704638900e-07,1.485707563380798625e-07,1.782849076056958350e-07,2.079990588733118075e-07
0.000000000000000000e+00,-4.894846407035162008e-09,-9.789692814070324016e-09,-1.468453922110548602e-08,-1.957938562814064803e-08,-2.447423203517580839e-08,-2.936907844221096874e-08,-3.426392484924612909e-08
0.000000000000000000e+00,-1.622725457658949040e-08,-3.245450915317898081e-08,-4.868176372976847452e-08,-6.490901830635797485e-08,-8.113627288294747517e-08,-9.736352745953697550e-08,-1.135907820361264758e-07
0.000000000000000000e+00,-3.744615854935346407e-09,-7.489231709870692815e-09,-1.123384756480604005e-08,-1.497846341974138894e-08,-1.872307927467673783e-08,-2.246769512961208672e-08,-2.621231098454743560e-08
0.000000000000000000e+00,4.894846379776702088e-09,9.789692759553404177e-09,1.468453913933010627e-08,1.957938551910680835e-08,2.447423189888350879e-08,2.936907827866020922e-08,3.426392465843690966e-08
0.000000000000000000e+00,1.622725454861445715e-08,3.245450909722891431e-08,4.868176364584337146e-08,6.490901819445782861e-08,8.113627274307227915e-08,9.736352729168672968e-08,1.135907818403011802e-07
0.000000000000000000e+00,3.744615828970915430e-09,7.489231657941830860e-09,1.123384748691274629e-08,1.497846331588366172e-08,1.872307914485457550e-08,2.246769497382548927e-08,2.621231080279640305e-08
0.000000000000000000e+00,1.450892314259482826e-08,2.901784628518965653e-08,4.352676942778448644e-08,5.803569257037931967e-08,7.254461571297415290e-08,8.705353885556898612e-08,1.015624619981638193e-07
0.000000000000000000e+00,6.058950806305724261e-09,1.211790161261144852e-08,1.817685241891717444e-08,2.423580322522290035e-08,3.029475403152862627e-08,3.635370483783434887e-08,4.241265564414007148e-08
0.000000000000000000e+00,1.498552508515101793e-08,2.997105017030203585e-08,4.495657525545305709e-08,5.994210034060408494e-08,7.492762542575511279e-08,8.991315051090614064e-08,1.048986755960571685e-07
0.000000000000000000e+00,-1.450892316810100863e-08,-2.901784633620201725e-08,-4.352676950430302753e-08,-5.803569267240404112e-08,-7.254461584050504809e-08,-8.705353900860605506e-08,-1.015624621767070620e-07
0.000000000000000000e+00,-6.058950832694418656e-09,-1.211790166538883731e-08,-1.817685249808325597e-08,-2.423580333077767462e-08,-3.029475416347209328e-08,-3.635370499616651193e-08,-4.241265582886093059e-08
0.000000000000000000e+00,-1.498552510923599612e-08,-2.997105021847199223e-08,-4.495657532770798504e-08,-5.994210043694397123e-08,-7.492762554617995742e-08,-8.991315065541594361e-08,-1.048986757646519298e-07
0.000000000000000000e+00,2.859581394176279602e-08,5.719162788352559203e-08,8.578744182528839136e-08,1.143832557670511973e-07,1.429790697088139900e-07,1.715748836505767827e-07,2.001706975923395754e-07
0.000000000000000000e+00,2.226512718749774940e-08,4.453025437499549880e-08,6.679538156249324819e-08,8.906050874999099759e-08,1.113256359374887470e-07,1.335907631249864964e-07,1.558558903124842590e-07
0.000000000000000000e+00,2.860265652821129203e-08,5.720531305642258406e-08,8.580796958463388271e-08,1.144106261128451814e-07,1.430132826410564800e-07,1.716159391692677654e-07,2.002185956974790508e-07
0.000000000000000000e+00,-2.859581396506471541e-08,-5.719162793012943082e-08,-8.578744189519413961e-08,-1.143832558602588484e-07,-1.429790698253235572e-07,-1.715748837903882792e-07,-2.001706977554530012e-07
0.000000000000000000e+00,-2.226512721192176245e-08,-4.453025442384352491e-08,-6.679538163576529067e-08,-8.906050884768706305e-08,-1.113256360596088354e-07,-1.335907632715306078e-07,-1.558558904834523802e-07
0.000000000000000000e+00,-2.860265654998497870e-08,-5.720531309996995740e-08,-8.580796964995493279e-08,-1.144106261999399016e-07,-1.430132827499248571e-07,-1.716159392999098126e-07,-2.002185958498947682e-07
0.000000000000000000e+00,3.886815131657497691e-08,7.773630263314995382e-08,1.166044539497249241e-07,1.554726052662998812e-07,1.943407565828748382e-07,2.332089078994497953e-07,2.720770592160247523e-07
0.000000000000000000e+00,3.409025034676325460e-08,6.818050069352650920e-08,1.022707510402897572e-07,1.363610013870529919e-07,1.704512517338162267e-07,2.045415020805794614e-07,2.386317524273426962e-07
0.000000000000000000e+00,3.863376101962868521e-08,7.726752203925737043e-08,1.159012830588860556e-07,1.545350440785147409e-07,1.931688050981434128e-07,2.318025661177720848e-07,2.704363271374007568e-07
0.000000000000000000e+00,-3.886815133700247345e-08,-7.773630267400494690e-08,-1.166044540110074137e-07,-1.554726053480098673e-07,-1.943407566850123209e-07,-2.332089080220147745e-07,-2.720770593590172546e-07
0.000000000000000000e+00,-3.409025036865903643e-08,-6.818050073731807286e-08,-1.022707511059771093e-07,-1.363610014746361457e-07,-1.704512518432951822e-07,-2.045415022119542186e-07,-2.386317525806132550e-07
0.000000000000000000e+00,-3.863376103849562943e-08,-7.726752207699125886e-08,-1.159012831154868883e-07,-1.545350441539825177e-07,-1.931688051924781604e-07,-2.318025662309738031e-07,-2.704363272694694457e-07
0.000000000000000000e+00,4.650695181614349705e-08,9.301390363228699409e-08,1.395208554484304911e-07,1.860278072645739882e-07,2.325347590807174852e-07,2.790417108968609823e-07,3.255486627130045058e-07
0.000000000000000000e+00,4.282017500947133231e-08,8.564035001894266463e-08,1.284605250284140102e-07,1.712807000378853557e-07,2.141008750473567013e-07,2.569210500568280203e-07,2.997412250662993394e-07
0.000000000000000000e+00,4.618633636920339295e-08,9.237267273840678589e-08,1.385590091076101855e-07,1.847453454768135983e-07,2.309316818460170111e-07,2.771180182152204238e-07,3.233043545844238366e-07
0.000000000000000000e+00,-4.650695183290410855e-08,-9.301390366580821710e-08,-1.395208554987123256e-07,-1.860278073316164342e-07,-2.325347591645205427e-07,-2.790417109974246513e-07,-3.255486628303287334e-07
0.000000000000000000e+00,-4.282017502808780624e-08,-8.564035005617561248e-08,-1.284605250842634187e-07,-1.712807001123512250e-07,-2.141008751404390312e-07,-2.569210501685268374e-07,-2.997412251966146701e-07
0.000000000000000000e+00,-4.618633638445491599e-08,-9.237267276890983199e-08,-1.385590091533647347e-07,-1.847453455378196375e-07,-2.309316819222745403e-07,-2.771180183067294695e-07,-3.233043546911843987e-07
0.000000000000000000e+00,5.238742672020425692e-08,1.047748534404085138e-07,1.571622801606127708e-07,2.095497068808170277e-07,2.619371336010212846e-07,3.143245603212255415e-07,3.667119870414297985e-07
0.000000000000000000e+00,4.945735094378361457e-08,9.891470188756722915e-08,1.483720528313508503e-07,1.978294037751344848e-07,2.472867547189181192e-07,2.967441056627017536e-07,3.462014566064853880e-07
0.000000000000000000e+00,5.200905047899383165e-08,1.040181009579876633e-07,1.560271514369814817e-07,2.080362019159753001e-07,2.600452523949691186e-07,3.120543028739629634e-07,3.640633533529568083e-07
0.000000000000000000e+00,-5.238742673240077036e-08,-1.047748534648015407e-07,-1.571622801972023177e-07,-2.095497069296031079e-07,-2.619371336620038981e-07,-3.143245603944046883e-07,-3.667119871268054785e-07
0.000000000000000000e+00,-4.945735095826364942e-08,-9.891470191652729885e-08,-1.483720528747909350e-07,-1.978294038330545712e-07,-2.472867547913182074e-07,-2.967441057495818701e-07,-3.462014567078455327e-07
0.000000000000000000e+00,-5.200905048989750811e-08,-1.040181009797950162e-07,-1.560271514696925177e-07,-2.080362019595900060e-07,-2.600452524494874942e-07,-3.120543029393849825e-07,-3.640633534292824708e-07
0.000000000000000000e+00,5.458593002644424362e-08,1.091718600528884872e-07,1.637577900793327441e-07,2.183437201057770010e-07,2.729296501322212578e-07,3.275155801586654882e-07,3.821015101851097186e-07
0.000000000000000000e+00,-5.458593003596300798e-08,-1.091718600719260160e-07,-1.637577901078890305e-07,-2.183437201438520584e-07,-2.729296501798150862e-07,-3.275155802157781140e-07,-3.821015102517411419e-07
0.000000000000000000e+00,-2.309480566718279234e-08,-4.618961133436558468e-08,-6.928441700154838033e-08,-9.237922266873118260e-08,-1.154740283359139849e-07,-1.385688340030967871e-07,-1.616636396702795894e-07
0.000000000000000000e+00,-5.653052838713255076e-08,-1.130610567742651015e-07,-1.695915851613976589e-07,-2.261221135485302295e-07,-2.826526419356627737e-07,-3.391831703227953178e-07,-3.957136987099278620e-07
0.000000000000000000e+00,-1.602838493629206454e-17,-3.205676987258412909e-17,-4.808515480887619055e-17,-6.411353974516824584e-17,-8.014192468146030114e-17,-9.617030961775235644e-17,-1.121986945540444241e-16
0.000000000000000000e+00,-3.741176350784490828e-08,-7.482352701568981657e-08,-1.122352905235347248e-07,-1.496470540313796331e-07,-1.870588175392245414e-07,-2.244705810470694497e-07,-2.618823445549143580e-07
0.000000000000000000e+00,-6.327197332614895807e-08,-1.265439466522979161e-07,-1.898159199784468874e-07,-2.530878933045958852e-07,-3.163598666307448830e-07,-3.796318399568938808e-07,-4.429038132830428786e-07
0.000000000000000000e+00,-2.971415129511506588e-08,-5.942830259023013175e-08,-8.914245388534519432e-08,-1.188566051804602503e-07,-1.485707564755753062e-07,-1.782849077706903622e-07,-2.079990590658054181e-07
0.000000000000000000e+00,-2.830136138663849449e-08,-5.660272277327698898e-08,-8.490408415991548347e-08,-1.132054455465539780e-07,-1.415068069331924592e-07,-1.698081683198309405e-07,-1.981095297064694217e-07
0.000000000000000000e+00,-1.548046836216568452e-17,-3.096093672433136904e-17,-4.644140508649705357e-17,-6.192187344866273809e-17,-7.740234181082841645e-17,-9.288281017299409480e-17,-1.083632785351597732e-16
0.000000000000000000e+00,2.309480563604922948e-08,4.618961127209845896e-08,6.928441690814768513e-08,9.237922254419690468e-08,1.154740281802461242e-07,1.385688338162953438e-07,1.616636394523445501e-07
0.000000000000000000e+00,5.653052835508951936e-08,1.130610567101790387e-07,1.695915850652685515e-07,2.261221134203580510e-07,2.826526417754475505e-07,3.391831701305370500e-07,3.957136984856265495e-07
0.000000000000000000e+00,2.830136135458855778e-08,5.660272270917711557e-08,8.490408406376567666e-08,1.132054454183542444e-07,1.415068067729428253e-07,1.698081681275314063e-07,1.981095294821199872e-07
0.000000000000000000e+00,3.741176347625460276e-08,7.482352695250920551e-08,1.122352904287638083e-07,1.496470539050184110e-07,1.870588173812730138e-07,2.244705808575276165e-07,2.618823443337822193e-07
0.000000000000000000e+00,6.327197329520107410e-08,1.265439465904021482e-07,1.898159198856032355e-07,2.530878931808043493e-07,3.163598664760054631e-07,3.796318397712065769e-07,4.429038130664076907e-07
0.000000000000000000e+00,2.971415126518964993e-08,5.942830253037929986e-08,8.914245379556895310e-08,1.188566050607586130e-07,1.485707563259482860e-07,1.782849075911379591e-07,2.079990588563276322e-07
0.000000000000000000e+00,2.253141081162353980e-09,4.506282162324707959e-09,6.759423243487062352e-09,9.012564324649417573e-09,1.126570540581177279e-08,1.351884648697412801e-08,1.577198756813648323e-08
0.000000000000000000e+00,-8.470909845729642467e-09,-1.694181969145928493e-08,-2.541272953718892740e-08,-3.388363938291856987e-08,-4.235454922864820903e-08,-5.082545907437784819e-08,-5.929636892010748735e-08
0.000000000000000000e+00,-3.744615854506478075e-09,-7.489231709012956150e-09,-1.123384756351943340e-08,-1.497846341802590899e-08,-1.872307927253238459e-08,-2.246769512703886018e-08,-2.621231098154533577e-08
0.000000000000000000e+00,-2.253141111137995919e-09,-4.506282222275991838e-09,-6.759423333413987757e-09,-9.012564444551983676e-09,-1.126570555568997959e-08,-1.351884666682797551e-08,-1.577198777796596978e-08
0.000000000000000000e+00,8.470909815168139519e-09,1.694181963033627904e-08,2.541272944550441690e-08,3.388363926067255146e-08,4.235454907584068602e-08,5.082545889100882057e-08,5.929636870617695513e-08
0.000000000000000000e+00,3.744615825873706371e-09,7.489231651747412742e-09,1.123384747762111911e-08,1.497846330349482548e-08,1.872307912936853020e-08,2.246769495524223492e-08,2.621231078111593964e-08
0.000000000000000000e+00,2.015126455932830143e-08,4.030252911865660286e-08,6.045379367798490098e-08,8.060505823731319248e-08,1.007563227966414840e-07,1.209075873559697755e-07,1.410588519152980670e-07
0.000000000000000000e+00,1.233084549668894995e-08,2.466169099337789990e-08,3.699253649006684986e-08,4.932338198675579981e-08,6.165422748344474976e-08,7.398507298013369971e-08,8.631591847682264966e-08
0.000000000000000000e+00,1.498552508552180660e-08,2.997105017104361320e-08,4.495657525656542310e-08,5.994210034208723963e-08,7.492762542760905615e-08,8.991315051313087268e-08,1.048986755986526892e-07
0.000000000000000000e+00,-2.015126458782245338e-08,-4.030252917564490676e-08,-6.045379376346736014e-08,-8.060505835128981351e-08,-1.007563229391122669e-07,-1.209075875269347203e-07,-1.410588521147571736e-07
0.000000000000000000e+00,-1.233084552594312703e-08,-2.466169105188625406e-08,-3.699253657782938274e-08,-4.932338210377251473e-08,-6.165422762971564011e-08,-7.398507315565876548e-08,-8.631591868160189086e-08
0.000000000000000000e+00,-1.498552511253543098e-08,-2.997105022507086197e-08,-4.495657533760629295e-08,-5.994210045014172393e-08,-7.492762556267715491e-08,-8.991315067521258590e-08,-1.048986757877480169e-07
0.000000000000000000e+00,3.286235706354866477e-08,6.572471412709732953e-08,9.858707119064599430e-08,1.314494282541946591e-07,1.643117853177433238e-07,1.971741423812919886e-07,2.300364994448406534e-07
0.000000000000000000e+00,2.709081906510482777e-08,5.418163813020965555e-08,8.127245719531448663e-08,1.083632762604193243e-07,1.354540953255241753e-07,1.625449143906290262e-07,1.896357334557338771e-07
0.000000000000000000e+00,2.860265652836611708e-08,5.720531305673223416e-08,8.580796958509834793e-08,1.144106261134644551e-07,1.430132826418305622e-07,1.716159391701966694e-07,2.002185956985627766e-07
0.000000000000000000e+00,-3.286235709007947706e-08,-6.572471418015895412e-08,-9.858707127023842457e-08,-1.314494283603178818e-07,-1.643117854503973390e-07,-1.971741425404767962e-07,-2.300364996305562534e-07
0.000000000000000000e+00,-2.709081909264337436e-08,-5.418163818528674871e-08,-8.127245727793012307e-08,-1.083632763705734974e-07,-1.354540954632168718e-07,-1.625449145558602461e-07,-1.896357336485036205e-07
0.000000000000000000e+00,-2.860265655328944282e-08,-5.720531310657888565e-08,-8.580796965986832847e-08,-1.144106262131577713e-07,-1.430132827664472141e-07,-1.716159393197366569e-07,-2.002185958730260998e-07
0.000000000000000000e+00,4.200029197504544917e-08,8.400058395009089835e-08,1.260008759251363608e-07,1.680011679001818232e-07,2.100014598752272856e-07,2.520017518502727215e-07,2.940020438253181575e-07
0.000000000000000000e+00,3.768545810703291960e-08,7.537091621406583920e-08,1.130563743210987654e-07,1.507418324281317049e-07,1.884272905351646443e-07,2.261127486421975838e-07,2.637982067492305232e-07
0.000000000000000000e+00,3.863376101959887363e-08,7.726752203919774725e-08,1.159012830587966275e-07,1.545350440783955210e-07,1.931688050979944144e-07,2.318025661175933079e-07,2.704363271371921749e-07
0.000000000000000000e+00,-4.200029199878638641e-08,-8.400058399757277281e-08,-1.260008759963591526e-07,-1.680011679951455192e-07,-2.100014599939318857e-07,-2.520017519927182523e-07,-2.940020439915046453e-07
0.000000000000000000e+00,-3.768545813222485074e-08,-7.537091626444970147e-08,-1.130563743966745522e-07,-1.507418325288994029e-07,-1.884272906611242669e-07,-2.261127487933491309e-07,-2.637982069255739949e-07
0.000000000000000000e+00,-3.863376104169407216e-08,-7.726752208338814432e-08,-1.159012831250822231e-07,-1.545350441667763151e-07,-1.931688052084704071e-07,-2.318025662501644991e-07,-2.704363272918585912e-07
0.000000000000000000e+00,4.877520137940434725e-08,9.755040275880869450e-08,1.463256041382130417e-07,1.951008055176173890e-07,2.438760068970217627e-07,2.926512082764261364e-07,3.414264096558305102e-07
0.000000000000000000e+00,4.545273351882222635e-08,9.090546703764445271e-08,1.363582005564666791e-07,1.818109340752889054e-07,2.272636675941111318e-07,2.727164011129333581e-07,3.181691346317555845e-07
0.000000000000000000e+00,4.618633636896786485e-08,9.237267273793572969e-08,1.385590091069036012e-07,1.847453454758714859e-07,2.309316818448393706e-07,2.771180182138072553e-07,3.233043545827751400e-07
0.000000000000000000e+00,-4.877520139926078477e-08,-9.755040279852156953e-08,-1.463256041977823543e-07,-1.951008055970431391e-07,-2.438760069963039238e-07,-2.926512083955647086e-07,-3.414264097948254934e-07
0.000000000000000000e+00,-4.545273354068561579e-08,-9.090546708137123159e-08,-1.363582006220568341e-07,-1.818109341627424367e-07,-2.272636677034280393e-07,-2.727164012441136683e-07,-3.181691347847992973e-07
0.000000000000000000e+00,-4.618633638730211798e-08,-9.237267277460423597e-08,-1.385590091619063473e-07,-1.847453455492084455e-07,-2.309316819365105436e-07,-2.771180183238126417e-07,-3.233043547111147134e-07
0.000000000000000000e+00,5.409308162873327622e-08,1.081861632574665524e-07,1.622792448861998353e-07,2.163723265149331313e-07,2.704654081436664009e-07,3.245584897723996705e-07,3.786515714011329401e-07
0.000000000000000000e+00,5.140317806089436749e-08,1.028063561217887350e-07,1.542095341826830959e-07,2.056127122435774435e-07,2.570158903044717911e-07,3.084190683653661388e-07,3.598222464262604864e-07
0.000000000000000000e+00,5.200905047923950429e-08,1.040181009584790086e-07,1.560271514377185063e-07,2.080362019169579907e-07,2.600452523961974752e-07,3.120543028754369596e-07,3.640633533546764440e-07
0.000000000000000000e+00,-5.409308164338201621e-08,-1.081861632867640324e-07,-1.622792449301460486e-07,-2.163723265735280648e-07,-2.704654082169100810e-07,-3.245584898602920972e-07,-3.786515715036741134e-07
0.000000000000000000e+00,-5.140317807819788079e-08,-1.028063561563957616e-07,-1.542095342345936424e-07,-2.056127123127915232e-07,-2.570158903909894304e-07,-3.084190684691873377e-07,-3.598222465473852450e-07
0.000000000000000000e+00,-5.200905049271111333e-08,-1.040181009854222267e-07,-1.560271514781333334e-07,-2.080362019708444269e-07,-2.600452524635554939e-07,-3.120543029562665609e-07,-3.640633534489776279e-07
0.000000000000000000e+00,5.614930005195259218e-08,1.122986001039051844e-07,1.684479001558577765e-07,2.245972002078103687e-07,2.807465002597629609e-07,3.368958003117155531e-07,3.930451003636681453e-07
0.000000000000000000e+00,-5.614930006342190136e-08,-1.122986001268438027e-07,-1.684479001902657107e-07,-2.245972002536876319e-07,-2.807465003171095796e-07,-3.368958003805315273e-07,-3.930451004439534749e-07
0.000000000000000000e+00,-6.267106300171400241e-10,-1.253421260034280048e-09,-1.880131890051420176e-09,-2.506842520068560510e-09,-3.133553150085700844e-09,-3.760263780102841179e-09,-4.386974410119981513e-09
0.000000000000000000e+00,-3.064036341012520862e-08,-6.128072682025041724e-08,-9.192109023037562586e-08,-1.225614536405008345e-07,-1.532018170506260431e-07,-1.838421804607512517e-07,-2.144825438708764603e-07
0.000000000000000000e+00,-1.716186564385958537e-17,-3.432373128771917073e-17,-5.148559693157875918e-17,-6.864746257543835380e-17,-8.580932821929794841e-17,-1.029711938631575430e-16,-1.201330595070171376e-16
0.000000000000000000e+00,-1.291584228189863527e-08,-2.583168456379727054e-08,-3.874752684569590415e-08,-5.166336912759453446e-08,-6.457921140949316476e-08,-7.749505369139179507e-08,-9.041089597329042538e-08
0.000000000000000000e+00,-4.566700034721281543e-08,-9.133400069442563087e-08,-1.370010010416384463e-07,-1.826680013888512617e-07,-2.283350017360640772e-07,-2.740020020832768926e-07,-3.196690024304897080e-07
0.000000000000000000e+00,-1.373621606219143944e-08,-2.747243212438287888e-08,-4.120864818657432162e-08,-5.494486424876576437e-08,-6.868108031095720712e-08,-8.241729637314864325e-08,-9.615351243534007938e-08
0.000000000000000000e+00,-1.532922703093969560e-08,-3.065845406187939120e-08,-4.598768109281908349e-08,-6.131690812375876916e-08,-7.664613515469845483e-08,-9.197536218563814050e-08,-1.073045892165778262e-07
0.000000000000000000e+00,-1.659453477940344687e-17,-3.318906955880689375e-17,-4.978360433821034062e-17,-6.637813911761378750e-17,-8.297267389701722821e-17,-9.956720867642066892e-17,-1.161617434558241096e-16
0.000000000000000000e+00,6.267105963978852563e-10,1.253421192795770513e-09,1.880131789193655769e-09,2.506842385591541025e-09,3.133552981989426282e-09,3.760263578387311538e-09,4.386974174785197208e-09
0.000000000000000000e+00,3.064036337581077896e-08,6.128072675162155792e-08,9.192109012743233689e-08,1.225614535032431158e-07,1.532018168790539080e-07,1.838421802548647002e-07,2.144825436306754924e-07
0.000000000000000000e+00,1.532922699661790403e-08,3.065845399323580806e-08,4.598768098985371210e-08,6.131690798647161613e-08,7.664613498308951354e-08,9.197536197970741096e-08,1.073045889763253084e-07
0.000000000000000000e+00,1.291584224792918790e-08,2.583168449585837580e-08,3.874752674378756371e-08,5.166336899171675161e-08,6.457921123964593289e-08,7.749505348757511418e-08,9.041089573550429546e-08
0.000000000000000000e+00,4.566700031403874358e-08,9.133400062807748717e-08,1.370010009421162308e-07,1.826680012561549743e-07,2.283350015701937179e-07,2.740020018842324615e-07,3.196690021982712316e-07
0.000000000000000000e+00,1.373621602979771158e-08,2.747243205959542316e-08,4.120864808939313309e-08,5.494486411919083971e-08,6.868108014898854633e-08,8.241729617878625295e-08,9.615351220858395956e-08
0.000000000000000000e+00,2.001448999803695195e-08,4.002897999607390390e-08,6.004346999411085916e-08,8.005795999214782104e-08,1.000724499901847829e-07,1.200869399882217448e-07,1.401014299862587067e-07
0.000000000000000000e+00,1.129459174405018841e-08,2.258918348810037682e-08,3.388377523215056688e-08,4.517836697620076025e-08,5.647295872025095362e-08,6.776755046430114699e-08,7.906214220835134698e-08
0.000000000000000000e+00,9.410637947317686798e-09,1.882127589463537360e-08,2.823191384195305874e-08,3.764255178927074057e-08,4.705318973658842241e-08,5.646382768390610424e-08,6.587446563122379269e-08
0.000000000000000000e+00,-2.001449003078109171e-08,-4.002898006156218343e-08,-6.004347009234328176e-08,-8.005796012312438009e-08,-1.000724501539054784e-07,-1.200869401846865635e-07,-1.401014302154676486e-07
0.000000000000000000e+00,-1.129459177724173693e-08,-2.258918355448347386e-08,-3.388377533172521244e-08,-4.517836710896695433e-08,-5.647295888620869622e-08,-6.776755066345043811e-08,-7.906214244069218001e-08
0.000000000000000000e+00,-9.410637978696689036e-09,-1.882127595739337807e-08,-2.823191393609006711e-08,-3.764255191478675614e-08,-4.705318989348344187e-08,-5.646382787218012760e-08,-6.587446585087681333e-08
0.000000000000000000e+00,3.345524376507419694e-08,6.691048753014839389e-08,1.003657312952225908e-07,1.338209750602967878e-07,1.672762188253709715e-07,2.007314625904451552e-07,2.341867063555193389e-07
0.000000000000000000e+00,2.744235646313364335e-08,5.488471292626728670e-08,8.232706938940093005e-08,1.097694258525345734e-07,1.372117823156682168e-07,1.646541387788018601e-07,1.920964952419355035e-07
0.000000000000000000e+00,2.539596737709408250e-08,5.079193475418816501e-08,7.618790213128225413e-08,1.015838695083763432e-07,1.269798368854704324e-07,1.523758042625645083e-07,1.777717716396585841e-07
0.000000000000000000e+00,-3.345524379659745452e-08,-6.691048759319490903e-08,-1.003657313897923636e-07,-1.338209751863898181e-07,-1.672762189829872858e-07,-2.007314627795847536e-07,-2.341867065761822213e-07
0.000000000000000000e+00,-2.744235649529631485e-08,-5.488471299059262970e-08,-8.232706948588894124e-08,-1.097694259811852462e-07,-1.372117824764815511e-07,-1.646541389717778560e-07,-1.920964954670741609e-07
0.000000000000000000e+00,-2.539596740712628747e-08,-5.079193481425257493e-08,-7.618790222137885909e-08,-1.015838696285051366e-07,-1.269798370356314274e-07,-1.523758044427577182e-07,-1.777717718498840090e-07
0.000000000000000000e+00,4.250219621884627663e-08,8.500439243769255327e-08,1.275065886565388299e-07,1.700087848753851065e-07,2.125109810942313832e-07,2.550131773130776598e-07,2.975153735319239629e-07
0.000000000000000000e+00,3.820939366046998779e-08,7.641878732093997557e-08,1.146281809814099634e-07,1.528375746418799511e-07,1.910469683023499389e-07,2.292563619628199267e-07,2.674657556232898880e-07
0.000000000000000000e+00,3.658748844311940216e-08,7.317497688623880432e-08,1.097624653293582065e-07,1.463499537724776086e-07,1.829374422155969976e-07,2.195249306587163865e-07,2.561124191018357754e-07
0.000000000000000000e+00,-4.250219624858411449e-08,-8.500439249716822897e-08,-1.275065887457523368e-07,-1.700087849943364315e-07,-2.125109812429205261e-07,-2.550131774915046207e-07,-2.975153737400887154e-07
0.000000000000000000e+00,-3.820939369114667563e-08,-7.641878738229335127e-08,-1.146281810734400269e-07,-1.528375747645867025e-07,-1.910469684557333914e-07,-2.292563621468800803e-07,-2.674657558380267691e-07
0.000000000000000000e+00,-3.658748847128341309e-08,-7.317497694256682619e-08,-1.097624654138502327e-07,-1.463499538851336259e-07,-1.829374423564170192e-07,-2.195249308277004124e-07,-2.561124192989838056e-07
0.000000000000000000e+00,4.882418727014405676e-08,9.764837454028811353e-08,1.464725618104321637e-07,1.952967490805762006e-07,2.441209363507202375e-07,2.929451236208642744e-07,3.417693108910083113e-07
0.000000000000000000e+00,4.567156087004034632e-08,9.134312174008069263e-08,1.370146826101210323e-07,1.826862434801613588e-07,2.283578043502016853e-07,2.740293652202420117e-07,3.197009260902823382e-07
0.000000000000000000e+00,4.462648240578653896e-08,8.925296481157307792e-08,1.338794472173596235e-07,1.785059296231461823e-07,2.231324120289327411e-07,2.677588944347192999e-07,3.123853768405058852e-07
0.000000000000000000e+00,-4.882418729711275201e-08,-9.764837459422550401e-08,-1.464725618913382626e-07,-1.952967491884510345e-07,-2.441209364855638064e-07,-2.929451237826765782e-07,-3.417693110797893501e-07
0.000000000000000000e+00,-4.567156089849076027e-08,-9.134312179698152053e-08,-1.370146826954722808e-07,-1.826862435939630411e-07,-2.283578044924538013e-07,-2.740293653909445616e-07,-3.197009262894353483e-07
0.000000000000000000e+00,-4.462648243119028127e-08,-8.925296486238056255e-08,-1.338794472935708571e-07,-1.785059297247611516e-07,-2.231324121559514461e-07,-2.677588945871417141e-07,-3.123853770183319821e-07
0.000000000000000000e+00,5.360762553118085516e-08,1.072152510623617103e-07,1.608228765935425721e-07,2.144305021247234471e-07,2.680381276559043486e-07,3.216457531870852501e-07,3.752533787182661516e-07
0.000000000000000000e+00,5.113881470320229841e-08,1.022776294064045968e-07,1.534164441096068820e-07,2.045552588128091672e-07,2.556940735160114523e-07,3.068328882192137640e-07,3.579717029224160756e-07
0.000000000000000000e+00,5.065353691712577313e-08,1.013070738342515463e-07,1.519606107513773128e-07,2.026141476685030661e-07,2.532676845856287929e-07,3.039212215027545197e-07,3.545747584198802465e-07
0.000000000000000000e+00,-5.360762555390404260e-08,-1.072152511078080852e-07,-1.608228766617121278e-07,-2.144305022156161704e-07,-2.680381277695202130e-07,-3.216457533234242556e-07,-3.752533788773282982e-07
0.000000000000000000e+00,-5.113881472814512907e-08,-1.022776294562902581e-07,-1.534164441844353872e-07,-2.045552589125805163e-07,-2.556940736407256189e-07,-3.068328883688707215e-07,-3.579717030970158241e-07
0.000000000000000000e+00,-5.065353693846888582e-08,-1.013070738769377716e-07,-1.519606108154066508e-07,-2.026141477538755168e-07,-2.532676846923443563e-07,-3.039212216308131958e-07,-3.545747585692820353e-07
0.000000000000000000e+00,5.750588126908380940e-08,1.150117625381676188e-07,1.725176438072514216e-07,2.300235250763352111e-07,2.875294063454190271e-07,3.450352876145028431e-07,4.025411688835866592e-07
0.000000000000000000e+00,5.547919471773645719e-08,1.109583894354729144e-07,1.664375841532093848e-07,2.219167788709458552e-07,2.773959735886823257e-07,3.328751683064187696e-07,3.883543630241552136e-07
0.000000000000000000e+00,5.542974155934105969e-08,1.108594831186821194e-07,1.662892246780231725e-07,2.217189662373642123e-07,2.771487077967052521e-07,3.325784493560462920e-07,3.880081909153873318e-07
0.000000000000000000e+00,-5.750588128593487476e-08,-1.150117625718697495e-07,-1.725176438578046243e-07,-2.300235251437394990e-07,-2.875294064296743473e-07,-3.450352877156091956e-07,-4.025411690015440439e-07
0.000000000000000000e+00,-5.547919473759382115e-08,-1.109583894751876423e-07,-1.664375842127814767e-07,-2.219167789503753111e-07,-2.773959736879691455e-07,-3.328751684255629534e-07,-3.883543631631567613e-07
0.000000000000000000e+00,-5.542974157514122186e-08,-1.108594831502824437e-07,-1.662892247254236656e-07,-2.217189663005648875e-07,-2.771487078757061093e-07,-3.325784494508473312e-07,-3.880081910259885530e-07
0.000000000000000000e+00,5.959424069765773529e-08,1.191884813953154706e-07,1.787827220929732125e-07,2.383769627906309676e-07,2.979712034882887493e-07,3.575654441859465309e-07,4.171596848836043125e-07
0.000000000000000000e+00,-5.959424071085907465e-08,-1.191884814217181493e-07,-1.787827221325772173e-07,-2.383769628434362721e-07,-2.979712035542953269e-07,-3.575654442651543817e-07,-4.171596849760134365e-07
0.000000000000000000e+00,2.899307478387538216e-08,5.798614956775076432e-08,8.697922435162614648e-08,1.159722991355015286e-07,1.449653739193769240e-07,1.739584487032523194e-07,2.029515234871277148e-07
0.000000000000000000e+00,9.400062624655431622e-09,1.880012524931086324e-08,2.820018787396629652e-08,3.760025049862173311e-08,4.700031312327716969e-08,5.640037574793260628e-08,6.580043837258804286e-08
0.000000000000000000e+00,-1.829774364653880527e-17,-3.659548729307761053e-17,-5.489323093961641580e-17,-7.319097458615522106e-17,-9.148871823269402633e-17,-1.097864618792328316e-16,-1.280842055257716369e-16
0.000000000000000000e+00,2.098652548371895858e-08,4.197305096743791715e-08,6.295957645115687904e-08,8.394610193487584754e-08,1.049326274185948160e-07,1.259191529023137845e-07,1.469056783860327530e-07
0.000000000000000000e+00,-1.221508521759405509e-08,-2.443017043518811017e-08,-3.664525565278216691e-08,-4.886034087037622696e-08,-6.107542608797029363e-08,-7.329051130556436029e-08,-8.550559652315842696e-08
0.000000000000000000e+00,1.318316893251663422e-08,2.636633786503326845e-08,3.954950679754990598e-08,5.273267573006654351e-08,6.591584466258318104e-08,7.909901359509981195e-08,9.228218252761644287e-08
0.000000000000000000e+00,4.677973540917155301e-09,9.355947081834310602e-09,1.403392062275146673e-08,1.871189416366862451e-08,2.338986770458578229e-08,2.806784124550294008e-08,3.274581478642009786e-08
0.000000000000000000e+00,-1.773359660149620794e-17,-3.546719320299241588e-17,-5.320078980448862690e-17,-7.093438640598484408e-17,-8.866798300748106127e-17,-1.064015796089772785e-16,-1.241351762104734956e-16
0.000000000000000000e+00,-2.899307481999849517e-08,-5.798614963999699034e-08,-8.697922445999548882e-08,-1.159722992799939939e-07,-1.449653740999925122e-07,-1.739584489199910306e-07,-2.029515237399895489e-07
0.000000000000000000e+00,-9.400062661241888196e-09,-1.880012532248377639e-08,-2.820018798372566624e-08,-3.760025064496755940e-08,-4.700031330620945256e-08,-5.640037596745134572e-08,-6.580043862869323226e-08
0.000000000000000000e+00,-4.677973577511858038e-09,-9.355947155023716076e-09,-1.403392073253557411e-08,-1.871189431004743215e-08,-2.338986788755929184e-08,-2.806784146507115154e-08,-3.274581504258301123e-08
0.000000000000000000e+00,-2.098652552006731948e-08,-4.197305104013463896e-08,-6.295957656020195514e-08,-8.394610208026926469e-08,-1.049326276003365742e-07,-1.259191531204038838e-07,-1.469056786404711801e-07
0.000000000000000000e+00,1.221508518213760664e-08,2.443017036427521328e-08,3.664525554641282157e-08,4.886034072855043317e-08,6.107542591068804477e-08,7.329051109282565637e-08,8.550559627496326797e-08
0.000000000000000000e+00,-1.318316896740501638e-08,-2.636633793481003277e-08,-3.954950690221504750e-08,-5.273267586962005892e-08,-6.591584483702507696e-08,-7.909901380443009500e-08,-9.228218277183511304e-08
0.000000000000000000e+00,4.085321782360763729e-08,8.170643564721527458e-08,1.225596534708229119e-07,1.634128712944305492e-07,2.042660891180381864e-07,2.451193069416458237e-07,2.859725247652534610e-07
0.000000000000000000e+00,3.546239653455040030e-08,7.092479306910080061e-08,1.063871896036511943e-07,1.418495861382015747e-07,1.773119826727519552e-07,2.127743792073023357e-07,2.482367757418527426e-07
0.000000000000000000e+00,2.975216747902801624e-08,5.950433495805603248e-08,8.925650243708404541e-08,1.190086699161120517e-07,1.487608373951400580e-07,1.785130048741680644e-07,2.082651723531960707e-07
0.000000000000000000e+00,-4.085321785912167736e-08,-8.170643571824335472e-08,-1.225596535773650453e-07,-1.634128714364867359e-07,-2.042660892956084265e-07,-2.451193071547300906e-07,-2.859725250138517548e-07
0.000000000000000000e+00,-3.546239657038204464e-08,-7.092479314076408929e-08,-1.063871897111461339e-07,-1.418495862815281786e-07,-1.773119828519102232e-07,-2.127743794222922679e-07,-2.482367759926743390e-07
0.000000000000000000e+00,-2.975216751318098686e-08,-5.950433502636197372e-08,-8.925650253954296389e-08,-1.190086700527239607e-07,-1.487608375659049707e-07,-1.785130050790859807e-07,-2.082651725922669907e-07
0.000000000000000000e+00,4.771134011596884788e-08,9.542268023193769576e-08,1.431340203479065370e-07,1.908453604638753650e-07,2.385567005798442195e-07,2.862680406958130740e-07,3.339793808117819285e-07
0.000000000000000000e+00,4.416487453443571430e-08,8.832974906887142860e-08,1.324946236033071363e-07,1.766594981377428307e-07,2.208243726721785252e-07,2.649892472066142196e-07,3.091541217410499141e-07
0.000000000000000000e+00,4.033091988472504945e-08,8.066183976945009890e-08,1.209927596541751417e-07,1.613236795389001713e-07,2.016545994236252009e-07,2.419855193083502305e-07,2.823164391930752866e-07
0.000000000000000000e+00,-4.771134015048092738e-08,-9.542268030096185476e-08,-1.431340204514427888e-07,-1.908453606019237360e-07,-2.385567007524046832e-07,-2.862680409028856305e-07,-3.339793810533665777e-07
0.000000000000000000e+00,-4.416487456948888242e-08,-8.832974913897776484e-08,-1.324946237084666473e-07,-1.766594982779555297e-07,-2.208243728474444121e-07,-2.649892474169332945e-07,-3.091541219864221769e-07
0.000000000000000000e+00,-4.033091991776733488e-08,-8.066183983553466977e-08,-1.209927597533020047e-07,-1.613236796710693395e-07,-2.016545995888366744e-07,-2.419855195066040093e-07,-2.823164394243713442e-07
0.000000000000000000e+00,5.209452864055310151e-08,1.041890572811062030e-07,1.562835859216593045e-07,2.083781145622124060e-07,2.604726432027655075e-07,3.125671718433186091e-07,3.646617004838717106e-07
0.000000000000000000e+00,4.959526875554605133e-08,9.919053751109210266e-08,1.487858062666381672e-07,1.983810750221842318e-07,2.479763437777302964e-07,2.975716125332763344e-07,3.471668812888223725e-07
0.000000000000000000e+00,4.731013531929691591e-08,9.462027063859383182e-08,1.419304059578907544e-07,1.892405412771876901e-07,2.365506765964846259e-07,2.838608119157815616e-07,3.311709472350784974e-07
0.000000000000000000e+00,-5.209452867336658879e-08,-1.041890573467331776e-07,-1.562835860200997796e-07,-2.083781146934663816e-07,-2.604726433668329836e-07,-3.125671720401995592e-07,-3.646617007135661347e-07
0.000000000000000000e+00,-4.959526878928258614e-08,-9.919053757856517228e-08,-1.487858063678477518e-07,-1.983810751571303181e-07,-2.479763439464128844e-07,-2.975716127356954507e-07,-3.471668815249780170e-07
0.000000000000000000e+00,-4.731013535061181000e-08,-9.462027070122362000e-08,-1.419304060518354432e-07,-1.892405414024472665e-07,-2.365506767530590897e-07,-2.838608121036708865e-07,-3.311709474542826832e-07
0.000000000000000000e+00,5.525948487419786376e-08,1.105189697483957275e-07,1.657784546225935913e-07,2.210379394967914550e-07,2.762974243709892923e-07,3.315569092451871296e-07,3.868163941193849669e-07
0.000000000000000000e+00,5.336412631273806477e-08,1.067282526254761295e-07,1.600923789382141877e-07,2.134565052509522326e-07,2.668206315636902775e-07,3.201847578764283225e-07,3.735488841891663674e-07
0.000000000000000000e+00,5.222415444267780259e-08,1.044483088853556052e-07,1.566724633280334144e-07,2.088966177707112368e-07,2.611207722133890858e-07,3.133449266560669347e-07,3.655690810987447836e-07
0.000000000000000000e+00,-5.525948490411340648e-08,-1.105189698082268130e-07,-1.657784547123402261e-07,-2.210379396164536524e-07,-2.762974245205670523e-07,-3.315569094246804521e-07,-3.868163943287938520e-07
0.000000000000000000e+00,-5.336412634421631048e-08,-1.067282526884326210e-07,-1.600923790326489381e-07,-2.134565053768652684e-07,-2.668206317210815987e-07,-3.201847580652979291e-07,-3.735488844095142594e-07
0.000000000000000000e+00,-5.222415447115748550e-08,-1.044483089423149710e-07,-1.566724634134724631e-07,-2.088966178846299685e-07,-2.611207723557875003e-07,-3.133449268269450321e-07,-3.655690812981025639e-07
0.000000000000000000e+00,5.772263610632499181e-08,1.154452722126499836e-07,1.731679083189749688e-07,2.308905444252999408e-07,2.886131805316249127e-07,3.463358166379498847e-07,4.040584527442748567e-07
0.000000000000000000e+00,5.625703171062984389e-08,1.125140634212596878e-07,1.687710951318895383e-07,2.250281268425194020e-07,2.812851585531492658e-07,3.375421902637791295e-07,3.937992219744089932e-07
0.000000000000000000e+00,5.599861367309861242e-08,1.119972273461972248e-07,1.679958410192958307e-07,2.239944546923944232e-07,2.799930683654930423e-07,3.359916820385916613e-07,3.919902957116902804e-07
0.000000000000000000e+00,-5.772263613163608328e-08,-1.154452722632721666e-07,-1.731679083949082432e-07,-2.308905445265443067e-07,-2.886131806581803701e-07,-3.463358167898164335e-07,-4.040584529214524970e-07
0.000000000000000000e+00,-5.625703173838082038e-08,-1.125140634767616408e-07,-1.687710952151424479e-07,-2.250281269535232550e-07,-2.812851586919040622e-07,-3.375421904302848958e-07,-3.937992221686657294e-07
0.000000000000000000e+00,-5.599861369715503634e-08,-1.119972273943100727e-07,-1.679958410914651024e-07,-2.239944547886201189e-07,-2.799930684857751089e-07,-3.359916821829300989e-07,-3.919902958800850890e-07
0.000000000000000000e+00,6.111031899568631437e-08,1.222206379913726287e-07,1.833309569870589431e-07,2.444412759827452575e-07,3.055515949784315719e-07,3.666619139741178862e-07,4.277722329698042006e-07
0.000000000000000000e+00,5.932281768284987677e-08,1.186456353656997535e-07,1.779684530485496237e-07,2.372912707313994806e-07,2.966140884142493111e-07,3.559369060970991415e-07,4.152597237799489719e-07
0.000000000000000000e+00,5.952114814697977911e-08,1.190422962939595582e-07,1.785634444409393373e-07,2.380845925879191164e-07,2.976057407348988955e-07,3.571268888818786747e-07,4.166480370288584538e-07
0.000000000000000000e+00,-6.111031901456880958e-08,-1.222206380291376192e-07,-1.833309570437064420e-07,-2.444412760582752913e-07,-3.055515950728441406e-07,-3.666619140874129899e-07,-4.277722331019818391e-07
0.000000000000000000e+00,-5.932281770500408306e-08,-1.186456354100081661e-07,-1.779684531150122492e-07,-2.372912708200163322e-07,-2.966140885250204153e-07,-3.559369062300244984e-07,-4.152597239350285814e-07
0.000000000000000000e+00,-5.952114816483361898e-08,-1.190422963296672380e-07,-1.785634444945008569e-07,-2.380845926593344759e-07,-2.976057408241681214e-07,-3.571268889890017668e-07,-4.166480371538354123e-07
0.000000000000000000e+00,6.161723787006540220e-08,1.232344757401308044e-07,1.848517136101962198e-07,2.464689514802616617e-07,3.080861893503271037e-07,3.697034272203925456e-07,4.313206650904579875e-07
0.000000000000000000e+00,-6.161723788498826985e-08,-1.232344757699765397e-07,-1.848517136549648228e-07,-2.464689515399531323e-07,-3.080861894249414419e-07,-3.697034273099297514e-07,-4.313206651949180610e-07
0.000000000000000000e+00,5.777832656897957345e-08,1.155566531379591469e-07,1.733349797069387137e-07,2.311133062759182673e-07,2.888916328448978209e-07,3.466699594138773745e-07,4.044482859828569281e-07
0.000000000000000000e+00,5.707854284823898059e-08,1.141570856964779612e-07,1.712356285447169484e-07,2.283141713929559488e-07,2.853927142411949493e-07,3.424712570894339497e-07,3.995497999376729501e-07
0.000000000000000000e+00,-1.936553772939248678e-17,-3.873107545878497357e-17,-5.809661318817745727e-17,-7.746215091756993481e-17,-9.682768864696241235e-17,-1.161932263763548899e-16,-1.355587641057473798e-16
0.000000000000000000e+00,5.691589950762815800e-08,1.138317990152563160e-07,1.707476985228844806e-07,2.276635980305126585e-07,2.845794975381408363e-07,3.414953970457690142e-07,3.984112965533971920e-07
0.000000000000000000e+00,3.238634926344587970e-08,6.477269852689175940e-08,9.715904779033763249e-08,1.295453970537834923e-07,1.619317463172293522e-07,1.943180955806752120e-07,2.267044448441210719e-07
0.000000000000000000e+00,4.341028712894857534e-08,8.682057425789715067e-08,1.302308613868457392e-07,1.736411485157943278e-07,2.170514356447429164e-07,2.604617227736914785e-07,3.038720099026400406e-07
0.000000000000000000e+00,2.851934707876755608e-08,5.703869415753511216e-08,8.555804123630266492e-08,1.140773883150702111e-07,1.425967353938377440e-07,1.711160824726052769e-07,1.996354295513728098e-07
0.000000000000000000e+00,-1.884208442500295823e-17,-3.768416885000591646e-17,-5.652625327500887778e-17,-7.536833770001184526e-17,-9.421042212501481273e-17,-1.130525065500177802e-16,-1.318945909750207600e-16
0.000000000000000000e+00,-5.777832660752415844e-08,-1.155566532150483169e-07,-1.733349798225724753e-07,-2.311133064300966337e-07,-2.888916330376207922e-07,-3.466699596451449506e-07,-4.044482862526691091e-07
0.000000000000000000e+00,-5.707854288695008034e-08,-1.141570857739001607e-07,-1.712356286608502476e-07,-2.283141715478003478e-07,-2.853927144347504480e-07,-3.424712573217005482e-07,-3.995498002086506484e-07
0.000000000000000000e+00,-2.851934711749532849e-08,-5.703869423499065697e-08,-8.555804135248597884e-08,-1.140773884699813007e-07,-1.425967355874766226e-07,-1.711160827049719577e-07,-1.996354298224672928e-07
0.000000000000000000e+00,-5.691589954625499121e-08,-1.138317990925099824e-07,-1.707476986387649670e-07,-2.276635981850199384e-07,-2.845794977312749362e-07,-3.414953972775299340e-07,-3.984112968237849319e-07
0.000000000000000000e+00,-3.238634930110994086e-08,-6.477269860221988171e-08,-9.715904790332981595e-08,-1.295453972044397370e-07,-1.619317465055496580e-07,-1.943180958066595790e-07,-2.267044451077695000e-07
0.000000000000000000e+00,-4.341028716630509074e-08,-8.682057433261018148e-08,-1.302308614989152656e-07,-1.736411486652203365e-07,-2.170514358315254074e-07,-2.604617229978304783e-07,-3.038720101641355756e-07
0.000000000000000000e+00,5.806986680363565772e-08,1.161397336072713154e-07,1.742096004109069599e-07,2.322794672145426044e-07,2.903493340181782489e-07,3.484192008218139199e-07,4.064890676254495908e-07
0.000000000000000000e+00,5.757335755670045356e-08,1.151467151134009071e-07,1.727200726701013673e-07,2.302934302268018407e-07,2.878667877835023406e-07,3.454401453402028405e-07,4.030135028969033404e-07
0.000000000000000000e+00,4.965914214011121426e-08,9.931828428022242852e-08,1.489774264203336494e-07,1.986365685604448835e-07,2.482957107005560912e-07,2.979548528406672988e-07,3.476139949807785064e-07
0.000000000000000000e+00,-5.806986684185615335e-08,-1.161397336837123067e-07,-1.742096005255684600e-07,-2.322794673674246134e-07,-2.903493342092807932e-07,-3.484192010511369730e-07,-4.064890678929931529e-07
0.000000000000000000e+00,-5.757335759511375506e-08,-1.151467151902275101e-07,-1.727200727853412586e-07,-2.302934303804549938e-07,-2.878667879755687555e-07,-3.454401455706825171e-07,-4.030135031657962788e-07
0.000000000000000000e+00,-4.965914217699140598e-08,-9.931828435398281195e-08,-1.489774265309742312e-07,-1.986365687079656504e-07,-2.482957108849570696e-07,-2.979548530619484623e-07,-3.476139952389398551e-07
0.000000000000000000e+00,5.823354697704780435e-08,1.164670939540956087e-07,1.747006409311434131e-07,2.329341879081912174e-07,2.911677348852390218e-07,3.494012818622868261e-07,4.076348288393346305e-07
0.000000000000000000e+00,5.786517792985121897e-08,1.157303558597024379e-07,1.735955337895536503e-07,2.314607117194048494e-07,2.893258896492560750e-07,3.471910675791073006e-07,4.050562455089585262e-07
0.000000000000000000e+00,5.339752865283312229e-08,1.067950573056662446e-07,1.601925859584993735e-07,2.135901146113325156e-07,2.669876432641656578e-07,3.203851719169987999e-07,3.737827005698319420e-07
0.000000000000000000e+00,-5.823354701448902305e-08,-1.164670940289780461e-07,-1.747006410434670758e-07,-2.329341880579561187e-07,-2.911677350724451616e-07,-3.494012820869342045e-07,-4.076348291014232474e-07
0.000000000000000000e+00,-5.786517796774652012e-08,-1.157303559354930402e-07,-1.735955339032395537e-07,-2.314607118709860540e-07,-2.893258898387325808e-07,-3.471910678064791075e-07,-4.050562457742256342e-07
0.000000000000000000e+00,-5.339752868883310781e-08,-1.067950573776662156e-07,-1.601925860664993300e-07,-2.135901147553324577e-07,-2.669876434441655589e-07,-3.203851721329986601e-07,-3.737827008218317613e-07
0.000000000000000000e+00,5.854832978716867357e-08,1.170966595743373471e-07,1.756449893615060339e-07,2.341933191486747207e-07,2.927416489358434075e-07,3.512899787230120679e-07,4.098383085101807282e-07
0.000000000000000000e+00,5.816172642473236986e-08,1.163234528494647397e-07,1.744851792741971162e-07,2.326469056989295059e-07,2.908086321236618956e-07,3.489703585483942853e-07,4.071320849731266750e-07
0.000000000000000000e+00,5.582468483653955614e-08,1.116493696730791123e-07,1.674740545096186618e-07,2.232987393461581981e-07,2.791234241826977608e-07,3.349481090192373236e-07,3.907727938557768864e-07
0.000000000000000000e+00,-5.854832982300090024e-08,-1.170966596460018005e-07,-1.756449894690026941e-07,-2.341933192920035745e-07,-2.927416491150044813e-07,-3.512899789380053882e-07,-4.098383087610062951e-07
0.000000000000000000e+00,-5.816172646146067136e-08,-1.163234529229213427e-07,-1.744851793843820207e-07,-2.326469058458427119e-07,-2.908086323073034031e-07,-3.489703587687640944e-07,-4.071320852302247856e-07
0.000000000000000000e+00,-5.582468487086118558e-08,-1.116493697417223712e-07,-1.674740546125835633e-07,-2.232987394834447688e-07,-2.791234243543060007e-07,-3.349481092251672326e-07,-3.907727940960284645e-07
0.000000000000000000e+00,5.929241145643013691e-08,1.185848229128602738e-07,1.778772343692904041e-07,2.371696458257205212e-07,2.964620572821506382e-07,3.557544687385807553e-07,4.150468801950108723e-07
0.000000000000000000e+00,5.870994799813442740e-08,1.174198959962688548e-07,1.761298439944032756e-07,2.348397919925376831e-07,2.935497399906720907e-07,3.522596879888064982e-07,4.109696359869409058e-07
0.000000000000000000e+00,5.769613220509726733e-08,1.153922644101945347e-07,1.730883966152918020e-07,2.307845288203890693e-07,2.884806610254863366e-07,3.461767932305836040e-07,4.038729254356808713e-07
0.000000000000000000e+00,-5.929241148931808368e-08,-1.185848229786361674e-07,-1.778772344679542576e-07,-2.371696459572723612e-07,-2.964620574465904382e-07,-3.557544689359085153e-07,-4.150468804252265924e-07
0.000000000000000000e+00,-5.870994803264740026e-08,-1.174198960652948005e-07,-1.761298440979422008e-07,-2.348397921305896010e-07,-2.935497401632370013e-07,-3.522596881958844015e-07,-4.109696362285318018e-07
0.000000000000000000e+00,-5.769613223649485301e-08,-1.153922644729897060e-07,-1.730883967094845656e-07,-2.307845289459794385e-07,-2.884806611824743114e-07,-3.461767934189691842e-07,-4.038729256554640571e-07
0.000000000000000000e+00,6.043025742117078629e-08,1.208605148423415726e-07,1.812907722635123721e-07,2.417210296846831981e-07,3.021512871058540241e-07,3.625815445270248501e-07,4.230118019481956761e-07
0.000000000000000000e+00,5.968964858334650271e-08,1.193792971666930054e-07,1.790689457500395081e-07,2.387585943333860109e-07,2.984482429167324871e-07,3.581378915000789633e-07,4.178275400834254396e-07
0.000000000000000000e+00,5.983616302750525382e-08,1.196723260550105076e-07,1.795084890825157482e-07,2.393446521100209623e-07,2.991808151375261765e-07,3.590169781650313906e-07,4.188531411925366047e-07
0.000000000000000000e+00,-6.043025744920389754e-08,-1.208605148984077951e-07,-1.812907723476116794e-07,-2.417210297968155372e-07,-3.021512872460193951e-07,-3.625815446952232529e-07,-4.230118021444271108e-07
0.000000000000000000e+00,-5.968964861393598587e-08,-1.193792972278719717e-07,-1.790689458418079576e-07,-2.387585944557439435e-07,-2.984482430696799558e-07,-3.581378916836159682e-07,-4.178275402975519805e-07
0.000000000000000000e+00,-5.983616305413391827e-08,-1.196723261082678365e-07,-1.795084891624017548e-07,-2.393446522165356731e-07,-2.991808152706695914e-07,-3.590169783248035096e-07,-4.188531413789374279e-07
0.000000000000000000e+00,6.278506469369107544e-08,1.255701293873821509e-07,1.883551940810732395e-07,2.511402587747643547e-07,3.139253234684554698e-07,3.767103881621465850e-07,4.394954528558377001e-07
0.000000000000000000e+00,6.154198013689721647e-08,1.230839602737944329e-07,1.846259404106916494e-07,2.461679205475888659e-07,3.077099006844861088e-07,3.692518808213833518e-07,4.307938609582805947e-07
0.000000000000000000e+00,6.141127083291143217e-08,1.228225416658228643e-07,1.842338124987342833e-07,2.456450833316456757e-07,3.070563541645570682e-07,3.684676249974684607e-07,4.298788958303798531e-07
0.000000000000000000e+00,-6.278506471510531242e-08,-1.255701294302106248e-07,-1.883551941453159240e-07,-2.511402588604211967e-07,-3.139253235755264695e-07,-3.767103882906317422e-07,-4.394954530057370149e-07
0.000000000000000000e+00,-6.154198016170216605e-08,-1.230839603234043321e-07,-1.846259404851064849e-07,-2.461679206468086113e-07,-3.077099008085107376e-07,-3.692518809702128639e-07,-4.307938611319149903e-07
0.000000000000000000e+00,-6.141127085296222404e-08,-1.228225417059244481e-07,-1.842338125588866721e-07,-2.456450834118488962e-07,-3.070563542648111467e-07,-3.684676251177733972e-07,-4.298788959707356477e-07
0.000000000000000000e+00,6.270717163362198227e-08,1.254143432672439645e-07,1.881215149008659468e-07,2.508286865344879291e-07,3.135358581681098849e-07,3.762430298017318407e-07,4.389502014353537965e-07
0.000000000000000000e+00,-6.270717165075216484e-08,-1.254143433015043297e-07,-1.881215149522564945e-07,-2.508286866030086593e-07,-3.135358582537607977e-07,-3.762430299045129361e-07,-4.389502015552650744e-07
0.000000000000000000e+00,8.662084075957406294e-08,1.732416815191481259e-07,2.598625222787221624e-07,3.464833630382961988e-07,4.331042037978702353e-07,5.197250445574443247e-07,6.063458853170184141e-07
0.000000000000000000e+00,1.054773579344478824e-07,2.109547158688957648e-07,3.164320738033436604e-07,4.219094317377915825e-07,5.273867896722395046e-07,6.328641476066874267e-07,7.383415055411353488e-07
0.000000000000000000e+00,-2.033394674809712343e-17,-4.066789349619424687e-17,-6.100184024429137030e-17,-8.133578699238849373e-17,-1.016697337404856172e-16,-1.220036804885827406e-16,-1.423376272366798517e-16
0.000000000000000000e+00,9.331124837953670375e-08,1.866224967590734075e-07,2.799337451386101377e-07,3.732449935181468679e-07,4.665562418976835981e-07,5.598674902772202754e-07,6.531787386567569527e-07
0.000000000000000000e+00,8.180647698739924138e-08,1.636129539747984828e-07,2.454194309621977506e-07,3.272259079495970185e-07,4.090323849369962863e-07,4.908388619243955012e-07,5.726453389117947161e-07
0.000000000000000000e+00,7.172945060021805273e-08,1.434589012004361055e-07,2.151883518006541450e-07,2.869178024008721580e-07,3.586472530010901710e-07,4.303767036013081840e-07,5.021061542015261971e-07
0.000000000000000000e+00,5.272807022473510239e-08,1.054561404494702048e-07,1.581842106742053006e-07,2.109122808989403831e-07,2.636403511236754392e-07,3.163684213484104952e-07,3.690964915731455513e-07
0.000000000000000000e+00,-1.986596492002584747e-17,-3.973192984005169494e-17,-5.959789476007753933e-17,-7.946385968010337755e-17,-9.932982460012921578e-17,-1.191957895201550540e-16,-1.390617544401808799e-16
0.000000000000000000e+00,-8.662084080045474495e-08,-1.732416816009094899e-07,-2.598625224013642216e-07,-3.464833632018189268e-07,-4.331042040022736321e-07,-5.197250448027283373e-07,-6.063458856031830955e-07
0.000000000000000000e+00,-1.054773579750579638e-07,-2.109547159501159277e-07,-3.164320739251738915e-07,-4.219094319002318554e-07,-5.273867898752898192e-07,-6.328641478503477831e-07,-7.383415058254057469e-07
0.000000000000000000e+00,-5.272807026538200330e-08,-1.054561405307640066e-07,-1.581842107961460165e-07,-2.109122810615280397e-07,-2.636403513269100893e-07,-3.163684215922921389e-07,-3.690964918576741885e-07
0.000000000000000000e+00,-9.331124842030304954e-08,-1.866224968406060991e-07,-2.799337452609091486e-07,-3.732449936812121982e-07,-4.665562421015152477e-07,-5.598674905218182972e-07,-6.531787389421213997e-07
0.000000000000000000e+00,-8.180647702709820654e-08,-1.636129540541964131e-07,-2.454194310812946064e-07,-3.272259081083927732e-07,-4.090323851354909401e-07,-4.908388621625891069e-07,-5.726453391896872738e-07
0.000000000000000000e+00,-7.172945063994958896e-08,-1.434589012798991779e-07,-2.151883519198487801e-07,-2.869178025597984088e-07,-3.586472531997480374e-07,-4.303767038396976661e-07,-5.021061544796473477e-07
0.000000000000000000e+00,7.520714672277913644e-08,1.504142934455582729e-07,2.256214401683374093e-07,3.008285868911165458e-07,3.760357336138957087e-07,4.512428803366748716e-07,5.264500270594540345e-07
0.000000000000000000e+00,7.978006821282210908e-08,1.595601364256442182e-07,2.393402046384663537e-07,3.191202728512884892e-07,3.989003410641106248e-07,4.786804092769327074e-07,5.584604774897547900e-07
0.000000000000000000e+00,6.613883070505830025e-08,1.322776614101166005e-07,1.984164921151749140e-07,2.645553228202332539e-07,3.306941535252915939e-07,3.968329842303499338e-07,4.629718149354082738e-07
0.000000000000000000e+00,-7.520714676384504073e-08,-1.504142935276900815e-07,-2.256214402915351222e-07,-3.008285870553801629e-07,-3.760357338192251772e-07,-4.512428805830701914e-07,-5.264500273469152057e-07
0.000000000000000000e+00,-7.978006825381189951e-08,-1.595601365076237990e-07,-2.393402047614356853e-07,-3.191202730152475451e-07,-3.989003412690594049e-07,-4.786804095228712647e-07,-5.584604777766831775e-07
0.000000000000000000e+00,-6.613883074473033241e-08,-1.322776614894606648e-07,-1.984164922341909840e-07,-2.645553229789212767e-07,-3.306941537236515694e-07,-3.968329844683818621e-07,-4.629718152131121548e-07
0.000000000000000000e+00,6.854377810585463080e-08,1.370875562117092616e-07,2.056313343175638924e-07,2.741751124234185232e-07,3.427188905292731275e-07,4.112626686351277318e-07,4.798064467409823362e-07
0.000000000000000000e+00,7.149135399745708971e-08,1.429827079949141794e-07,2.144740619923712559e-07,2.859654159898283059e-07,3.574567699872853559e-07,4.289481239847424059e-07,5.004394779821994559e-07
0.000000000000000000e+00,6.284050858238397676e-08,1.256810171647679535e-07,1.885215257471519303e-07,2.513620343295359070e-07,3.142025429119199102e-07,3.770430514943039135e-07,4.398835600766879167e-07
0.000000000000000000e+00,-6.854377814691123096e-08,-1.370875562938224619e-07,-2.056313344407336796e-07,-2.741751125876448709e-07,-3.427188907345560621e-07,-4.112626688814672534e-07,-4.798064470283783917e-07
0.000000000000000000e+00,-7.149135403855343424e-08,-1.429827080771068685e-07,-2.144740621156602895e-07,-2.859654161542136840e-07,-3.574567701927670786e-07,-4.289481242313204731e-07,-5.004394782698738677e-07
0.000000000000000000e+00,-6.284050862166182096e-08,-1.256810172433236419e-07,-1.885215258649854629e-07,-2.513620344866472838e-07,-3.142025431083091048e-07,-3.770430517299709258e-07,-4.398835603516327467e-07
0.000000000000000000e+00,6.450699144727593669e-08,1.290139828945518734e-07,1.935209743418278101e-07,2.580279657891037468e-07,3.225349572363796835e-07,3.870419486836556202e-07,4.515489401309315568e-07
0.000000000000000000e+00,6.642626319695719947e-08,1.328525263939143989e-07,1.992787895908715984e-07,2.657050527878287979e-07,3.321313159847859709e-07,3.985575791817431439e-07,4.649838423787003169e-07
0.000000000000000000e+00,6.104175810037537017e-08,1.220835162007507403e-07,1.831252743011261238e-07,2.441670324015015336e-07,3.052087905018769435e-07,3.662505486022523534e-07,4.272923067026277633e-07
0.000000000000000000e+00,-6.450699148790822629e-08,-1.290139829758164526e-07,-1.935209744637246921e-07,-2.580279659516329581e-07,-3.225349574395412241e-07,-3.870419489274494901e-07,-4.515489404153577561e-07
0.000000000000000000e+00,-6.642626323784661650e-08,-1.328525264756932330e-07,-1.992787897135398363e-07,-2.657050529513864131e-07,-3.321313161892329899e-07,-3.985575794270795666e-07,-4.649838426649261434e-07
0.000000000000000000e+00,-6.104175813866534897e-08,-1.220835162773306979e-07,-1.831252744159960469e-07,-2.441670325546613959e-07,-3.052087906933267184e-07,-3.662505488319920409e-07,-4.272923069706573634e-07
0.000000000000000000e+00,6.216821849746789068e-08,1.243364369949357814e-07,1.865046554924036853e-07,2.486728739898716157e-07,3.108410924873395461e-07,3.730093109848074765e-07,4.351775294822754068e-07
0.000000000000000000e+00,6.329641586502470434e-08,1.265928317300494087e-07,1.898892475950741130e-07,2.531856634600988174e-07,3.164820793251234953e-07,3.797784951901481731e-07,4.430749110551728510e-07
0.000000000000000000e+00,6.033833256841026774e-08,1.206766651368205355e-07,1.810149977052308164e-07,2.413533302736411239e-07,3.016916628420514313e-07,3.620299954104617388e-07,4.223683279788720462e-07
0.000000000000000000e+00,-6.216821853704971384e-08,-1.243364370740994277e-07,-1.865046556111491283e-07,-2.486728741481988024e-07,-3.108410926852484766e-07,-3.730093112222981507e-07,-4.351775297593478248e-07
0.000000000000000000e+00,-6.329641590519913293e-08,-1.265928318103982659e-07,-1.898892477155973988e-07,-2.531856636207965317e-07,-3.164820795259956646e-07,-3.797784954311947976e-07,-4.430749113363939305e-07
0.000000000000000000e+00,-6.033833260474052993e-08,-1.206766652094810599e-07,-1.810149978142215898e-07,-2.413533304189621197e-07,-3.016916630237026761e-07,-3.620299956284432325e-07,-4.223683282331837889e-07
0.000000000000000000e+00,6.123496151281023318e-08,1.224699230256204664e-07,1.837048845384306995e-07,2.449398460512409327e-07,3.061748075640511659e-07,3.674097690768613991e-07,4.286447305896716323e-07
0.000000000000000000e+00,6.155175902859982275e-08,1.231035180571996455e-07,1.846552770857994683e-07,2.462070361143992910e-07,3.077587951429991402e-07,3.693105541715989895e-07,4.308623132001988387e-07
0.000000000000000000e+00,6.068118450134172017e-08,1.213623690026834403e-07,1.820435535040251605e-07,2.427247380053668807e-07,3.034059225067085744e-07,3.640871070080502681e-07,4.247682915093919617e-07
0.000000000000000000e+00,-6.123496155023637072e-08,-1.224699231004727414e-07,-1.837048846507090989e-07,-2.449398462009454300e-07,-3.061748077511817610e-07,-3.674097693014180920e-07,-4.286447308516544230e-07
0.000000000000000000e+00,-6.155175906725256988e-08,-1.231035181345051398e-07,-1.846552772017577229e-07,-2.462070362690103325e-07,-3.077587953362629420e-07,-3.693105544035155516e-07,-4.308623134707681612e-07
0.000000000000000000e+00,-6.068118453410075911e-08,-1.213623690682015182e-07,-1.820435536023022906e-07,-2.427247381364030894e-07,-3.034059226705038882e-07,-3.640871072046046870e-07,-4.247682917387054858e-07
0.000000000000000000e+00,6.194915456141324934e-08,1.238983091228264987e-07,1.858474636842397480e-07,2.477966182456529974e-07,3.097457728070662202e-07,3.716949273684794431e-07,4.336440819298926660e-07
0.000000000000000000e+00,6.128871838338183892e-08,1.225774367667636778e-07,1.838661551501455300e-07,2.451548735335274086e-07,3.064435919169092872e-07,3.677323103002911658e-07,4.290210286836730445e-07
0.000000000000000000e+00,6.189710986731018807e-08,1.237942197346203761e-07,1.856913296019305642e-07,2.475884394692407523e-07,3.094855493365509139e-07,3.713826592038610755e-07,4.332797690711712371e-07
0.000000000000000000e+00,-6.194915459522180181e-08,-1.238983091904436036e-07,-1.858474637856654054e-07,-2.477966183808872072e-07,-3.097457729761090090e-07,-3.716949275713308108e-07,-4.336440821665526127e-07
0.000000000000000000e+00,-6.128871841908643493e-08,-1.225774368381728699e-07,-1.838661552572593048e-07,-2.451548736763457397e-07,-3.064435920954321746e-07,-3.677323105145186096e-07,-4.290210289336050445e-07
0.000000000000000000e+00,-6.189710989485274814e-08,-1.237942197897054963e-07,-1.856913296845582312e-07,-2.475884395794109396e-07,-3.094855494742636481e-07,-3.713826593691163565e-07,-4.332797692639690649e-07
0.000000000000000000e+00,6.387666500445163386e-08,1.277533300089032677e-07,1.916299950133549148e-07,2.555066600178065884e-07,3.193833250222582619e-07,3.832599900267099355e-07,4.471366550311616090e-07
0.000000000000000000e+00,-1.421232926540930177e-17,-2.842465853081860353e-17,-4.263698779622790838e-17,-5.684931706163721939e-17,-7.106164632704653040e-17,-8.527397559245584141e-17,-9.948630485786515242e-17
0.000000000000000000e+00,6.264822902988156521e-08,1.252964580597631304e-07,1.879446870896447089e-07,2.505929161195263138e-07,3.132411451494079187e-07,3.758893741792895236e-07,4.385376032091711285e-07
0.000000000000000000e+00,6.260267861039664280e-08,1.252053572207932856e-07,1.878080358311899416e-07,2.504107144415866241e-07,3.130133930519833066e-07,3.756160716623799891e-07,4.382187502727766717e-07
0.000000000000000000e+00,3.193863340458704531e-08,6.387726680917409062e-08,9.581590021376113593e-08,1.277545336183481812e-07,1.596931670229352398e-07,1.916318004275222983e-07,2.235704338321093569e-07
0.000000000000000000e+00,-1.010827027961680572e-17,-2.021654055923361144e-17,-3.032481083885041870e-17,-4.043308111846722904e-17,-5.054135139808403938e-17,-6.064962167770084972e-17,-7.075789195731766006e-17
0.000000000000000000e+00,-6.387666503287861543e-08,-1.277533300657572309e-07,-1.916299950986358331e-07,-2.555066601315144088e-07,-3.193833251643929845e-07,-3.832599901972715602e-07,-4.471366552301501360e-07
0.000000000000000000e+00,-3.193863343301233944e-08,-6.387726686602467888e-08,-9.581590029903701170e-08,-1.277545337320493313e-07,-1.596931671650616509e-07,-1.916318005980739705e-07,-2.235704340310862900e-07
0.000000000000000000e+00,-6.264822906113536043e-08,-1.252964581222707209e-07,-1.879446871834060680e-07,-2.505929162445413888e-07,-3.132411453056767095e-07,-3.758893743668120302e-07,-4.385376034279473509e-07
0.000000000000000000e+00,-6.260267863062856738e-08,-1.252053572612571348e-07,-1.878080358918857021e-07,-2.504107145225142695e-07,-3.130133931531428104e-07,-3.756160717837713513e-07,-4.382187504143998922e-07
0.000000000000000000e+00,1.168837510129643021e-07,2.337675020259286043e-07,3.506512530388929196e-07,4.675350040518572615e-07,5.844187550648215504e-07,7.013025060777858393e-07,8.181862570907501282e-07
0.000000000000000000e+00,1.471178067431796854e-07,2.942356134863593708e-07,4.413534202295390827e-07,5.884712269727188475e-07,7.355890337158986124e-07,8.827068404590783772e-07,1.029824647202258142e-06
0.000000000000000000e+00,-2.120788952421527566e-17,-4.241577904843055133e-17,-6.362366857264583007e-17,-8.483155809686111498e-17,-1.060394476210763999e-16,-1.272473371452916848e-16,-1.484552266695069820e-16
0.000000000000000000e+00,1.285751277810666920e-07,2.571502555621333840e-07,3.857253833432001025e-07,5.143005111242668739e-07,6.428756389053336453e-07,7.714507666864004167e-07,9.000258944674671881e-07
0.000000000000000000e+00,1.276512785136551112e-07,2.553025570273102225e-07,3.829538355409653337e-07,5.106051140546204450e-07,6.382563925682755562e-07,7.659076710819306674e-07,8.935589495955857787e-07
0.000000000000000000e+00,1.022264171614606749e-07,2.044528343229213497e-07,3.066792514843820113e-07,4.089056686458426465e-07,5.111320858073032816e-07,6.133585029687639168e-07,7.155849201302245519e-07
0.000000000000000000e+00,7.354955499810106522e-08,1.470991099962021304e-07,2.206486649943032089e-07,2.941982199924043138e-07,3.677477749905054187e-07,4.412973299886065236e-07,5.148468849867075756e-07
0.000000000000000000e+00,-2.078126840018334936e-17,-4.156253680036669872e-17,-6.234380520055004808e-17,-8.312507360073339744e-17,-1.039063420009167468e-16,-1.246876104011000962e-16,-1.454688788012834332e-16
0.000000000000000000e+00,-1.168837510558988802e-07,-2.337675021117977604e-07,-3.506512531676966142e-07,-4.675350042235954679e-07,-5.844187552794943217e-07,-7.013025063353932284e-07,-8.181862573912921351e-07
0.000000000000000000e+00,-1.471178067855686287e-07,-2.942356135711372574e-07,-4.413534203567058861e-07,-5.884712271422745148e-07,-7.355890339278431964e-07,-8.827068407134118781e-07,-1.029824647498980560e-06
0.000000000000000000e+00,-7.354955504050655211e-08,-1.470991100810131042e-07,-2.206486651215196696e-07,-2.941982201620262614e-07,-3.677477752025328532e-07,-4.412973302430394450e-07,-5.148468852835460368e-07
0.000000000000000000e+00,-1.285751278237204654e-07,-2.571502556474409309e-07,-3.857253834711613698e-07,-5.143005112948817558e-07,-6.428756391186021419e-07,-7.714507669423225279e-07,-9.000258947660429139e-07
0.000000000000000000e+00,-1.276512785551881807e-07,-2.553025571103763613e-07,-3.829538356655645155e-07,-5.106051142207526168e-07,-6.382563927759407180e-07,-7.659076713311288193e-07,-8.935589498863169206e-07
0.000000000000000000e+00,-1.022264172033991422e-07,-2.044528344067982844e-07,-3.066792516101974266e-07,-4.089056688135965688e-07,-5.111320860169957110e-07,-6.133585032203948532e-07,-7.155849204237939954e-07
0.000000000000000000e+00,9.626358037950665940e-08,1.925271607590133188e-07,2.887907411385199782e-07,3.850543215180266376e-07,4.813179018975332441e-07,5.775814822770398506e-07,6.738450626565464570e-07
0.000000000000000000e+00,1.045068138785797040e-07,2.090136277571594080e-07,3.135204416357391253e-07,4.180272555143188690e-07,5.225340693928986657e-07,6.270408832714784623e-07,7.315476971500582590e-07
0.000000000000000000e+00,8.595585466403581210e-08,1.719117093280716242e-07,2.578675639921074231e-07,3.438234186561431955e-07,4.297792733201789678e-07,5.157351279842147402e-07,6.016909826482505126e-07
0.000000000000000000e+00,-9.626358042311429781e-08,-1.925271608462285956e-07,-2.887907412693428934e-07,-3.850543216924571912e-07,-4.813179021155714890e-07,-5.775814825386857869e-07,-6.738450629618000847e-07
0.000000000000000000e+00,-1.045068139218634714e-07,-2.090136278437269429e-07,-3.135204417655903878e-07,-4.180272556874538328e-07,-5.225340696093172778e-07,-6.270408835311807757e-07,-7.315476974530442736e-07
0.000000000000000000e+00,-8.595585470639988702e-08,-1.719117094127997740e-07,-2.578675641191996346e-07,-3.438234188255994952e-07,-4.297792735319993557e-07,-5.157351282383992692e-07,-6.016909829447991827e-07
0.000000000000000000e+00,8.274424690615695405e-08,1.654884938123139081e-07,2.482327407184708489e-07,3.309769876246277632e-07,4.137212345307846776e-07,4.964654814369415919e-07,5.792097283430985592e-07
0.000000000000000000e+00,8.839069293347866314e-08,1.767813858669573263e-07,2.651720788004359762e-07,3.535627717339145996e-07,4.419534646673932230e-07,5.303441576008718465e-07,6.187348505343504170e-07
0.000000000000000000e+00,7.560416366009133542e-08,1.512083273201826708e-07,2.268124909802740195e-07,3.024166546403653946e-07,3.780208183004567697e-07,4.536249819605481449e-07,5.292291456206395729e-07
0.000000000000000000e+00,-8.274424695042960596e-08,-1.654884939008592119e-07,-2.482327408512888443e-07,-3.309769878017184768e-07,-4.137212347521481092e-07,-4.964654817025776887e-07,-5.792097286530072682e-07
0.000000000000000000e+00,-8.839069297743820403e-08,-1.767813859548764081e-07,-2.651720789323146121e-07,-3.535627719097528161e-07,-4.419534648871910201e-07,-5.303441578646292242e-07,-6.187348508420674282e-07
0.000000000000000000e+00,-7.560416370281481701e-08,-1.512083274056296340e-07,-2.268124911084444510e-07,-3.024166548112592680e-07,-3.780208185140740850e-07,-4.536249822168889021e-07,-5.292291459197037191e-07
0.000000000000000000e+00,7.367984156286661604e-08,1.473596831257332321e-07,2.210395246885998481e-07,2.947193662514664642e-07,3.683992078143330537e-07,4.420790493771996433e-07,5.157588909400662329e-07
0.000000000000000000e+00,7.764697311840974173e-08,1.552939462368194835e-07,2.329409193552292252e-07,3.105878924736389669e-07,3.882348655920487086e-07,4.658818387104584504e-07,5.435288118288681921e-07
0.000000000000000000e+00,6.891324936773057240e-08,1.378264987354611448e-07,2.067397481031917172e-07,2.756529974709222896e-07,3.445662468386528355e-07,4.134794962063833815e-07,4.823927455741139274e-07
0.000000000000000000e+00,-7.367984160774402301e-08,-1.473596832154880460e-07,-2.210395248232320558e-07,-2.947193664309760391e-07,-3.683992080387200224e-07,-4.420790496464640057e-07,-5.157588912542079890e-07
0.000000000000000000e+00,-7.764697316301276296e-08,-1.552939463260255259e-07,-2.329409194890383021e-07,-3.105878926520511048e-07,-3.882348658150639074e-07,-4.658818389780767101e-07,-5.435288121410895128e-07
0.000000000000000000e+00,-6.891324941056345359e-08,-1.378264988211269072e-07,-2.067397482316903475e-07,-2.756529976422537614e-07,-3.445662470528171753e-07,-4.134794964633805892e-07,-4.823927458739440031e-07
0.000000000000000000e+00,6.745039998953181785e-08,1.349007999790636357e-07,2.023511999685954535e-07,2.698015999581272714e-07,3.372519999476590628e-07,4.047023999371908542e-07,4.721527999267226455e-07
0.000000000000000000e+00,7.029227557415904331e-08,1.405845511483180866e-07,2.108768267224771432e-07,2.811691022966362262e-07,3.514613778707953092e-07,4.217536534449543922e-07,4.920459290191134753e-07
0.000000000000000000e+00,6.458032507179880166e-08,1.291606501435976033e-07,1.937409752153964050e-07,2.583213002871952066e-07,3.229016253589940348e-07,3.874819504307928629e-07,4.520622755025916910e-07
0.000000000000000000e+00,-6.745040003488916163e-08,-1.349008000697783233e-07,-2.023512001046674849e-07,-2.698016001395566465e-07,-3.372520001744457817e-07,-4.047024002093349168e-07,-4.721528002442240520e-07
0.000000000000000000e+00,-7.029227561930747436e-08,-1.405845512386149487e-07,-2.108768268579224231e-07,-2.811691024772298974e-07,-3.514613780965373718e-07,-4.217536537158448461e-07,-4.920459293351522675e-07
0.000000000000000000e+00,-6.458032511439385188e-08,-1.291606502287877038e-07,-1.937409753431815689e-07,-2.583213004575754605e-07,-3.229016255719693520e-07,-3.874819506863632436e-07,-4.520622758007571352e-07
0.000000000000000000e+00,6.312415475479985332e-08,1.262483095095997066e-07,1.893724642643995600e-07,2.524966190191994133e-07,3.156207737739992931e-07,3.787449285287991729e-07,4.418690832835990527e-07
0.000000000000000000e+00,6.512498859175704809e-08,1.302499771835140962e-07,1.953749657752711443e-07,2.604999543670281924e-07,3.256249429587852404e-07,3.907499315505422885e-07,4.558749201422993366e-07
0.000000000000000000e+00,6.206998955680514053e-08,1.241399791136102811e-07,1.862099686704154216e-07,2.482799582272205621e-07,3.103499477840257027e-07,3.724199373408308432e-07,4.344899268976359837e-07
0.000000000000000000e+00,-6.312415480041223343e-08,-1.262483096008244669e-07,-1.893724644012367003e-07,-2.524966192016489337e-07,-3.156207740020611671e-07,-3.787449288024734006e-07,-4.418690836028856340e-07
0.000000000000000000e+00,-6.512498863729852889e-08,-1.302499772745970578e-07,-1.953749659118955999e-07,-2.604999545491941685e-07,-3.256249431864927371e-07,-3.907499318237913057e-07,-4.558749204610898743e-07
0.000000000000000000e+00,-6.206998959859697853e-08,-1.241399791971939571e-07,-1.862099687957909356e-07,-2.482799583943879141e-07,-3.103499479929849191e-07,-3.724199375915819241e-07,-4.344899271901789291e-07
0.000000000000000000e+00,6.093170299912696105e-08,1.218634059982539221e-07,1.827951089973808831e-07,2.437268119965078442e-07,3.046585149956348052e-07,3.655902179947617663e-07,4.265219209938887273e-07
0.000000000000000000e+00,6.165482683349797881e-08,1.233096536669959576e-07,1.849644805004939364e-07,2.466193073339919152e-07,3.082741341674899205e-07,3.699289610009879258e-07,4.315837878344859311e-07
0.000000000000000000e+00,6.138107965626831043e-08,1.227621593125366209e-07,1.841432389688049445e-07,2.455243186250732947e-07,3.069053982813416448e-07,3.682864779376099949e-07,4.296675575938783451e-07
0.000000000000000000e+00,-6.093170304428787259e-08,-1.218634060885757452e-07,-1.827951091328636178e-07,-2.437268121771514904e-07,-3.046585152214393894e-07,-3.655902182657272885e-07,-4.265219213100151875e-07
0.000000000000000000e+00,-6.165482687896654860e-08,-1.233096537579330972e-07,-1.849644806368996458e-07,-2.466193075158661944e-07,-3.082741343948327165e-07,-3.699289612737992387e-07,-4.315837881527657608e-07
0.000000000000000000e+00,-6.138107969605829193e-08,-1.227621593921165839e-07,-1.841432390881748626e-07,-2.455243187842331148e-07,-3.069053984802913670e-07,-3.682864781763496192e-07,-4.296675578724078715e-07
0.000000000000000000e+00,6.188117862172819907e-08,1.237623572434563981e-07,1.856435358651845972e-07,2.475247144869127963e-07,3.094058931086410218e-07,3.712870717303692473e-07,4.331682503520974729e-07
0.000000000000000000e+00,-2.199962523526341425e-17,-4.399925047052682850e-17,-6.599887570579024583e-17,-8.799850094105366932e-17,-1.099981261763170928e-16,-1.319977514115805163e-16,-1.539973766468439398e-16
0.000000000000000000e+00,6.039354161574425549e-08,1.207870832314885110e-07,1.811806248472327665e-07,2.415741664629770219e-07,3.019677080787212774e-07,3.623612496944655329e-07,4.227547913102097884e-07
0.000000000000000000e+00,6.341388311586419460e-08,1.268277662317283892e-07,1.902416493475925838e-07,2.536555324634567784e-07,3.170694155793209995e-07,3.804832986951852206e-07,4.438971818110494416e-07
0.000000000000000000e+00,3.093416485434224297e-08,6.186832970868448593e-08,9.280249456302672228e-08,1.237366594173689454e-07,1.546708242717111685e-07,1.856049891260533916e-07,2.165391539803956147e-07
0.000000000000000000e+00,-1.825459502444085454e-17,-3.650919004888170908e-17,-5.476378507332256054e-17,-7.301838009776340583e-17,-9.127297512220425113e-17,-1.095275701466450964e-16,-1.277821651710859417e-16
0.000000000000000000e+00,-6.188117866571116571e-08,-1.237623573314223314e-07,-1.856435359971335104e-07,-2.475247146628447158e-07,-3.094058933285559212e-07,-3.712870719942671266e-07,-4.331682506599783320e-07
0.000000000000000000e+00,-3.093416489833726660e-08,-6.186832979667453319e-08,-9.280249469501179317e-08,-1.237366595933490399e-07,-1.546708244916862867e-07,-1.856049893900235334e-07,-2.165391542883607801e-07
0.000000000000000000e+00,-6.039354166038696815e-08,-1.207870833207739363e-07,-1.811806249811609045e-07,-2.415741666415478726e-07,-3.019677083019348408e-07,-3.623612499623218089e-07,-4.227547916227087771e-07
0.000000000000000000e+00,-6.341388315236685447e-08,-1.268277663047337089e-07,-1.902416494571005767e-07,-2.536555326094674708e-07,-3.170694157618343650e-07,-3.804832989142012592e-07,-4.438971820665681534e-07
0.000000000000000000e+00,1.403384927488123901e-07,2.806769854976247803e-07,4.210154782464371439e-07,5.613539709952494547e-07,7.016924637440617654e-07,8.420309564928740761e-07,9.823694492416863868e-07
0.000000000000000000e+00,1.747518774957879246e-07,3.495037549915758491e-07,5.242556324873638002e-07,6.990075099831518041e-07,8.737593874789398081e-07,1.048511264974727812e-06,1.223263142470515922e-06
0.000000000000000000e+00,-2.189547286826353644e-17,-4.379094573652707288e-17,-6.568641860479060624e-17,-8.758189147305413343e-17,-1.094773643413176606e-16,-1.313728372095811878e-16,-1.532683100778447273e-16
0.000000000000000000e+00,1.545392280039727283e-07,3.090784560079454566e-07,4.636176840119181585e-07,6.181569120158908074e-07,7.726961400198634563e-07,9.272353680238361052e-07,1.081774596027808648e-06
0.000000000000000000e+00,1.628986720897708378e-07,3.257973441795416756e-07,4.886960162693124605e-07,6.515946883590832453e-07,8.144933604488540302e-07,9.773920325386249209e-07,1.140290704628395812e-06
0.000000000000000000e+00,1.299606315976476736e-07,2.599212631952953472e-07,3.898818947929430472e-07,5.198425263905908002e-07,6.498031579882385532e-07,7.797637895858863062e-07,9.097244211835340592e-07
0.000000000000000000e+00,8.739909528117183359e-08,1.747981905623436672e-07,2.621972858435154875e-07,3.495963811246872814e-07,4.369954764058590753e-07,5.243945716870308692e-07,6.117936669682026101e-07
0.000000000000000000e+00,-2.157802031106278758e-17,-4.315604062212557515e-17,-6.473406093318835964e-17,-8.631208124425113798e-17,-1.078901015553139163e-16,-1.294681218663766946e-16,-1.510461421774394730e-16
0.000000000000000000e+00,-1.403384927934411268e-07,-2.806769855868822535e-07,-4.210154783803234067e-07,-5.613539711737646129e-07,-7.016924639672058191e-07,-8.420309567606470252e-07,-9.823694495540882314e-07
0.000000000000000000e+00,-1.747518775395616873e-07,-3.495037550791233746e-07,-5.242556326186850355e-07,-6.990075101582466434e-07,-8.737593876978082513e-07,-1.048511265237369859e-06,-1.223263142776931361e-06
0.000000000000000000e+00,-8.739909532495999589e-08,-1.747981906499199918e-07,-2.621972859748799744e-07,-3.495963812998399306e-07,-4.369954766247998868e-07,-5.243945719497598430e-07,-6.117936672747197992e-07
0.000000000000000000e+00,-1.545392280481692134e-07,-3.090784560963384269e-07,-4.636176841445076138e-07,-6.181569121926767479e-07,-7.726961402408458819e-07,-9.272353682890150159e-07,-1.081774596337184044e-06
0.000000000000000000e+00,-1.628986721329076318e-07,-3.257973442658152635e-07,-4.886960163987228953e-07,-6.515946885316305271e-07,-8.144933606645381588e-07,-9.773920327974457906e-07,-1.140290704930353528e-06
0.000000000000000000e+00,-1.299606316414651379e-07,-2.599212632829302759e-07,-3.898818949243954138e-07,-5.198425265658605517e-07,-6.498031582073256367e-07,-7.797637898487907217e-07,-9.097244214902558067e-07
0.000000000000000000e+00,1.145055084005599701e-07,2.290110168011199401e-07,3.435165252016799102e-07,4.580220336022398803e-07,5.725275420027998503e-07,6.870330504033598204e-07,8.015385588039197905e-07
0.000000000000000000e+00,1.250386788953368097e-07,2.500773577906736195e-07,3.751160366860104557e-07,5.001547155813473448e-07,6.251933944766842339e-07,7.502320733720211231e-07,8.752707522673580122e-07
0.000000000000000000e+00,1.065081320672659227e-07,2.130162641345318454e-07,3.195243962017977681e-07,4.260325282690636908e-07,5.325406603363295605e-07,6.390487924035954303e-07,7.455569244708613001e-07
0.000000000000000000e+00,-1.145055084462548300e-07,-2.290110168925096600e-07,-3.435165253387644635e-07,-4.580220337850192671e-07,-5.725275422312740706e-07,-6.870330506775289271e-07,-8.015385591237837836e-07
0.000000000000000000e+00,-1.250386789404939096e-07,-2.500773578809878192e-07,-3.751160368214817289e-07,-5.001547157619756385e-07,-6.251933947024695481e-07,-7.502320736429634577e-07,-8.752707525834573674e-07
0.000000000000000000e+00,-1.065081321119643410e-07,-2.130162642239286820e-07,-3.195243963358930363e-07,-4.260325284478574170e-07,-5.325406605598217448e-07,-6.390487926717860726e-07,-7.455569247837504003e-07
0.000000000000000000e+00,9.620321625836649667e-08,1.924064325167329933e-07,2.886096487750995032e-07,3.848128650334660396e-07,4.810160812918326289e-07,5.772192975501992182e-07,6.734225138085658076e-07
0.000000000000000000e+00,1.038574091346159316e-07,2.077148182692318632e-07,3.115722274038477947e-07,4.154296365384637263e-07,5.192870456730796579e-07,6.231444548076955895e-07,7.270018639423115211e-07
0.000000000000000000e+00,9.038183416602171507e-08,1.807636683320434301e-07,2.711455024980651452e-07,3.615273366640868603e-07,4.519091708301085753e-07,5.422910049961302904e-07,6.326728391621520055e-07
0.000000000000000000e+00,-9.620321630532306512e-08,-1.924064326106461302e-07,-2.886096489159691821e-07,-3.848128652212922075e-07,-4.810160815266152329e-07,-5.772192978319382584e-07,-6.734225141372612838e-07
0.000000000000000000e+00,-1.038574091809454971e-07,-2.077148183618909943e-07,-3.115722275428364781e-07,-4.154296367237819356e-07,-5.192870459047273930e-07,-6.231444550856728504e-07,-7.270018642666183078e-07
0.000000000000000000e+00,-9.038183421170462390e-08,-1.807636684234092478e-07,-2.711455026351138585e-07,-3.615273368468184426e-07,-4.519091710585230268e-07,-5.422910052702276110e-07,-6.326728394819322482e-07
0.000000000000000000e+00,8.313643706535622290e-08,1.662728741307124458e-07,2.494093111960686422e-07,3.325457482614248387e-07,4.156821853267810351e-07,4.988186223921372845e-07,5.819550594574935338e-07
0.000000000000000000e+00,8.877995610973007836e-08,1.775599122194601567e-07,2.663398683291902351e-07,3.551198244389203134e-07,4.438997805486503918e-07,5.326797366583804701e-07,6.214596927681105485e-07
0.000000000000000000e+00,7.908589983695509662e-08,1.581717996739101932e-07,2.372576995108652766e-07,3.163435993478203336e-07,3.954294991847753905e-07,4.745153990217304474e-07,5.536012988586855043e-07
0.000000000000000000e+00,-8.313643711374487260e-08,-1.662728742274897452e-07,-2.494093113412346310e-07,-3.325457484549795434e-07,-4.156821855687244557e-07,-4.988186226824693680e-07,-5.819550597962142803e-07
0.000000000000000000e+00,-8.877995615740927179e-08,-1.775599123148185436e-07,-2.663398684722278418e-07,-3.551198246296371401e-07,-4.438997807870464384e-07,-5.326797369444556837e-07,-6.214596931018649290e-07
0.000000000000000000e+00,-7.908589988366397411e-08,-1.581717997673279482e-07,-2.372576996509919223e-07,-3.163435995346558964e-07,-3.954294994183198441e-07,-4.745153993019837917e-07,-5.536012991856477394e-07
0.000000000000000000e+00,7.353176841612487214e-08,1.470635368322497443e-07,2.205953052483746164e-07,2.941270736644994886e-07,3.676588420806243872e-07,4.411906104967492858e-07,5.147223789128741844e-07
0.000000000000000000e+00,7.784508808356241563e-08,1.556901761671248313e-07,2.335352642506872469e-07,3.113803523342496625e-07,3.892254404178121046e-07,4.670705285013745467e-07,5.449156165849369888e-07
0.000000000000000000e+00,7.094347382976748818e-08,1.418869476595349764e-07,2.128304214893024778e-07,2.837738953190700057e-07,3.547173691488375336e-07,4.256608429786050614e-07,4.966043168083725893e-07
0.000000000000000000e+00,-7.353176846616352879e-08,-1.470635369323270576e-07,-2.205953053984905864e-07,-2.941270738646541152e-07,-3.676588423308176440e-07,-4.411906107969811728e-07,-5.147223792631446486e-07
0.000000000000000000e+00,-7.784508813277201231e-08,-1.556901762655440246e-07,-2.335352643983160369e-07,-3.113803525310880493e-07,-3.892254406638600351e-07,-4.670705287966320209e-07,-5.449156169294040068e-07
0.000000000000000000e+00,-7.094347387761761022e-08,-1.418869477552352204e-07,-2.128304216328528306e-07,-2.837738955104704409e-07,-3.547173693880880246e-07,-4.256608432657056084e-07,-4.966043171433231921e-07
0.000000000000000000e+00,6.595789558313443637e-08,1.319157911662688727e-07,1.978736867494033091e-07,2.638315823325377455e-07,3.297894779156722083e-07,3.957473734988066711e-07,4.617052690819411340e-07
0.000000000000000000e+00,6.953666349139341022e-08,1.390733269827868204e-07,2.086099904741802439e-07,2.781466539655736938e-07,3.476833174569671438e-07,4.172199809483605937e-07,4.867566444397540966e-07
0.000000000000000000e+00,6.491275424190891851e-08,1.298255084838178370e-07,1.947382627257267688e-07,2.596510169676357270e-07,3.245637712095446852e-07,3.894765254514536434e-07,4.543892796933626016e-07
0.000000000000000000e+00,-6.595789563507141296e-08,-1.319157912701428259e-07,-1.978736869052142521e-07,-2.638315825402857048e-07,-3.297894781753571575e-07,-3.957473738104286101e-07,-4.617052694455000628e-07
0.000000000000000000e+00,-6.953666354241118402e-08,-1.390733270848223680e-07,-2.086099906272335388e-07,-2.781466541696446831e-07,-3.476833177120558275e-07,-4.172199812544669718e-07,-4.867566447968781161e-07
0.000000000000000000e+00,-6.491275429088306650e-08,-1.298255085817661330e-07,-1.947382628726491863e-07,-2.596510171635322131e-07,-3.245637714544152399e-07,-3.894765257452982667e-07,-4.543892800361812934e-07
0.000000000000000000e+00,5.941293276734690217e-08,1.188258655346938043e-07,1.782387983020406933e-07,2.376517310693875822e-07,2.970646638367344712e-07,3.564775966040813866e-07,4.158905293714283020e-07
0.000000000000000000e+00,6.266890846226914483e-08,1.253378169245382897e-07,1.880067253868074213e-07,2.506756338490765264e-07,3.133445423113456315e-07,3.760134507736147366e-07,4.386823592358838418e-07
0.000000000000000000e+00,6.044642909352970083e-08,1.208928581870594017e-07,1.813392872805891025e-07,2.417857163741188033e-07,3.022321454676485041e-07,3.626785745611782050e-07,4.231250036547079058e-07
0.000000000000000000e+00,-5.941293282133228237e-08,-1.188258656426645647e-07,-1.782387984639968339e-07,-2.376517312853291030e-07,-2.970646641066613721e-07,-3.564775969279936677e-07,-4.158905297493259633e-07
0.000000000000000000e+00,-6.266890851525728931e-08,-1.253378170305145786e-07,-1.880067255457718679e-07,-2.506756340610291573e-07,-3.133445425762864201e-07,-3.760134510915436829e-07,-4.386823596068009458e-07
0.000000000000000000e+00,-6.044642914343041022e-08,-1.208928582868608204e-07,-1.813392874302912174e-07,-2.417857165737215879e-07,-3.022321457171519584e-07,-3.626785748605823290e-07,-4.231250040040126995e-07
0.000000000000000000e+00,5.331255109652233734e-08,1.066251021930446747e-07,1.599376532895669988e-07,2.132502043860893229e-07,2.665627554826116470e-07,3.198753065791339976e-07,3.731878576756563481e-07
0.000000000000000000e+00,-2.818600498045441796e-17,-5.637200996090883592e-17,-8.455801494136325389e-17,-1.127440199218176718e-16,-1.409300249022720898e-16,-1.691160298827265078e-16,-1.973020348631809257e-16
0.000000000000000000e+00,5.637311740245216599e-08,1.127462348049043320e-07,1.691193522073564980e-07,2.254924696098086640e-07,2.818655870122608035e-07,3.382387044147129430e-07,3.946118218171650825e-07
0.000000000000000000e+00,5.830877715393250975e-08,1.166175543078650195e-07,1.749263314617975160e-07,2.332351086157300125e-07,2.915438857696625090e-07,3.498526629235950320e-07,4.081614400775275550e-07
0.000000000000000000e+00,2.666168357450097890e-08,5.332336714900195779e-08,7.998505072350294000e-08,1.066467342980039288e-07,1.333084178725049176e-07,1.599701014470059065e-07,1.866317850215068953e-07
0.000000000000000000e+00,-2.532240816750267488e-17,-5.064481633500534976e-17,-7.596722450250802464e-17,-1.012896326700106995e-16,-1.266120408375133867e-16,-1.519344490050160739e-16,-1.772568571725187611e-16
0.000000000000000000e+00,-5.331255115287677604e-08,-1.066251023057535521e-07,-1.599376534586303281e-07,-2.132502046115071042e-07,-2.665627557643838802e-07,-3.198753069172606563e-07,-3.731878580701374323e-07
0.000000000000000000e+00,-2.666168363086819258e-08,-5.332336726173638516e-08,-7.998505089260457112e-08,-1.066467345234727571e-07,-1.333084181543409430e-07,-1.599701017852091422e-07,-1.866317854160773414e-07
0.000000000000000000e+00,-5.637311745762732307e-08,-1.127462349152546461e-07,-1.691193523728819560e-07,-2.254924698305092658e-07,-2.818655872881365757e-07,-3.382387047457639120e-07,-3.946118222033912483e-07
0.000000000000000000e+00,-5.830877720456088000e-08,-1.166175544091217600e-07,-1.749263316136826466e-07,-2.332351088182435465e-07,-2.915438860228044463e-07,-3.498526632273653462e-07,-4.081614404319262460e-07
0.000000000000000000e+00,1.492914080121278782e-07,2.985828160242557564e-07,4.478742240363836346e-07,5.971656320485115129e-07,7.464570400606393911e-07,8.957484480727672693e-07,1.045039856084895042e-06
0.000000000000000000e+00,1.844847454061906285e-07,3.689694908123812569e-07,5.534542362185718589e-07,7.379389816247624080e-07,9.224237270309529570e-07,1.106908472437143506e-06,1.291393217843334055e-06
0.000000000000000000e+00,-2.239223042355535222e-17,-4.478446084711070443e-17,-6.717669127066605357e-17,-8.956892169422139654e-17,-1.119611521177767395e-16,-1.343533825413320825e-16,-1.567456129648874255e-16
0.000000000000000000e+00,1.641192985438255505e-07,3.282385970876511009e-07,4.923578956314765984e-07,6.564771941753020960e-07,8.205964927191275935e-07,9.847157912629531969e-07,1.148835089806778800e-06
0.000000000000000000e+00,1.818383021114843858e-07,3.636766042229687717e-07,5.455149063344531575e-07,7.273532084459375433e-07,9.091915105574219291e-07,1.091029812668906315e-06,1.272868114780390807e-06
0.000000000000000000e+00,1.467060009622887107e-07,2.934120019245774214e-07,4.401180028868661586e-07,5.868240038491549487e-07,7.335300048114437388e-07,8.802360057737325289e-07,1.026942006736021213e-06
0.000000000000000000e+00,9.227236151712616752e-08,1.845447230342523350e-07,2.768170845513785026e-07,3.690894460685046701e-07,4.613618075856308376e-07,5.536341691027570051e-07,6.459065306198831726e-07
0.000000000000000000e+00,-2.216953781289061702e-17,-4.433907562578123405e-17,-6.650861343867185107e-17,-8.867815125156246809e-17,-1.108476890644530851e-16,-1.330172268773437021e-16,-1.551867646902343192e-16
0.000000000000000000e+00,-1.492914080579637691e-07,-2.985828161159275383e-07,-4.478742241738912809e-07,-5.971656322318549707e-07,-7.464570402898186604e-07,-8.957484483477823501e-07,-1.045039856405746040e-06
0.000000000000000000e+00,-1.844847454509392997e-07,-3.689694909018785993e-07,-5.534542363528178990e-07,-7.379389818037571986e-07,-9.224237272546964983e-07,-1.106908472705635798e-06,-1.291393218156575098e-06
0.000000000000000000e+00,-9.227236156190137467e-08,-1.845447231238027493e-07,-2.768170846857041108e-07,-3.690894462476054457e-07,-4.613618078095067807e-07,-5.536341693714081156e-07,-6.459065309333093977e-07
0.000000000000000000e+00,-1.641192985891198432e-07,-3.282385971782396864e-07,-4.923578957673595297e-07,-6.564771943564793729e-07,-8.205964929455992161e-07,-9.847157915347190593e-07,-1.148835090123838903e-06
0.000000000000000000e+00,-1.818383021557920705e-07,-3.636766043115841410e-07,-5.455149064673762380e-07,-7.273532086231683879e-07,-9.091915107789605378e-07,-1.091029812934752688e-06,-1.272868115090544838e-06
0.000000000000000000e+00,-1.467060010075586248e-07,-2.934120020151172496e-07,-4.401180030226758744e-07,-5.868240040302344992e-07,-7.335300050377930711e-07,-8.802360060453516429e-07,-1.026942007052910215e-06
0.000000000000000000e+00,1.219188601596773206e-07,2.438377203193546412e-07,3.657565804790319618e-07,4.876754406387092825e-07,6.095943007983866031e-07,7.315131609580639237e-07,8.534320211177412443e-07
0.000000000000000000e+00,1.331777020536266691e-07,2.663554041072533383e-07,3.995331061608800074e-07,5.327108082145066765e-07,6.658885102681333456e-07,7.990662123217600148e-07,9.322439143753866839e-07
0.000000000000000000e+00,1.199795255073997516e-07,2.399590510147995032e-07,3.599385765221992548e-07,4.799181020295990064e-07,5.998976275369987050e-07,7.198771530443984037e-07,8.398566785517981023e-07
0.000000000000000000e+00,-1.219188602068922076e-07,-2.438377204137844153e-07,-3.657565806206766229e-07,-4.876754408275688306e-07,-6.095943010344610382e-07,-7.315131612413532459e-07,-8.534320214482454535e-07
0.000000000000000000e+00,-1.331777021001454010e-07,-2.663554042002908019e-07,-3.995331063004362029e-07,-5.327108084005816038e-07,-6.658885105007270048e-07,-7.990662126008724057e-07,-9.322439147010178067e-07
0.000000000000000000e+00,-1.199795255538987370e-07,-2.399590511077974739e-07,-3.599385766616962109e-07,-4.799181022155949479e-07,-5.998976277694936848e-07,-7.198771533233924218e-07,-8.398566788772911587e-07
0.000000000000000000e+00,1.019640662296336762e-07,2.039281324592673525e-07,3.058921986889010287e-07,4.078562649185347050e-07,5.098203311481684342e-07,6.117843973778021633e-07,7.137484636074358925e-07
0.000000000000000000e+00,1.103330766674268210e-07,2.206661533348536419e-07,3.309992300022804761e-07,4.413323066697073368e-07,5.516653833371341974e-07,6.619984600045610581e-07,7.723315366719879187e-07
0.000000000000000000e+00,1.008028275800210313e-07,2.016056551600420626e-07,3.024084827400630806e-07,4.032113103200840722e-07,5.040141379001050638e-07,6.048169654801260553e-07,7.056197930601470469e-07
0.000000000000000000e+00,-1.019640662785015084e-07,-2.039281325570030167e-07,-3.058921988355045383e-07,-4.078562651140060864e-07,-5.098203313925075815e-07,-6.117843976710090767e-07,-7.137484639495105718e-07
0.000000000000000000e+00,-1.103330767154718664e-07,-2.206661534309437329e-07,-3.309992301464156258e-07,-4.413323068618875187e-07,-5.516653835773594116e-07,-6.619984602928312516e-07,-7.723315370083030916e-07
0.000000000000000000e+00,-1.008028276280180341e-07,-2.016056552560360682e-07,-3.024084828840541288e-07,-4.032113105120721894e-07,-5.040141381400902500e-07,-6.048169657681082577e-07,-7.056197933961262653e-07
0.000000000000000000e+00,8.737952091611899073e-08,1.747590418322379815e-07,2.621385627483569590e-07,3.495180836644759100e-07,4.368976045805948610e-07,5.242771254967138120e-07,6.116566464128327101e-07
0.000000000000000000e+00,9.366205944890374262e-08,1.873241188978074852e-07,2.809861783467112146e-07,3.746482377956149175e-07,4.683102972445186205e-07,5.619723566934223234e-07,6.556344161423260263e-07
0.000000000000000000e+00,8.678595155459085304e-08,1.735719031091817061e-07,2.603578546637725856e-07,3.471438062183634651e-07,4.339297577729543446e-07,5.207157093275451712e-07,6.075016608821359977e-07
0.000000000000000000e+00,-8.737952096692010938e-08,-1.747590419338402188e-07,-2.621385629007603149e-07,-3.495180838676803846e-07,-4.368976048346004543e-07,-5.242771258015205239e-07,-6.116566467684406466e-07
0.000000000000000000e+00,-9.366205949874482883e-08,-1.873241189974896577e-07,-2.809861784962344997e-07,-3.746482379949793683e-07,-4.683102974937242368e-07,-5.619723569924691053e-07,-6.556344164912139209e-07
0.000000000000000000e+00,-8.678595160434203465e-08,-1.735719032086840693e-07,-2.603578548130260907e-07,-3.471438064173680856e-07,-4.339297580217100806e-07,-5.207157096260520755e-07,-6.075016612303941234e-07
0.000000000000000000e+00,7.641415392603382858e-08,1.528283078520676572e-07,2.292424617781014990e-07,3.056566157041353673e-07,3.820707696301692355e-07,4.584849235562031038e-07,5.348990774822369192e-07
0.000000000000000000e+00,8.130974446356009116e-08,1.626194889271201823e-07,2.439292333906802470e-07,3.252389778542403117e-07,4.065487223178003764e-07,4.878584667813604940e-07,5.691682112449206117e-07
0.000000000000000000e+00,7.619482532160454205e-08,1.523896506432090841e-07,2.285844759648136262e-07,3.047793012864181682e-07,3.809741266080226838e-07,4.571689519296271994e-07,5.333637772512317150e-07
0.000000000000000000e+00,-7.641415397920690418e-08,-1.528283079584138084e-07,-2.292424619376207258e-07,-3.056566159168276697e-07,-3.820707698960346135e-07,-4.584849238752415574e-07,-5.348990778544485013e-07
0.000000000000000000e+00,-8.130974451554758533e-08,-1.626194890310951707e-07,-2.439292335466427295e-07,-3.252389780621902884e-07,-4.065487225777378473e-07,-4.878584670932854591e-07,-5.691682116088330709e-07
0.000000000000000000e+00,-7.619482537343251610e-08,-1.523896507468650322e-07,-2.285844761202975615e-07,-3.047793014937301173e-07,-3.809741268671626731e-07,-4.571689522405952289e-07,-5.333637776140277847e-07
0.000000000000000000e+00,6.748240296858035948e-08,1.349648059371607190e-07,2.024472089057410652e-07,2.699296118743213850e-07,3.374120148429017048e-07,4.048944178114820246e-07,4.723768207800623443e-07
0.000000000000000000e+00,7.170532355838108555e-08,1.434106471167621711e-07,2.151159706751432566e-07,2.868212942335243422e-07,3.585266177919054277e-07,4.302319413502865133e-07,5.019372649086675988e-07
0.000000000000000000e+00,6.760009474909929569e-08,1.352001894981985914e-07,2.028002842472979003e-07,2.704003789963972357e-07,3.380004737454965711e-07,4.056005684945959065e-07,4.732006632436952419e-07
0.000000000000000000e+00,-6.748240302469110416e-08,-1.349648060493822083e-07,-2.024472090740732993e-07,-2.699296120987643637e-07,-3.374120151234554282e-07,-4.048944181481464926e-07,-4.723768211728375571e-07
0.000000000000000000e+00,-7.170532361300064196e-08,-1.434106472260012839e-07,-2.151159708390019391e-07,-2.868212944520026208e-07,-3.585266180650033024e-07,-4.302319416780039841e-07,-5.019372652910047187e-07
0.000000000000000000e+00,-6.760009480342456109e-08,-1.352001896068491222e-07,-2.028002844102736833e-07,-2.704003792136982444e-07,-3.380004740171227790e-07,-4.056005688205473136e-07,-4.732006636239718482e-07
0.000000000000000000e+00,5.869452173324833138e-08,1.173890434664966628e-07,1.760835651997449941e-07,2.347780869329933255e-07,2.934726086662416834e-07,3.521671303994900412e-07,4.108616521327383991e-07
0.000000000000000000e+00,6.332104867783957562e-08,1.266420973556791512e-07,1.899631460335187269e-07,2.532841947113583025e-07,3.166052433891979046e-07,3.799262920670375067e-07,4.432473407448771088e-07
0.000000000000000000e+00,5.958848548148517485e-08,1.191769709629703497e-07,1.787654564444555378e-07,2.383539419259407259e-07,2.979424274074259140e-07,3.575309128889110756e-07,4.171193983703962372e-07
0.000000000000000000e+00,-5.869452179294528783e-08,-1.173890435858905757e-07,-1.760835653788358701e-07,-2.347780871717811778e-07,-2.934726089647264590e-07,-3.521671307576717402e-07,-4.108616525506170214e-07
0.000000000000000000e+00,-6.332104873572316026e-08,-1.266420974714463205e-07,-1.899631462071694808e-07,-2.532841949428926410e-07,-3.166052436786158278e-07,-3.799262924143390145e-07,-4.432473411500622012e-07
0.000000000000000000e+00,-5.958848553882642679e-08,-1.191769710776528536e-07,-1.787654566164792738e-07,-2.383539421553056807e-07,-2.979424276941320612e-07,-3.575309132329584417e-07,-4.171193987717848221e-07
0.000000000000000000e+00,4.750073905361509030e-08,9.500147810723018061e-08,1.425022171608452643e-07,1.900029562144603347e-07,2.375036952680754052e-07,2.850044343216904757e-07,3.325051733753055461e-07
0.000000000000000000e+00,-3.224275985057197999e-17,-6.448551970114395998e-17,-9.672827955171594614e-17,-1.289710394022879446e-16,-1.612137992528599431e-16,-1.934565591034319416e-16,-2.256993189540039401e-16
0.000000000000000000e+00,5.418378326791614830e-08,1.083675665358322966e-07,1.625513498037484581e-07,2.167351330716646197e-07,2.709189163395807812e-07,3.251026996074969163e-07,3.792864828754130513e-07
0.000000000000000000e+00,5.015164009305985286e-08,1.003032801861197057e-07,1.504549202791795520e-07,2.006065603722393850e-07,2.507582004652992180e-07,3.009098405583590510e-07,3.510614806514188840e-07
0.000000000000000000e+00,2.375775045830498343e-08,4.751550091660996686e-08,7.127325137491495690e-08,9.503100183321994695e-08,1.187887522915249370e-07,1.425465027498299138e-07,1.663042532081348906e-07
0.000000000000000000e+00,-3.057449451796891764e-17,-6.114898903593783528e-17,-9.172348355390675908e-17,-1.222979780718756952e-16,-1.528724725898446313e-16,-1.834469671078135675e-16,-2.140214616257825036e-16
0.000000000000000000e+00,-4.750073911806826248e-08,-9.500147823613652496e-08,-1.425022173542047808e-07,-1.900029564722730235e-07,-2.375036955903412661e-07,-2.850044347084095087e-07,-3.325051738264777513e-07
0.000000000000000000e+00,-2.375775052278195855e-08,-4.751550104556391711e-08,-7.127325156834587566e-08,-9.503100209112783422e-08,-1.187887526139097928e-07,-1.425465031366917513e-07,-1.663042536594737231e-07
0.000000000000000000e+00,-5.418378332988713013e-08,-1.083675666597742603e-07,-1.625513499896613904e-07,-2.167351333195485205e-07,-2.709189166494356506e-07,-3.251026999793227808e-07,-3.792864833092099109e-07
0.000000000000000000e+00,-5.015164015418296133e-08,-1.003032803083659227e-07,-1.504549204625488972e-07,-2.006065606167318718e-07,-2.507582007709148464e-07,-3.009098409250977945e-07,-3.510614810792807425e-07
0.000000000000000000e+00,1.747518775036557489e-07,3.495037550073114978e-07,5.242556325109672203e-07,6.990075100146228898e-07,8.737593875182785593e-07,1.048511265021934229e-06,1.223263142525590004e-06
0.000000000000000000e+00,1.403384927828027900e-07,2.806769855656055800e-07,4.210154783484083700e-07,5.613539711312111600e-07,7.016924639140139499e-07,8.420309566968167399e-07,9.823694494796194240e-07
0.000000000000000000e+00,-9.758751773848936187e-18,-1.951750354769787237e-17,-2.927625532154680548e-17,-3.903500709539573859e-17,-4.879375886924467169e-17,-5.855251064309361096e-17,-6.831126241694255023e-17
0.000000000000000000e+00,1.818383021197274722e-07,3.636766042394549445e-07,5.455149063591823903e-07,7.273532084789097831e-07,9.091915105986371759e-07,1.091029812718364569e-06,1.272868114838091962e-06
0.000000000000000000e+00,1.545392280316323774e-07,3.090784560632647549e-07,4.636176840948971059e-07,6.181569121265294039e-07,7.726961401581617020e-07,9.272353681897940000e-07,1.081774596221426404e-06
0.000000000000000000e+00,1.467060009972904414e-07,2.934120019945808829e-07,4.401180029918713507e-07,5.868240039891618716e-07,7.335300049864523924e-07,8.802360059837429133e-07,1.026942006981033540e-06
0.000000000000000000e+00,8.739909529122495000e-08,1.747981905824499000e-07,2.621972858736748368e-07,3.495963811648997471e-07,4.369954764561246574e-07,5.243945717473495676e-07,6.117936670385745309e-07
0.000000000000000000e+00,-9.659403141093394765e-18,-1.931880628218678953e-17,-2.897820942328018584e-17,-3.863761256437358522e-17,-4.829701570546698461e-17,-5.795641884656038400e-17,-6.761582198765378955e-17
0.000000000000000000e+00,-1.747518775231804936e-07,-3.495037550463609872e-07,-5.242556325695414544e-07,-6.990075100927218686e-07,-8.737593876159022828e-07,-1.048511265139082697e-06,-1.223263142662263005e-06
0.000000000000000000e+00,-1.403384928001993379e-07,-2.806769856003986759e-07,-4.210154784005979874e-07,-5.613539712007972459e-07,-7.016924640009965044e-07,-8.420309568011957630e-07,-9.823694496013950215e-07
0.000000000000000000e+00,-8.739909531074449340e-08,-1.747981906214889868e-07,-2.621972859322334537e-07,-3.495963812429779206e-07,-4.369954765537223876e-07,-5.243945718644669074e-07,-6.117936671752114273e-07
0.000000000000000000e+00,-1.818383021390550436e-07,-3.636766042781100871e-07,-5.455149064171651836e-07,-7.273532085562202801e-07,-9.091915106952753766e-07,-1.091029812834330367e-06,-1.272868114973385358e-06
0.000000000000000000e+00,-1.545392280500981457e-07,-3.090784561001962914e-07,-4.636176841502944371e-07,-6.181569122003925827e-07,-7.726961402504907284e-07,-9.272353683005888741e-07,-1.081774596350687020e-06
0.000000000000000000e+00,-1.467060010146057801e-07,-2.934120020292115602e-07,-4.401180030438173403e-07,-5.868240040584231204e-07,-7.335300050730289005e-07,-8.802360060876346806e-07,-1.026942007102240567e-06
0.000000000000000000e+00,1.145055084461270207e-07,2.290110168922540413e-07,3.435165253383810753e-07,4.580220337845081356e-07,5.725275422306351960e-07,6.870330506767622564e-07,8.015385591228893168e-07
0.000000000000000000e+00,1.250386789380598810e-07,2.500773578761197621e-07,3.751160368141796696e-07,5.001547157522396300e-07,6.251933946902995905e-07,7.502320736283595509e-07,8.752707525664195114e-07
0.000000000000000000e+00,1.199795255544612198e-07,2.399590511089224396e-07,3.599385766633836593e-07,4.799181022178448791e-07,5.998976277723061518e-07,7.198771533267674246e-07,8.398566788812286973e-07
0.000000000000000000e+00,-1.145055084609644836e-07,-2.290110169219289671e-07,-3.435165253828934507e-07,-4.580220338438579343e-07,-5.725275423048223649e-07,-6.870330507657867956e-07,-8.015385592267512262e-07
0.000000000000000000e+00,-1.250386789541777269e-07,-2.500773579083554538e-07,-3.751160368625331807e-07,-5.001547158167109075e-07,-6.251933947708886344e-07,-7.502320737250663613e-07,-8.752707526792440882e-07
0.000000000000000000e+00,-1.199795255693019782e-07,-2.399590511386039563e-07,-3.599385767079059345e-07,-4.799181022772079127e-07,-5.998976278465098379e-07,-7.198771534158117631e-07,-8.398566789851136884e-07
0.000000000000000000e+00,9.620321630848764638e-08,1.924064326169752928e-07,2.886096489254629392e-07,3.848128652339505855e-07,4.810160815424382319e-07,5.772192978509258783e-07,6.734225141594135247e-07
0.000000000000000000e+00,1.038574091835723448e-07,2.077148183671446896e-07,3.115722275507170609e-07,4.154296367342894322e-07,5.192870459178618035e-07,6.231444551014341219e-07,7.270018642850064402e-07
0.000000000000000000e+00,1.008028276325224362e-07,2.016056552650448724e-07,3.024084828975673219e-07,4.032113105300897978e-07,5.040141381626123267e-07,6.048169657951348556e-07,7.056197934276573844e-07
0.000000000000000000e+00,-9.620321632031939964e-08,-1.924064326406387993e-07,-2.886096489609581724e-07,-3.848128652812775456e-07,-4.810160816015969188e-07,-5.772192979219163449e-07,-6.734225142422357710e-07
0.000000000000000000e+00,-1.038574091969035317e-07,-2.077148183938070634e-07,-3.115722275907105686e-07,-4.154296367876140738e-07,-5.192870459845175790e-07,-6.231444551814211371e-07,-7.270018643783246953e-07
0.000000000000000000e+00,-1.008028276444363914e-07,-2.016056552888727828e-07,-3.024084829333092006e-07,-4.032113105777456184e-07,-5.040141382221820363e-07,-6.048169658666184012e-07,-7.056197935110547661e-07
0.000000000000000000e+00,8.313643711699111314e-08,1.662728742339822263e-07,2.494093113509733394e-07,3.325457484679644526e-07,4.156821855849555657e-07,4.988186227019466788e-07,5.819550598189377390e-07
0.000000000000000000e+00,8.877995616074306112e-08,1.775599123214861222e-07,2.663398684822291834e-07,3.551198246429722445e-07,4.438997808037153056e-07,5.326797369644583667e-07,6.214596931252014278e-07
0.000000000000000000e+00,8.678595160957283367e-08,1.735719032191456673e-07,2.603578548287184878e-07,3.471438064382912817e-07,4.339297580478640757e-07,5.207157096574368697e-07,6.075016612670096636e-07
0.000000000000000000e+00,-8.313643712529783290e-08,-1.662728742505956658e-07,-2.494093113758935252e-07,-3.325457485011913846e-07,-4.156821856264892439e-07,-4.988186227517870504e-07,-5.819550598770848568e-07
0.000000000000000000e+00,-8.877995617079953920e-08,-1.775599123415990784e-07,-2.663398685123985911e-07,-3.551198246831981038e-07,-4.438997808539976166e-07,-5.326797370247971822e-07,-6.214596931955967479e-07
0.000000000000000000e+00,-8.678595161808293399e-08,-1.735719032361658680e-07,-2.603578548542488020e-07,-3.471438064723317360e-07,-4.339297580904146699e-07,-5.207157097084976039e-07,-6.075016613265805379e-07
0.000000000000000000e+00,7.353176846900184355e-08,1.470635369380036871e-07,2.205953054070055439e-07,2.941270738760074272e-07,3.676588423450093104e-07,4.411906108140111937e-07,5.147223792830130769e-07
0.000000000000000000e+00,7.784508813543467362e-08,1.556901762708693472e-07,2.335352644063040076e-07,3.113803525417386415e-07,3.892254406771732754e-07,4.670705288126079094e-07,5.449156169480425433e-07
0.000000000000000000e+00,7.619482537866690178e-08,1.523896507573338036e-07,2.285844761360007053e-07,3.047793015146676071e-07,3.809741268933345089e-07,4.571689522720014107e-07,5.333637776506683124e-07
0.000000000000000000e+00,-7.353176847343943593e-08,-1.470635369468788719e-07,-2.205953054203183078e-07,-2.941270738937577437e-07,-3.676588423671971796e-07,-4.411906108406366156e-07,-5.147223793140761044e-07
0.000000000000000000e+00,-7.784508814175343353e-08,-1.556901762835068671e-07,-2.335352644252602873e-07,-3.113803525670136812e-07,-3.892254407087670750e-07,-4.670705288505204688e-07,-5.449156169922738626e-07
0.000000000000000000e+00,-7.619482538336397740e-08,-1.523896507667279548e-07,-2.285844761500919454e-07,-3.047793015334559626e-07,-3.809741269168199797e-07,-4.571689523001839968e-07,-5.333637776835480139e-07
0.000000000000000000e+00,6.595789563857971755e-08,1.319157912771594351e-07,1.978736869157391659e-07,2.638315825543189231e-07,3.297894781928986804e-07,3.957473738314784377e-07,4.617052694700581949e-07
0.000000000000000000e+00,6.953666354488396436e-08,1.390733270897679287e-07,2.086099906346519063e-07,2.781466541795359104e-07,3.476833177244199144e-07,4.172199812693039185e-07,4.867566448141879755e-07
0.000000000000000000e+00,6.760009481060000218e-08,1.352001896212000044e-07,2.028002844317999933e-07,2.704003792423999558e-07,3.380004740529999183e-07,4.056005688635998807e-07,4.732006636741998432e-07
0.000000000000000000e+00,-6.595789563893846247e-08,-1.319157912778769249e-07,-1.978736869168153742e-07,-2.638315825557537970e-07,-3.297894781946922197e-07,-3.957473738336306425e-07,-4.617052694725690653e-07
0.000000000000000000e+00,-6.953666354721294762e-08,-1.390733270944258952e-07,-2.086099906416388429e-07,-2.781466541888517905e-07,-3.476833177360647646e-07,-4.172199812832777387e-07,-4.867566448304907128e-07
0.000000000000000000e+00,-6.760009481124832649e-08,-1.352001896224966530e-07,-2.028002844337449927e-07,-2.704003792449933589e-07,-3.380004740562417251e-07,-4.056005688674900913e-07,-4.732006636787384575e-07
0.000000000000000000e+00,5.941293282738025643e-08,1.188258656547605129e-07,1.782387984821407561e-07,2.376517313095209993e-07,2.970646641369012424e-07,3.564775969642815121e-07,4.158905297916617818e-07
0.000000000000000000e+00,6.266890852001867327e-08,1.253378170400373465e-07,1.880067255600560198e-07,2.506756340800746931e-07,3.133445426000933399e-07,3.760134511201119867e-07,4.386823596401306335e-07
0.000000000000000000e+00,5.958848555124518712e-08,1.191769711024903742e-07,1.787654566537355680e-07,2.383539422049807749e-07,2.979424277562259819e-07,3.575309133074711889e-07,4.171193988587163958e-07
0.000000000000000000e+00,-5.941293282322713478e-08,-1.188258656464542696e-07,-1.782387984696814043e-07,-2.376517312929085391e-07,-2.970646641161356474e-07,-3.564775969393627557e-07,-4.158905297625898640e-07
0.000000000000000000e+00,-6.266890851810113626e-08,-1.253378170362022725e-07,-1.880067255543034220e-07,-2.506756340724045980e-07,-3.133445425905057739e-07,-3.760134511086069499e-07,-4.386823596267081259e-07
0.000000000000000000e+00,-5.958848554728066926e-08,-1.191769710945613385e-07,-1.787654566418420078e-07,-2.383539421891226770e-07,-2.979424277364033463e-07,-3.575309132836840156e-07,-4.171193988309646848e-07
0.000000000000000000e+00,5.331255112718191247e-08,1.066251022543638249e-07,1.599376533815457242e-07,2.132502045087276234e-07,2.665627556359095227e-07,3.198753067630914484e-07,3.731878578902733741e-07
0.000000000000000000e+00,4.767965064928842046e-18,9.535930129857684093e-18,1.430389519478652768e-17,1.907186025971537127e-17,2.383982532464421485e-17,2.860779038957305536e-17,3.337575545450189587e-17
0.000000000000000000e+00,5.637311744822111484e-08,1.127462348964422297e-07,1.691193523446633445e-07,2.254924697928844593e-07,2.818655872411056007e-07,3.382387046893267420e-07,3.946118221375478833e-07
0.000000000000000000e+00,5.015164012672990221e-08,1.003032802534598044e-07,1.504549203801897132e-07,2.006065605069196353e-07,2.507582006336495574e-07,3.009098407603794794e-07,3.510614808871094015e-07
0.000000000000000000e+00,2.666168360633140172e-08,5.332336721266280344e-08,7.998505081899420516e-08,1.066467344253256069e-07,1.333084180316570086e-07,1.599701016379884103e-07,1.866317852443198120e-07
0.000000000000000000e+00,4.793530473528487817e-18,9.587060947056975634e-18,1.438059142058546422e-17,1.917412189411395435e-17,2.396765236764244448e-17,2.876118284117093460e-17,3.355471331469942781e-17
0.000000000000000000e+00,-5.331255111765175950e-08,-1.066251022353035190e-07,-1.599376533529552917e-07,-2.132502044706070645e-07,-2.665627555882588372e-07,-3.198753067059105834e-07,-3.731878578235623297e-07
0.000000000000000000e+00,-2.666168359679540885e-08,-5.332336719359081769e-08,-7.998505079038622323e-08,-1.066467343871816221e-07,-1.333084179839770211e-07,-1.599701015807724200e-07,-1.866317851775678189e-07
0.000000000000000000e+00,-5.637311744141788517e-08,-1.127462348828357703e-07,-1.691193523242536621e-07,-2.254924697656715672e-07,-2.818655872070894986e-07,-3.382387046485074301e-07,-3.946118220899253616e-07
0.000000000000000000e+00,-5.015164011715306316e-08,-1.003032802343061263e-07,-1.504549203514592027e-07,-2.006065604686122791e-07,-2.507582005857653555e-07,-3.009098407029184054e-07,-3.510614808200714553e-07
0.000000000000000000e+00,1.471178067502416109e-07,2.942356135004832217e-07,4.413534202507248590e-07,5.884712270009665493e-07,7.355890337512082396e-07,8.827068405014499298e-07,1.029824647251691620e-06
0.000000000000000000e+00,1.168837510422524251e-07,2.337675020845048501e-07,3.506512531267572884e-07,4.675350041690097531e-07,5.844187552112622179e-07,7.013025062535146827e-07,8.181862572957671474e-07
0.000000000000000000e+00,-1.015309871737031456e-17,-2.030619743474062911e-17,-3.045929615211094367e-17,-4.061239486948125822e-17,-5.076549358685157278e-17,-6.091859230422188734e-17,-7.107169102159220805e-17
0.000000000000000000e+00,1.628986720970472479e-07,3.257973441940944957e-07,4.886960162911417701e-07,6.515946883881890973e-07,8.144933604852364246e-07,9.773920325822837519e-07,1.140290704679331079e-06
0.000000000000000000e+00,1.285751278060085300e-07,2.571502556120170601e-07,3.857253834180256166e-07,5.143005112240342261e-07,6.428756390300428355e-07,7.714507668360514450e-07,9.000258946420600544e-07
0.000000000000000000e+00,1.299606316295987357e-07,2.599212632591974715e-07,3.898818948887962072e-07,5.198425265183949429e-07,6.498031581479937316e-07,7.797637897775925203e-07,9.097244214071913089e-07
0.000000000000000000e+00,7.354955500724096100e-08,1.470991100144819220e-07,2.206486650217228830e-07,2.941982200289638440e-07,3.677477750362048050e-07,4.412973300434457660e-07,5.148468850506867270e-07
0.000000000000000000e+00,-9.921274623665157979e-18,-1.984254924733031596e-17,-2.976382387099547702e-17,-3.968509849466063808e-17,-4.960637311832579914e-17,-5.952764774199095404e-17,-6.944892236565610894e-17
0.000000000000000000e+00,-1.471178067705414437e-07,-2.942356135410828873e-07,-4.413534203116243045e-07,-5.884712270821656687e-07,-7.355890338527070330e-07,-8.827068406232483972e-07,-1.029824647393789867e-06
0.000000000000000000e+00,-1.168837510602892240e-07,-2.337675021205784481e-07,-3.506512531808676589e-07,-4.675350042411568432e-07,-5.844187553014460276e-07,-7.013025063617352119e-07,-8.181862574220243962e-07
0.000000000000000000e+00,-7.354955502754522748e-08,-1.470991100550904550e-07,-2.206486650826356692e-07,-2.941982201101808570e-07,-3.677477751377260448e-07,-4.412973301652712325e-07,-5.148468851928164203e-07
0.000000000000000000e+00,-1.628986721168959033e-07,-3.257973442337918065e-07,-4.886960163506877627e-07,-6.515946884675837190e-07,-8.144933605844796752e-07,-9.773920327013755255e-07,-1.140290704818271376e-06
0.000000000000000000e+00,-1.285751278251810414e-07,-2.571502556503620828e-07,-3.857253834755431242e-07,-5.143005113007241656e-07,-6.428756391259051541e-07,-7.714507669510861425e-07,-9.000258947762671310e-07
0.000000000000000000e+00,-1.299606316473043713e-07,-2.599212632946087426e-07,-3.898818949419131139e-07,-5.198425265892174852e-07,-6.498031582365218036e-07,-7.797637898838261220e-07,-9.097244215311304403e-07
0.000000000000000000e+00,9.626358041686723130e-08,1.925271608337344626e-07,2.887907412506017071e-07,3.850543216674689781e-07,4.813179020843361962e-07,5.775814825012034143e-07,6.738450629180706323e-07
0.000000000000000000e+00,1.045068139140037071e-07,2.090136278280074143e-07,3.135204417420111082e-07,4.180272556560147756e-07,5.225340695700184430e-07,6.270408834840221104e-07,7.315476973980257779e-07
0.000000000000000000e+00,1.065081321090009830e-07,2.130162642180019660e-07,3.195243963270029490e-07,4.260325284360039321e-07,5.325406605450049151e-07,6.390487926540058981e-07,7.455569247630068811e-07
0.000000000000000000e+00,-9.626358043217532688e-08,-1.925271608643506538e-07,-2.887907412965259807e-07,-3.850543217287013075e-07,-4.813179021608766344e-07,-5.775814825930519613e-07,-6.738450630252272882e-07
0.000000000000000000e+00,-1.045068139306626482e-07,-2.090136278613252964e-07,-3.135204417919879579e-07,-4.180272557226506458e-07,-5.225340696533133337e-07,-6.270408835839760216e-07,-7.315476975146387095e-07
0.000000000000000000e+00,-1.065081321240595745e-07,-2.130162642481191489e-07,-3.195243963721787101e-07,-4.260325284962382449e-07,-5.325406606202977796e-07,-6.390487927443573144e-07,-7.455569248684168491e-07
0.000000000000000000e+00,8.274424694567232482e-08,1.654884938913446496e-07,2.482327408370169745e-07,3.309769877826892993e-07,4.137212347283616241e-07,4.964654816740339489e-07,5.792097286197062737e-07
0.000000000000000000e+00,8.839069297235366377e-08,1.767813859447073275e-07,2.651720789170609781e-07,3.535627718894146021e-07,4.419534648617682262e-07,5.303441578341218503e-07,6.187348508064754214e-07
0.000000000000000000e+00,9.038183421139066584e-08,1.807636684227813317e-07,2.711455026341720108e-07,3.615273368455627163e-07,4.519091710569534218e-07,5.422910052683441274e-07,6.326728394797348329e-07
0.000000000000000000e+00,-8.274424695777319632e-08,-1.654884939155463926e-07,-2.482327408733195890e-07,-3.309769878310927853e-07,-4.137212347888659816e-07,-4.964654817466391779e-07,-5.792097287044123213e-07
0.000000000000000000e+00,-8.839069298604145150e-08,-1.767813859720829030e-07,-2.651720789581243413e-07,-3.535627719441657530e-07,-4.419534649302071648e-07,-5.303441579162485766e-07,-6.187348509022899884e-07
0.000000000000000000e+00,-9.038183422334220808e-08,-1.807636684466844162e-07,-2.711455026700265978e-07,-3.615273368933687794e-07,-4.519091711167109610e-07,-5.422910053400531956e-07,-6.326728395633954301e-07
0.000000000000000000e+00,7.367984160248781300e-08,1.473596832049756260e-07,2.210395248074634258e-07,2.947193664099511990e-07,3.683992080124389723e-07,4.420790496149267456e-07,5.157588912174145719e-07
0.000000000000000000e+00,7.764697315778434621e-08,1.552939463155686924e-07,2.329409194733530519e-07,3.105878926311374378e-07,3.882348657889218237e-07,4.658818389467062096e-07,5.435288121044905955e-07
0.000000000000000000e+00,7.908589988332275218e-08,1.581717997666455044e-07,2.372576996499682565e-07,3.163435995332910087e-07,3.954294994166137609e-07,4.745153992999365131e-07,5.536012991832592123e-07
0.000000000000000000e+00,-7.367984161093753574e-08,-1.473596832218750715e-07,-2.210395248328126072e-07,-2.947193664437501430e-07,-3.683992080546876523e-07,-4.420790496656251615e-07,-5.157588912765626708e-07
0.000000000000000000e+00,-7.764697316802456426e-08,-1.552939463360491285e-07,-2.329409195040736928e-07,-3.105878926720982571e-07,-3.882348658401228478e-07,-4.658818390081474385e-07,-5.435288121761720292e-07
0.000000000000000000e+00,-7.908589989167284268e-08,-1.581717997833456854e-07,-2.372576996750185148e-07,-3.163435995666913178e-07,-3.954294994583641208e-07,-4.745153993500369237e-07,-5.536012992417097797e-07
0.000000000000000000e+00,6.745040002859921407e-08,1.349008000571984281e-07,2.023512000857976290e-07,2.698016001143968034e-07,3.372520001429959777e-07,4.047024001715951521e-07,4.721528002001943265e-07
0.000000000000000000e+00,7.029227561321114001e-08,1.405845512264222800e-07,2.108768268396334200e-07,2.811691024528445600e-07,3.514613780660556736e-07,4.217536536792667871e-07,4.920459292924779006e-07
0.000000000000000000e+00,7.094347387650327220e-08,1.418869477530065444e-07,2.128304216295098298e-07,2.837738955060131417e-07,3.547173693825164536e-07,4.256608432590197655e-07,4.966043171355230775e-07
0.000000000000000000e+00,-6.745040003321964645e-08,-1.349008000664392929e-07,-2.023512000996589526e-07,-2.698016001328786387e-07,-3.372520001660983249e-07,-4.047024001993180111e-07,-4.721528002325376972e-07
0.000000000000000000e+00,-7.029227561966342672e-08,-1.405845512393268534e-07,-2.108768268589902669e-07,-2.811691024786536539e-07,-3.514613780983170409e-07,-4.217536537179804280e-07,-4.920459293376438150e-07
0.000000000000000000e+00,-7.094347388094524532e-08,-1.418869477618904906e-07,-2.128304216428357227e-07,-2.837738955237809284e-07,-3.547173694047261340e-07,-4.256608432856713396e-07,-4.966043171666165982e-07
0.000000000000000000e+00,6.312415479194919638e-08,1.262483095838983928e-07,1.893724643758475759e-07,2.524966191677967326e-07,3.156207739597458892e-07,3.787449287516950459e-07,4.418690835436442026e-07
0.000000000000000000e+00,6.512498863009660478e-08,1.302499772601932096e-07,1.953749658902898011e-07,2.604999545203863662e-07,3.256249431504829313e-07,3.907499317805794963e-07,4.558749204106760614e-07
0.000000000000000000e+00,6.491275428879498470e-08,1.298255085775899694e-07,1.947382628663849541e-07,2.596510171551799388e-07,3.245637714439749235e-07,3.894765257327699082e-07,4.543892800215648929e-07
0.000000000000000000e+00,-6.312415479270284394e-08,-1.262483095854056879e-07,-1.893724643781085186e-07,-2.524966191708113228e-07,-3.156207739635141271e-07,-3.787449287562169313e-07,-4.418690835489197355e-07
0.000000000000000000e+00,-6.512498863270738532e-08,-1.302499772654147706e-07,-1.953749658981221560e-07,-2.604999545308295413e-07,-3.256249431635369266e-07,-3.907499317962443119e-07,-4.558749204289516972e-07
0.000000000000000000e+00,-6.491275428922554214e-08,-1.298255085784510843e-07,-1.947382628676766264e-07,-2.596510171569021685e-07,-3.245637714461277107e-07,-3.894765257353532528e-07,-4.543892800245787950e-07
0.000000000000000000e+00,6.093170303088536291e-08,1.218634060617707258e-07,1.827951090926561020e-07,2.437268121235415046e-07,3.046585151544269072e-07,3.655902181853123098e-07,4.265219212161977124e-07
0.000000000000000000e+00,6.165482686863519510e-08,1.233096537372703902e-07,1.849644806059055721e-07,2.466193074745407274e-07,3.082741343431758828e-07,3.699289612118110382e-07,4.315837880804461936e-07
0.000000000000000000e+00,6.044642913902705650e-08,1.208928582780541130e-07,1.813392874170811563e-07,2.417857165561081731e-07,3.022321456951351899e-07,3.626785748341622067e-07,4.231250039731892235e-07
0.000000000000000000e+00,-6.093170302767525363e-08,-1.218634060553505073e-07,-1.827951090830257609e-07,-2.437268121107010145e-07,-3.046585151383762681e-07,-3.655902181660515218e-07,-4.265219211937267754e-07
0.000000000000000000e+00,-6.165482686733403338e-08,-1.233096537346680668e-07,-1.849644806020021001e-07,-2.466193074693361335e-07,-3.082741343366701404e-07,-3.699289612040041473e-07,-4.315837880713381542e-07
0.000000000000000000e+00,-6.044642913520754671e-08,-1.208928582704150934e-07,-1.813392874056226534e-07,-2.417857165408302398e-07,-3.022321456760378262e-07,-3.626785748112454126e-07,-4.231250039464529991e-07
0.000000000000000000e+00,6.188117864880252197e-08,1.237623572976050439e-07,1.856435359464075659e-07,2.475247145952100879e-07,3.094058932440126098e-07,3.712870718928151318e-07,4.331682505416176538e-07
0.000000000000000000e+00,3.552286001600483087e-18,7.104572003200966173e-18,1.065685800480144926e-17,1.420914400640193235e-17,1.776143000800241389e-17,2.131371600960289544e-17,2.486600201120337698e-17
0.000000000000000000e+00,6.039354163768285881e-08,1.207870832753657176e-07,1.811806249130485764e-07,2.415741665507314352e-07,3.019677081884143205e-07,3.623612498260972058e-07,4.227547914637800911e-07
0.000000000000000000e+00,5.830877718301662346e-08,1.166175543660332469e-07,1.749263315490498770e-07,2.332351087320665203e-07,2.915438859150831901e-07,3.498526630980998598e-07,4.081614402811165296e-07
0.000000000000000000e+00,3.093416488067228198e-08,6.186832976134456397e-08,9.280249464201684595e-08,1.237366595226891279e-07,1.546708244033613967e-07,1.856049892840336654e-07,2.165391541647059342e-07
0.000000000000000000e+00,4.345315981163252080e-18,8.690631962326504159e-18,1.303594794348975624e-17,1.738126392465300832e-17,2.172657990581626040e-17,2.607189588697951248e-17,3.041721186814276456e-17
0.000000000000000000e+00,-6.188117864169320239e-08,-1.237623572833864048e-07,-1.856435359250795939e-07,-2.475247145667727566e-07,-3.094058932084659193e-07,-3.712870718501590820e-07,-4.331682504918522447e-07
0.000000000000000000e+00,-3.093416487356578144e-08,-6.186832974713156287e-08,-9.280249462069734431e-08,-1.237366594942631257e-07,-1.546708243678288939e-07,-1.856049892413946621e-07,-2.165391541149604304e-07
0.000000000000000000e+00,-6.039354163239988785e-08,-1.207870832647997757e-07,-1.811806248971996635e-07,-2.415741665295995514e-07,-3.019677081619994392e-07,-3.623612497943993271e-07,-4.227547914267992149e-07
0.000000000000000000e+00,-5.830877717434018704e-08,-1.166175543486803741e-07,-1.749263315230205545e-07,-2.332351086973607217e-07,-2.915438858717009154e-07,-3.498526630460411090e-07,-4.081614402203813027e-07
0.000000000000000000e+00,1.054773579416543858e-07,2.109547158833087716e-07,3.164320738249631706e-07,4.219094317666175960e-07,5.273867897082720745e-07,6.328641476499265529e-07,7.383415055915810313e-07
0.000000000000000000e+00,8.662084078023114512e-08,1.732416815604622902e-07,2.598625223406934221e-07,3.464833631209245275e-07,4.331042039011556329e-07,5.197250446813867383e-07,6.063458854616178438e-07
0.000000000000000000e+00,-1.079661024697558742e-17,-2.159322049395117483e-17,-3.238983074092675917e-17,-4.318644098790234350e-17,-5.398305123487792784e-17,-6.477966148185351834e-17,-7.557627172882910883e-17
0.000000000000000000e+00,1.276512785207446182e-07,2.553025570414892364e-07,3.829538355622338546e-07,5.106051140829784728e-07,6.382563926037230380e-07,7.659076711244676032e-07,8.935589496452121685e-07
0.000000000000000000e+00,9.331124839800267051e-08,1.866224967960053410e-07,2.799337451940079983e-07,3.732449935920106291e-07,4.665562419900132599e-07,5.598674903880158907e-07,6.531787387860185215e-07
0.000000000000000000e+00,1.022264171868575019e-07,2.044528343737150039e-07,3.066792515605725191e-07,4.089056687474300607e-07,5.111320859342876024e-07,6.133585031211451440e-07,7.155849203080026856e-07
0.000000000000000000e+00,5.272807023315667453e-08,1.054561404663133491e-07,1.581842106994700170e-07,2.109122809326266716e-07,2.636403511657833528e-07,3.163684213989400339e-07,3.690964916320967151e-07
0.000000000000000000e+00,-1.044455347960621481e-17,-2.088910695921242962e-17,-3.133366043881864751e-17,-4.177821391842486540e-17,-5.222276739803108329e-17,-6.266732087763729502e-17,-7.311187435724350675e-17
0.000000000000000000e+00,-1.054773579632527201e-07,-2.109547159265054402e-07,-3.164320738897581735e-07,-4.219094318530109333e-07,-5.273867898162636930e-07,-6.328641477795164528e-07,-7.383415057427692126e-07
0.000000000000000000e+00,-8.662084079936036514e-08,-1.732416815987207303e-07,-2.598625223980810690e-07,-3.464833631974414076e-07,-4.331042039968017463e-07,-5.197250447961621379e-07,-6.063458855955225295e-07
0.000000000000000000e+00,-5.272807025475512133e-08,-1.054561405095102427e-07,-1.581842107642653640e-07,-2.109122810190204853e-07,-2.636403512737756066e-07,-3.163684215285307280e-07,-3.690964917832858493e-07
0.000000000000000000e+00,-1.276512785416359447e-07,-2.553025570832718894e-07,-3.829538356249078340e-07,-5.106051141665437787e-07,-6.382563927081797763e-07,-7.659076712498157739e-07,-8.935589497914517716e-07
0.000000000000000000e+00,-9.331124841837217176e-08,-1.866224968367443435e-07,-2.799337452551165021e-07,-3.732449936734886341e-07,-4.665562420918607662e-07,-5.598674905102328982e-07,-6.531787389286050832e-07
0.000000000000000000e+00,-1.022264172054340197e-07,-2.044528344108680395e-07,-3.066792516163020460e-07,-4.089056688217360260e-07,-5.111320860271700590e-07,-6.133585032326040919e-07,-7.155849204380381249e-07
0.000000000000000000e+00,7.520714674752444961e-08,1.504142934950488992e-07,2.256214402425733621e-07,3.008285869900978514e-07,3.760357337376223407e-07,4.512428804851468300e-07,5.264500272326713193e-07
0.000000000000000000e+00,7.978006823628891865e-08,1.595601364725778373e-07,2.393402047088667560e-07,3.191202729451556746e-07,3.989003411814445933e-07,4.786804094177335119e-07,5.584604776540224306e-07
0.000000000000000000e+00,8.595585469547120324e-08,1.719117093909424065e-07,2.578675640864136362e-07,3.438234187818848659e-07,4.297792734773560956e-07,5.157351281728272724e-07,6.016909828682984491e-07
0.000000000000000000e+00,-7.520714676368808817e-08,-1.504142935273761763e-07,-2.256214402910642513e-07,-3.008285870547522997e-07,-3.760357338184403482e-07,-4.512428805821283967e-07,-5.264500273458164981e-07
0.000000000000000000e+00,-7.978006825394991294e-08,-1.595601365078998259e-07,-2.393402047618497256e-07,-3.191202730157995988e-07,-3.989003412697494721e-07,-4.786804095236993453e-07,-5.584604777776492186e-07
0.000000000000000000e+00,-8.595585471121153709e-08,-1.719117094224230742e-07,-2.578675641336346113e-07,-3.438234188448461484e-07,-4.297792735560576854e-07,-5.157351282672692225e-07,-6.016909829784808126e-07
0.000000000000000000e+00,6.854377813124425810e-08,1.370875562624885162e-07,2.056313343937327743e-07,2.741751125249770324e-07,3.427188906562212905e-07,4.112626687874655486e-07,4.798064469187098597e-07
0.000000000000000000e+00,7.149135402228533269e-08,1.429827080445706654e-07,2.144740620668559981e-07,2.859654160891413308e-07,3.574567701114266635e-07,4.289481241337119962e-07,5.004394781559973818e-07
0.000000000000000000e+00,7.560416369303669514e-08,1.512083273860733903e-07,2.268124910791100854e-07,3.024166547721467805e-07,3.780208184651834492e-07,4.536249821582201179e-07,5.292291458512567865e-07
0.000000000000000000e+00,-6.854377814397612945e-08,-1.370875562879522589e-07,-2.056313344319284016e-07,-2.741751125759045707e-07,-3.427188907198807399e-07,-4.112626688638569090e-07,-4.798064470078330782e-07
0.000000000000000000e+00,-7.149135403672842235e-08,-1.429827080734568447e-07,-2.144740621101852803e-07,-2.859654161469137423e-07,-3.574567701836422044e-07,-4.289481242203706664e-07,-5.004394782570991285e-07
0.000000000000000000e+00,-7.560416370546326404e-08,-1.512083274109265281e-07,-2.268124911163897789e-07,-3.024166548218530032e-07,-3.780208185273162276e-07,-4.536249822327794519e-07,-5.292291459382426233e-07
0.000000000000000000e+00,6.450699147217375549e-08,1.290139829443475110e-07,1.935209744165212665e-07,2.580279658886950220e-07,3.225349573608688039e-07,3.870419488330425859e-07,4.515489403052163679e-07
0.000000000000000000e+00,6.642626322185712261e-08,1.328525264437142452e-07,1.992787896655713546e-07,2.657050528874284375e-07,3.321313161092855204e-07,3.985575793311426033e-07,4.649838425529996862e-07
0.000000000000000000e+00,6.891324940028650872e-08,1.378264988005730174e-07,2.067397482008595129e-07,2.756529976011459820e-07,3.445662470014324510e-07,4.134794964017189200e-07,4.823927458020053890e-07
0.000000000000000000e+00,-6.450699148120095619e-08,-1.290139829624019124e-07,-1.935209744436028686e-07,-2.580279659248038248e-07,-3.225349574060047545e-07,-3.870419488872056842e-07,-4.515489403684066139e-07
0.000000000000000000e+00,-6.642626323265625006e-08,-1.328525264653125001e-07,-1.992787896979687502e-07,-2.657050529306250002e-07,-3.321313161632812238e-07,-3.985575793959374474e-07,-4.649838426285936710e-07
0.000000000000000000e+00,-6.891324940902248891e-08,-1.378264988180449778e-07,-2.067397482270674535e-07,-2.756529976360899027e-07,-3.445662470451123519e-07,-4.134794964541348011e-07,-4.823927458631572503e-07
0.000000000000000000e+00,6.216821852044711368e-08,1.243364370408942274e-07,1.865046555613413411e-07,2.486728740817884547e-07,3.108410926022355949e-07,3.730093111226827350e-07,4.351775296431298752e-07
0.000000000000000000e+00,6.329641588914089702e-08,1.265928317782817940e-07,1.898892476674226911e-07,2.531856635565635881e-07,3.164820794457044586e-07,3.797784953348453292e-07,4.430749112239861998e-07
0.000000000000000000e+00,6.458032510283445942e-08,1.291606502056689188e-07,1.937409753085033783e-07,2.583213004113378377e-07,3.229016255141722706e-07,3.874819506170067036e-07,4.520622757198411366e-07
0.000000000000000000e+00,-6.216821852577828612e-08,-1.243364370515565722e-07,-1.865046555773348583e-07,-2.486728741031131445e-07,-3.108410926288914041e-07,-3.730093111546696638e-07,-4.351775296804479234e-07
0.000000000000000000e+00,-6.329641589625393561e-08,-1.265928317925078712e-07,-1.898892476887618068e-07,-2.531856635850157424e-07,-3.164820794812696780e-07,-3.797784953775236136e-07,-4.430749112737775492e-07
0.000000000000000000e+00,-6.458032510785580308e-08,-1.291606502157116062e-07,-1.937409753235674093e-07,-2.583213004314232123e-07,-3.229016255392790154e-07,-3.874819506471348185e-07,-4.520622757549906216e-07
0.000000000000000000e+00,6.123496153148480828e-08,1.224699230629696166e-07,1.837048845944544116e-07,2.449398461259391802e-07,3.061748076574239487e-07,3.674097691889087173e-07,4.286447307203934859e-07
0.000000000000000000e+00,6.155175905049739792e-08,1.231035181009947958e-07,1.846552771514921937e-07,2.462070362019895917e-07,3.077587952524869896e-07,3.693105543029843875e-07,4.308623133534817854e-07
0.000000000000000000e+00,6.206998958427328081e-08,1.241399791685465616e-07,1.862099687528198424e-07,2.482799583370931233e-07,3.103499479213663776e-07,3.724199375056396319e-07,4.344899270899128863e-07
0.000000000000000000e+00,-6.123496153315086914e-08,-1.224699230663017383e-07,-1.837048845994525942e-07,-2.449398461326034236e-07,-3.061748076657542531e-07,-3.674097691989050825e-07,-4.286447307320559120e-07
0.000000000000000000e+00,-6.155175905386500239e-08,-1.231035181077300048e-07,-1.846552771615950204e-07,-2.462070362154600625e-07,-3.077587952693251046e-07,-3.693105543231901467e-07,-4.308623133770551888e-07
0.000000000000000000e+00,-6.206998958547107805e-08,-1.241399791709421561e-07,-1.862099687564132474e-07,-2.482799583418843651e-07,-3.103499479273554829e-07,-3.724199375128266006e-07,-4.344899270982977184e-07
0.000000000000000000e+00,6.194915457176117293e-08,1.238983091435223459e-07,1.858474637152835320e-07,2.477966182870447446e-07,3.097457728588059573e-07,3.716949274305671699e-07,4.336440820023283825e-07
0.000000000000000000e+00,6.128871839839622582e-08,1.225774367967924516e-07,1.838661551951886775e-07,2.451548735935849033e-07,3.064435919919811291e-07,3.677323103903773549e-07,4.290210287887735808e-07
0.000000000000000000e+00,6.138107967631826850e-08,1.227621593526365370e-07,1.841432390289548187e-07,2.455243187052731270e-07,3.069053983815914352e-07,3.682864780579097434e-07,4.296675577342280516e-07
0.000000000000000000e+00,-6.194915457016190855e-08,-1.238983091403238171e-07,-1.858474637104857256e-07,-2.477966182806476342e-07,-3.097457728508095427e-07,-3.716949274209714513e-07,-4.336440819911333598e-07
0.000000000000000000e+00,-6.128871839831070197e-08,-1.225774367966214039e-07,-1.838661551949321059e-07,-2.451548735932428079e-07,-3.064435919915534834e-07,-3.677323103898641589e-07,-4.290210287881748344e-07
0.000000000000000000e+00,-6.138107967399157488e-08,-1.227621593479831498e-07,-1.841432390219747379e-07,-2.455243186959663524e-07,-3.069053983699579670e-07,-3.682864780439495816e-07,-4.296675577179411962e-07
0.000000000000000000e+00,6.387666502156187144e-08,1.277533300431237429e-07,1.916299950646856143e-07,2.555066600862474858e-07,3.193833251078093308e-07,3.832599901293711757e-07,4.471366551509330207e-07
0.000000000000000000e+00,1.671272147832643909e-18,3.342544295665287819e-18,5.013816443497931536e-18,6.685088591330574867e-18,8.356360739163217428e-18,1.002763288699585999e-17,1.169890503482850255e-17
0.000000000000000000e+00,6.264822904136411590e-08,1.252964580827282318e-07,1.879446871240923477e-07,2.505929161654564636e-07,3.132411452068205530e-07,3.758893742481846424e-07,4.385376032895487319e-07
0.000000000000000000e+00,6.341388313762054026e-08,1.268277662752410805e-07,1.902416494128616340e-07,2.536555325504822140e-07,3.170694156881027939e-07,3.804832988257233739e-07,4.438971819633439539e-07
0.000000000000000000e+00,3.193863342106221333e-08,6.387726684212442666e-08,9.581590026318663337e-08,1.277545336842488268e-07,1.596931671053110203e-07,1.916318005263732138e-07,2.235704339474354073e-07
0.000000000000000000e+00,2.610457221594118908e-18,5.220914443188237815e-18,7.831371664782357108e-18,1.044182888637647717e-17,1.305228610797059723e-17,1.566274332956471730e-17,1.827320055115883736e-17
0.000000000000000000e+00,-6.387666501824586980e-08,-1.277533300364917396e-07,-1.916299950547376094e-07,-2.555066600729834792e-07,-3.193833250912293490e-07,-3.832599901094752188e-07,-4.471366551277210886e-07
0.000000000000000000e+00,-3.193863341772586966e-08,-6.387726683545173933e-08,-9.581590025317761561e-08,-1.277545336709035051e-07,-1.596931670886293946e-07,-1.916318005063552842e-07,-2.235704339240811737e-07
0.000000000000000000e+00,-6.264822903848309215e-08,-1.252964580769661843e-07,-1.879446871154492764e-07,-2.505929161539323686e-07,-3.132411451924154872e-07,-3.758893742308986058e-07,-4.385376032693817244e-07
0.000000000000000000e+00,-6.341388313238704131e-08,-1.268277662647740826e-07,-1.902416493971611372e-07,-2.536555325295482182e-07,-3.170694156619352992e-07,-3.804832987943223802e-07,-4.438971819267094613e-07
0.000000000000000000e+00,5.707854285493468339e-08,1.141570857098693668e-07,1.712356285648040436e-07,2.283141714197387071e-07,2.853927142746733971e-07,3.424712571296080871e-07,3.995497999845427771e-07
0.000000000000000000e+00,5.777832657699797776e-08,1.155566531539959555e-07,1.733349797309939200e-07,2.311133063079918846e-07,2.888916328849898491e-07,3.466699594619878401e-07,4.044482860389858311e-07
0.000000000000000000e+00,-1.167171993922577562e-17,-2.334343987845155124e-17,-3.501515981767732994e-17,-4.668687975690310864e-17,-5.835859969612888734e-17,-7.003031963535465988e-17,-8.170203957458043242e-17
0.000000000000000000e+00,8.180647699438167807e-08,1.636129539887633561e-07,2.454194309831450342e-07,3.272259079775267123e-07,4.090323849719083903e-07,4.908388619662900684e-07,5.726453389606716936e-07
0.000000000000000000e+00,5.691589951614586176e-08,1.138317990322917235e-07,1.707476985484375853e-07,2.276635980645834470e-07,2.845794975807293353e-07,3.414953970968752235e-07,3.984112966130211117e-07
0.000000000000000000e+00,7.172945061485924222e-08,1.434589012297184844e-07,2.151883518445777266e-07,2.869178024594369689e-07,3.586472530742962111e-07,4.303767036891554533e-07,5.021061543040146426e-07
0.000000000000000000e+00,2.851934708600251116e-08,5.703869417200502232e-08,8.555804125800752686e-08,1.140773883440100314e-07,1.425967354300125359e-07,1.711160825160150537e-07,1.996354296020175715e-07
0.000000000000000000e+00,-1.121491426137649120e-17,-2.242982852275298240e-17,-3.364474278412947359e-17,-4.485965704550596479e-17,-5.607457130688244983e-17,-6.728948556825893486e-17,-7.850439982963541990e-17
0.000000000000000000e+00,-5.707854287825693488e-08,-1.141570857565138698e-07,-1.712356286347707914e-07,-2.283141715130277131e-07,-2.853927143912846347e-07,-3.424712572695415828e-07,-3.995498001477985310e-07
0.000000000000000000e+00,-5.777832659754992858e-08,-1.155566531950998572e-07,-1.733349797926497924e-07,-2.311133063901997408e-07,-2.888916329877497157e-07,-3.466699595852996906e-07,-4.044482861828496655e-07
0.000000000000000000e+00,-2.851934710933389472e-08,-5.703869421866778945e-08,-8.555804132800168417e-08,-1.140773884373355789e-07,-1.425967355466694869e-07,-1.711160826560033948e-07,-1.996354297653373028e-07
0.000000000000000000e+00,-8.180647701679492424e-08,-1.636129540335898485e-07,-2.454194310503847860e-07,-3.272259080671797499e-07,-4.090323850839747139e-07,-4.908388621007696778e-07,-5.726453391175646418e-07
0.000000000000000000e+00,-5.691589953807097211e-08,-1.138317990761419442e-07,-1.707476986142129230e-07,-2.276635981522839149e-07,-2.845794976903548804e-07,-3.414953972284258459e-07,-3.984112967664968114e-07
0.000000000000000000e+00,-7.172945063472817347e-08,-1.434589012694563469e-07,-2.151883519041845204e-07,-2.869178025389126939e-07,-3.586472531736408409e-07,-4.303767038083689879e-07,-5.021061544430971349e-07
0.000000000000000000e+00,5.806986681343623259e-08,1.161397336268724652e-07,1.742096004403086911e-07,2.322794672537449039e-07,2.903493340671811166e-07,3.484192008806173294e-07,4.064890676940535421e-07
0.000000000000000000e+00,5.757335756638317835e-08,1.151467151327663567e-07,1.727200726991495417e-07,2.302934302655327399e-07,2.878667878319159381e-07,3.454401453982991363e-07,4.030135029646823345e-07
0.000000000000000000e+00,6.613883072240943930e-08,1.322776614448188786e-07,1.984164921672283179e-07,2.645553228896377572e-07,3.306941536120471965e-07,3.968329843344566358e-07,4.629718150568660751e-07
0.000000000000000000e+00,-5.806986683064703549e-08,-1.161397336612940710e-07,-1.742096004919411197e-07,-2.322794673225881684e-07,-2.903493341532352171e-07,-3.484192009838822394e-07,-4.064890678145292616e-07
0.000000000000000000e+00,-5.757335758525660766e-08,-1.151467151705132153e-07,-1.727200727557698296e-07,-2.302934303410264571e-07,-2.878667879262830846e-07,-3.454401455115397121e-07,-4.030135030967963397e-07
0.000000000000000000e+00,-6.613883073915573065e-08,-1.322776614783114613e-07,-1.984164922174671920e-07,-2.645553229566229226e-07,-3.306941536957786268e-07,-3.968329844349343310e-07,-4.629718151740900352e-07
0.000000000000000000e+00,5.823354698825428186e-08,1.164670939765085637e-07,1.747006409647628390e-07,2.329341879530171010e-07,2.911677349412713630e-07,3.494012819295256250e-07,4.076348289177798870e-07
0.000000000000000000e+00,5.786517794091297296e-08,1.157303558818259459e-07,1.735955338227389189e-07,2.314607117636518918e-07,2.893258897045648912e-07,3.471910676454778907e-07,4.050562455863908901e-07
0.000000000000000000e+00,6.284050860065602591e-08,1.256810172013120518e-07,1.885215258019680645e-07,2.513620344026240507e-07,3.142025430032800369e-07,3.770430516039360231e-07,4.398835602045920093e-07
0.000000000000000000e+00,-5.823354700168823764e-08,-1.164670940033764753e-07,-1.747006410050647195e-07,-2.329341880067529770e-07,-2.911677350084412345e-07,-3.494012820101294920e-07,-4.076348290118177495e-07
0.000000000000000000e+00,-5.786517795617602359e-08,-1.157303559123520472e-07,-1.735955338685280642e-07,-2.314607118247040679e-07,-2.893258897808800716e-07,-3.471910677370560754e-07,-4.050562456932320791e-07
0.000000000000000000e+00,-6.284050861378827914e-08,-1.256810172275765583e-07,-1.885215258413648374e-07,-2.513620344551531166e-07,-3.142025430689413957e-07,-3.770430516827296748e-07,-4.398835602965179540e-07
0.000000000000000000e+00,5.854832979865428151e-08,1.170966595973085630e-07,1.756449893959628578e-07,2.341933191946171525e-07,2.927416489932714473e-07,3.512899787919257155e-07,4.098383085905799838e-07
0.000000000000000000e+00,5.816172643653004989e-08,1.163234528730600998e-07,1.744851793095901497e-07,2.326469057461201996e-07,2.908086321826502759e-07,3.489703586191803523e-07,4.071320850557104286e-07
0.000000000000000000e+00,6.104175811830950612e-08,1.220835162366190122e-07,1.831252743549285184e-07,2.441670324732380245e-07,3.052087905915475571e-07,3.662505487098570897e-07,4.272923068281666223e-07
0.000000000000000000e+00,-5.854832980827529201e-08,-1.170966596165505840e-07,-1.756449894248258760e-07,-2.341933192331011680e-07,-2.927416490413764600e-07,-3.512899788496517521e-07,-4.098383086579270441e-07
0.000000000000000000e+00,-5.816172644796696668e-08,-1.163234528959339334e-07,-1.744851793439008868e-07,-2.326469057918678402e-07,-2.908086322398347937e-07,-3.489703586878017736e-07,-4.071320851357687535e-07
0.000000000000000000e+00,-6.104175812768277272e-08,-1.220835162553655454e-07,-1.831252743830483182e-07,-2.441670325107310909e-07,-3.052087906384138901e-07,-3.662505487660966892e-07,-4.272923068937794884e-07
0.000000000000000000e+00,5.929241146639243551e-08,1.185848229327848710e-07,1.778772343991772999e-07,2.371696458655697156e-07,2.964620573319621048e-07,3.557544687983544939e-07,4.150468802647468831e-07
0.000000000000000000e+00,5.870994800932950966e-08,1.174198960186590193e-07,1.761298440279885290e-07,2.348397920373180386e-07,2.935497400466475218e-07,3.522596880559770050e-07,4.109696360653064882e-07
0.000000000000000000e+00,6.033833258439788227e-08,1.206766651687957645e-07,1.810149977531936336e-07,2.413533303375914761e-07,3.016916629219893187e-07,3.620299955063871612e-07,4.223683280907850038e-07
0.000000000000000000e+00,-5.929241147220216170e-08,-1.185848229444043234e-07,-1.778772344166064851e-07,-2.371696458888086468e-07,-2.964620573610107820e-07,-3.557544688332129173e-07,-4.150468803054150525e-07
0.000000000000000000e+00,-5.870994801696193164e-08,-1.174198960339238633e-07,-1.761298440508857883e-07,-2.348397920678477001e-07,-2.935497400848096384e-07,-3.522596881017715766e-07,-4.109696361187335149e-07
0.000000000000000000e+00,-6.033833259003259689e-08,-1.206766651800651938e-07,-1.810149977700977907e-07,-2.413533303601303876e-07,-3.016916629501629580e-07,-3.620299955401955284e-07,-4.223683281302280989e-07
0.000000000000000000e+00,6.043025742648260931e-08,1.208605148529652186e-07,1.812907722794478147e-07,2.417210297059303843e-07,3.021512871324129539e-07,3.625815445588955235e-07,4.230118019853780931e-07
0.000000000000000000e+00,5.968964859118539559e-08,1.193792971823707912e-07,1.790689457735561868e-07,2.387585943647415824e-07,2.984482429559269780e-07,3.581378915471123736e-07,4.178275401382977691e-07
0.000000000000000000e+00,6.068118451265101291e-08,1.213623690253020258e-07,1.820435535379530387e-07,2.427247380506040516e-07,3.034059225632550645e-07,3.640871070759060775e-07,4.247682915885570904e-07
0.000000000000000000e+00,-6.043025742878223759e-08,-1.208605148575644752e-07,-1.812907722863467128e-07,-2.417210297151289504e-07,-3.021512871439111615e-07,-3.625815445726933726e-07,-4.230118020014755837e-07
0.000000000000000000e+00,-5.968964859510210241e-08,-1.193792971902042048e-07,-1.790689457853063072e-07,-2.387585943804084096e-07,-2.984482429755105385e-07,-3.581378915706126674e-07,-4.178275401657147963e-07
0.000000000000000000e+00,-6.068118451472493338e-08,-1.213623690294498668e-07,-1.820435535441748134e-07,-2.427247380588997864e-07,-3.034059225736247595e-07,-3.640871070883497326e-07,-4.247682916030747057e-07
0.000000000000000000e+00,6.278506469538524721e-08,1.255701293907704944e-07,1.883551940861557549e-07,2.511402587815410418e-07,3.139253234769263287e-07,3.767103881723116156e-07,4.394954528676969025e-07
0.000000000000000000e+00,6.154198014001542268e-08,1.230839602800308454e-07,1.846259404200462548e-07,2.461679205600616378e-07,3.077099007000770208e-07,3.692518808400924037e-07,4.307938609801077867e-07
0.000000000000000000e+00,6.189710987381103360e-08,1.237942197476220672e-07,1.856913296214331008e-07,2.475884394952441344e-07,3.094855493690551680e-07,3.713826592428662016e-07,4.332797691166772352e-07
0.000000000000000000e+00,-6.278506469528114157e-08,-1.255701293905622831e-07,-1.883551940858434115e-07,-2.511402587811245133e-07,-3.139253234764056152e-07,-3.767103881716867170e-07,-4.394954528669678189e-07
0.000000000000000000e+00,-6.154198014082342594e-08,-1.230839602816468519e-07,-1.846259404224702778e-07,-2.461679205632937038e-07,-3.077099007041171562e-07,-3.692518808449406086e-07,-4.307938609857640610e-07
0.000000000000000000e+00,-6.189710987290720974e-08,-1.237942197458144195e-07,-1.856913296187216424e-07,-2.475884394916288919e-07,-3.094855493645361413e-07,-3.713826592374433908e-07,-4.332797691103506402e-07
0.000000000000000000e+00,6.009229863969470246e-08,1.201845972793894049e-07,1.802768959190841206e-07,2.403691945587787569e-07,3.004614931984734197e-07,3.605537918381680824e-07,4.206460904778627452e-07
0.000000000000000000e+00,-3.734995356649446177e-19,-7.469990713298892353e-19,-1.120498606994833997e-18,-1.493998142659778086e-18,-1.867497678324722751e-18,-2.240997213989667225e-18,-2.614496749654611698e-18
0.000000000000000000e+00,6.270717164250075368e-08,1.254143432850015074e-07,1.881215149275022478e-07,2.508286865700029618e-07,3.135358582125036757e-07,3.762430298550043897e-07,4.389502014975051037e-07
0.000000000000000000e+00,6.260267862432564963e-08,1.252053572486512993e-07,1.878080358729769357e-07,2.504107144973025456e-07,3.130133931216281555e-07,3.756160717459537654e-07,4.382187503702793754e-07
0.000000000000000000e+00,3.001645573652970231e-08,6.003291147305940462e-08,9.004936720958911355e-08,1.200658229461188357e-07,1.500822786826485579e-07,1.800987344191783065e-07,2.101151901557080022e-07
0.000000000000000000e+00,7.317852922785169090e-19,1.463570584557033818e-18,2.195355876835550727e-18,2.927141169114067636e-18,3.658926461392584930e-18,4.390711753671102224e-18,5.122497045949619519e-18
0.000000000000000000e+00,-6.009229864043676950e-08,-1.201845972808735390e-07,-1.802768959213103350e-07,-2.403691945617470780e-07,-3.004614932021838475e-07,-3.605537918426206699e-07,-4.206460904830573865e-07
0.000000000000000000e+00,-3.001645573727734785e-08,-6.003291147455469570e-08,-9.004936721183204356e-08,-1.200658229491093914e-07,-1.500822786863867260e-07,-1.800987344236640342e-07,-2.101151901609413953e-07
0.000000000000000000e+00,-6.270717164228075010e-08,-1.254143432845615002e-07,-1.881215149268422503e-07,-2.508286865691230004e-07,-3.135358582114037505e-07,-3.762430298536845006e-07,-4.389502014959652507e-07
0.000000000000000000e+00,-6.260267862288217314e-08,-1.252053572457643463e-07,-1.878080358686465327e-07,-2.504107144915287455e-07,-3.130133931144109583e-07,-3.756160717372931712e-07,-4.382187503601753840e-07
0.000000000000000000e+00,9.400062630623036816e-09,1.880012526124607363e-08,2.820018789186911210e-08,3.760025052249215388e-08,4.700031315311519566e-08,5.640037578373823744e-08,6.580043841436128584e-08
0.000000000000000000e+00,2.899307477908382597e-08,5.798614955816765193e-08,8.697922433725148121e-08,1.159722991163353171e-07,1.449653738954191530e-07,1.739584486745029889e-07,2.029515234535868248e-07
0.000000000000000000e+00,-1.267059252538694371e-17,-2.534118505077388742e-17,-3.801177757616082958e-17,-5.068237010154776867e-17,-6.335296262693471392e-17,-7.602355515232165916e-17,-8.869414767770860441e-17
0.000000000000000000e+00,3.238634926982505026e-08,6.477269853965010053e-08,9.715904780947515079e-08,1.295453970793002011e-07,1.619317463491252513e-07,1.943180956189503016e-07,2.267044448887753518e-07
0.000000000000000000e+00,2.098652548204212782e-08,4.197305096408425563e-08,6.295957644612637683e-08,8.394610192816849803e-08,1.049326274102106192e-07,1.259191528922527537e-07,1.469056783742948881e-07
0.000000000000000000e+00,4.341028713012923339e-08,8.682057426025846677e-08,1.302308613903877134e-07,1.736411485205169600e-07,2.170514356506462066e-07,2.604617227807754268e-07,3.038720099109046469e-07
0.000000000000000000e+00,4.677973546736179004e-09,9.355947093472358009e-09,1.403392064020853784e-08,1.871189418694471933e-08,2.338986773368090081e-08,2.806784128041708230e-08,3.274581482715326378e-08
0.000000000000000000e+00,-1.215524125574404921e-17,-2.431048251148809841e-17,-3.646572376723214608e-17,-4.862096502297619066e-17,-6.077620627872023525e-17,-7.293144753446427983e-17,-8.508668879020832441e-17
0.000000000000000000e+00,-9.400062655925231131e-09,-1.880012531185046226e-08,-2.820018796777569174e-08,-3.760025062370091791e-08,-4.700031327962614407e-08,-5.640037593555137024e-08,-6.580043859147658979e-08
0.000000000000000000e+00,-2.899307480202890295e-08,-5.798614960405780590e-08,-8.697922440608671216e-08,-1.159722992081156250e-07,-1.449653740101445512e-07,-1.739584488121734773e-07,-2.029515236142024034e-07
0.000000000000000000e+00,-4.677973572069653981e-09,-9.355947144139307962e-09,-1.403392071620896277e-08,-1.871189428827861923e-08,-2.338986786034827570e-08,-2.806784143241793216e-08,-3.274581500448759193e-08
0.000000000000000000e+00,-3.238634929411650597e-08,-6.477269858823301194e-08,-9.715904788234952453e-08,-1.295453971764660504e-07,-1.619317464705825762e-07,-1.943180957646991020e-07,-2.267044450588156278e-07
0.000000000000000000e+00,-2.098652550617951948e-08,-4.197305101235903896e-08,-6.295957651853856175e-08,-8.394610202471809115e-08,-1.049326275308976206e-07,-1.259191530370771500e-07,-1.469056785432566794e-07
0.000000000000000000e+00,-4.341028715189758970e-08,-8.682057430379517940e-08,-1.302308614556927625e-07,-1.736411486075903323e-07,-2.170514357594879022e-07,-2.604617229113854720e-07,-3.038720100632830684e-07
0.000000000000000000e+00,4.085321781789021784e-08,8.170643563578043567e-08,1.225596534536706535e-07,1.634128712715608713e-07,2.042660890894510892e-07,2.451193069073413070e-07,2.859725247252315248e-07
0.000000000000000000e+00,3.546239652990193643e-08,7.092479305980387286e-08,1.063871895897058027e-07,1.418495861196077192e-07,1.773119826495096358e-07,2.127743791794115524e-07,2.482367757093134425e-07
0.000000000000000000e+00,4.965914214176378877e-08,9.931828428352757755e-08,1.489774264252913597e-07,1.986365685670551286e-07,2.482957107088188976e-07,2.979548528505826665e-07,3.476139949923464354e-07
0.000000000000000000e+00,-4.085321783793905756e-08,-8.170643567587811513e-08,-1.225596535138171661e-07,-1.634128713517562038e-07,-2.042660891896952415e-07,-2.451193070276342792e-07,-2.859725248655732904e-07
0.000000000000000000e+00,-3.546239655138503455e-08,-7.092479310277006909e-08,-1.063871896541551103e-07,-1.418495862055401647e-07,-1.773119827569252191e-07,-2.127743793083102735e-07,-2.482367758596953543e-07
0.000000000000000000e+00,-4.965914216041769097e-08,-9.931828432083538194e-08,-1.489774264812530795e-07,-1.986365686416707903e-07,-2.482957108020885012e-07,-2.979548529625062120e-07,-3.476139951229239228e-07
0.000000000000000000e+00,4.771134011238533603e-08,9.542268022477067206e-08,1.431340203371560213e-07,1.908453604495413706e-07,2.385567005619267199e-07,2.862680406743120426e-07,3.339793807866973654e-07
0.000000000000000000e+00,4.416487453101532909e-08,8.832974906203065817e-08,1.324946235930459939e-07,1.766594981240613428e-07,2.208243726550766917e-07,2.649892471860920407e-07,3.091541217171073632e-07
0.000000000000000000e+00,5.339752865637790223e-08,1.067950573127558045e-07,1.601925859691337133e-07,2.135901146255116354e-07,2.669876432818895575e-07,3.203851719382674796e-07,3.737827005946454017e-07
0.000000000000000000e+00,-4.771134012922340473e-08,-9.542268025844680945e-08,-1.431340203876702076e-07,-1.908453605168935924e-07,-2.385567006461169773e-07,-2.862680407753403622e-07,-3.339793809045637471e-07
0.000000000000000000e+00,-4.416487454943520534e-08,-8.832974909887041068e-08,-1.324946236483056028e-07,-1.766594981977407949e-07,-2.208243727471759870e-07,-2.649892472966112056e-07,-3.091541218460464242e-07
0.000000000000000000e+00,-5.339752867153678105e-08,-1.067950573430735621e-07,-1.601925860146103299e-07,-2.135901146861470977e-07,-2.669876433576838656e-07,-3.203851720292206598e-07,-3.737827007007574541e-07
0.000000000000000000e+00,5.209452863924229155e-08,1.041890572784845831e-07,1.562835859177268747e-07,2.083781145569691662e-07,2.604726431962114313e-07,3.125671718354536964e-07,3.646617004746959615e-07
0.000000000000000000e+00,4.959526875416947721e-08,9.919053750833895441e-08,1.487858062625084316e-07,1.983810750166779088e-07,2.479763437708473596e-07,2.975716125250168103e-07,3.471668812791862610e-07
0.000000000000000000e+00,5.582468484158423953e-08,1.116493696831684791e-07,1.674740545247527318e-07,2.232987393663369846e-07,2.791234242079212373e-07,3.349481090495054636e-07,3.907727938910896899e-07
0.000000000000000000e+00,-5.209452865262700692e-08,-1.041890573052540138e-07,-1.562835859578810274e-07,-2.083781146105080542e-07,-2.604726432631350809e-07,-3.125671719157621077e-07,-3.646617005683891345e-07
0.000000000000000000e+00,-4.959526876918858235e-08,-9.919053753837716471e-08,-1.487858063075657404e-07,-1.983810750767543029e-07,-2.479763438459428654e-07,-2.975716126151314279e-07,-3.471668813843199904e-07
0.000000000000000000e+00,-5.582468485310808307e-08,-1.116493697062161661e-07,-1.674740545593242492e-07,-2.232987394124323323e-07,-2.791234242655404418e-07,-3.349481091186485514e-07,-3.907727939717566609e-07
0.000000000000000000e+00,5.525948487391075268e-08,1.105189697478215054e-07,1.657784546217322647e-07,2.210379394956430372e-07,2.762974243695537833e-07,3.315569092434645293e-07,3.868163941173752754e-07
0.000000000000000000e+00,5.336412631256135252e-08,1.067282526251227050e-07,1.600923789376840509e-07,2.134565052502453836e-07,2.668206315628067163e-07,3.201847578753680490e-07,3.735488841879293816e-07
0.000000000000000000e+00,5.769613220977249877e-08,1.153922644195449975e-07,1.730883966293175029e-07,2.307845288390900215e-07,2.884806610488625402e-07,3.461767932586350588e-07,4.038729254684075774e-07
0.000000000000000000e+00,-5.525948488373397906e-08,-1.105189697674679581e-07,-1.657784546512019438e-07,-2.210379395349359427e-07,-2.762974244186699416e-07,-3.315569093024039405e-07,-3.868163941861379394e-07
0.000000000000000000e+00,-5.336412632411701936e-08,-1.067282526482340387e-07,-1.600923789723510448e-07,-2.134565052964680510e-07,-2.668206316205850571e-07,-3.201847579447020897e-07,-3.735488842688191223e-07
0.000000000000000000e+00,-5.769613221761444891e-08,-1.153922644352288978e-07,-1.730883966528433401e-07,-2.307845288704577692e-07,-2.884806610880721717e-07,-3.461767933056865743e-07,-4.038729255233009769e-07
0.000000000000000000e+00,5.772263610475111857e-08,1.154452722095022371e-07,1.731679083142533425e-07,2.308905444190044478e-07,2.886131805237555531e-07,3.463358166285066850e-07,4.040584527332578168e-07
0.000000000000000000e+00,5.625703170957604226e-08,1.125140634191520845e-07,1.687710951287281202e-07,2.250281268383041426e-07,2.812851585478801914e-07,3.375421902574562403e-07,3.937992219670322892e-07
0.000000000000000000e+00,5.983616303002908113e-08,1.196723260600581623e-07,1.795084890900872434e-07,2.393446521201163245e-07,2.991808151501453792e-07,3.590169781801744338e-07,4.188531412102034885e-07
0.000000000000000000e+00,-5.772263611075106983e-08,-1.154452722215021397e-07,-1.731679083322532161e-07,-2.308905444430043058e-07,-2.886131805537553955e-07,-3.463358166645064852e-07,-4.040584527752575749e-07
0.000000000000000000e+00,-5.625703171741595422e-08,-1.125140634348319084e-07,-1.687710951522478693e-07,-2.250281268696638434e-07,-2.812851585870798174e-07,-3.375421903044957915e-07,-3.937992220219117656e-07
0.000000000000000000e+00,-5.983616303425733725e-08,-1.196723260685146745e-07,-1.795084891027720118e-07,-2.393446521370293490e-07,-2.991808151712866863e-07,-3.590169782055440235e-07,-4.188531412398013608e-07
0.000000000000000000e+00,6.111031898951417057e-08,1.222206379790283411e-07,1.833309569685425117e-07,2.444412759580566823e-07,3.055515949475708264e-07,3.666619139370849705e-07,4.277722329265991146e-07
0.000000000000000000e+00,5.932281767855626014e-08,1.186456353571125203e-07,1.779684530356687672e-07,2.372912707142250141e-07,2.966140883927812610e-07,3.559369060713375344e-07,4.152597237498938078e-07
0.000000000000000000e+00,6.141127083007539381e-08,1.228225416601507876e-07,1.842338124902261814e-07,2.456450833203015752e-07,3.070563541503769955e-07,3.684676249804524158e-07,4.298788958105278361e-07
0.000000000000000000e+00,-6.111031899232526117e-08,-1.222206379846505223e-07,-1.833309569769757835e-07,-2.444412759693010447e-07,-3.055515949616262794e-07,-3.666619139539515141e-07,-4.277722329462767488e-07
0.000000000000000000e+00,-5.932281768267817393e-08,-1.186456353653563479e-07,-1.779684530480345218e-07,-2.372912707307126957e-07,-2.966140884133908432e-07,-3.559369060960689906e-07,-4.152597237787471381e-07
0.000000000000000000e+00,-6.141127083152070995e-08,-1.228225416630414199e-07,-1.842338124945621166e-07,-2.456450833260827869e-07,-3.070563541576034571e-07,-3.684676249891241273e-07,-4.298788958206447976e-07
0.000000000000000000e+00,6.245836178329124481e-08,1.249167235665824896e-07,1.873750853498737212e-07,2.498334471331649263e-07,3.122918089164561314e-07,3.747501706997473365e-07,4.372085324830385416e-07
0.000000000000000000e+00,6.161723787091362629e-08,1.232344757418272526e-07,1.848517136127408656e-07,2.464689514836544522e-07,3.080861893545680388e-07,3.697034272254816254e-07,4.313206650963952120e-07
0.000000000000000000e+00,6.437210925242072906e-08,1.287442185048414581e-07,1.931163277572621872e-07,2.574884370096829163e-07,3.218605462621036188e-07,3.862326555145243214e-07,4.506047647669450240e-07
0.000000000000000000e+00,-6.245836178476636592e-08,-1.249167235695327318e-07,-1.873750853542990978e-07,-2.498334471390654637e-07,-3.122918089238318296e-07,-3.747501707085981955e-07,-4.372085324933645614e-07
0.000000000000000000e+00,-6.161723787273131929e-08,-1.232344757454626386e-07,-1.848517136181939579e-07,-2.464689514909252772e-07,-3.080861893636565964e-07,-3.697034272363879157e-07,-4.313206651091192350e-07
0.000000000000000000e+00,-6.437210925346027672e-08,-1.287442185069205534e-07,-1.931163277603808302e-07,-2.574884370138411069e-07,-3.218605462673013836e-07,-3.862326555207616603e-07,-4.506047647742219370e-07
0.000000000000000000e+00,-3.064036340431202812e-08,-6.128072680862405624e-08,-9.192109021293609098e-08,-1.225614536172481390e-07,-1.532018170215601869e-07,-1.838421804258722349e-07,-2.144825438301842829e-07
0.000000000000000000e+00,-6.267106435683887725e-10,-1.253421287136777545e-09,-1.880131930705166421e-09,-2.506842574273555504e-09,-3.133553217841944587e-09,-3.760263861410333669e-09,-4.386974504978722338e-09
0.000000000000000000e+00,-1.376096855021618447e-17,-2.752193710043236893e-17,-4.128290565064855186e-17,-5.504387420086473170e-17,-6.880484275108091155e-17,-8.256581130129709139e-17,-9.632677985151327123e-17
0.000000000000000000e+00,-1.221508521159625118e-08,-2.443017042319250236e-08,-3.664525563478875189e-08,-4.886034084638499811e-08,-6.107542605798125095e-08,-7.329051126957750378e-08,-8.550559648117375662e-08
0.000000000000000000e+00,-1.291584229077193736e-08,-2.583168458154387472e-08,-3.874752687231581373e-08,-5.166336916308775605e-08,-6.457921145385969175e-08,-7.749505374463162745e-08,-9.041089603540356316e-08
0.000000000000000000e+00,1.318316892291761019e-08,2.636633784583522037e-08,3.954950676875283056e-08,5.273267569167044075e-08,6.591584461458805755e-08,7.909901353750567436e-08,9.228218246042329116e-08
0.000000000000000000e+00,-1.532922702636102591e-08,-3.065845405272205183e-08,-4.598768107908308105e-08,-6.131690810544411689e-08,-7.664613513180515274e-08,-9.197536215816618858e-08,-1.073045891845272244e-07
0.000000000000000000e+00,-1.320886223542787575e-17,-2.641772447085575150e-17,-3.962658670628362571e-17,-5.283544894171149683e-17,-6.604431117713937412e-17,-7.925317341256725141e-17,-9.246203564799512870e-17
0.000000000000000000e+00,3.064036337680045755e-08,6.128072675360091510e-08,9.192109013040137265e-08,1.225614535072018302e-07,1.532018168840022745e-07,1.838421802608027188e-07,2.144825436376031632e-07
0.000000000000000000e+00,6.267106180402048887e-10,1.253421236080409777e-09,1.880131854120614666e-09,2.506842472160819555e-09,3.133553090201024444e-09,3.760263708241229332e-09,4.386974326281433808e-09
0.000000000000000000e+00,1.532922699884033320e-08,3.065845399768066639e-08,4.598768099652099959e-08,6.131690799536133279e-08,7.664613499420165937e-08,9.197536199304198595e-08,1.073045889918823125e-07
0.000000000000000000e+00,1.221508518519312414e-08,2.443017037038624828e-08,3.664525555557937242e-08,4.886034074077249656e-08,6.107542592596562070e-08,7.329051111115874484e-08,8.550559629635186898e-08
0.000000000000000000e+00,1.291584226425603913e-08,2.583168452851207826e-08,3.874752679276811738e-08,5.166336905702415651e-08,6.457921132128018902e-08,7.749505358553622153e-08,9.041089584979225404e-08
0.000000000000000000e+00,-1.318316894715316172e-08,-2.636633789430632344e-08,-3.954950684145948516e-08,-5.273267578861264688e-08,-6.591584473576580860e-08,-7.909901368291897032e-08,-9.228218263007213204e-08
0.000000000000000000e+00,2.001448997905426532e-08,4.002897995810853063e-08,6.004346993716279595e-08,8.005795991621706126e-08,1.000724498952713266e-07,1.200869398743255919e-07,1.401014298533798572e-07
0.000000000000000000e+00,1.129459172675026176e-08,2.258918345350052352e-08,3.388377518025078694e-08,4.517836690700105366e-08,5.647295863375132039e-08,6.776755036050158711e-08,7.906214208725185384e-08
0.000000000000000000e+00,2.975216746607033451e-08,5.950433493214066903e-08,8.925650239821100354e-08,1.190086698642813381e-07,1.487608373303516726e-07,1.785130047964220071e-07,2.082651722624923416e-07
0.000000000000000000e+00,-2.001449000218201025e-08,-4.002898000436402050e-08,-6.004347000654603075e-08,-8.005796000872804100e-08,-1.000724500109100512e-07,-1.200869400130920615e-07,-1.401014300152740585e-07
0.000000000000000000e+00,-1.129459175107715223e-08,-2.258918350215430446e-08,-3.388377525323145669e-08,-4.517836700430860893e-08,-5.647295875538576116e-08,-6.776755050646291339e-08,-7.906214225754005900e-08
0.000000000000000000e+00,-2.975216748766091317e-08,-5.950433497532182634e-08,-8.925650246298273952e-08,-1.190086699506436527e-07,-1.487608374383045659e-07,-1.785130049259654790e-07,-2.082651724136263922e-07
0.000000000000000000e+00,3.345524374683589014e-08,6.691048749367178028e-08,1.003657312405076638e-07,1.338209749873435341e-07,1.672762187341794044e-07,2.007314624810152747e-07,2.341867062278511450e-07
0.000000000000000000e+00,2.744235644494051384e-08,5.488471288988102769e-08,8.232706933482154153e-08,1.097694257797620554e-07,1.372117822247025692e-07,1.646541386696430831e-07,1.920964951145835969e-07
0.000000000000000000e+00,4.033091987309829802e-08,8.066183974619659604e-08,1.209927596192948808e-07,1.613236794923931656e-07,2.016545993654914504e-07,2.419855192385897617e-07,2.823164391116880729e-07
0.000000000000000000e+00,-3.345524376709726235e-08,-6.691048753419452469e-08,-1.003657313012917804e-07,-1.338209750683890229e-07,-1.672762188354862654e-07,-2.007314626025835079e-07,-2.341867063696807504e-07
0.000000000000000000e+00,-2.744235646662751529e-08,-5.488471293325503059e-08,-8.232706939988253926e-08,-1.097694258665100479e-07,-1.372117823331375566e-07,-1.646541387997650785e-07,-1.920964952663926004e-07
0.000000000000000000e+00,-4.033091989166005891e-08,-8.066183978332011783e-08,-1.209927596749801767e-07,-1.613236795666402357e-07,-2.016545994583002946e-07,-2.419855193499603535e-07,-2.823164392416204389e-07
0.000000000000000000e+00,4.250219620338098365e-08,8.500439240676196729e-08,1.275065886101429443e-07,1.700087848135239081e-07,2.125109810169048719e-07,2.550131772202858357e-07,2.975153734236667995e-07
0.000000000000000000e+00,3.820939364442301477e-08,7.641878728884602955e-08,1.146281809332690443e-07,1.528375745776920591e-07,1.910469682221150871e-07,2.292563618665381151e-07,2.674657555109611431e-07
0.000000000000000000e+00,4.731013531024967098e-08,9.462027062049934195e-08,1.419304059307490129e-07,1.892405412409986839e-07,2.365506765512483549e-07,2.838608118614980259e-07,3.311709471717476968e-07
0.000000000000000000e+00,-4.250219622037649459e-08,-8.500439244075298919e-08,-1.275065886611294838e-07,-1.700087848815059784e-07,-2.125109811018824730e-07,-2.550131773222589676e-07,-2.975153735426354357e-07
0.000000000000000000e+00,-3.820939366300484638e-08,-7.641878732600969275e-08,-1.146281809890145457e-07,-1.528375746520194120e-07,-1.910469683150242782e-07,-2.292563619780291444e-07,-2.674657556410340107e-07
0.000000000000000000e+00,-4.731013532546937073e-08,-9.462027065093874146e-08,-1.419304059764081122e-07,-1.892405413018774829e-07,-2.365506766273468537e-07,-2.838608119528162244e-07,-3.311709472782855951e-07
0.000000000000000000e+00,4.882418725722558009e-08,9.764837451445116018e-08,1.464725617716767535e-07,1.952967490289023468e-07,2.441209362861279402e-07,2.929451235433535070e-07,3.417693108005790739e-07
0.000000000000000000e+00,4.567156085656182867e-08,9.134312171312365733e-08,1.370146825696854794e-07,1.826862434262472882e-07,2.283578042828090970e-07,2.740293651393709058e-07,3.197009259959327146e-07
0.000000000000000000e+00,5.222415443564987097e-08,1.044483088712997419e-07,1.566724633069496261e-07,2.088966177425995103e-07,2.611207721782493946e-07,3.133449266138992523e-07,3.655690810495491100e-07
0.000000000000000000e+00,-4.882418727051830636e-08,-9.764837454103661272e-08,-1.464725618115549058e-07,-1.952967490820731990e-07,-2.441209363525914921e-07,-2.929451236231098117e-07,-3.417693108936281313e-07
0.000000000000000000e+00,-4.567156087169364213e-08,-9.134312174338728427e-08,-1.370146826150809396e-07,-1.826862434867745950e-07,-2.283578043584682504e-07,-2.740293652301618793e-07,-3.197009261018555082e-07
0.000000000000000000e+00,-5.222415444729092931e-08,-1.044483088945818586e-07,-1.566724633418727946e-07,-2.088966177891637437e-07,-2.611207722364546929e-07,-3.133449266837456421e-07,-3.655690811310365912e-07
0.000000000000000000e+00,5.360762551961751209e-08,1.072152510392350242e-07,1.608228765588525230e-07,2.144305020784700219e-07,2.680381275980875207e-07,3.216457531177050461e-07,3.752533786373225714e-07
0.000000000000000000e+00,5.113881469142099655e-08,1.022776293828419931e-07,1.534164440742630029e-07,2.045552587656840127e-07,2.556940734571050225e-07,3.068328881485260058e-07,3.579717028399469891e-07
0.000000000000000000e+00,5.599861366590269696e-08,1.119972273318053939e-07,1.679958409977080843e-07,2.239944546636107614e-07,2.799930683295134120e-07,3.359916819954160627e-07,3.919902956613187133e-07
0.000000000000000000e+00,-5.360762552893929496e-08,-1.072152510578785899e-07,-1.608228765868178981e-07,-2.144305021157572063e-07,-2.680381276446965145e-07,-3.216457531736357962e-07,-3.752533787025750780e-07
0.000000000000000000e+00,-5.113881470266849560e-08,-1.022776294053369912e-07,-1.534164441080054868e-07,-2.045552588106739824e-07,-2.556940735133424515e-07,-3.068328882160109206e-07,-3.579717029186793898e-07
0.000000000000000000e+00,-5.599861367356540699e-08,-1.119972273471308140e-07,-1.679958410206962143e-07,-2.239944546942616015e-07,-2.799930683678269886e-07,-3.359916820413923758e-07,-3.919902957149577629e-07
0.000000000000000000e+00,5.750588125505534237e-08,1.150117625101106847e-07,1.725176437651660337e-07,2.300235250202213959e-07,2.875294062752767582e-07,3.450352875303321204e-07,4.025411687853874826e-07
0.000000000000000000e+00,5.547919470508678113e-08,1.109583894101735623e-07,1.664375841152603500e-07,2.219167788203471510e-07,2.773959735254339520e-07,3.328751682305207530e-07,3.883543629356075539e-07
0.000000000000000000e+00,5.952114813733781778e-08,1.190422962746756356e-07,1.785634444120134533e-07,2.380845925493512711e-07,2.976057406866890624e-07,3.571268888240268538e-07,4.166480369613646451e-07
0.000000000000000000e+00,-5.750588126034960931e-08,-1.150117625206992186e-07,-1.725176437810488279e-07,-2.300235250413984372e-07,-2.875294063017480201e-07,-3.450352875620976029e-07,-4.025411688224471858e-07
0.000000000000000000e+00,-5.547919471222712991e-08,-1.109583894244542598e-07,-1.664375841366813897e-07,-2.219167788489085196e-07,-2.773959735611356496e-07,-3.328751682733627795e-07,-3.883543629855899094e-07
0.000000000000000000e+00,-5.952114814141207273e-08,-1.190422962828241455e-07,-1.785634444242362182e-07,-2.380845925656482909e-07,-2.976057407070603636e-07,-3.571268888484724364e-07,-4.166480369898845091e-07
0.000000000000000000e+00,6.114888934874554830e-08,1.222977786974910966e-07,1.834466680462366449e-07,2.445955573949821932e-07,3.057444467437277150e-07,3.668933360924732369e-07,4.280422254412187587e-07
0.000000000000000000e+00,5.959424069310384794e-08,1.191884813862076959e-07,1.787827220793115504e-07,2.383769627724154182e-07,2.979712034655192860e-07,3.575654441586231538e-07,4.171596848517270216e-07
0.000000000000000000e+00,6.253768882854694985e-08,1.250753776570938997e-07,1.876130664856408628e-07,2.501507553141878523e-07,3.126884441427348419e-07,3.752261329712818314e-07,4.377638217998288210e-07
0.000000000000000000e+00,-6.114888935105878205e-08,-1.222977787021175641e-07,-1.834466680531763594e-07,-2.445955574042351811e-07,-3.057444467552940029e-07,-3.668933361063528246e-07,-4.280422254574116464e-07
0.000000000000000000e+00,-5.959424069680487900e-08,-1.191884813936097580e-07,-1.787827220904146436e-07,-2.383769627872195425e-07,-2.979712034840244678e-07,-3.575654441808293931e-07,-4.171596848776343184e-07
0.000000000000000000e+00,-6.253768883043575391e-08,-1.250753776608715078e-07,-1.876130664913072485e-07,-2.501507553217429627e-07,-3.126884441521786769e-07,-3.752261329826143911e-07,-4.377638218130501053e-07
0.000000000000000000e+00,-5.653052838320840594e-08,-1.130610567664168119e-07,-1.695915851496252244e-07,-2.261221135328336502e-07,-2.826526419160421025e-07,-3.391831702992505547e-07,-3.957136986824590070e-07
0.000000000000000000e+00,-2.309480568632888023e-08,-4.618961137265776047e-08,-6.928441705898663740e-08,-9.237922274531550770e-08,-1.154740284316443780e-07,-1.385688341179732483e-07,-1.616636398043021186e-07
0.000000000000000000e+00,-1.492458020414329441e-17,-2.984916040828658883e-17,-4.477374061242988632e-17,-5.969832081657318998e-17,-7.462290102071649364e-17,-8.954748122485979729e-17,-1.044720614290031010e-16
0.000000000000000000e+00,-4.566700034207849214e-08,-9.133400068415698427e-08,-1.370010010262354698e-07,-1.826680013683139421e-07,-2.283350017103924144e-07,-2.740020020524708866e-07,-3.196690023945493589e-07
0.000000000000000000e+00,-3.741176352061261971e-08,-7.482352704122523942e-08,-1.122352905618378591e-07,-1.496470540824504788e-07,-1.870588176030630853e-07,-2.244705811236756918e-07,-2.618823446442882983e-07
0.000000000000000000e+00,-1.373621607878270226e-08,-2.747243215756540451e-08,-4.120864823634810842e-08,-5.494486431513081564e-08,-6.868108039391352286e-08,-8.241729647269623008e-08,-9.615351255147893730e-08
0.000000000000000000e+00,-2.830136138412764730e-08,-5.660272276825529459e-08,-8.490408415238293858e-08,-1.132054455365105760e-07,-1.415068069206382133e-07,-1.698081683047658507e-07,-1.981095296888934881e-07
0.000000000000000000e+00,-1.432587861676997134e-17,-2.865175723353994269e-17,-4.297763585030991403e-17,-5.730351446707988537e-17,-7.162939308384986288e-17,-8.595527170061984038e-17,-1.002811503173898179e-16
0.000000000000000000e+00,5.653052835333354065e-08,1.130610567066670813e-07,1.695915850600006153e-07,2.261221134133341361e-07,2.826526417666676305e-07,3.391831701200011248e-07,3.957136984733346191e-07
0.000000000000000000e+00,2.309480565796022813e-08,4.618961131592045625e-08,6.928441697388068438e-08,9.237922263184091251e-08,1.154740282898011406e-07,1.385688339477613688e-07,1.616636396057215969e-07
0.000000000000000000e+00,2.830136135426734370e-08,5.660272270853468740e-08,8.490408406280203110e-08,1.132054454170693748e-07,1.415068067713367185e-07,1.698081681256040622e-07,1.981095294798714059e-07
0.000000000000000000e+00,4.566700031341484426e-08,9.133400062682968852e-08,1.370010009402445262e-07,1.826680012536593506e-07,2.283350015670741750e-07,2.740020018804889994e-07,3.196690021939038238e-07
0.000000000000000000e+00,3.741176349150730371e-08,7.482352698301460742e-08,1.122352904745219045e-07,1.496470539660291884e-07,1.870588174575364722e-07,2.244705809490437561e-07,2.618823444405510399e-07
0.000000000000000000e+00,1.373621605183525397e-08,2.747243210367050795e-08,4.120864815550576192e-08,5.494486420734101590e-08,6.868108025917626987e-08,8.241729631101152385e-08,9.615351236284677782e-08
0.000000000000000000e+00,2.253141052810235559e-09,4.506282105620471117e-09,6.759423158430707089e-09,9.012564211240943889e-09,1.126570526405118069e-08,1.351884631686141749e-08,1.577198736967165429e-08
0.000000000000000000e+00,-8.470909871509900854e-09,-1.694181974301980171e-08,-2.541272961452970256e-08,-3.388363948603960342e-08,-4.235454935754950427e-08,-5.082545922905940512e-08,-5.929636910056930598e-08
0.000000000000000000e+00,9.410637923346333444e-09,1.882127584669266689e-08,2.823191377003900199e-08,3.764255169338534039e-08,4.705318961673167880e-08,5.646382754007801721e-08,6.587446546342435562e-08
0.000000000000000000e+00,-2.253141079268891235e-09,-4.506282158537782471e-09,-6.759423237806674120e-09,-9.012564317075566596e-09,-1.126570539634445907e-08,-1.351884647561335155e-08,-1.577198755488224402e-08
0.000000000000000000e+00,8.470909844077364083e-09,1.694181968815472817e-08,2.541272953223209390e-08,3.388363937630946295e-08,4.235454922038683200e-08,5.082545906446420104e-08,5.929636890854157009e-08
0.000000000000000000e+00,-9.410637948137675902e-09,-1.882127589627535180e-08,-2.823191384441302771e-08,-3.764255179255070361e-08,-4.705318974068837951e-08,-5.646382768882605541e-08,-6.587446563696373793e-08
0.000000000000000000e+00,2.015126452928329833e-08,4.030252905856659665e-08,6.045379358784990160e-08,8.060505811713320654e-08,1.007563226464165115e-07,1.209075871756998032e-07,1.410588517049830949e-07
0.000000000000000000e+00,1.233084546712946217e-08,2.466169093425892433e-08,3.699253640138838980e-08,4.932338186851785528e-08,6.165422733564732075e-08,7.398507280277677961e-08,8.631591826990623847e-08
0.000000000000000000e+00,2.539596735228557274e-08,5.079193470457114548e-08,7.618790205685672483e-08,1.015838694091423042e-07,1.269798367614278835e-07,1.523758041137134497e-07,1.777717714659990158e-07
0.000000000000000000e+00,-2.015126455328822860e-08,-4.030252910657645719e-08,-6.045379365986468248e-08,-8.060505821315290115e-08,-1.007563227664411198e-07,-1.209075873197293385e-07,-1.410588518730175704e-07
0.000000000000000000e+00,-1.233084549237694014e-08,-2.466169098475388027e-08,-3.699253647713081710e-08,-4.932338196950775393e-08,-6.165422746188469076e-08,-7.398507295426163420e-08,-8.631591844663857765e-08
0.000000000000000000e+00,-2.539596737438102274e-08,-5.079193474876204548e-08,-7.618790212314306160e-08,-1.015838694975240777e-07,-1.269798368719050938e-07,-1.523758042462861232e-07,-1.777717716206671525e-07
0.000000000000000000e+00,3.286235703548876609e-08,6.572471407097753219e-08,9.858707110646629828e-08,1.314494281419550644e-07,1.643117851774438305e-07,1.971741422129325966e-07,2.300364992484213627e-07
0.000000000000000000e+00,2.709081903645634708e-08,5.418163807291269416e-08,8.127245710936904455e-08,1.083632761458254016e-07,1.354540951822817453e-07,1.625449142187380891e-07,1.896357332551944329e-07
0.000000000000000000e+00,3.658748842045935838e-08,7.317497684091871676e-08,1.097624652613780818e-07,1.463499536818374600e-07,1.829374421022968382e-07,2.195249305227562165e-07,2.561124189432155682e-07
0.000000000000000000e+00,-3.286235705637182078e-08,-6.572471411274364156e-08,-9.858707116911546234e-08,-1.314494282254872831e-07,-1.643117852818590907e-07,-1.971741423382308982e-07,-2.300364993946027057e-07
0.000000000000000000e+00,-2.709081905892437908e-08,-5.418163811784875816e-08,-8.127245717677313393e-08,-1.083632762356975031e-07,-1.354540952946218722e-07,-1.625449143535462414e-07,-1.896357334124706106e-07
0.000000000000000000e+00,-3.658748843933364796e-08,-7.317497687866729592e-08,-1.097624653180009373e-07,-1.463499537573345654e-07,-1.829374421966681935e-07,-2.195249306360018216e-07,-2.561124190753354497e-07
0.000000000000000000e+00,4.200029195022138842e-08,8.400058390044277683e-08,1.260008758506641652e-07,1.680011678008855537e-07,2.100014597511069421e-07,2.520017517013283305e-07,2.940020436515497189e-07
0.000000000000000000e+00,3.768545808125606589e-08,7.537091616251213177e-08,1.130563742437682043e-07,1.507418323250242900e-07,1.884272904062803758e-07,2.261127484875364615e-07,2.637982065687925472e-07
0.000000000000000000e+00,4.462648238598124106e-08,8.925296477196248211e-08,1.338794471579437298e-07,1.785059295439249907e-07,2.231324119299062516e-07,2.677588943158875125e-07,3.123853767018687734e-07
0.000000000000000000e+00,-4.200029196729738734e-08,-8.400058393459477469e-08,-1.260008759018921620e-07,-1.680011678691895494e-07,-2.100014598364869367e-07,-2.520017518037843241e-07,-2.940020437710816849e-07
0.000000000000000000e+00,-3.768545810023334276e-08,-7.537091620046668552e-08,-1.130563743007000283e-07,-1.507418324009333710e-07,-1.884272905011667006e-07,-2.261127486014000301e-07,-2.637982067016333596e-07
0.000000000000000000e+00,-4.462648240107006760e-08,-8.925296480214013520e-08,-1.338794472032102028e-07,-1.785059296042802704e-07,-2.231324120053503380e-07,-2.677588944064204056e-07,-3.123853768074904467e-07
0.000000000000000000e+00,4.877520135740886037e-08,9.755040271481772074e-08,1.463256040722265811e-07,1.951008054296354415e-07,2.438760067870442754e-07,2.926512081444531093e-07,3.414264095018619432e-07
0.000000000000000000e+00,4.545273349601197319e-08,9.090546699202394638e-08,1.363582004880359196e-07,1.818109339840478928e-07,2.272636674800598660e-07,2.727164009760718391e-07,3.181691344720837859e-07
0.000000000000000000e+00,5.065353689935819165e-08,1.013070737987163833e-07,1.519606106980745617e-07,2.026141475974327401e-07,2.532676844967909186e-07,3.039212213961491235e-07,3.545747582955073283e-07
0.000000000000000000e+00,-4.877520137016145094e-08,-9.755040274032290187e-08,-1.463256041104843594e-07,-1.951008054806458302e-07,-2.438760068508073275e-07,-2.926512082209688247e-07,-3.414264095911303220e-07
0.000000000000000000e+00,-4.545273351083639973e-08,-9.090546702167279945e-08,-1.363582005325091992e-07,-1.818109340433455989e-07,-2.272636675541819986e-07,-2.727164010650183984e-07,-3.181691345758547981e-07
0.000000000000000000e+00,-5.065353691032539558e-08,-1.013070738206507912e-07,-1.519606107309761801e-07,-2.026141476413015559e-07,-2.532676845516269316e-07,-3.039212214619523073e-07,-3.545747583722776831e-07
0.000000000000000000e+00,5.409308160920065675e-08,1.081861632184013135e-07,1.622792448276019636e-07,2.163723264368026005e-07,2.704654080460032374e-07,3.245584896552038743e-07,3.786515712644045112e-07
0.000000000000000000e+00,5.140317803978965487e-08,1.028063560795793097e-07,1.542095341193689712e-07,2.056127121591586460e-07,2.570158901989483207e-07,3.084190682387379954e-07,3.598222462785276701e-07
0.000000000000000000e+00,5.542974154209900922e-08,1.108594830841980184e-07,1.662892246262970409e-07,2.217189661683960634e-07,2.771487077104950858e-07,3.325784492525940818e-07,3.880081907946930778e-07
0.000000000000000000e+00,-5.409308161742267322e-08,-1.081861632348453464e-07,-1.622792448522680130e-07,-2.163723264696906664e-07,-2.704654080871132933e-07,-3.245584897045359202e-07,-3.786515713219585471e-07
0.000000000000000000e+00,-5.140317805028621289e-08,-1.028063561005724258e-07,-1.542095341508586387e-07,-2.056127122011448515e-07,-2.570158902514310644e-07,-3.084190683017172773e-07,-3.598222463520034902e-07
0.000000000000000000e+00,-5.542974154876343136e-08,-1.108594830975268627e-07,-1.662892246462903007e-07,-2.217189661950537519e-07,-2.771487077438172031e-07,-3.325784492925806544e-07,-3.880081908413441056e-07
0.000000000000000000e+00,5.789417845345081581e-08,1.157883569069016316e-07,1.736825353603524474e-07,2.315767138138032632e-07,2.894708922672540526e-07,3.473650707207048419e-07,4.052592491741556312e-07
0.000000000000000000e+00,5.614930004446963181e-08,1.122986000889392636e-07,1.684479001334088888e-07,2.245972001778785008e-07,2.807465002223480862e-07,3.368958002668176717e-07,3.930451003112872572e-07
0.000000000000000000e+00,5.928362883061987457e-08,1.185672576612397491e-07,1.778508864918596237e-07,2.371345153224794983e-07,2.964181441530993993e-07,3.557017729837193003e-07,4.149854018143392014e-07
0.000000000000000000e+00,-5.789417845755063394e-08,-1.157883569151012679e-07,-1.736825353726518952e-07,-2.315767138302025093e-07,-2.894708922877530969e-07,-3.473650707453036845e-07,-4.052592492028542722e-07
0.000000000000000000e+00,-5.614930005036272457e-08,-1.122986001007254491e-07,-1.684479001510881869e-07,-2.245972002014509248e-07,-2.807465002518136626e-07,-3.368958003021763739e-07,-3.930451003525390852e-07
0.000000000000000000e+00,-5.928362883372406503e-08,-1.185672576674481301e-07,-1.778508865011721951e-07,-2.371345153348962601e-07,-2.964181441686203251e-07,-3.557017730023443902e-07,-4.149854018360684552e-07
0.000000000000000000e+00,-6.552832398619092799e-08,-1.310566479723818560e-07,-1.965849719585727972e-07,-2.621132959447637649e-07,-3.276416199309547326e-07,-3.931699439171457003e-07,-4.586982679033366680e-07
0.000000000000000000e+00,-3.157024705823714822e-08,-6.314049411647429644e-08,-9.471074117471144465e-08,-1.262809882329485929e-07,-1.578512352911857411e-07,-1.894214823494228893e-07,-2.209917294076600375e-07
0.000000000000000000e+00,-1.620199796271441379e-17,-3.240399592542882757e-17,-4.860599388814324136e-17,-6.480799185085765514e-17,-8.100998981357206277e-17,-9.721198777628647039e-17,-1.134139857390008780e-16
0.000000000000000000e+00,-6.327197332327719874e-08,-1.265439466465543975e-07,-1.898159199698316095e-07,-2.530878932931088479e-07,-3.163598666163860864e-07,-3.796318399396633248e-07,-4.429038132629405633e-07
0.000000000000000000e+00,-4.634227428926631784e-08,-9.268454857853263567e-08,-1.390268228677989469e-07,-1.853690971570652449e-07,-2.317113714463315429e-07,-2.780536457355978408e-07,-3.243959200248641653e-07
0.000000000000000000e+00,-2.971415131600633612e-08,-5.942830263201267223e-08,-8.914245394801901497e-08,-1.188566052640253577e-07,-1.485707565800317004e-07,-1.782849078960380299e-07,-2.079990592120443594e-07
0.000000000000000000e+00,-3.280552731548175647e-08,-6.561105463096351294e-08,-9.841658194644527603e-08,-1.312221092619270524e-07,-1.640276365774088287e-07,-1.968331638928906050e-07,-2.296386912083723813e-07
0.000000000000000000e+00,-1.554946647194750276e-17,-3.109893294389500552e-17,-4.664839941584250520e-17,-6.219786588778999871e-17,-7.774733235973749223e-17,-9.329679883168498575e-17,-1.088462653036324793e-16
0.000000000000000000e+00,6.552832395379261920e-08,1.310566479075852384e-07,1.965849718613778576e-07,2.621132958151704768e-07,3.276416197689631225e-07,3.931699437227557682e-07,4.586982676765484138e-07
0.000000000000000000e+00,3.157024702681079651e-08,6.314049405362159301e-08,9.471074108043238952e-08,1.262809881072431860e-07,1.578512351340539825e-07,1.894214821608647790e-07,2.209917291876755755e-07
0.000000000000000000e+00,3.280552728308837768e-08,6.561105456617675537e-08,9.841658184926513305e-08,1.312221091323535107e-07,1.640276364154418884e-07,1.968331636985302661e-07,2.296386909816186438e-07
0.000000000000000000e+00,6.327197329218535887e-08,1.265439465843707177e-07,1.898159198765560766e-07,2.530878931687414355e-07,3.163598664609267944e-07,3.796318397531121532e-07,4.429038130452975121e-07
0.000000000000000000e+00,4.634227425735693235e-08,9.268454851471386470e-08,1.390268227720708037e-07,1.853690970294277559e-07,2.317113712867847081e-07,2.780536455441416603e-07,3.243959198014986125e-07
0.000000000000000000e+00,2.971415128611138689e-08,5.942830257222277377e-08,8.914245385833416066e-08,1.188566051444455475e-07,1.485707564305569344e-07,1.782849077166683213e-07,2.079990590027797082e-07
0.000000000000000000e+00,-4.894846440316778917e-09,-9.789692880633557835e-09,-1.468453932095033675e-08,-1.957938576126711567e-08,-2.447423220158389459e-08,-2.936907864190067350e-08,-3.426392508221745242e-08
0.000000000000000000e+00,-1.622725460691817675e-08,-3.245450921383635350e-08,-4.868176382075453025e-08,-6.490901842767270700e-08,-8.113627303459088375e-08,-9.736352764150906050e-08,-1.135907822484272372e-07
0.000000000000000000e+00,-3.744615885338325154e-09,-7.489231770676650308e-09,-1.123384765601497463e-08,-1.497846354135329731e-08,-1.872307942669161998e-08,-2.246769531202994265e-08,-2.621231119736826532e-08
0.000000000000000000e+00,4.894846410217676549e-09,9.789692820435353098e-09,1.468453923065302965e-08,1.957938564087070620e-08,2.447423205108838109e-08,2.936907846130605599e-08,3.426392487152373088e-08
0.000000000000000000e+00,1.622725457611431815e-08,3.245450915222863631e-08,4.868176372834295777e-08,6.490901830445728585e-08,8.113627288057161393e-08,9.736352745668594201e-08,1.135907820328002701e-07
0.000000000000000000e+00,3.744615857047049176e-09,7.489231714094098351e-09,1.123384757114114835e-08,1.497846342818820001e-08,1.872307928523525167e-08,2.246769514228230333e-08,2.621231099932935498e-08
0.000000000000000000e+00,1.450892310648669219e-08,2.901784621297338437e-08,4.352676931946007656e-08,5.803569242594676875e-08,7.254461553243346094e-08,8.705353863892015312e-08,1.015624617454068453e-07
0.000000000000000000e+00,6.058950770911024019e-09,1.211790154182204804e-08,1.817685231273307123e-08,2.423580308364409277e-08,3.029475385455511430e-08,3.635370462546613584e-08,4.241265539637715738e-08
0.000000000000000000e+00,1.498552505189628604e-08,2.997105010379257208e-08,4.495657515568885481e-08,5.994210020758513093e-08,7.492762525948140704e-08,8.991315031137768316e-08,1.048986753632739593e-07
0.000000000000000000e+00,-1.450892313462696304e-08,-2.901784626925392607e-08,-4.352676940388088580e-08,-5.803569253850784553e-08,-7.254461567313480525e-08,-8.705353880776177160e-08,-1.015624619423887379e-07
0.000000000000000000e+00,-6.058950800076102991e-09,-1.211790160015220598e-08,-1.817685240022830897e-08,-2.423580320030441196e-08,-3.029475400038051826e-08,-3.635370480045662456e-08,-4.241265560053273086e-08
0.000000000000000000e+00,-1.498552507797700620e-08,-2.997105015595401241e-08,-4.495657523393102192e-08,-5.994210031190803805e-08,-7.492762538988505418e-08,-8.991315046786207031e-08,-1.048986755458390864e-07
0.000000000000000000e+00,2.859581390695713357e-08,5.719162781391426714e-08,8.578744172087139740e-08,1.143832556278285210e-07,1.429790695347856447e-07,1.715748834417427683e-07,2.001706973486998920e-07
0.000000000000000000e+00,2.226512715220041410e-08,4.453025430440082821e-08,6.679538145660123901e-08,8.906050860880164318e-08,1.113256357610020474e-07,1.335907629132024515e-07,1.558558900654028425e-07
0.000000000000000000e+00,2.860265649575873013e-08,5.720531299151746025e-08,8.580796948727619369e-08,1.144106259830349337e-07,1.430132824787936870e-07,1.716159389745524403e-07,2.002185954703111936e-07
0.000000000000000000e+00,-2.859581393247027218e-08,-5.719162786494054435e-08,-8.578744179741081653e-08,-1.143832557298810887e-07,-1.429790696623513741e-07,-1.715748835948216595e-07,-2.001706975272919449e-07
0.000000000000000000e+00,-2.226512717906498716e-08,-4.453025435812997432e-08,-6.679538153719495486e-08,-8.906050871625993541e-08,-1.113256358953249160e-07,-1.335907630743899097e-07,-1.558558902534549035e-07
0.000000000000000000e+00,-2.860265651892469742e-08,-5.720531303784939484e-08,-8.580796955677409557e-08,-1.144106260756988029e-07,-1.430132825946235103e-07,-1.716159391135482176e-07,-2.002185956324729250e-07
0.000000000000000000e+00,3.886815128483567299e-08,7.773630256967134599e-08,1.166044538545070124e-07,1.554726051393426655e-07,1.943407564241783186e-07,2.332089077090139718e-07,2.720770589938495985e-07
0.000000000000000000e+00,3.409025031405694346e-08,6.818050062811388692e-08,1.022707509421708370e-07,1.363610012562278003e-07,1.704512515702847636e-07,2.045415018843417269e-07,2.386317521983986902e-07
0.000000000000000000e+00,3.863376098971994523e-08,7.726752197943989046e-08,1.159012829691598423e-07,1.545350439588798074e-07,1.931688049485997725e-07,2.318025659383197376e-07,2.704363269280397291e-07
0.000000000000000000e+00,-3.886815130669131341e-08,-7.773630261338262681e-08,-1.166044539200739402e-07,-1.554726052267652536e-07,-1.943407565334565538e-07,-2.332089078401478540e-07,-2.720770591468391541e-07
0.000000000000000000e+00,-3.409025033779618662e-08,-6.818050067559237325e-08,-1.022707510133885599e-07,-1.363610013511847465e-07,-1.704512516889809199e-07,-2.045415020267770933e-07,-2.386317523645732667e-07
0.000000000000000000e+00,-3.863376100912749499e-08,-7.726752201825498998e-08,-1.159012830273824783e-07,-1.545350440365099535e-07,-1.931688050456374286e-07,-2.318025660547649038e-07,-2.704363270638923789e-07
0.000000000000000000e+00,4.650695178803410650e-08,9.301390357606821301e-08,1.395208553641023261e-07,1.860278071521364525e-07,2.325347589401705788e-07,2.790417107282047052e-07,3.255486625162388580e-07
0.000000000000000000e+00,4.282017498009707673e-08,8.564034996019415347e-08,1.284605249402912434e-07,1.712806999203883334e-07,2.141008749004854234e-07,2.569210498805824869e-07,2.997412248606795504e-07
0.000000000000000000e+00,4.618633634225310082e-08,9.237267268450620164e-08,1.385590090267593025e-07,1.847453453690124033e-07,2.309316817112655041e-07,2.771180180535186049e-07,3.233043543957717057e-07
0.000000000000000000e+00,-4.650695180521893593e-08,-9.301390361043787186e-08,-1.395208554156568012e-07,-1.860278072208757173e-07,-2.325347590260946333e-07,-2.790417108313135494e-07,-3.255486626365324655e-07
0.000000000000000000e+00,-4.282017499963946355e-08,-8.564034999927892710e-08,-1.284605249989183907e-07,-1.712806999985578542e-07,-2.141008749981973178e-07,-2.569210499978367813e-07,-2.997412249974762713e-07
0.000000000000000000e+00,-4.618633635711975327e-08,-9.237267271423950654e-08,-1.385590090713592664e-07,-1.847453454284790395e-07,-2.309316817855988127e-07,-2.771180181427185858e-07,-3.233043544998383324e-07
0.000000000000000000e+00,5.238742669566293973e-08,1.047748533913258795e-07,1.571622800869888258e-07,2.095497067826517854e-07,2.619371334783147450e-07,3.143245601739777046e-07,3.667119868696406642e-07
0.000000000000000000e+00,4.945735091710079295e-08,9.891470183420158590e-08,1.483720527513023722e-07,1.978294036684031453e-07,2.472867545855039184e-07,2.967441055026046915e-07,3.462014564197054646e-07
0.000000000000000000e+00,5.200905045588097597e-08,1.040181009117619519e-07,1.560271513676429411e-07,2.080362018235239303e-07,2.600452522794049196e-07,3.120543027352858823e-07,3.640633531911668450e-07
0.000000000000000000e+00,-5.238742670784319411e-08,-1.047748534156863882e-07,-1.571622801235295889e-07,-2.095497068313728029e-07,-2.619371335392159904e-07,-3.143245602470591779e-07,-3.667119869549023654e-07
0.000000000000000000e+00,-4.945735093159916474e-08,-9.891470186319832948e-08,-1.483720527947974876e-07,-1.978294037263966325e-07,-2.472867546579958039e-07,-2.967441055895949752e-07,-3.462014565211941466e-07
0.000000000000000000e+00,-5.200905046591823037e-08,-1.040181009318364607e-07,-1.560271513977546977e-07,-2.080362018636729479e-07,-2.600452523295911982e-07,-3.120543027955094484e-07,-3.640633532614276986e-07
0.000000000000000000e+00,5.637461659068286301e-08,1.127492331813657260e-07,1.691238497720485956e-07,2.254984663627314785e-07,2.818730829534143349e-07,3.382476995440971913e-07,3.946223161347800477e-07
0.000000000000000000e+00,5.458593001571516845e-08,1.091718600314303369e-07,1.637577900471454921e-07,2.183437200628606473e-07,2.729296500785758025e-07,3.275155800942909842e-07,3.821015101100061659e-07
0.000000000000000000e+00,5.624886615198591422e-08,1.124977323039718284e-07,1.687465984559577493e-07,2.249954646079436833e-07,2.812443307599296174e-07,3.374931969119155515e-07,3.937420630639014855e-07
0.000000000000000000e+00,-5.637461659771628049e-08,-1.127492331954325610e-07,-1.691238497931488481e-07,-2.254984663908651484e-07,-2.818730829885814488e-07,-3.382476995862977491e-07,-3.946223161840140495e-07
0.000000000000000000e+00,-5.458593002527627121e-08,-1.091718600505525424e-07,-1.637577900758288070e-07,-2.183437201011050584e-07,-2.729296501263812833e-07,-3.275155801516575082e-07,-3.821015101769337331e-07
0.000000000000000000e+00,-5.624886615744457834e-08,-1.124977323148891567e-07,-1.687465984723337284e-07,-2.249954646297782869e-07,-2.812443307872228189e-07,-3.374931969446673509e-07,-3.937420631021118829e-07
0.000000000000000000e+00,1.403384927514910260e-07,2.806769855029820519e-07,4.210154782544730514e-07,5.613539710059639979e-07,7.016924637574549445e-07,8.420309565089458910e-07,9.823694492604369434e-07
0.000000000000000000e+00,1.747518774942762884e-07,3.495037549885525768e-07,5.242556324828288916e-07,6.990075099771052594e-07,8.737593874713816273e-07,1.048511264965657995e-06,1.223263142459934363e-06
0.000000000000000000e+00,-2.268738509794370460e-17,-4.537477019588740919e-17,-6.806215529383111070e-17,-9.074954039177480605e-17,-1.134369254897185014e-16,-1.361243105876621968e-16,-1.588116956856058921e-16
0.000000000000000000e+00,1.545392280055008022e-07,3.090784560110016044e-07,4.636176840165024067e-07,6.181569120220032089e-07,7.726961400275040111e-07,9.272353680330048133e-07,1.081774596038505616e-06
0.000000000000000000e+00,1.818383021108057271e-07,3.636766042216114543e-07,5.455149063324172079e-07,7.273532084432230145e-07,9.091915105540288210e-07,1.091029812664834628e-06,1.272868114775640434e-06
0.000000000000000000e+00,1.467060009631633516e-07,2.934120019263267033e-07,4.401180028894900549e-07,5.868240038526534065e-07,7.335300048158167582e-07,8.802360057789801098e-07,1.026942006742143567e-06
0.000000000000000000e+00,8.739909528002123197e-08,1.747981905600424639e-07,2.621972858400636694e-07,3.495963811200848749e-07,4.369954764001060804e-07,5.243945716801273389e-07,6.117936669601485973e-07
0.000000000000000000e+00,-2.256615522957639428e-17,-4.513231045915278857e-17,-6.769846568872918902e-17,-9.026462091830558946e-17,-1.128307761478819899e-16,-1.353969313774583780e-16,-1.579630866070347662e-16
0.000000000000000000e+00,-1.403384927980138077e-07,-2.806769855960276153e-07,-4.210154783940414230e-07,-5.613539711920552306e-07,-7.016924639900690383e-07,-8.420309567880828459e-07,-9.823694495860965477e-07
0.000000000000000000e+00,-1.747518775396163209e-07,-3.495037550792326419e-07,-5.242556326188489363e-07,-6.990075101584651779e-07,-8.737593876980814194e-07,-1.048511265237697661e-06,-1.223263142777313797e-06
0.000000000000000000e+00,-8.739909532538562994e-08,-1.747981906507712599e-07,-2.621972859761568766e-07,-3.495963813015424668e-07,-4.369954766269280571e-07,-5.243945719523136473e-07,-6.117936672776992375e-07
0.000000000000000000e+00,-1.545392280514176113e-07,-3.090784561028352225e-07,-4.636176841542528338e-07,-6.181569122056704450e-07,-7.726961402570880563e-07,-9.272353683085056676e-07,-1.081774596359923279e-06
0.000000000000000000e+00,-1.818383021559129580e-07,-3.636766043118259160e-07,-5.455149064677388739e-07,-7.273532086236518319e-07,-9.091915107795647899e-07,-1.091029812935477748e-06,-1.272868115091390812e-06
0.000000000000000000e+00,-1.467060010093961040e-07,-2.934120020187922079e-07,-4.401180030281883119e-07,-5.868240040375844158e-07,-7.335300050469805198e-07,-8.802360060563766238e-07,-1.026942007065772834e-06
0.000000000000000000e+00,1.145055084049089152e-07,2.290110168098178303e-07,3.435165252147267587e-07,4.580220336196357135e-07,5.725275420245446684e-07,6.870330504294536233e-07,8.015385588343625781e-07
0.000000000000000000e+00,1.250386788992091797e-07,2.500773577984183593e-07,3.751160366976275125e-07,5.001547155968366128e-07,6.251933944960457130e-07,7.502320733952548133e-07,8.752707522944639136e-07
0.000000000000000000e+00,1.199795255087758360e-07,2.399590510175516721e-07,3.599385765263275345e-07,4.799181020351034500e-07,5.998976275438793654e-07,7.198771530526552809e-07,8.398566785614311963e-07
0.000000000000000000e+00,-1.145055084529132501e-07,-2.290110169058265002e-07,-3.435165253587397239e-07,-4.580220338116529476e-07,-5.725275422645661712e-07,-6.870330507174794478e-07,-8.015385591703927244e-07
0.000000000000000000e+00,-1.250386789464667889e-07,-2.500773578929335778e-07,-3.751160368394003932e-07,-5.001547157858672616e-07,-6.251933947323341299e-07,-7.502320736788009982e-07,-8.752707526252678666e-07
0.000000000000000000e+00,-1.199795255564726583e-07,-2.399590511129453167e-07,-3.599385766694179750e-07,-4.799181022258906333e-07,-5.998976277823632917e-07,-7.198771533388359500e-07,-8.398566788953086083e-07
0.000000000000000000e+00,9.620321626299771548e-08,1.924064325259954310e-07,2.886096487889931200e-07,3.848128650519908090e-07,4.810160813149884980e-07,5.772192975779862400e-07,6.734225138409839819e-07
0.000000000000000000e+00,1.038574091391995710e-07,2.077148182783991419e-07,3.115722274175987394e-07,4.154296365567983368e-07,5.192870456959979342e-07,6.231444548351974787e-07,7.270018639743970232e-07
0.000000000000000000e+00,1.008028275813632873e-07,2.016056551627265747e-07,3.024084827440898752e-07,4.032113103254532023e-07,5.040141379068165293e-07,6.048169654881798563e-07,7.056197930695431834e-07
0.000000000000000000e+00,-9.620321631279768089e-08,-1.924064326255953618e-07,-2.886096489383930559e-07,-3.848128652511907765e-07,-4.810160815639885500e-07,-5.772192978767863236e-07,-6.734225141895840971e-07
0.000000000000000000e+00,-1.038574091881015623e-07,-2.077148183762031247e-07,-3.115722275643046870e-07,-4.154296367524062493e-07,-5.192870459405078646e-07,-6.231444551286094799e-07,-7.270018643167110952e-07
0.000000000000000000e+00,-1.008028276308085577e-07,-2.016056552616171154e-07,-3.024084828924256731e-07,-4.032113105232342308e-07,-5.040141381540427885e-07,-6.048169657848513462e-07,-7.056197934156599039e-07
0.000000000000000000e+00,8.313643706936226523e-08,1.662728741387245305e-07,2.494093112080867692e-07,3.325457482774490080e-07,4.156821853468112467e-07,4.988186224161735384e-07,5.819550594855358301e-07
0.000000000000000000e+00,8.877995611399748328e-08,1.775599122279949666e-07,2.663398683419924499e-07,3.551198244559899331e-07,4.438997805699874164e-07,5.326797366839848997e-07,6.214596927979823300e-07
0.000000000000000000e+00,8.678595155565763810e-08,1.735719031113152762e-07,2.603578546669728878e-07,3.471438062226304994e-07,4.339297577782881111e-07,5.207157093339457756e-07,6.075016608896034402e-07
0.000000000000000000e+00,-8.313643712128956712e-08,-1.662728742425791342e-07,-2.494093113638687278e-07,-3.325457484851583214e-07,-4.156821856064479150e-07,-4.988186227277374556e-07,-5.819550598490269963e-07
0.000000000000000000e+00,-8.877995616486416758e-08,-1.775599123297283352e-07,-2.663398684945924763e-07,-3.551198246594566174e-07,-4.438997808243207585e-07,-5.326797369891849525e-07,-6.214596931540491466e-07
0.000000000000000000e+00,-8.678595160717182614e-08,-1.735719032143436523e-07,-2.603578548215154784e-07,-3.471438064286873046e-07,-4.339297580358591307e-07,-5.207157096430309568e-07,-6.075016612502028359e-07
0.000000000000000000e+00,7.353176841905637377e-08,1.470635368381127475e-07,2.205953052571691213e-07,2.941270736762254951e-07,3.676588420952818688e-07,4.411906105143382426e-07,5.147223789333946164e-07
0.000000000000000000e+00,7.784508808690470176e-08,1.556901761738094035e-07,2.335352642607141053e-07,3.113803523476188071e-07,3.892254404345235353e-07,4.670705285214282635e-07,5.449156166083329918e-07
0.000000000000000000e+00,7.619482532226759680e-08,1.523896506445351936e-07,2.285844759668028036e-07,3.047793012890704401e-07,3.809741266113380766e-07,4.571689519336057131e-07,5.333637772558733496e-07
0.000000000000000000e+00,-7.353176847340986919e-08,-1.470635369468197384e-07,-2.205953054202296076e-07,-2.941270738936394767e-07,-3.676588423670493195e-07,-4.411906108404591622e-07,-5.147223793138690049e-07
0.000000000000000000e+00,-7.784508814004238727e-08,-1.556901762800847745e-07,-2.335352644201271618e-07,-3.113803525601695491e-07,-3.892254407002119363e-07,-4.670705288402543236e-07,-5.449156169802967109e-07
0.000000000000000000e+00,-7.619482537624348758e-08,-1.523896507524869752e-07,-2.285844761287304627e-07,-3.047793015049739503e-07,-3.809741268812174379e-07,-4.571689522574609255e-07,-5.333637776337043601e-07
0.000000000000000000e+00,6.595789558455563854e-08,1.319157911691112771e-07,1.978736867536669289e-07,2.638315823382226071e-07,3.297894779227782853e-07,3.957473735073339636e-07,4.617052690918896418e-07
0.000000000000000000e+00,6.953666349342607754e-08,1.390733269868521551e-07,2.086099904802782459e-07,2.781466539737043631e-07,3.476833174671304803e-07,4.172199809605565976e-07,4.867566444539827678e-07
0.000000000000000000e+00,6.760009474920485717e-08,1.352001894984097143e-07,2.028002842476145847e-07,2.704003789968194816e-07,3.380004737460243785e-07,4.056005684952292754e-07,4.732006632444341723e-07
0.000000000000000000e+00,-6.595789564183871652e-08,-1.319157912836774330e-07,-1.978736869255161496e-07,-2.638315825673548661e-07,-3.297894782091935826e-07,-3.957473738510322991e-07,-4.617052694928710156e-07
0.000000000000000000e+00,-6.953666354924662079e-08,-1.390733270984932416e-07,-2.086099906477398624e-07,-2.781466541969864832e-07,-3.476833177462330775e-07,-4.172199812954796718e-07,-4.867566448447262661e-07
0.000000000000000000e+00,-6.760009480630129674e-08,-1.352001896126025935e-07,-2.028002844189038902e-07,-2.704003792252051869e-07,-3.380004740315064572e-07,-4.056005688378077275e-07,-4.732006636441089978e-07
0.000000000000000000e+00,5.941293276573223238e-08,1.188258655314644648e-07,1.782387982971966971e-07,2.376517310629289295e-07,2.970646638286611354e-07,3.564775965943933414e-07,4.158905293601255473e-07
0.000000000000000000e+00,6.266890846223159745e-08,1.253378169244631949e-07,1.880067253866947923e-07,2.506756338489263898e-07,3.133445423111580137e-07,3.760134507733896376e-07,4.386823592356212615e-07
0.000000000000000000e+00,5.958848548089810823e-08,1.191769709617962165e-07,1.787654564426943181e-07,2.383539419235924064e-07,2.979424274044905213e-07,3.575309128853886361e-07,4.171193983662867510e-07
0.000000000000000000e+00,-5.941293282647348781e-08,-1.188258656529469756e-07,-1.782387984794204568e-07,-2.376517313058939248e-07,-2.970646641323673927e-07,-3.564775969588408607e-07,-4.158905297853143286e-07
0.000000000000000000e+00,-6.266890852125833246e-08,-1.253378170425166649e-07,-1.880067255637749974e-07,-2.506756340850333298e-07,-3.133445426062916623e-07,-3.760134511275499947e-07,-4.386823596488083272e-07
0.000000000000000000e+00,-5.958848554178137402e-08,-1.191769710835627480e-07,-1.787654566253441353e-07,-2.383539421671255226e-07,-2.979424277089069098e-07,-3.575309132506882706e-07,-4.171193987924696314e-07
0.000000000000000000e+00,5.331255109187227866e-08,1.066251021837445573e-07,1.599376532756168426e-07,2.132502043674891411e-07,2.665627554593614396e-07,3.198753065512337381e-07,3.731878576431060366e-07
0.000000000000000000e+00,-3.235769054414467862e-17,-6.471538108828935724e-17,-9.707307163243402970e-17,-1.294307621765786898e-16,-1.617884527207233500e-16,-1.941461432648680101e-16,-2.265038338090126456e-16
0.000000000000000000e+00,5.637311739815869494e-08,1.127462347963173899e-07,1.691193521944760915e-07,2.254924695926348062e-07,2.818655869907934946e-07,3.382387043889521829e-07,3.946118217871108712e-07
0.000000000000000000e+00,5.015164009126888772e-08,1.003032801825377754e-07,1.504549202738066632e-07,2.006065603650755509e-07,2.507582004563444386e-07,3.009098405476133263e-07,3.510614806388822141e-07
0.000000000000000000e+00,2.666168357008544908e-08,5.332336714017089816e-08,7.998505071025635055e-08,1.066467342803418096e-07,1.333084178504272686e-07,1.599701014205127276e-07,1.866317849905981866e-07
0.000000000000000000e+00,-3.286724701838703233e-17,-6.573449403677406467e-17,-9.860174105516109084e-17,-1.314689880735481047e-16,-1.643362350919351185e-16,-1.972034821103221324e-16,-2.300707291287091216e-16
0.000000000000000000e+00,-5.331255115654577205e-08,-1.066251023130915441e-07,-1.599376534696373095e-07,-2.132502046261830617e-07,-2.665627557827288139e-07,-3.198753069392745661e-07,-3.731878580958203183e-07
0.000000000000000000e+00,-2.666168363479065657e-08,-5.332336726958131315e-08,-7.998505090437197634e-08,-1.066467345391626395e-07,-1.333084181739533027e-07,-1.599701018087439527e-07,-1.866317854435346026e-07
0.000000000000000000e+00,-5.637311746083621475e-08,-1.127462349216724295e-07,-1.691193523825086442e-07,-2.254924698433448590e-07,-2.818655873041810737e-07,-3.382387047650172885e-07,-3.946118222258535032e-07
0.000000000000000000e+00,-5.015164015696950782e-08,-1.003032803139390156e-07,-1.504549204709085301e-07,-2.006065606278780578e-07,-2.507582007848475854e-07,-3.009098409418171131e-07,-3.510614810987866408e-07
0.000000000000000000e+00,1.168837510199355951e-07,2.337675020398711901e-07,3.506512530598067984e-07,4.675350040797424331e-07,5.844187550996780150e-07,7.013025061196135968e-07,8.181862571395491786e-07
0.000000000000000000e+00,1.471178067404228579e-07,2.942356134808457157e-07,4.413534202212685471e-07,5.884712269616913256e-07,7.355890337021141041e-07,8.827068404425368825e-07,1.029824647182959555e-06
0.000000000000000000e+00,-2.269161928015357690e-17,-4.538323856030715379e-17,-6.807485784046073377e-17,-9.076647712061431991e-17,-1.134580964007679060e-16,-1.361497156809214922e-16,-1.588413349610750783e-16
0.000000000000000000e+00,1.285751277857554958e-07,2.571502555715109916e-07,3.857253833572664610e-07,5.143005111430218774e-07,6.428756389287772938e-07,7.714507667145327102e-07,9.000258945002881267e-07
0.000000000000000000e+00,1.628986720875519821e-07,3.257973441751039641e-07,4.886960162626559462e-07,6.515946883502079282e-07,8.144933604377599103e-07,9.773920325253118923e-07,1.140290704612863980e-06
0.000000000000000000e+00,1.299606316023831701e-07,2.599212632047663402e-07,3.898818948071494838e-07,5.198425264095325745e-07,6.498031580119156652e-07,7.797637896142987558e-07,9.097244212166818465e-07
0.000000000000000000e+00,7.354955499600795416e-08,1.470991099920159083e-07,2.206486649880238625e-07,2.941982199840318166e-07,3.677477749800397443e-07,4.412973299760476720e-07,5.148468849720555997e-07
0.000000000000000000e+00,-2.273274187511579400e-17,-4.546548375023158800e-17,-6.819822562534738508e-17,-9.093096750046318833e-17,-1.136637093755790039e-16,-1.363964512506948195e-16,-1.591291931258106350e-16
0.000000000000000000e+00,-1.168837510663783454e-07,-2.337675021327566907e-07,-3.506512531991350361e-07,-4.675350042655133815e-07,-5.844187553318916739e-07,-7.013025063982699664e-07,-8.181862574646482588e-07
0.000000000000000000e+00,-1.471178067857478026e-07,-2.942356135714956053e-07,-4.413534203572433814e-07,-5.884712271429911047e-07,-7.355890339287388279e-07,-8.827068407144865511e-07,-1.029824647500234380e-06
0.000000000000000000e+00,-7.354955504137768579e-08,-1.470991100827553716e-07,-2.206486651241330574e-07,-2.941982201655107432e-07,-3.677477752068884025e-07,-4.412973302482660618e-07,-5.148468852896437211e-07
0.000000000000000000e+00,-1.285751278316346648e-07,-2.571502556632693297e-07,-3.857253834949040210e-07,-5.143005113265387652e-07,-6.428756391581735095e-07,-7.714507669898082537e-07,-9.000258948214429979e-07
0.000000000000000000e+00,-1.628986721329638271e-07,-3.257973442659276542e-07,-4.886960163988914549e-07,-6.515946885318552026e-07,-8.144933606648189503e-07,-9.773920327977826980e-07,-1.140290704930746552e-06
0.000000000000000000e+00,-1.299606316489391714e-07,-2.599212632978783427e-07,-3.898818949468174876e-07,-5.198425265957565796e-07,-6.498031582446956715e-07,-7.797637898936347635e-07,-9.097244215425738555e-07
0.000000000000000000e+00,9.626358038948900886e-08,1.925271607789780177e-07,2.887907411684670398e-07,3.850543215579560884e-07,4.813179019474450840e-07,5.775814823369340796e-07,6.738450627264230753e-07
0.000000000000000000e+00,1.045068138878036546e-07,2.090136277756073092e-07,3.135204416634109505e-07,4.180272555512145654e-07,5.225340694390181273e-07,6.270408833268216893e-07,7.315476972146252512e-07
0.000000000000000000e+00,1.065081320743337509e-07,2.130162641486675018e-07,3.195243962230012792e-07,4.260325282973350565e-07,5.325406603716688339e-07,6.390487924460025583e-07,7.455569245203362828e-07
0.000000000000000000e+00,-9.626358043732913856e-08,-1.925271608746582771e-07,-2.887907413119874024e-07,-3.850543217493165013e-07,-4.813179021866456001e-07,-5.775814826239746990e-07,-6.738450630613037978e-07
0.000000000000000000e+00,-1.045068139349509113e-07,-2.090136278699018227e-07,-3.135204418048527472e-07,-4.180272557398036982e-07,-5.225340696747545963e-07,-6.270408836097054944e-07,-7.315476975446563925e-07
0.000000000000000000e+00,-1.065081321223604396e-07,-2.130162642447208792e-07,-3.195243963670813188e-07,-4.260325284894417584e-07,-5.325406606118022509e-07,-6.390487927341627435e-07,-7.455569248565232360e-07
0.000000000000000000e+00,8.274424691577106916e-08,1.654884938315421383e-07,2.482327407473132207e-07,3.309769876630843296e-07,4.137212345788554385e-07,4.964654814946265473e-07,5.792097284103976562e-07
0.000000000000000000e+00,8.839069294335097772e-08,1.767813858867019554e-07,2.651720788300529596e-07,3.535627717734039638e-07,4.419534647167549680e-07,5.303441576601059193e-07,6.187348506034568705e-07
0.000000000000000000e+00,9.038183417318899023e-08,1.807636683463779805e-07,2.711455025195669707e-07,3.615273366927559609e-07,4.519091708659449511e-07,5.422910050391339414e-07,6.326728392123229316e-07
0.000000000000000000e+00,-8.274424696522578924e-08,-1.654884939304515785e-07,-2.482327408956773942e-07,-3.309769878609032099e-07,-4.137212348261290256e-07,-4.964654817913547884e-07,-5.792097287565805511e-07
0.000000000000000000e+00,-8.839069299200263115e-08,-1.767813859840052623e-07,-2.651720789760079067e-07,-3.535627719680105775e-07,-4.419534649600132484e-07,-5.303441579520159193e-07,-6.187348509440185372e-07
0.000000000000000000e+00,-9.038183422297178999e-08,-1.807636684459435800e-07,-2.711455026689153964e-07,-3.615273368918872129e-07,-4.519091711148590293e-07,-5.422910053378307929e-07,-6.326728395608025564e-07
0.000000000000000000e+00,7.367984157040286670e-08,1.473596831408057334e-07,2.210395247112086133e-07,2.947193662816115197e-07,3.683992078520144261e-07,4.420790494224173325e-07,5.157588909928201860e-07
0.000000000000000000e+00,7.764697312676491442e-08,1.552939462535298288e-07,2.329409193802947300e-07,3.105878925070596048e-07,3.882348656338244795e-07,4.658818387605893542e-07,5.435288118873542289e-07
0.000000000000000000e+00,7.908589984295043553e-08,1.581717996859008711e-07,2.372576995288513066e-07,3.163435993718017421e-07,3.954294992147522041e-07,4.745153990577026661e-07,5.536012989006531281e-07
0.000000000000000000e+00,-7.367984162169174398e-08,-1.473596832433834880e-07,-2.210395248650752187e-07,-2.947193664867669230e-07,-3.683992081084586272e-07,-4.420790497301503315e-07,-5.157588913518420887e-07
0.000000000000000000e+00,-7.764697317716191895e-08,-1.552939463543238379e-07,-2.329409195314857701e-07,-3.105878927086477287e-07,-3.882348658858096874e-07,-4.658818390629716460e-07,-5.435288122401336047e-07
0.000000000000000000e+00,-7.908589989476816577e-08,-1.581717997895363315e-07,-2.372576996843044841e-07,-3.163435995790726101e-07,-3.954294994738407362e-07,-4.745153993686088623e-07,-5.536012992633769883e-07
0.000000000000000000e+00,6.745039999412662748e-08,1.349007999882532550e-07,2.023511999823798824e-07,2.698015999765065099e-07,3.372519999706331374e-07,4.047023999647597649e-07,4.721527999588863924e-07
0.000000000000000000e+00,7.029227557994429158e-08,1.405845511598885832e-07,2.108768267398328747e-07,2.811691023197771663e-07,3.514613778997214844e-07,4.217536534796658024e-07,4.920459290596101205e-07
0.000000000000000000e+00,7.094347383377702452e-08,1.418869476675540490e-07,2.128304215013310868e-07,2.837738953351081510e-07,3.547173691688852152e-07,4.256608430026622794e-07,4.966043168364393437e-07
0.000000000000000000e+00,-6.745040004732189799e-08,-1.349008000946437960e-07,-2.023512001419657072e-07,-2.698016001892876449e-07,-3.372520002366095826e-07,-4.047024002839315203e-07,-4.721528003312534580e-07
0.000000000000000000e+00,-7.029227563223053692e-08,-1.405845512644610738e-07,-2.108768268966915975e-07,-2.811691025289220947e-07,-3.514613781611525919e-07,-4.217536537933830892e-07,-4.920459294256135864e-07
0.000000000000000000e+00,-7.094347388789433009e-08,-1.418869477757886602e-07,-2.128304216636830035e-07,-2.837738955515773733e-07,-3.547173694394717431e-07,-4.256608433273661129e-07,-4.966043172152604298e-07
0.000000000000000000e+00,6.312415475531662283e-08,1.262483095106332457e-07,1.893724642659498685e-07,2.524966190212664913e-07,3.156207737765831141e-07,3.787449285318997370e-07,4.418690832872163598e-07
0.000000000000000000e+00,6.512498859423198572e-08,1.302499771884639714e-07,1.953749657826959704e-07,2.604999543769279958e-07,3.256249429711600212e-07,3.907499315653920466e-07,4.558749201596240721e-07
0.000000000000000000e+00,6.491275424304099128e-08,1.298255084860819826e-07,1.947382627291229738e-07,2.596510169721639651e-07,3.245637712152049299e-07,3.894765254582458947e-07,4.543892797012868595e-07
0.000000000000000000e+00,-6.312415481021629568e-08,-1.262483096204325914e-07,-1.893724644306488870e-07,-2.524966192408651827e-07,-3.156207740510814519e-07,-3.787449288612977212e-07,-4.418690836715139904e-07
0.000000000000000000e+00,-6.512498864836444524e-08,-1.302499772967288905e-07,-1.953749659450933357e-07,-2.604999545934577810e-07,-3.256249432418222527e-07,-3.907499318901867244e-07,-4.558749205385511961e-07
0.000000000000000000e+00,-6.491275429961237630e-08,-1.298255085992247526e-07,-1.947382628988371157e-07,-2.596510171984494522e-07,-3.245637714980617888e-07,-3.894765257976741254e-07,-4.543892800972864620e-07
0.000000000000000000e+00,6.093170299350961060e-08,1.218634059870192212e-07,1.827951089805288450e-07,2.437268119740384953e-07,3.046585149675481456e-07,3.655902179610577959e-07,4.265219209545674462e-07
0.000000000000000000e+00,6.165482683115303427e-08,1.233096536623060685e-07,1.849644804934590896e-07,2.466193073246120841e-07,3.082741341557650787e-07,3.699289609869180733e-07,4.315837878180710678e-07
0.000000000000000000e+00,6.044642909034742451e-08,1.208928581806948490e-07,1.813392872710422735e-07,2.417857163613896981e-07,3.022321454517371490e-07,3.626785745420846000e-07,4.231250036324320510e-07
0.000000000000000000e+00,-6.093170304914114639e-08,-1.218634060982822928e-07,-1.827951091474234524e-07,-2.437268121965646385e-07,-3.046585152457058246e-07,-3.655902182948470107e-07,-4.265219213439881968e-07
0.000000000000000000e+00,-6.165482688659415970e-08,-1.233096537731883194e-07,-1.849644806597824791e-07,-2.466193075463766388e-07,-3.082741344329707985e-07,-3.699289613195649582e-07,-4.315837882061591179e-07
0.000000000000000000e+00,-6.044642914935064112e-08,-1.208928582987012822e-07,-1.813392874480519101e-07,-2.417857165974025116e-07,-3.022321457467531130e-07,-3.626785748961037144e-07,-4.231250040454543158e-07
0.000000000000000000e+00,6.188117861586865013e-08,1.237623572317373003e-07,1.856435358476059372e-07,2.475247144634745476e-07,3.094058930793431580e-07,3.712870716952117684e-07,4.331682503110803789e-07
0.000000000000000000e+00,-2.742889033688430910e-17,-5.485778067376861819e-17,-8.228667101065293037e-17,-1.097155613475372487e-16,-1.371444516844215670e-16,-1.645733420213058854e-16,-1.920022323581902037e-16
0.000000000000000000e+00,6.039354160770989652e-08,1.207870832154197930e-07,1.811806248231297028e-07,2.415741664308396390e-07,3.019677080385495752e-07,3.623612496462595115e-07,4.227547912539694477e-07
0.000000000000000000e+00,5.830877714921360979e-08,1.166175542984272196e-07,1.749263314476408426e-07,2.332351085968544656e-07,2.915438857460680887e-07,3.498526628952816852e-07,4.081614400444952818e-07
0.000000000000000000e+00,3.093416484869825730e-08,6.186832969739651460e-08,9.280249454609477190e-08,1.237366593947930292e-07,1.546708242434912865e-07,1.856049890921895438e-07,2.165391539408878011e-07
0.000000000000000000e+00,-3.059461986828559717e-17,-6.118923973657119433e-17,-9.178385960485679150e-17,-1.223784794731423887e-16,-1.529730993414279858e-16,-1.835677192097135830e-16,-2.141623390779991802e-16
0.000000000000000000e+00,-6.188117867069423407e-08,-1.237623573413884681e-07,-1.856435360120826890e-07,-2.475247146827768833e-07,-3.094058933534710777e-07,-3.712870720241652721e-07,-4.331682506948594664e-07
0.000000000000000000e+00,-3.093416490354941766e-08,-6.186832980709883533e-08,-9.280249471064825961e-08,-1.237366596141976971e-07,-1.546708245177471346e-07,-1.856049894212965722e-07,-2.165391543248460097e-07
0.000000000000000000e+00,-6.039354166311470541e-08,-1.207870833262294108e-07,-1.811806249893441162e-07,-2.415741666524588216e-07,-3.019677083155735535e-07,-3.623612499786882854e-07,-4.227547916418030173e-07
0.000000000000000000e+00,-5.830877721035543901e-08,-1.166175544207108780e-07,-1.749263316310663038e-07,-2.332351088414217296e-07,-2.915438860517771553e-07,-3.498526632621326076e-07,-4.081614404724880598e-07
0.000000000000000000e+00,8.662084076726255453e-08,1.732416815345251091e-07,2.598625223017876636e-07,3.464833630690502181e-07,4.331042038363127727e-07,5.197250446035753272e-07,6.063458853708379347e-07
0.000000000000000000e+00,1.054773579311210943e-07,2.109547158622421886e-07,3.164320737933632830e-07,4.219094317244843773e-07,5.273867896556054716e-07,6.328641475867265659e-07,7.383415055178476603e-07
0.000000000000000000e+00,-2.232010589754373376e-17,-4.464021179508746751e-17,-6.696031769263120435e-17,-8.928042359017494735e-17,-1.116005294877186903e-16,-1.339206353852624333e-16,-1.562407412828061763e-16
0.000000000000000000e+00,9.331124838509236638e-08,1.866224967701847328e-07,2.799337451552770991e-07,3.732449935403694655e-07,4.665562419254618319e-07,5.598674903105541983e-07,6.531787386956465646e-07
0.000000000000000000e+00,1.276512785104594677e-07,2.553025570209189354e-07,3.829538355313784031e-07,5.106051140418378707e-07,6.382563925522973384e-07,7.659076710627568061e-07,8.935589495732162738e-07
0.000000000000000000e+00,1.022264171690596721e-07,2.044528343381193442e-07,3.066792515071790031e-07,4.089056686762386356e-07,5.111320858452983209e-07,6.133585030143580063e-07,7.155849201834176916e-07
0.000000000000000000e+00,5.272807022212149620e-08,1.054561404442429924e-07,1.581842106663645018e-07,2.109122808884860113e-07,2.636403511106075207e-07,3.163684213327290037e-07,3.690964915548504867e-07
0.000000000000000000e+00,-2.255846263255488597e-17,-4.511692526510977194e-17,-6.767538789766466099e-17,-9.023385053021955620e-17,-1.127923131627744391e-16,-1.353507757953293220e-16,-1.579092384278842049e-16
0.000000000000000000e+00,-8.662084081274409451e-08,-1.732416816254881890e-07,-2.598625224382322835e-07,-3.464833632509763781e-07,-4.331042040637204726e-07,-5.197250448764645671e-07,-6.063458856892086087e-07
0.000000000000000000e+00,-1.054773579757034824e-07,-2.109547159514069647e-07,-3.164320739271104206e-07,-4.219094319028138765e-07,-5.273867898785173324e-07,-6.328641478542208412e-07,-7.383415058299243501e-07
0.000000000000000000e+00,-5.272807026674897551e-08,-1.054561405334979510e-07,-1.581842108002469265e-07,-2.109122810669959020e-07,-2.636403513337449040e-07,-3.163684216004939060e-07,-3.690964918672429080e-07
0.000000000000000000e+00,-9.331124843011546301e-08,-1.866224968602309260e-07,-2.799337452903464023e-07,-3.732449937204619050e-07,-4.665562421505774077e-07,-5.598674905806929104e-07,-6.531787390108083602e-07
0.000000000000000000e+00,-1.276512785555074591e-07,-2.553025571110149183e-07,-3.829538356665224039e-07,-5.106051142220299425e-07,-6.382563927775374810e-07,-7.659076713330450196e-07,-8.935589498885525581e-07
0.000000000000000000e+00,-1.022264172151507582e-07,-2.044528344303015164e-07,-3.066792516454522613e-07,-4.089056688606029798e-07,-5.111320860757537512e-07,-6.133585032909045227e-07,-7.155849205060552941e-07
0.000000000000000000e+00,7.520714673281458428e-08,1.504142934656291686e-07,2.256214401984437396e-07,3.008285869312582842e-07,3.760357336640728287e-07,4.512428803968873733e-07,5.264500271297019708e-07
0.000000000000000000e+00,7.978006822223110987e-08,1.595601364444622197e-07,2.393402046666933031e-07,3.191202728889243866e-07,3.989003411111554700e-07,4.786804093333866063e-07,5.584604775556177426e-07
0.000000000000000000e+00,8.595585467447780928e-08,1.719117093489556186e-07,2.578675640234334543e-07,3.438234186979112901e-07,4.297792733723891258e-07,5.157351280468669086e-07,6.016909827213446914e-07
0.000000000000000000e+00,-7.520714677936386223e-08,-1.504142935587277245e-07,-2.256214403380915734e-07,-3.008285871174553960e-07,-3.760357338968192185e-07,-4.512428806761830410e-07,-5.264500274555468635e-07
0.000000000000000000e+00,-7.978006826824710117e-08,-1.595601365364942023e-07,-2.393402048047413035e-07,-3.191202730729884047e-07,-3.989003413412355059e-07,-4.786804096094826070e-07,-5.584604778777297612e-07
0.000000000000000000e+00,-8.595585472178060245e-08,-1.719117094435612049e-07,-2.578675641653418073e-07,-3.438234188871224098e-07,-4.297792736089030122e-07,-5.157351283306836147e-07,-6.016909830524642701e-07
0.000000000000000000e+00,6.854377811432039423e-08,1.370875562286407885e-07,2.056313343429611959e-07,2.741751124572816299e-07,3.427188905716020638e-07,4.112626686859224977e-07,4.798064468002429846e-07
0.000000000000000000e+00,7.149135400640837508e-08,1.429827080128167502e-07,2.144740620192251120e-07,2.859654160256334474e-07,3.574567700320417827e-07,4.289481240384501181e-07,5.004394780448584005e-07
0.000000000000000000e+00,7.560416366982796591e-08,1.512083273396559318e-07,2.268124910094838977e-07,3.024166546793118636e-07,3.780208183491398296e-07,4.536249820189677955e-07,5.292291456887957614e-07
0.000000000000000000e+00,-6.854377816201977087e-08,-1.370875563240395417e-07,-2.056313344860593126e-07,-2.741751126480790835e-07,-3.427188908100988544e-07,-4.112626689721186252e-07,-4.798064471341383961e-07
0.000000000000000000e+00,-7.149135405356140223e-08,-1.429827081071228045e-07,-2.144740621606842199e-07,-2.859654162142456619e-07,-3.574567702678071038e-07,-4.289481243213685457e-07,-5.004394783749299877e-07
0.000000000000000000e+00,-7.560416371855435677e-08,-1.512083274371087135e-07,-2.268124911556630703e-07,-3.024166548742174271e-07,-3.780208185927718103e-07,-4.536249823113261935e-07,-5.292291460298805768e-07
0.000000000000000000e+00,6.450699145254637421e-08,1.290139829050927484e-07,1.935209743576391094e-07,2.580279658101854439e-07,3.225349572627317784e-07,3.870419487152781129e-07,4.515489401678244474e-07
0.000000000000000000e+00,6.642626320340474809e-08,1.328525264068094962e-07,1.992787896102142575e-07,2.657050528136190453e-07,3.321313160170238331e-07,3.985575792204286209e-07,4.649838424238334087e-07
0.000000000000000000e+00,6.891324937490859430e-08,1.378264987498171886e-07,2.067397481247257829e-07,2.756529974996343772e-07,3.445662468745429980e-07,4.134794962494516187e-07,4.823927456243602395e-07
0.000000000000000000e+00,-6.450699150138731304e-08,-1.290139830027746261e-07,-1.935209745041619391e-07,-2.580279660055492522e-07,-3.225349575069365652e-07,-3.870419490083238782e-07,-4.515489405097111913e-07
0.000000000000000000e+00,-6.642626325173013501e-08,-1.328525265034602700e-07,-1.992787897551904050e-07,-2.657050530069205401e-07,-3.321313162586506751e-07,-3.985575795103808101e-07,-4.649838427621109451e-07
0.000000000000000000e+00,-6.891324942516235761e-08,-1.378264988503247152e-07,-2.067397482754870861e-07,-2.756529977006494834e-07,-3.445662471258118807e-07,-4.134794965509742780e-07,-4.823927459761367283e-07
0.000000000000000000e+00,6.216821849873157120e-08,1.243364369974631424e-07,1.865046554961947136e-07,2.486728739949262848e-07,3.108410924936578295e-07,3.730093109923893742e-07,4.351775294911209190e-07
0.000000000000000000e+00,6.329641586804472091e-08,1.265928317360894418e-07,1.898892476041341627e-07,2.531856634721788836e-07,3.164820793402236045e-07,3.797784952082683255e-07,4.430749110763130464e-07
0.000000000000000000e+00,6.458032507531143406e-08,1.291606501506228681e-07,1.937409752259343154e-07,2.583213003012457892e-07,3.229016253765572629e-07,3.874819504518687367e-07,4.520622755271802104e-07
0.000000000000000000e+00,-6.216821854805447177e-08,-1.243364370961089435e-07,-1.865046556441634021e-07,-2.486728741922178341e-07,-3.108410927402722662e-07,-3.730093112883266983e-07,-4.351775298363811303e-07
0.000000000000000000e+00,-6.329641591725728220e-08,-1.265928318345145644e-07,-1.898892477517718466e-07,-2.531856636690291288e-07,-3.164820795862864110e-07,-3.797784955035436932e-07,-4.430749114208009754e-07
0.000000000000000000e+00,-6.458032512689117451e-08,-1.291606502537823490e-07,-1.937409753806735235e-07,-2.583213005075646980e-07,-3.229016256344558725e-07,-3.874819507613470470e-07,-4.520622758882382216e-07
0.000000000000000000e+00,6.123496150917958527e-08,1.224699230183591705e-07,1.837048845275387558e-07,2.449398460367183411e-07,3.061748075458979264e-07,3.674097690550775116e-07,4.286447305642570969e-07
0.000000000000000000e+00,6.155175902755118273e-08,1.231035180551023655e-07,1.846552770826535614e-07,2.462070361102047839e-07,3.077587951377560063e-07,3.693105541653072287e-07,4.308623131928584512e-07
0.000000000000000000e+00,6.206998955568083665e-08,1.241399791113616733e-07,1.862099686670425099e-07,2.482799582227233466e-07,3.103499477784041568e-07,3.724199373340849669e-07,4.344899268897657771e-07
0.000000000000000000e+00,-6.123496155727287194e-08,-1.224699231145457439e-07,-1.837048846718186158e-07,-2.449398462290914878e-07,-3.061748077863643332e-07,-3.674097693436371787e-07,-4.286447309009100242e-07
0.000000000000000000e+00,-6.155175907655035790e-08,-1.231035181531007158e-07,-1.846552772296510737e-07,-2.462070363062014316e-07,-3.077587953827518160e-07,-3.693105544593022003e-07,-4.308623135358525847e-07
0.000000000000000000e+00,-6.206998960774181093e-08,-1.241399792154836219e-07,-1.862099688232254328e-07,-2.482799584309672437e-07,-3.103499480387090282e-07,-3.724199376464508126e-07,-4.344899272541925971e-07
0.000000000000000000e+00,6.194915455300581207e-08,1.238983091060116241e-07,1.858474636590174362e-07,2.477966182120232483e-07,3.097457727650290339e-07,3.716949273180348195e-07,4.336440818710406051e-07
0.000000000000000000e+00,6.128871837739388508e-08,1.225774367547877702e-07,1.838661551321816552e-07,2.451548735095755403e-07,3.064435918869694254e-07,3.677323102643633105e-07,4.290210286417571956e-07
0.000000000000000000e+00,6.138107964937776358e-08,1.227621592987555272e-07,1.841432389481332907e-07,2.455243185975110543e-07,3.069053982468887914e-07,3.682864778962665285e-07,4.296675575456442656e-07
0.000000000000000000e+00,-6.194915459678137475e-08,-1.238983091935627495e-07,-1.858474637903441243e-07,-2.477966183871254990e-07,-3.097457729839069002e-07,-3.716949275806883015e-07,-4.336440821774697027e-07
0.000000000000000000e+00,-6.128871842369987929e-08,-1.225774368473997586e-07,-1.838661552710996379e-07,-2.451548736947995171e-07,-3.064435921184993700e-07,-3.677323105421992228e-07,-4.290210289658990756e-07
0.000000000000000000e+00,-6.138107969989662173e-08,-1.227621593997932435e-07,-1.841432390996898520e-07,-2.455243187995864340e-07,-3.069053984994830160e-07,-3.682864781993795980e-07,-4.296675578992761801e-07
0.000000000000000000e+00,6.387666500029282120e-08,1.277533300005856424e-07,1.916299950008784636e-07,2.555066600011712848e-07,3.193833250014641325e-07,3.832599900017569801e-07,4.471366550020498278e-07
0.000000000000000000e+00,-1.799472387946529780e-17,-3.598944775893059561e-17,-5.398417163839589341e-17,-7.197889551786119121e-17,-8.997361939732648901e-17,-1.079683432767917868e-16,-1.259630671562570846e-16
0.000000000000000000e+00,6.264822902393248224e-08,1.252964580478649645e-07,1.879446870717974600e-07,2.505929160957299819e-07,3.132411451196625039e-07,3.758893741435950258e-07,4.385376031675275478e-07
0.000000000000000000e+00,6.341388311101810736e-08,1.268277662220362147e-07,1.902416493330543221e-07,2.536555324440724294e-07,3.170694155550905632e-07,3.804832986661086971e-07,4.438971817771268309e-07
0.000000000000000000e+00,3.193863340060770438e-08,6.387726680121540875e-08,9.581590020182311975e-08,1.277545336024308440e-07,1.596931670030385682e-07,1.916318004036462924e-07,2.235704338042540167e-07
0.000000000000000000e+00,-2.309152705448260897e-17,-4.618305410896521793e-17,-6.927458116344782381e-17,-9.236610821793042354e-17,-1.154576352724130356e-16,-1.385491623268956476e-16,-1.616406893813782597e-16
0.000000000000000000e+00,-6.387666503628082914e-08,-1.277533300725616583e-07,-1.916299951088424742e-07,-2.555066601451232636e-07,-3.193833251814040531e-07,-3.832599902176848425e-07,-4.471366552539656319e-07
0.000000000000000000e+00,-3.193863343659684390e-08,-6.387726687319368781e-08,-9.581590030979053171e-08,-1.277545337463873756e-07,-1.596931671829842328e-07,-1.916318006195810899e-07,-2.235704340561779470e-07
0.000000000000000000e+00,-6.264822906407800583e-08,-1.252964581281560117e-07,-1.879446871922340042e-07,-2.505929162563119704e-07,-3.132411453203899365e-07,-3.758893743844679026e-07,-4.385376034485458687e-07
0.000000000000000000e+00,-6.341388315718104564e-08,-1.268277663143620913e-07,-1.902416494715431237e-07,-2.536555326287241296e-07,-3.170694157859051355e-07,-3.804832989430861415e-07,-4.438971821002671474e-07
0.000000000000000000e+00,5.777832657192412467e-08,1.155566531438482493e-07,1.733349797157723674e-07,2.311133062876964722e-07,2.888916328596205770e-07,3.466699594315446818e-07,4.044482860034687867e-07
0.000000000000000000e+00,5.707854284513314238e-08,1.141570856902662848e-07,1.712356285353994271e-07,2.283141713805325695e-07,2.853927142256657119e-07,3.424712570707988543e-07,3.995497999159319967e-07
0.000000000000000000e+00,-2.153798669119324873e-17,-4.307597338238649746e-17,-6.461396007357974927e-17,-8.615194676477300725e-17,-1.076899334559662652e-16,-1.292279201471595232e-16,-1.507659068383527812e-16
0.000000000000000000e+00,5.691589951005563531e-08,1.138317990201112706e-07,1.707476985301668993e-07,2.276635980402225148e-07,2.845794975502781302e-07,3.414953970603337457e-07,3.984112965703893612e-07
0.000000000000000000e+00,8.180647698400720530e-08,1.636129539680144106e-07,2.454194309520216027e-07,3.272259079360287682e-07,4.090323849200359338e-07,4.908388619040430994e-07,5.726453388880502650e-07
0.000000000000000000e+00,7.172945060597695033e-08,1.434589012119539007e-07,2.151883518179308642e-07,2.869178024239078543e-07,3.586472530298848443e-07,4.303767036358618343e-07,5.021061542418388244e-07
0.000000000000000000e+00,2.851934707616548410e-08,5.703869415233096820e-08,8.555804122849644899e-08,1.140773883046619232e-07,1.425967353808273973e-07,1.711160824569928715e-07,1.996354295331583457e-07
0.000000000000000000e+00,-2.197938873359500349e-17,-4.395877746719000697e-17,-6.593816620078501662e-17,-8.791755493438002627e-17,-1.098969436679750359e-16,-1.318763324015700332e-16,-1.538557211351650306e-16
0.000000000000000000e+00,-5.777832661557299637e-08,-1.155566532311459927e-07,-1.733349798467190024e-07,-2.311133064622920120e-07,-2.888916330778650216e-07,-3.466699596934380047e-07,-4.044482863090109879e-07
0.000000000000000000e+00,-5.707854288815541485e-08,-1.141570857763108297e-07,-1.712356286644662313e-07,-2.283141715526216329e-07,-2.853927144407770345e-07,-3.424712573289324626e-07,-3.995498002170878907e-07
0.000000000000000000e+00,-2.851934711923062437e-08,-5.703869423846124874e-08,-8.555804135769186980e-08,-1.140773884769224842e-07,-1.425967355961530987e-07,-1.711160827153837131e-07,-1.996354298346143276e-07
0.000000000000000000e+00,-5.691589955337103412e-08,-1.138317991067420682e-07,-1.707476986601131090e-07,-2.276635982134841629e-07,-2.845794977668551904e-07,-3.414953973202262179e-07,-3.984112968735972454e-07
0.000000000000000000e+00,-8.180647702790325842e-08,-1.636129540558065168e-07,-2.454194310837097620e-07,-3.272259081116129807e-07,-4.090323851395161995e-07,-4.908388621674194182e-07,-5.726453391953226898e-07
0.000000000000000000e+00,-7.172945065059584019e-08,-1.434589013011916804e-07,-2.151883519517875338e-07,-2.869178026023834137e-07,-3.586472532529792936e-07,-4.303767039035751735e-07,-5.021061545541710005e-07
0.000000000000000000e+00,5.806986680753546359e-08,1.161397336150709272e-07,1.742096004226063908e-07,2.322794672301418543e-07,2.903493340376773179e-07,3.484192008452127815e-07,4.064890676527482451e-07
0.000000000000000000e+00,5.757335756078765223e-08,1.151467151215753045e-07,1.727200726823629633e-07,2.302934302431506354e-07,2.878667878039382810e-07,3.454401453647259266e-07,4.030135029255135722e-07
0.000000000000000000e+00,6.613883071239590844e-08,1.322776614247918169e-07,1.984164921371877121e-07,2.645553228495835808e-07,3.306941535619794496e-07,3.968329842743753183e-07,4.629718149867711870e-07
0.000000000000000000e+00,-5.806986685189910537e-08,-1.161397337037982107e-07,-1.742096005556973161e-07,-2.322794674075964215e-07,-2.903493342594955533e-07,-3.484192011113946851e-07,-4.064890679632938170e-07
0.000000000000000000e+00,-5.757335760480872874e-08,-1.151467152096174575e-07,-1.727200728144261730e-07,-2.302934304192348885e-07,-2.878667880240436040e-07,-3.454401456288523460e-07,-4.030135032336610879e-07
0.000000000000000000e+00,-6.613883075792980565e-08,-1.322776615158596113e-07,-1.984164922737894037e-07,-2.645553230317191696e-07,-3.306941537896489356e-07,-3.968329845475787015e-07,-4.629718153055084675e-07
0.000000000000000000e+00,5.823354697931142711e-08,1.164670939586228542e-07,1.747006409379342880e-07,2.329341879172457349e-07,2.911677348965571819e-07,3.494012818758686289e-07,4.076348288551800758e-07
0.000000000000000000e+00,5.786517793288393441e-08,1.157303558657678688e-07,1.735955337986518165e-07,2.314607117315357641e-07,2.893258896644197118e-07,3.471910675973036330e-07,4.050562455301875541e-07
0.000000000000000000e+00,6.284050858819789179e-08,1.256810171763957836e-07,1.885215257645936886e-07,2.513620343527916201e-07,3.142025429409895516e-07,3.770430515291874831e-07,4.398835601173854146e-07
0.000000000000000000e+00,-5.823354702418150857e-08,-1.164670940483630171e-07,-1.747006410725445257e-07,-2.329341880967260343e-07,-2.911677351209075164e-07,-3.494012821450889985e-07,-4.076348291692704806e-07
0.000000000000000000e+00,-5.786517797755158823e-08,-1.157303559551031765e-07,-1.735955339326547581e-07,-2.314607119102063264e-07,-2.893258898877578948e-07,-3.471910678653094632e-07,-4.050562458428610316e-07
0.000000000000000000e+00,-6.284050863459698021e-08,-1.256810172691939604e-07,-1.885215259037909539e-07,-2.513620345383879738e-07,-3.142025431729849937e-07,-3.770430518075820136e-07,-4.398835604421790335e-07
0.000000000000000000e+00,5.854832978660980387e-08,1.170966595732196077e-07,1.756449893598294116e-07,2.341933191464392155e-07,2.927416489330489929e-07,3.512899787196587703e-07,4.098383085062685477e-07
0.000000000000000000e+00,5.816172642533656905e-08,1.163234528506731381e-07,1.744851792760097138e-07,2.326469057013463027e-07,2.908086321266828916e-07,3.489703585520194805e-07,4.071320849773560694e-07
0.000000000000000000e+00,6.104175810313132422e-08,1.220835162062626484e-07,1.831252743093939594e-07,2.441670324125252439e-07,3.052087905156565284e-07,3.662505486187878130e-07,4.272923067219190975e-07
0.000000000000000000e+00,-5.854832983135995738e-08,-1.170966596627199148e-07,-1.756449894940798721e-07,-2.341933193254398295e-07,-2.927416491567997869e-07,-3.512899789881597443e-07,-4.098383088195197016e-07
0.000000000000000000e+00,-5.816172647028042178e-08,-1.163234529405608436e-07,-1.744851794108412653e-07,-2.326469058811216871e-07,-2.908086323514021089e-07,-3.489703588216825307e-07,-4.071320852919629525e-07
0.000000000000000000e+00,-6.104175815010976994e-08,-1.220835163002195399e-07,-1.831252744503293098e-07,-2.441670326004390798e-07,-3.052087907505488762e-07,-3.662505489006586726e-07,-4.272923070507684690e-07
0.000000000000000000e+00,5.929241145254606071e-08,1.185848229050921214e-07,1.778772343576381954e-07,2.371696458101842693e-07,2.964620572627303433e-07,3.557544687152763907e-07,4.150468801678224382e-07
0.000000000000000000e+00,5.870994799565933095e-08,1.174198959913186619e-07,1.761298439869779995e-07,2.348397919826373503e-07,2.935497399782967276e-07,3.522596879739561048e-07,4.109696359696154821e-07
0.000000000000000000e+00,6.033833256725711179e-08,1.206766651345142236e-07,1.810149977017713221e-07,2.413533302690283942e-07,3.016916628362854663e-07,3.620299954035425384e-07,4.223683279707996105e-07
0.000000000000000000e+00,-5.929241149543280791e-08,-1.185848229908656158e-07,-1.778772344862984237e-07,-2.371696459817312316e-07,-2.964620574771640395e-07,-3.557544689725968474e-07,-4.150468804680296553e-07
0.000000000000000000e+00,-5.870994803974443124e-08,-1.174198960794888625e-07,-1.761298441192333003e-07,-2.348397921589777514e-07,-2.935497401987222290e-07,-3.522596882384667066e-07,-4.109696362782111841e-07
0.000000000000000000e+00,-6.033833261368744778e-08,-1.206766652273748956e-07,-1.810149978410623434e-07,-2.413533304547497911e-07,-3.016916630684372389e-07,-3.620299956821246867e-07,-4.223683282958121345e-07
0.000000000000000000e+00,6.043025741389509091e-08,1.208605148277901818e-07,1.812907722416852860e-07,2.417210296555804166e-07,3.021512870694755472e-07,3.625815444833706778e-07,4.230118018972658084e-07
0.000000000000000000e+00,5.968964857735576955e-08,1.193792971547115391e-07,1.790689457320672954e-07,2.387585943094230253e-07,2.984482428867787551e-07,3.581378914641344849e-07,4.178275400414902148e-07
0.000000000000000000e+00,6.068118449603953214e-08,1.213623689920790643e-07,1.820435534881185964e-07,2.427247379841581286e-07,3.034059224801976607e-07,3.640871069762371929e-07,4.247682914722767250e-07
0.000000000000000000e+00,-6.043025745142657817e-08,-1.208605149028531563e-07,-1.812907723542797345e-07,-2.417210298057063127e-07,-3.021512872571328909e-07,-3.625815447085594690e-07,-4.230118021599860472e-07
0.000000000000000000e+00,-5.968964861798093877e-08,-1.193792972359618775e-07,-1.790689458539428163e-07,-2.387585944719237551e-07,-2.984482430899046674e-07,-3.581378917078855797e-07,-4.178275403258664920e-07
0.000000000000000000e+00,-6.068118453924236821e-08,-1.213623690784847364e-07,-1.820435536177271046e-07,-2.427247381569694728e-07,-3.034059226962118675e-07,-3.640871072354542622e-07,-4.247682917746966569e-07
0.000000000000000000e+00,6.278506468562655415e-08,1.255701293712531083e-07,1.883551940568796492e-07,2.511402587425061637e-07,3.139253234281326781e-07,3.767103881137591926e-07,4.394954527993857070e-07
0.000000000000000000e+00,6.154198012862918229e-08,1.230839602572583646e-07,1.846259403858875336e-07,2.461679205145166762e-07,3.077099006431458188e-07,3.692518807717749614e-07,4.307938609004041040e-07
0.000000000000000000e+00,6.189710985979954693e-08,1.237942197195990939e-07,1.856913295793986408e-07,2.475884394391981877e-07,3.094855492989977082e-07,3.713826591587972287e-07,4.332797690185967491e-07
0.000000000000000000e+00,-6.278506471355320395e-08,-1.255701294271064079e-07,-1.883551941406596251e-07,-2.511402588542128688e-07,-3.139253235677661124e-07,-3.767103882813193561e-07,-4.394954529948725997e-07
0.000000000000000000e+00,-6.154198016157260971e-08,-1.230839603231452194e-07,-1.846259404847178291e-07,-2.461679206462904388e-07,-3.077099008078630221e-07,-3.692518809694356053e-07,-4.307938611310081886e-07
0.000000000000000000e+00,-6.189710989583211675e-08,-1.237942197916642335e-07,-1.856913296874963502e-07,-2.475884395833284670e-07,-3.094855494791605573e-07,-3.713826593749926476e-07,-4.332797692708247378e-07
0.000000000000000000e+00,6.009229862715107095e-08,1.201845972543021419e-07,1.802768958814532261e-07,2.403691945086043368e-07,3.004614931357554474e-07,3.605537917629065051e-07,4.206460903900576158e-07
0.000000000000000000e+00,-8.220683742618877668e-18,-1.644136748523775534e-17,-2.466205122785663763e-17,-3.288273497047551067e-17,-4.110341871309439913e-17,-4.932410245571328142e-17,-5.754478619833215755e-17
0.000000000000000000e+00,6.270717163101322667e-08,1.254143432620264533e-07,1.881215148930396800e-07,2.508286865240529067e-07,3.135358581550661069e-07,3.762430297860793071e-07,4.389502014170925073e-07
0.000000000000000000e+00,6.260267860815097317e-08,1.252053572163019463e-07,1.878080358244529063e-07,2.504107144326038397e-07,3.130133930407547732e-07,3.756160716489057067e-07,4.382187502570566401e-07
0.000000000000000000e+00,3.001645572635972182e-08,6.003291145271944364e-08,9.004936717907915884e-08,1.200658229054389137e-07,1.500822786317986554e-07,1.800987343581583971e-07,2.101151900845181388e-07
0.000000000000000000e+00,-1.290904577215776241e-17,-2.581809154431552483e-17,-3.872713731647328570e-17,-5.163618308863104349e-17,-6.454522886078880129e-17,-7.745427463294655908e-17,-9.036332040510431687e-17
0.000000000000000000e+00,-6.009229864363918931e-08,-1.201845972872783786e-07,-1.802768959309175944e-07,-2.403691945745567572e-07,-3.004614932181959466e-07,-3.605537918618351888e-07,-4.206460905054743252e-07
0.000000000000000000e+00,-3.001645574281798888e-08,-6.003291148563597777e-08,-9.004936722845396665e-08,-1.200658229712719555e-07,-1.500822787140899444e-07,-1.800987344569079333e-07,-2.101151901997259487e-07
0.000000000000000000e+00,-6.270717165311792786e-08,-1.254143433062358557e-07,-1.881215149593537836e-07,-2.508286866124717114e-07,-3.135358582655896128e-07,-3.762430299187075142e-07,-4.389502015718254156e-07
0.000000000000000000e+00,-6.260267863397980029e-08,-1.252053572679596006e-07,-1.878080359019394009e-07,-2.504107145359192012e-07,-3.130133931698990279e-07,-3.756160718038788547e-07,-4.382187504378586814e-07
0.000000000000000000e+00,2.899307478050897875e-08,5.798614956101795751e-08,8.697922434152693295e-08,1.159722991220359018e-07,1.449653739025448706e-07,1.739584486830538394e-07,2.029515234635628083e-07
0.000000000000000000e+00,9.400062622302097817e-09,1.880012524460419563e-08,2.820018786690629345e-08,3.760025048920839127e-08,4.700031311151049239e-08,5.640037573381259352e-08,6.580043835611469464e-08
0.000000000000000000e+00,-2.043946719041160806e-17,-4.087893438082321611e-17,-6.131840157123483033e-17,-8.175786876164644455e-17,-1.021973359520580588e-16,-1.226368031424696607e-16,-1.430762703328812626e-16
0.000000000000000000e+00,2.098652548105193307e-08,4.197305096210386613e-08,6.295957644315580582e-08,8.394610192420774550e-08,1.049326274052596852e-07,1.259191528863116116e-07,1.469056783673635381e-07
0.000000000000000000e+00,3.238634926051899044e-08,6.477269852103798088e-08,9.715904778155697132e-08,1.295453970420759618e-07,1.619317463025949522e-07,1.943180955631139426e-07,2.267044448236329331e-07
0.000000000000000000e+00,4.341028712880794802e-08,8.682057425761589603e-08,1.302308613864238374e-07,1.736411485152317656e-07,2.170514356440396938e-07,2.604617227728476219e-07,3.038720099016555236e-07
0.000000000000000000e+00,4.677973538711531964e-09,9.355947077423063928e-09,1.403392061613459589e-08,1.871189415484612786e-08,2.338986769355765817e-08,2.806784123226918848e-08,3.274581477098071879e-08
0.000000000000000000e+00,-2.101531627154158762e-17,-4.203063254308317525e-17,-6.304594881462476595e-17,-8.406126508616636282e-17,-1.050765813577079597e-16,-1.260918976292495566e-16,-1.471072139007911534e-16
0.000000000000000000e+00,-2.899307482150587963e-08,-5.798614964301175927e-08,-8.697922446451763890e-08,-1.159722992860235185e-07,-1.449653741075294114e-07,-1.739584489290353043e-07,-2.029515237505411971e-07
0.000000000000000000e+00,-9.400062663142004781e-09,-1.880012532628400956e-08,-2.820018798942601269e-08,-3.760025065256801251e-08,-4.700031331571001232e-08,-5.640037597885201214e-08,-6.580043864199400534e-08
0.000000000000000000e+00,-4.677973579574611566e-09,-9.355947159149223133e-09,-1.403392073872383470e-08,-1.871189431829844627e-08,-2.338986789787305618e-08,-2.806784147744766609e-08,-3.274581505702227600e-08
0.000000000000000000e+00,-2.098652552194254786e-08,-4.197305104388509571e-08,-6.295957656582764357e-08,-8.394610208777019143e-08,-1.049326276097127393e-07,-1.259191531316552871e-07,-1.469056786535978350e-07
0.000000000000000000e+00,-3.238634930251284579e-08,-6.477269860502569158e-08,-9.715904790753853737e-08,-1.295453972100513832e-07,-1.619317465125642290e-07,-1.943180958150770747e-07,-2.267044451175899205e-07
0.000000000000000000e+00,-4.341028717119345023e-08,-8.682057434238690045e-08,-1.302308615135803441e-07,-1.736411486847737744e-07,-2.170514358559672048e-07,-2.604617230271606352e-07,-3.038720101983540656e-07
0.000000000000000000e+00,4.085321782040960484e-08,8.170643564081920968e-08,1.225596534612288079e-07,1.634128712816383929e-07,2.042660891020479779e-07,2.451193069224575629e-07,2.859725247428671214e-07
0.000000000000000000e+00,3.546239653184435503e-08,7.092479306368871006e-08,1.063871895955330717e-07,1.418495861273774466e-07,1.773119826592218215e-07,2.127743791910661964e-07,2.482367757229105448e-07
0.000000000000000000e+00,4.965914214063247039e-08,9.931828428126494079e-08,1.489774264218974046e-07,1.986365685625298551e-07,2.482957107031623056e-07,2.979548528437947562e-07,3.476139949844272067e-07
0.000000000000000000e+00,-4.085321786166116816e-08,-8.170643572332233633e-08,-1.225596535849834979e-07,-1.634128714466446462e-07,-2.042660893083057945e-07,-2.451193071699669428e-07,-2.859725250316280646e-07
0.000000000000000000e+00,-3.546239657300460423e-08,-7.092479314600920846e-08,-1.063871897190138127e-07,-1.418495862920184169e-07,-1.773119828650230079e-07,-2.127743794380275989e-07,-2.482367760110321899e-07
0.000000000000000000e+00,-4.965914218350276000e-08,-9.931828436700552000e-08,-1.489774265505082932e-07,-1.986365687340110665e-07,-2.482957109175138397e-07,-2.979548531010165865e-07,-3.476139952845193332e-07
0.000000000000000000e+00,4.771134011249611867e-08,9.542268022499223735e-08,1.431340203374883494e-07,1.908453604499844482e-07,2.385567005624805735e-07,2.862680406749766988e-07,3.339793807874728241e-07
0.000000000000000000e+00,4.416487453161797979e-08,8.832974906323595958e-08,1.324946235948539328e-07,1.766594981264718927e-07,2.208243726580898526e-07,2.649892471897078126e-07,3.091541217213257990e-07
0.000000000000000000e+00,5.339752865268393199e-08,1.067950573053678640e-07,1.601925859580517960e-07,2.135901146107357280e-07,2.669876432634196335e-07,3.203851719161035390e-07,3.737827005687874445e-07
0.000000000000000000e+00,-4.771134015359611604e-08,-9.542268030719223208e-08,-1.431340204607883415e-07,-1.908453606143844377e-07,-2.385567007679805074e-07,-2.862680409215765771e-07,-3.339793810751726468e-07
0.000000000000000000e+00,-4.416487457286446753e-08,-8.832974914572893507e-08,-1.324946237185934026e-07,-1.766594982914578701e-07,-2.208243728643223377e-07,-2.649892474371868052e-07,-3.091541220100512727e-07
0.000000000000000000e+00,-5.339752869572984859e-08,-1.067950573914596972e-07,-1.601925860871895391e-07,-2.135901147829193679e-07,-2.669876434786492231e-07,-3.203851721743790783e-07,-3.737827008701089335e-07
0.000000000000000000e+00,5.209452863609905817e-08,1.041890572721981163e-07,1.562835859082971745e-07,2.083781145443962327e-07,2.604726431804952644e-07,3.125671718165942961e-07,3.646617004526933277e-07
0.000000000000000000e+00,4.959526875183656318e-08,9.919053750367312636e-08,1.487858062555096895e-07,1.983810750073462527e-07,2.479763437591828159e-07,2.975716125110193791e-07,3.471668812628559423e-07
0.000000000000000000e+00,5.582468483468787594e-08,1.116493696693757519e-07,1.674740545040636344e-07,2.232987393387515302e-07,2.791234241734394260e-07,3.349481090081273218e-07,3.907727938428152176e-07
0.000000000000000000e+00,-5.209452867638859720e-08,-1.041890573527771944e-07,-1.562835860291657850e-07,-2.083781147055543623e-07,-2.604726433819429397e-07,-3.125671720583315170e-07,-3.646617007347200944e-07
0.000000000000000000e+00,-4.959526879258376471e-08,-9.919053758516752941e-08,-1.487858063777512875e-07,-1.983810751703350324e-07,-2.479763439629187507e-07,-2.975716127555024691e-07,-3.471668815480861875e-07
0.000000000000000000e+00,-5.582468487728892157e-08,-1.116493697545778431e-07,-1.674740546318667713e-07,-2.232987395091557127e-07,-2.791234243864446542e-07,-3.349481092637335956e-07,-3.907727941410225370e-07
0.000000000000000000e+00,5.525948486813169834e-08,1.105189697362633967e-07,1.657784546043950884e-07,2.210379394725267669e-07,2.762974243406584189e-07,3.315569092087900710e-07,3.868163940769217230e-07
0.000000000000000000e+00,5.336412630738383054e-08,1.067282526147676611e-07,1.600923789221514784e-07,2.134565052295352957e-07,2.668206315369191130e-07,3.201847578443029568e-07,3.735488841516868006e-07
0.000000000000000000e+00,5.769613220076087554e-08,1.153922644015217511e-07,1.730883966022826200e-07,2.307845288030434757e-07,2.884806610038043578e-07,3.461767932045652400e-07,4.038729254053261221e-07
0.000000000000000000e+00,-5.525948490625244261e-08,-1.105189698125048852e-07,-1.657784547187573212e-07,-2.210379396250097440e-07,-2.762974245312621667e-07,-3.315569094375145895e-07,-3.868163943437670122e-07
0.000000000000000000e+00,-5.336412634680461818e-08,-1.067282526936092364e-07,-1.600923790404138479e-07,-2.134565053872184462e-07,-2.668206317340230446e-07,-3.201847580808276429e-07,-3.735488844276322412e-07
0.000000000000000000e+00,-5.769613224137781928e-08,-1.153922644827556386e-07,-1.730883967241334711e-07,-2.307845289655113036e-07,-2.884806612068891361e-07,-3.461767934482669421e-07,-4.038729256896447482e-07
0.000000000000000000e+00,5.772263609799069054e-08,1.154452721959813811e-07,1.731679082939720650e-07,2.308905443919627357e-07,2.886131804899534328e-07,3.463358165879441300e-07,4.040584526859348271e-07
0.000000000000000000e+00,5.625703170294235153e-08,1.125140634058847031e-07,1.687710951088270546e-07,2.250281268117694061e-07,2.812851585147117576e-07,3.375421902176541092e-07,3.937992219205964607e-07
0.000000000000000000e+00,5.983616302052269801e-08,1.196723260410453960e-07,1.795084890615680940e-07,2.393446520820907921e-07,2.991808151026134901e-07,3.590169781231361881e-07,4.188531411436588861e-07
0.000000000000000000e+00,-5.772263613131381372e-08,-1.154452722626276274e-07,-1.731679083939414345e-07,-2.308905445252552284e-07,-2.886131806565690487e-07,-3.463358167878828691e-07,-4.040584529191966894e-07
0.000000000000000000e+00,-5.625703173893558064e-08,-1.125140634778711613e-07,-1.687710952168067353e-07,-2.250281269557422961e-07,-2.812851586946778833e-07,-3.375421904336134706e-07,-3.937992221725490578e-07
0.000000000000000000e+00,-5.983616305621448265e-08,-1.196723261124289653e-07,-1.795084891686434347e-07,-2.393446522248578777e-07,-2.991808152810723206e-07,-3.590169783372867636e-07,-4.188531413935012065e-07
0.000000000000000000e+00,6.111031898416102823e-08,1.222206379683220565e-07,1.833309569524830847e-07,2.444412759366441129e-07,3.055515949208051147e-07,3.666619139049661164e-07,4.277722328891271182e-07
0.000000000000000000e+00,5.932281767274168336e-08,1.186456353454833667e-07,1.779684530182250501e-07,2.372912706909667334e-07,2.966140883637084433e-07,3.559369060364501531e-07,4.152597237091918629e-07
0.000000000000000000e+00,6.141127082316872686e-08,1.228225416463374537e-07,1.842338124695061938e-07,2.456450832926749604e-07,3.070563541158437270e-07,3.684676249390124935e-07,4.298788957621812601e-07
0.000000000000000000e+00,-6.111031900890466056e-08,-1.222206380178093211e-07,-1.833309570267139817e-07,-2.444412760356186422e-07,-3.055515950445232763e-07,-3.666619140534279104e-07,-4.277722330623325445e-07
0.000000000000000000e+00,-5.932281770225699639e-08,-1.186456354045139928e-07,-1.779684531067709892e-07,-2.372912708090279856e-07,-2.966140885112849820e-07,-3.559369062135419784e-07,-4.152597239157989748e-07
0.000000000000000000e+00,-6.141127084957664659e-08,-1.228225416991532932e-07,-1.842338125487299265e-07,-2.456450833983065334e-07,-3.070563542478831403e-07,-3.684676250974597472e-07,-4.298788959470363541e-07
0.000000000000000000e+00,6.245836177541547952e-08,1.249167235508309590e-07,1.873750853262464253e-07,2.498334471016618652e-07,3.122918088770773050e-07,3.747501706524927448e-07,4.372085324279081846e-07
0.000000000000000000e+00,6.161723786511797540e-08,1.232344757302359508e-07,1.848517135953539262e-07,2.464689514604719016e-07,3.080861893255898770e-07,3.697034271907078524e-07,4.313206650558258278e-07
0.000000000000000000e+00,6.437210924433221293e-08,1.287442184886644259e-07,1.931163277329966255e-07,2.574884369773287988e-07,3.218605462216609720e-07,3.862326554659931452e-07,4.506047647103253184e-07
0.000000000000000000e+00,-6.245836178959461254e-08,-1.249167235791892251e-07,-1.873750853687838376e-07,-2.498334471583784501e-07,-3.122918089479730627e-07,-3.747501707375676752e-07,-4.372085325271622878e-07
0.000000000000000000e+00,-6.161723788406757150e-08,-1.232344757681351430e-07,-1.848517136522027013e-07,-2.464689515362702331e-07,-3.080861894203377649e-07,-3.697034273044052967e-07,-4.313206651884728285e-07
0.000000000000000000e+00,-6.437210925971771938e-08,-1.287442185194354388e-07,-1.931163277791531449e-07,-2.574884370388708246e-07,-3.218605462985885043e-07,-3.862326555583061839e-07,-4.506047648180238636e-07
0.000000000000000000e+00,-6.267106410446932939e-10,-1.253421282089386588e-09,-1.880131923134079882e-09,-2.506842564178773176e-09,-3.133553205223466469e-09,-3.760263846268159763e-09,-4.386974487312852644e-09
0.000000000000000000e+00,-3.064036341056405771e-08,-6.128072682112811543e-08,-9.192109023169217976e-08,-1.225614536422562573e-07,-1.532018170528203349e-07,-1.838421804633844125e-07,-2.144825438739484900e-07
0.000000000000000000e+00,-1.908648682370847671e-17,-3.817297364741695341e-17,-5.725946047112542396e-17,-7.634594729483389450e-17,-9.543243411854236505e-17,-1.145189209422508479e-16,-1.336054077659593308e-16
0.000000000000000000e+00,-1.291584229049885030e-08,-2.583168458099770059e-08,-3.874752687149655420e-08,-5.166336916199540780e-08,-6.457921145249426140e-08,-7.749505374299310839e-08,-9.041089603349195538e-08
0.000000000000000000e+00,-1.221508521907943820e-08,-2.443017043815887640e-08,-3.664525565723831460e-08,-4.886034087631775280e-08,-6.107542609539718439e-08,-7.329051131447661597e-08,-8.550559653355604755e-08
0.000000000000000000e+00,1.318316892514945267e-08,2.636633785029890534e-08,3.954950677544835469e-08,5.273267570059780405e-08,6.591584462574725341e-08,7.909901355089670939e-08,9.228218247604616536e-08
0.000000000000000000e+00,-1.532922703213752592e-08,-3.065845406427505183e-08,-4.598768109641258106e-08,-6.131690812855011690e-08,-7.664613516068765275e-08,-9.197536219282518859e-08,-1.073045892249627244e-07
0.000000000000000000e+00,-1.978007119205199793e-17,-3.956014238410399586e-17,-5.934021357615599071e-17,-7.912028476820797940e-17,-9.890035596025996809e-17,-1.186804271523119568e-16,-1.384604983443639455e-16
0.000000000000000000e+00,6.267106031002556529e-10,1.253421206200511306e-09,1.880131809300767062e-09,2.506842412401023025e-09,3.133553015501278988e-09,3.760263618601534951e-09,4.386974221701791328e-09
0.000000000000000000e+00,3.064036337238984450e-08,6.128072674477968900e-08,9.192109011716954011e-08,1.225614534895594045e-07,1.532018168619492688e-07,1.838421802343391332e-07,2.144825436067289975e-07
0.000000000000000000e+00,1.532922699395676143e-08,3.065845398791352286e-08,4.598768098187028760e-08,6.131690797582705896e-08,7.664613496978383032e-08,9.197536196374060167e-08,1.073045889576973730e-07
0.000000000000000000e+00,1.291584225245071264e-08,2.583168450490142528e-08,3.874752675735214123e-08,5.166336900980285718e-08,6.457921126225357313e-08,7.749505351470428246e-08,9.041089576715499179e-08
0.000000000000000000e+00,1.221508517953141199e-08,2.443017035906282398e-08,3.664525553859423763e-08,4.886034071812565458e-08,6.107542589765707815e-08,7.329051107718850172e-08,8.550559625671992529e-08
0.000000000000000000e+00,-1.318316896467372390e-08,-2.636633792934744781e-08,-3.954950689402117502e-08,-5.273267585869490224e-08,-6.591584482336862945e-08,-7.909901378804235005e-08,-9.228218275271607064e-08
0.000000000000000000e+00,2.001448998395813609e-08,4.002897996791627219e-08,6.004346995187440828e-08,8.005795993583254438e-08,1.000724499197906805e-07,1.200869399037488166e-07,1.401014298877069527e-07
0.000000000000000000e+00,1.129459173094882872e-08,2.258918346189765744e-08,3.388377519284648450e-08,4.517836692379530826e-08,5.647295865474413201e-08,6.776755038569295577e-08,7.906214211664177952e-08
0.000000000000000000e+00,2.975216747029327683e-08,5.950433494058655366e-08,8.925650241087983711e-08,1.190086698811731206e-07,1.487608373514664040e-07,1.785130048217596742e-07,2.082651722920529444e-07
0.000000000000000000e+00,-2.001449002156541957e-08,-4.002898004313083914e-08,-6.004347006469625871e-08,-8.005796008626167828e-08,-1.000724501078270979e-07,-1.200869401293925174e-07,-1.401014301509579370e-07
0.000000000000000000e+00,-1.129459176873781565e-08,-2.258918353747563130e-08,-3.388377530621344695e-08,-4.517836707495126261e-08,-5.647295884368907826e-08,-6.776755061242689391e-08,-7.906214238116470294e-08
0.000000000000000000e+00,-2.975216750977280090e-08,-5.950433501954560181e-08,-8.925650252931840271e-08,-1.190086700390912036e-07,-1.487608375488639913e-07,-1.785130050586367790e-07,-2.082651725684095666e-07
0.000000000000000000e+00,3.345524375086251272e-08,6.691048750172502544e-08,1.003657312525875448e-07,1.338209750034500773e-07,1.672762187543126099e-07,2.007314625051751425e-07,2.341867062560376751e-07
0.000000000000000000e+00,2.744235644922683474e-08,5.488471289845366948e-08,8.232706934768050753e-08,1.097694257969073522e-07,1.372117822461341969e-07,1.646541386953610415e-07,1.920964951445878862e-07
0.000000000000000000e+00,4.033091987601671034e-08,8.066183975203342067e-08,1.209927596280501310e-07,1.613236795040668413e-07,2.016545993800835517e-07,2.419855192561002620e-07,2.823164391321169724e-07
0.000000000000000000e+00,-3.345524378774922924e-08,-6.691048757549845847e-08,-1.003657313632476877e-07,-1.338209751509969169e-07,-1.672762189387461462e-07,-2.007314627264953754e-07,-2.341867065142446047e-07
0.000000000000000000e+00,-2.744235648653532073e-08,-5.488471297307064145e-08,-8.232706945960595887e-08,-1.097694259461412697e-07,-1.372117824326765805e-07,-1.646541389192118913e-07,-1.920964954057472021e-07
0.000000000000000000e+00,-4.033091991505339500e-08,-8.066183983010679000e-08,-1.209927597451601916e-07,-1.613236796602136065e-07,-2.016545995752670213e-07,-2.419855194903204362e-07,-2.823164394053738245e-07
0.000000000000000000e+00,4.250219620529918240e-08,8.500439241059836480e-08,1.275065886158975538e-07,1.700087848211967561e-07,2.125109810264959583e-07,2.550131772317951606e-07,2.975153734370943893e-07
0.000000000000000000e+00,3.820939364697670661e-08,7.641878729395341323e-08,1.146281809409301265e-07,1.528375745879068529e-07,1.910469682348835794e-07,2.292563618818603059e-07,2.674657555288370323e-07
0.000000000000000000e+00,4.731013531075971716e-08,9.462027062151943432e-08,1.419304059322791515e-07,1.892405412430388686e-07,2.365506765537985858e-07,2.838608118645583030e-07,3.311709471753179936e-07
0.000000000000000000e+00,-4.250219624060201348e-08,-8.500439248120402696e-08,-1.275065887218060272e-07,-1.700087849624080275e-07,-2.125109812030100277e-07,-2.550131774436120544e-07,-2.975153736842140811e-07
0.000000000000000000e+00,-3.820939368316377392e-08,-7.641878736632754784e-08,-1.146281810494913218e-07,-1.528375747326550957e-07,-1.910469684158188696e-07,-2.292563620989826435e-07,-2.674657557821464174e-07
0.000000000000000000e+00,-4.731013534858557484e-08,-9.462027069717114968e-08,-1.419304060457567113e-07,-1.892405413943422729e-07,-2.365506767429278345e-07,-2.838608120915134226e-07,-3.311709474400990106e-07
0.000000000000000000e+00,4.882418725706296300e-08,9.764837451412592600e-08,1.464725617711888890e-07,1.952967490282518520e-07,2.441209362853148415e-07,2.929451235423778309e-07,3.417693107994408204e-07
0.000000000000000000e+00,4.567156085700532320e-08,9.134312171401064641e-08,1.370146825710159564e-07,1.826862434280212664e-07,2.283578042850265763e-07,2.740293651420319128e-07,3.197009259990372492e-07
0.000000000000000000e+00,5.222415443375947210e-08,1.044483088675189442e-07,1.566724633012784229e-07,2.088966177350379149e-07,2.611207721687974068e-07,3.133449266025568988e-07,3.655690810363163907e-07
0.000000000000000000e+00,-4.882418728967246092e-08,-9.764837457934492184e-08,-1.464725618690173828e-07,-1.952967491586898437e-07,-2.441209364483623311e-07,-2.929451237380348185e-07,-3.417693110277073059e-07
0.000000000000000000e+00,-4.567156089106603341e-08,-9.134312178213206682e-08,-1.370146826731980936e-07,-1.826862435642641072e-07,-2.283578044553301207e-07,-2.740293653463961343e-07,-3.197009262374621478e-07
0.000000000000000000e+00,-5.222415446919563146e-08,-1.044483089383912629e-07,-1.566724634075868812e-07,-2.088966178767824994e-07,-2.611207723459781176e-07,-3.133449268151737623e-07,-3.655690812843694070e-07
0.000000000000000000e+00,5.360762551783461361e-08,1.072152510356692272e-07,1.608228765535038276e-07,2.144305020713384280e-07,2.680381275891730284e-07,3.216457531070076552e-07,3.752533786248422821e-07
0.000000000000000000e+00,5.113881469002260471e-08,1.022776293800452094e-07,1.534164440700678075e-07,2.045552587600903924e-07,2.556940734501129772e-07,3.068328881401355621e-07,3.579717028301581470e-07
0.000000000000000000e+00,5.599861366320439410e-08,1.119972273264087882e-07,1.679958409896131757e-07,2.239944546528175499e-07,2.799930683160219242e-07,3.359916819792262984e-07,3.919902956424306727e-07
0.000000000000000000e+00,-5.360762554589761587e-08,-1.072152510917952317e-07,-1.608228766376928410e-07,-2.144305021835904370e-07,-2.680381277294880065e-07,-3.216457532753855761e-07,-3.752533788212831456e-07
0.000000000000000000e+00,-5.113881472056681793e-08,-1.022776294411336359e-07,-1.534164441617004670e-07,-2.045552588822672982e-07,-2.556940736028341294e-07,-3.068328883234009341e-07,-3.579717030439677388e-07
0.000000000000000000e+00,-5.599861369392481664e-08,-1.119972273878496333e-07,-1.679958410817744367e-07,-2.239944547756992401e-07,-2.799930684696240435e-07,-3.359916821635488734e-07,-3.919902958574737032e-07
0.000000000000000000e+00,5.750588125416238435e-08,1.150117625083247687e-07,1.725176437624871597e-07,2.300235250166495639e-07,2.875294062708119416e-07,3.450352875249743194e-07,4.025411687791366971e-07
0.000000000000000000e+00,5.547919470356713123e-08,1.109583894071342625e-07,1.664375841107014069e-07,2.219167788142685514e-07,2.773959735178356959e-07,3.328751682214028139e-07,3.883543629249699319e-07
0.000000000000000000e+00,5.952114813464030240e-08,1.190422962692806048e-07,1.785634444039209006e-07,2.380845925385611831e-07,2.976057406732014392e-07,3.571268888078416953e-07,4.166480369424819513e-07
0.000000000000000000e+00,-5.750588127499156642e-08,-1.150117625499831328e-07,-1.725176438249747125e-07,-2.300235250999662921e-07,-2.875294063749578718e-07,-3.450352876499494250e-07,-4.025411689249409782e-07
0.000000000000000000e+00,-5.547919472822345962e-08,-1.109583894564469192e-07,-1.664375841846703855e-07,-2.219167789128938649e-07,-2.773959736411173179e-07,-3.328751683693407709e-07,-3.883543630975642239e-07
0.000000000000000000e+00,-5.952114815744794829e-08,-1.190422963148958966e-07,-1.785634444723438515e-07,-2.380845926297918196e-07,-2.976057407872398142e-07,-3.571268889446878088e-07,-4.166480371021358034e-07
0.000000000000000000e+00,6.114888934314278270e-08,1.222977786862855654e-07,1.834466680294283613e-07,2.445955573725711837e-07,3.057444467157140061e-07,3.668933360588568285e-07,4.280422254019996509e-07
0.000000000000000000e+00,5.959424068984450487e-08,1.191884813796890097e-07,1.787827220695335080e-07,2.383769627593779930e-07,2.979712034492224780e-07,3.575654441390669630e-07,4.171596848289114480e-07
0.000000000000000000e+00,6.253768882312202146e-08,1.250753776462440429e-07,1.876130664693660776e-07,2.501507552924881388e-07,3.126884441156101999e-07,3.752261329387322611e-07,4.377638217618543223e-07
0.000000000000000000e+00,-6.114888935503184303e-08,-1.222977787100636861e-07,-1.834466680650955423e-07,-2.445955574201274250e-07,-3.057444467751593078e-07,-3.668933361301911905e-07,-4.280422254852230732e-07
0.000000000000000000e+00,-5.959424070594832173e-08,-1.191884814118966435e-07,-1.787827221178449586e-07,-2.383769628237932604e-07,-2.979712035297415888e-07,-3.575654442356899171e-07,-4.171596849416382455e-07
0.000000000000000000e+00,-6.253768883607970649e-08,-1.250753776721594130e-07,-1.876130665082391195e-07,-2.501507553443188260e-07,-3.126884441803985325e-07,-3.752261330164782390e-07,-4.377638218525579455e-07
0.000000000000000000e+00,-2.309480568582879331e-08,-4.618961137165758661e-08,-6.928441705748638323e-08,-9.237922274331518646e-08,-1.154740284291439897e-07,-1.385688341149727929e-07,-1.616636398008015962e-07
0.000000000000000000e+00,-5.653052838631366181e-08,-1.130610567726273236e-07,-1.695915851589409722e-07,-2.261221135452546208e-07,-2.826526419315682693e-07,-3.391831703178819444e-07,-3.957136987041956194e-07
0.000000000000000000e+00,-1.761089224908661805e-17,-3.522178449817323610e-17,-5.283267674725985106e-17,-7.044356899634645987e-17,-8.805446124543306867e-17,-1.056653534945196775e-16,-1.232762457436062863e-16
0.000000000000000000e+00,-3.741176352121479396e-08,-7.482352704242958792e-08,-1.122352905636443819e-07,-1.496470540848591758e-07,-1.870588176060739698e-07,-2.244705811272887638e-07,-2.618823446485035577e-07
0.000000000000000000e+00,-4.566700034689044661e-08,-9.133400069378089321e-08,-1.370010010406713464e-07,-1.826680013875618129e-07,-2.283350017344522793e-07,-2.740020020813427458e-07,-3.196690024282332123e-07
0.000000000000000000e+00,-1.373621607747695795e-08,-2.747243215495391591e-08,-4.120864823243087221e-08,-5.494486430990782520e-08,-6.868108038738477819e-08,-8.241729646486173118e-08,-9.615351254233868417e-08
0.000000000000000000e+00,-2.830136138703016782e-08,-5.660272277406033564e-08,-8.490408416109050346e-08,-1.132054455481206713e-07,-1.415068069351508523e-07,-1.698081683221810334e-07,-1.981095297092112144e-07
0.000000000000000000e+00,-1.835755648074810741e-17,-3.671511296149621482e-17,-5.507266944224432223e-17,-7.343022592299242965e-17,-9.178778240374054322e-17,-1.101453388844886568e-16,-1.285028953652367704e-16
0.000000000000000000e+00,2.309480565116552835e-08,4.618961130233105670e-08,6.928441695349658504e-08,9.237922260466211339e-08,1.154740282558276417e-07,1.385688339069931701e-07,1.616636395581587117e-07
0.000000000000000000e+00,5.653052835111696131e-08,1.130610567022339226e-07,1.695915850533508773e-07,2.261221134044678188e-07,2.826526417555847337e-07,3.391831701067016487e-07,3.957136984578185637e-07
0.000000000000000000e+00,2.830136135181513369e-08,5.660272270363026737e-08,8.490408405544540437e-08,1.132054454072605480e-07,1.415068067590756784e-07,1.698081681108908087e-07,1.981095294627059391e-07
0.000000000000000000e+00,3.741176348625276791e-08,7.482352697250553582e-08,1.122352904587583037e-07,1.496470539450110716e-07,1.870588174312638395e-07,2.244705809175166074e-07,2.618823444037693754e-07
0.000000000000000000e+00,4.566700031019185743e-08,9.133400062038371486e-08,1.370010009305755657e-07,1.826680012407674032e-07,2.283350015509592408e-07,2.740020018611510784e-07,3.196690021713428895e-07
0.000000000000000000e+00,1.373621604114911278e-08,2.747243208229822556e-08,4.120864812344733835e-08,5.494486416459645113e-08,6.868108020574556391e-08,8.241729624689467669e-08,9.615351228804378947e-08
0.000000000000000000e+00,2.253141054751269046e-09,4.506282109502538092e-09,6.759423164253807139e-09,9.012564219005076185e-09,1.126570527375634523e-08,1.351884632850761428e-08,1.577198738325888332e-08
0.000000000000000000e+00,-8.470909870020962517e-09,-1.694181974004192503e-08,-2.541272961006288755e-08,-3.388363948008385007e-08,-4.235454935010481258e-08,-5.082545922012577510e-08,-5.929636909014673762e-08
0.000000000000000000e+00,9.410637926481341348e-09,1.882127585296268270e-08,2.823191377944402570e-08,3.764255170592537201e-08,4.705318963240671832e-08,5.646382755888806463e-08,6.587446548536940433e-08
0.000000000000000000e+00,-2.253141088572727184e-09,-4.506282177145454368e-09,-6.759423265718181553e-09,-9.012564354290908737e-09,-1.126570544286363592e-08,-1.351884653143636311e-08,-1.577198762000908864e-08
0.000000000000000000e+00,8.470909835753746673e-09,1.694181967150749335e-08,2.541272950726123836e-08,3.388363934301498007e-08,4.235454917876872178e-08,5.082545901452246349e-08,5.929636885027620520e-08
0.000000000000000000e+00,-9.410637962213892758e-09,-1.882127592442778552e-08,-2.823191388664167662e-08,-3.764255184885556442e-08,-4.705318981106945221e-08,-5.646382777328334001e-08,-6.587446573549722780e-08
0.000000000000000000e+00,2.015126453124970848e-08,4.030252906249941695e-08,6.045379359374912873e-08,8.060505812499884714e-08,1.007563226562485655e-07,1.209075871874982839e-07,1.410588517187479891e-07
0.000000000000000000e+00,1.233084546907767599e-08,2.466169093815535199e-08,3.699253640723302964e-08,4.932338187631071059e-08,6.165422734538838493e-08,7.398507281446605927e-08,8.631591828354373361e-08
0.000000000000000000e+00,2.539596735517825643e-08,5.079193471035651286e-08,7.618790206553476267e-08,1.015838694207130125e-07,1.269798367758912623e-07,1.523758041310695253e-07,1.777717714862477884e-07
0.000000000000000000e+00,-2.015126456375873042e-08,-4.030252912751746084e-08,-6.045379369127619788e-08,-8.060505825503493492e-08,-1.007563228187936720e-07,-1.209075873825523958e-07,-1.410588519463111196e-07
0.000000000000000000e+00,-1.233084550229771758e-08,-2.466169100459543516e-08,-3.699253650689315274e-08,-4.932338200919087031e-08,-6.165422751148858128e-08,-7.398507301378629224e-08,-8.631591851608400320e-08
0.000000000000000000e+00,-2.539596738989496056e-08,-5.079193477978992113e-08,-7.618790216968487507e-08,-1.015838695595798290e-07,-1.269798369494747830e-07,-1.523758043393697501e-07,-1.777717717292647173e-07
0.000000000000000000e+00,3.286235703676712410e-08,6.572471407353424820e-08,9.858707111030137230e-08,1.314494281470684964e-07,1.643117851838356205e-07,1.971741422206027446e-07,2.300364992573698687e-07
0.000000000000000000e+00,2.709081903794616885e-08,5.418163807589233770e-08,8.127245711383850654e-08,1.083632761517846754e-07,1.354540951897308442e-07,1.625449142276770131e-07,1.896357332656231819e-07
0.000000000000000000e+00,3.658748842220870641e-08,7.317497684441741282e-08,1.097624652666261126e-07,1.463499536888347992e-07,1.829374421110434857e-07,2.195249305332521723e-07,2.561124189554608588e-07
0.000000000000000000e+00,-3.286235706709809677e-08,-6.572471413419619355e-08,-9.858707120129428371e-08,-1.314494282683923606e-07,-1.643117853354904376e-07,-1.971741424025885145e-07,-2.300364994696865914e-07
0.000000000000000000e+00,-2.709081906943628626e-08,-5.418163813887257252e-08,-8.127245720830885878e-08,-1.083632762777451450e-07,-1.354540953471814313e-07,-1.625449144166177176e-07,-1.896357334860540038e-07
0.000000000000000000e+00,-3.658748845504179456e-08,-7.317497691008358912e-08,-1.097624653651253771e-07,-1.463499538201671518e-07,-1.829374422752089265e-07,-2.195249307302507012e-07,-2.561124191852925024e-07
0.000000000000000000e+00,4.200029195059254766e-08,8.400058390118509533e-08,1.260008758517776430e-07,1.680011678023701907e-07,2.100014597529627383e-07,2.520017517035552860e-07,2.940020436541478337e-07
0.000000000000000000e+00,3.768545808190682542e-08,7.537091616381365084e-08,1.130563742457204829e-07,1.507418323276273281e-07,1.884272904095341734e-07,2.261127484914410187e-07,2.637982065733478904e-07
0.000000000000000000e+00,4.462648238643237213e-08,8.925296477286474425e-08,1.338794471592971296e-07,1.785059295457295150e-07,2.231324119321619003e-07,2.677588943185942592e-07,3.123853767050266181e-07
0.000000000000000000e+00,-4.200029197762807910e-08,-8.400058395525615820e-08,-1.260008759328842241e-07,-1.680011679105122899e-07,-2.100014598881403558e-07,-2.520017518657684481e-07,-2.940020438433965405e-07
0.000000000000000000e+00,-3.768545811066284621e-08,-7.537091622132569241e-08,-1.130563743319885386e-07,-1.507418324426513848e-07,-1.884272905533142310e-07,-2.261127486639770772e-07,-2.637982067746399234e-07
0.000000000000000000e+00,-4.462648241623612635e-08,-8.925296483247225270e-08,-1.338794472487083923e-07,-1.785059296649445319e-07,-2.231324120811806714e-07,-2.677588944974167846e-07,-3.123853769136528977e-07
0.000000000000000000e+00,4.877520135710486157e-08,9.755040271420972314e-08,1.463256040713145913e-07,1.951008054284194728e-07,2.438760067855243806e-07,2.926512081426292885e-07,3.414264094997341964e-07
0.000000000000000000e+00,4.545273349588133821e-08,9.090546699176267642e-08,1.363582004876440080e-07,1.818109339835253264e-07,2.272636674794066447e-07,2.727164009752879631e-07,3.181691344711693079e-07
0.000000000000000000e+00,5.065353689897175934e-08,1.013070737979435187e-07,1.519606106969152913e-07,2.026141475958870638e-07,2.532676844948588364e-07,3.039212213938305825e-07,3.545747582928023286e-07
0.000000000000000000e+00,-4.877520137975556152e-08,-9.755040275951112304e-08,-1.463256041392666713e-07,-1.951008055190222196e-07,-2.438760068987777679e-07,-2.926512082785333426e-07,-3.414264096582889174e-07
0.000000000000000000e+00,-4.545273352072457633e-08,-9.090546704144915265e-08,-1.363582005621737224e-07,-1.818109340828982788e-07,-2.272636676036228353e-07,-2.727164011243473918e-07,-3.181691346450719483e-07
0.000000000000000000e+00,-5.065353692437735454e-08,-1.013070738487547091e-07,-1.519606107731320570e-07,-2.026141476975093917e-07,-2.532676846218867264e-07,-3.039212215462640611e-07,-3.545747584706413958e-07
0.000000000000000000e+00,5.409308160824835349e-08,1.081861632164967070e-07,1.622792448247450538e-07,2.163723264329933875e-07,2.704654080412416946e-07,3.245584896494900018e-07,3.786515712577383090e-07
0.000000000000000000e+00,5.140317803920663812e-08,1.028063560784132762e-07,1.542095341176199011e-07,2.056127121568265260e-07,2.570158901960331509e-07,3.084190682352398023e-07,3.598222462744464536e-07
0.000000000000000000e+00,5.542974154196502581e-08,1.108594830839300516e-07,1.662892246258950708e-07,2.217189661678600768e-07,2.771487077098250827e-07,3.325784492517900887e-07,3.880081907937550947e-07
0.000000000000000000e+00,-5.409308162505470477e-08,-1.081861632501094095e-07,-1.622792448751641077e-07,-2.163723265002187926e-07,-2.704654081252735040e-07,-3.245584897503282154e-07,-3.786515713753829268e-07
0.000000000000000000e+00,-5.140317805905588910e-08,-1.028063561181117782e-07,-1.542095341771676673e-07,-2.056127122362235564e-07,-2.570158902952794720e-07,-3.084190683543353875e-07,-3.598222464133913031e-07
0.000000000000000000e+00,-5.542974156087770981e-08,-1.108594831217554196e-07,-1.662892246826331228e-07,-2.217189662435108128e-07,-2.771487078043884763e-07,-3.325784493652661397e-07,-3.880081909261438032e-07
0.000000000000000000e+00,5.789417845041176747e-08,1.157883569008235349e-07,1.736825353512353024e-07,2.315767138016470699e-07,2.894708922520588109e-07,3.473650707024705519e-07,4.052592491528822929e-07
0.000000000000000000e+00,5.614930004237225912e-08,1.122986000847445182e-07,1.684479001271167840e-07,2.245972001694890629e-07,2.807465002118613419e-07,3.368958002542336209e-07,3.930451002966058998e-07
0.000000000000000000e+00,5.928362882654678429e-08,1.185672576530935686e-07,1.778508864796403529e-07,2.371345153061871372e-07,2.964181441327339215e-07,3.557017729592807057e-07,4.149854017858274900e-07
0.000000000000000000e+00,-5.789417846027283240e-08,-1.157883569205456648e-07,-1.736825353808184840e-07,-2.315767138410913031e-07,-2.894708923013641223e-07,-3.473650707616369679e-07,-4.052592492219098136e-07
0.000000000000000000e+00,-5.614930005560439606e-08,-1.122986001112087921e-07,-1.684479001668131948e-07,-2.245972002224176107e-07,-2.807465002780220266e-07,-3.368958003336264425e-07,-3.930451003892308584e-07
0.000000000000000000e+00,-5.928362883747033294e-08,-1.185672576749406659e-07,-1.778508865124109988e-07,-2.371345153498813317e-07,-2.964181441873516647e-07,-3.557017730248219976e-07,-4.149854018622923306e-07
0.000000000000000000e+00,-6.327197332478360713e-08,-1.265439466495672143e-07,-1.898159199743508214e-07,-2.530878932991344285e-07,-3.163598666239180621e-07,-3.796318399487016957e-07,-4.429038132734853294e-07
0.000000000000000000e+00,-2.971415131635990951e-08,-5.942830263271981901e-08,-8.914245394907972521e-08,-1.188566052654396248e-07,-1.485707565817995111e-07,-1.782849078981593975e-07,-2.079990592145192838e-07
0.000000000000000000e+00,-1.689420347630046256e-17,-3.378840695260092512e-17,-5.068261042890138460e-17,-6.757681390520183792e-17,-8.447101738150229123e-17,-1.013652208578027446e-16,-1.182594243341032102e-16
0.000000000000000000e+00,6.327197329101870334e-08,1.265439465820374067e-07,1.898159198730561100e-07,2.530878931640748133e-07,3.163598664550934902e-07,3.796318397461121671e-07,4.429038130371308439e-07
0.000000000000000000e+00,2.971415128331432197e-08,5.942830256662864394e-08,8.914245384994296260e-08,1.188566051332572746e-07,1.485707564165715999e-07,1.782849076998859252e-07,2.079990589832002505e-07
0.000000000000000000e+00,-3.744615885420389743e-09,-7.489231770840779485e-09,-1.123384765626117005e-08,-1.497846354168156228e-08,-1.872307942710195450e-08,-2.246769531252234673e-08,-2.621231119794273895e-08
0.000000000000000000e+00,3.744615853429327617e-09,7.489231706858655235e-09,1.123384756028798285e-08,1.497846341371731047e-08,1.872307926714663809e-08,2.246769512057596570e-08,2.621231097400529332e-08
0.000000000000000000e+00,1.498552505160667687e-08,2.997105010321335375e-08,4.495657515482003062e-08,5.994210020642670749e-08,7.492762525803337775e-08,8.991315030964004801e-08,1.048986753612467183e-07
0.000000000000000000e+00,-1.498552508195507328e-08,-2.997105016391014656e-08,-4.495657524586521984e-08,-5.994210032782029312e-08,-7.492762540977535978e-08,-8.991315049173042645e-08,-1.048986755736854931e-07
0.000000000000000000e+00,2.860265649511075654e-08,5.720531299022151308e-08,8.580796948533226631e-08,1.144106259804430129e-07,1.430132824755537595e-07,1.716159389706645061e-07,2.002185954657752528e-07
0.000000000000000000e+00,-2.860265652304084410e-08,-5.720531304608168820e-08,-8.580796956912253892e-08,-1.144106260921633896e-07,-1.430132826152042404e-07,-1.716159391382450778e-07,-2.002185956612859153e-07
0.000000000000000000e+00,3.863376098878348413e-08,7.726752197756696826e-08,1.159012829663504458e-07,1.545350439551339101e-07,1.931688049439173743e-07,2.318025659327008386e-07,2.704363269214843294e-07
0.000000000000000000e+00,-3.863376101323412248e-08,-7.726752202646824495e-08,-1.159012830397023608e-07,-1.545350440529364634e-07,-1.931688050661705661e-07,-2.318025660794046687e-07,-2.704363270926387713e-07
0.000000000000000000e+00,4.618633634104599946e-08,9.237267268209199892e-08,1.385590090231379984e-07,1.847453453641839978e-07,2.309316817052299973e-07,2.771180180462759968e-07,3.233043543873219697e-07
0.000000000000000000e+00,-4.618633636092256724e-08,-9.237267272184513449e-08,-1.385590090827677150e-07,-1.847453454436902954e-07,-2.309316818046128759e-07,-2.771180181655354299e-07,-3.233043545264579839e-07
0.000000000000000000e+00,5.200905045515539299e-08,1.040181009103107860e-07,1.560271513654661723e-07,2.080362018206215455e-07,2.600452522757769186e-07,3.120543027309322918e-07,3.640633531860876649e-07
0.000000000000000000e+00,-5.200905046968386754e-08,-1.040181009393677351e-07,-1.560271514090516026e-07,-2.080362018787354701e-07,-2.600452523484193642e-07,-3.120543028181032582e-07,-3.640633532877871522e-07
0.000000000000000000e+00,5.624886615020026950e-08,1.124977323004005390e-07,1.687465984506007953e-07,2.249954646008010515e-07,2.812443307510013078e-07,3.374931969012015905e-07,3.937420630514018733e-07
0.000000000000000000e+00,-5.624886615876943713e-08,-1.124977323175388743e-07,-1.687465984763082982e-07,-2.249954646350777221e-07,-2.812443307938471459e-07,-3.374931969526165963e-07,-3.937420631113860467e-07
0.000000000000000000e+00,6.502209709751548132e-08,1.300441941950309626e-07,1.950662912925464440e-07,2.600883883900619253e-07,3.251104854875774066e-07,3.901325825850928879e-07,4.551546796826083693e-07
0.000000000000000000e+00,5.352025542875779178e-08,1.070405108575155836e-07,1.605607662862733687e-07,2.140810217150311406e-07,2.676012771437888861e-07,3.211215325725466315e-07,3.746417880013043770e-07
0.000000000000000000e+00,-8.375314009753914319e-19,-1.675062801950782864e-18,-2.512594202926174296e-18,-3.350125603901565727e-18,-4.187657004876957545e-18,-5.025188405852349362e-18,-5.862719806827741179e-18
0.000000000000000000e+00,6.693902951427449291e-08,1.338780590285489858e-07,2.008170885428234920e-07,2.677561180570980246e-07,3.346951475713725572e-07,4.016341770856470898e-07,4.685732065999216224e-07
0.000000000000000000e+00,5.834492620388497978e-08,1.166898524077699596e-07,1.750347786116549526e-07,2.333797048155399456e-07,2.917246310194249386e-07,3.500695572233099051e-07,4.084144834271948717e-07
0.000000000000000000e+00,6.171491688585791348e-08,1.234298337717158270e-07,1.851447506575737537e-07,2.468596675434317068e-07,3.085745844292896600e-07,3.702895013151476132e-07,4.320044182010055664e-07
0.000000000000000000e+00,2.680770697532092429e-08,5.361541395064184858e-08,8.042312092596277618e-08,1.072308279012837104e-07,1.340385348766046446e-07,1.608462418519255788e-07,1.876539488272465130e-07
0.000000000000000000e+00,-9.543183481459210861e-19,-1.908636696291842172e-18,-2.862955044437763258e-18,-3.817273392583684344e-18,-4.771591740729605431e-18,-5.725910088875526517e-18,-6.680228437021447603e-18
0.000000000000000000e+00,-6.502209709850104386e-08,-1.300441941970020877e-07,-1.950662912955031183e-07,-2.600883883940041225e-07,-3.251104854925051267e-07,-3.901325825910061308e-07,-4.551546796895071350e-07
0.000000000000000000e+00,-5.352025543042265489e-08,-1.070405108608453098e-07,-1.605607662912679779e-07,-2.140810217216906460e-07,-2.676012771521133141e-07,-3.211215325825359558e-07,-3.746417880129585974e-07
0.000000000000000000e+00,-2.680770697699383752e-08,-5.361541395398767505e-08,-8.042312093098151257e-08,-1.072308279079753501e-07,-1.340385348849692008e-07,-1.608462418619630516e-07,-1.876539488389569024e-07
0.000000000000000000e+00,-6.693902951567510159e-08,-1.338780590313502032e-07,-2.008170885470253048e-07,-2.677561180627004064e-07,-3.346951475783755080e-07,-4.016341770940506096e-07,-4.685732066097257112e-07
0.000000000000000000e+00,-5.834492620504116652e-08,-1.166898524100823330e-07,-1.750347786151234995e-07,-2.333797048201646661e-07,-2.917246310252058326e-07,-3.500695572302469991e-07,-4.084144834352881656e-07
0.000000000000000000e+00,-6.171491688771847428e-08,-1.234298337754369486e-07,-1.851447506631554361e-07,-2.468596675508739501e-07,-3.085745844385924641e-07,-3.702895013263109781e-07,-4.320044182140294920e-07
0.000000000000000000e+00,0.000000000000000000e+00,0.000000000000000000e+00,0.000000000000000000e+00,0.000000000000000000e+00,0.000000000000000000e+00,0.000000000000000000e+00,0.000000000000000000e+00
0.000000000000000000e+00,0.000000000000000000e+00,0.000000000000000000e+00,0.000000000000000000e+00,0.000000000000000000e+00,0.000000000000000000e+00,0.000000000000000000e+00,0.000000000000000000e+00
0.000000000000000000e+00,0.000000000000000000e+00,0.000000000000000000e+00,0.000000000000000000e+00,0.000000000000000000e+00,0.000000000000000000e+00,0.000000000000000000e+00,0.000000000000000000e+00
0.000000000000000000e+00,0.000000000000000000e+00,0.000000000000000000e+00,0.000000000000000000e+00,0.000000000000000000e+00,0.000000000000000000e+00,0.000000000000000000e+00,0.000000000000000000e+00
0.000000000000000000e+00,7.678390527173708387e-08,1.535678105434741677e-07,2.303517158152112648e-07,3.071356210869483884e-07,3.839195263586855120e-07,4.607034316304226356e-07,5.374873369021597062e-07
0.000000000000000000e+00,0.000000000000000000e+00,0.000000000000000000e+00,0.000000000000000000e+00,0.000000000000000000e+00,0.000000000000000000e+00,0.000000000000000000e+00,0.000000000000000000e+00
0.000000000000000000e+00,9.191305711355060865e-08,1.838261142271012173e-07,2.757391713406518392e-07,3.676522284542024875e-07,4.595652855677531359e-07,5.514783426813037843e-07,6.433913997948544326e-07
0.000000000000000000e+00,0.000000000000000000e+00,0.000000000000000000e+00,0.000000000000000000e+00,0.000000000000000000e+00,0.000000000000000000e+00,0.000000000000000000e+00,0.000000000000000000e+00
0.000000000000000000e+00,0.000000000000000000e+00,0.000000000000000000e+00,0.000000000000000000e+00,0.000000000000000000e+00,0.000000000000000000e+00,0.000000000000000000e+00,0.000000000000000000e+00
0.000000000000000000e+00,0.000000000000000000e+00,0.000000000000000000e+00,0.000000000000000000e+00,0.000000000000000000e+00,0.000000000000000000e+00,0.000000000000000000e+00,0.000000000000000000e+00
0.000000000000000000e+00,-3.394403690938913594e-19,-6.788807381877827188e-19,-1.018321107281674174e-18,-1.357761476375565630e-18,-1.697201845469457086e-18,-2.036642214563348349e-18,-2.376082583657239612e-18
0.000000000000000000e+00,0.000000000000000000e+00,0.000000000000000000e+00,0.000000000000000000e+00,0.000000000000000000e+00,0.000000000000000000e+00,0.000000000000000000e+00,0.000000000000000000e+00
0.000000000000000000e+00,0.000000000000000000e+00,0.000000000000000000e+00,0.000000000000000000e+00,0.000000000000000000e+00,0.000000000000000000e+00,0.000000000000000000e+00,0.000000000000000000e+00
0.000000000000000000e+00,0.000000000000000000e+00,0.000000000000000000e+00,0.000000000000000000e+00,0.000000000000000000e+00,0.000000000000000000e+00,0.000000000000000000e+00,0.000000000000000000e+00
0.000000000000000000e+00,0.000000000000000000e+00,0.000000000000000000e+00,0.000000000000000000e+00,0.000000000000000000e+00,0.000000000000000000e+00,0.000000000000000000e+00,0.000000000000000000e+00
0.000000000000000000e+00,-7.678390527214719340e-08,-1.535678105442943868e-07,-2.303517158164415802e-07,-3.071356210885887736e-07,-3.839195263607359670e-07,-4.607034316328831604e-07,-5.374873369050303009e-07
0.000000000000000000e+00,0.000000000000000000e+00,0.000000000000000000e+00,0.000000000000000000e+00,0.000000000000000000e+00,0.000000000000000000e+00,0.000000000000000000e+00,0.000000000000000000e+00
0.000000000000000000e+00,-9.191305711424575800e-08,-1.838261142284915160e-07,-2.757391713427372872e-07,-3.676522284569830850e-07,-4.595652855712288827e-07,-5.514783426854746804e-07,-6.433913997997205310e-07
0.000000000000000000e+00,5.809250280556944325e-08,1.161850056111388865e-07,1.742775084167083231e-07,2.323700112222777465e-07,2.904625140278471435e-07,3.485550168334165404e-07,4.066475196389859373e-07
0.000000000000000000e+00,6.361841537471984943e-08,1.272368307494396989e-07,1.908552461241595350e-07,2.544736614988793448e-07,3.180920768735991545e-07,3.817104922483189642e-07,4.453289076230387739e-07
0.000000000000000000e+00,6.103543494091396603e-08,1.220708698818279321e-07,1.831063048227418849e-07,2.441417397636558112e-07,3.051771747045697375e-07,3.662126096454836638e-07,4.272480445863975902e-07
0.000000000000000000e+00,-5.809250280645512869e-08,-1.161850056129102574e-07,-1.742775084193653861e-07,-2.323700112258205148e-07,-2.904625140322756435e-07,-3.485550168387307722e-07,-4.066475196451859009e-07
0.000000000000000000e+00,-6.361841537614111777e-08,-1.272368307522822355e-07,-1.908552461284233401e-07,-2.544736615045644181e-07,-3.180920768807054962e-07,-3.817104922568465743e-07,-4.453289076329876523e-07
0.000000000000000000e+00,-6.103543494175008020e-08,-1.220708698835001604e-07,-1.831063048252502406e-07,-2.441417397670003208e-07,-3.051771747087504274e-07,-3.662126096505005341e-07,-4.272480445922506408e-07
0.000000000000000000e+00,0.000000000000000000e+00,0.000000000000000000e+00,0.000000000000000000e+00,0.000000000000000000e+00,0.000000000000000000e+00,0.000000000000000000e+00,0.000000000000000000e+00
0.000000000000000000e+00,0.000000000000000000e+00,0.000000000000000000e+00,0.000000000000000000e+00,0.000000000000000000e+00,0.000000000000000000e+00,0.000000000000000000e+00,0.000000000000000000e+00
0.000000000000000000e+00,7.375503399023473443e-08,1.475100679804694689e-07,2.212651019707041901e-07,2.950201359609388848e-07,3.687751699511735795e-07,4.425302039414082743e-07,5.162852379316430219e-07
0.000000000000000000e+00,0.000000000000000000e+00,0.000000000000000000e+00,0.000000000000000000e+00,0.000000000000000000e+00,0.000000000000000000e+00,0.000000000000000000e+00,0.000000000000000000e+00
0.000000000000000000e+00,0.000000000000000000e+00,0.000000000000000000e+00,0.000000000000000000e+00,0.000000000000000000e+00,0.000000000000000000e+00,0.000000000000000000e+00,0.000000000000000000e+00
0.000000000000000000e+00,0.000000000000000000e+00,0.000000000000000000e+00,0.000000000000000000e+00,0.000000000000000000e+00,0.000000000000000000e+00,0.000000000000000000e+00,0.000000000000000000e+00
0.000000000000000000e+00,0.000000000000000000e+00,0.000000000000000000e+00,0.000000000000000000e+00,0.000000000000000000e+00,0.000000000000000000e+00,0.000000000000000000e+00,0.000000000000000000e+00
0.000000000000000000e+00,0.000000000000000000e+00,0.000000000000000000e+00,0.000000000000000000e+00,0.000000000000000000e+00,0.000000000000000000e+00,0.000000000000000000e+00,0.000000000000000000e+00
0.000000000000000000e+00,-7.375503399057615489e-08,-1.475100679811523098e-07,-2.212651019717284647e-07,-2.950201359623046195e-07,-3.687751699528807744e-07,-4.425302039434569293e-07,-5.162852379340331371e-07
0.000000000000000000e+00,0.000000000000000000e+00,0.000000000000000000e+00,0.000000000000000000e+00,0.000000000000000000e+00,0.000000000000000000e+00,0.000000000000000000e+00,0.000000000000000000e+00
0.000000000000000000e+00,5.574386495780869272e-08,1.114877299156173854e-07,1.672315948734260781e-07,2.229754598312347709e-07,2.787193247890434636e-07,3.344631897468521563e-07,3.902070547046608490e-07
0.000000000000000000e+00,6.045116778931497089e-08,1.209023355786299418e-07,1.813535033679449127e-07,2.418046711572598836e-07,3.022558389465748280e-07,3.627070067358897724e-07,4.231581745252047168e-07
0.000000000000000000e+00,5.633304312646663409e-08,1.126660862529332682e-07,1.689991293793999089e-07,2.253321725058665628e-07,2.816652156323331903e-07,3.379982587587998178e-07,3.943313018852664453e-07
0.000000000000000000e+00,-5.574386495910850448e-08,-1.114877299182170090e-07,-1.672315948773255002e-07,-2.229754598364339914e-07,-2.787193247955424827e-07,-3.344631897546510004e-07,-3.902070547137595181e-07
0.000000000000000000e+00,-6.045116779181917086e-08,-1.209023355836383417e-07,-1.813535033754575126e-07,-2.418046711672766834e-07,-3.022558389590958808e-07,-3.627070067509150781e-07,-4.231581745427342754e-07
0.000000000000000000e+00,-5.633304312742513790e-08,-1.126660862548502758e-07,-1.689991293822754005e-07,-2.253321725097005251e-07,-2.816652156371256498e-07,-3.379982587645508009e-07,-3.943313018919759520e-07
0.000000000000000000e+00,0.000000000000000000e+00,0.000000000000000000e+00,0.000000000000000000e+00,0.000000000000000000e+00,0.000000000000000000e+00,0.000000000000000000e+00,0.000000000000000000e+00
0.000000000000000000e+00,0.000000000000000000e+00,0.000000000000000000e+00,0.000000000000000000e+00,0.000000000000000000e+00,0.000000000000000000e+00,0.000000000000000000e+00,0.000000000000000000e+00
0.000000000000000000e+00,6.785607511691179172e-08,1.357121502338235834e-07,2.035682253507353619e-07,2.714243004676471139e-07,3.392803755845588659e-07,4.071364507014706180e-07,4.749925258183823700e-07
0.000000000000000000e+00,0.000000000000000000e+00,0.000000000000000000e+00,0.000000000000000000e+00,0.000000000000000000e+00,0.000000000000000000e+00,0.000000000000000000e+00,0.000000000000000000e+00
0.000000000000000000e+00,0.000000000000000000e+00,0.000000000000000000e+00,0.000000000000000000e+00,0.000000000000000000e+00,0.000000000000000000e+00,0.000000000000000000e+00,0.000000000000000000e+00
0.000000000000000000e+00,0.000000000000000000e+00,0.000000000000000000e+00,0.000000000000000000e+00,0.000000000000000000e+00,0.000000000000000000e+00,0.000000000000000000e+00,0.000000000000000000e+00
0.000000000000000000e+00,0.000000000000000000e+00,0.000000000000000000e+00,0.000000000000000000e+00,0.000000000000000000e+00,0.000000000000000000e+00,0.000000000000000000e+00,0.000000000000000000e+00
0.000000000000000000e+00,0.000000000000000000e+00,0.000000000000000000e+00,0.000000000000000000e+00,0.000000000000000000e+00,0.000000000000000000e+00,0.000000000000000000e+00,0.000000000000000000e+00
0.000000000000000000e+00,-6.785607511736236031e-08,-1.357121502347247206e-07,-2.035682253520870677e-07,-2.714243004694493883e-07,-3.392803755868117089e-07,-4.071364507041740295e-07,-4.749925258215363501e-07
0.000000000000000000e+00,0.000000000000000000e+00,0.000000000000000000e+00,0.000000000000000000e+00,0.000000000000000000e+00,0.000000000000000000e+00,0.000000000000000000e+00,0.000000000000000000e+00
0.000000000000000000e+00,5.422438329282499016e-08,1.084487665856499803e-07,1.626731498784749705e-07,2.168975331712999606e-07,2.711219164641249508e-07,3.253462997569499409e-07,3.795706830497749311e-07
0.000000000000000000e+00,5.900534897692170727e-08,1.180106979538434145e-07,1.770160469307651284e-07,2.360213959076868555e-07,2.950267448846085562e-07,3.540320938615302568e-07,4.130374428384519575e-07
0.000000000000000000e+00,5.413264286822339294e-08,1.082652857364467859e-07,1.623979286046701656e-07,2.165305714728935453e-07,2.706632143411169250e-07,3.247958572093403312e-07,3.789285000775637374e-07
0.000000000000000000e+00,-5.422438329512236850e-08,-1.084487665902447370e-07,-1.626731498853671187e-07,-2.168975331804895005e-07,-2.711219164756118822e-07,-3.253462997707342375e-07,-3.795706830658565927e-07
0.000000000000000000e+00,-5.900534898126492826e-08,-1.180106979625298565e-07,-1.770160469437947980e-07,-2.360213959250597395e-07,-2.950267449063246810e-07,-3.540320938875895960e-07,-4.130374428688545111e-07
0.000000000000000000e+00,-5.413264286998618762e-08,-1.082652857399723752e-07,-1.623979286099585629e-07,-2.165305714799447505e-07,-2.706632143499309381e-07,-3.247958572199171257e-07,-3.789285000899033133e-07
0.000000000000000000e+00,0.000000000000000000e+00,0.000000000000000000e+00,0.000000000000000000e+00,0.000000000000000000e+00,0.000000000000000000e+00,0.000000000000000000e+00,0.000000000000000000e+00
0.000000000000000000e+00,0.000000000000000000e+00,0.000000000000000000e+00,0.000000000000000000e+00,0.000000000000000000e+00,0.000000000000000000e+00,0.000000000000000000e+00,0.000000000000000000e+00
0.000000000000000000e+00,6.622458492122163703e-08,1.324491698424432741e-07,1.986737547636649243e-07,2.648983396848866011e-07,3.311229246061082778e-07,3.973475095273299545e-07,4.635720944485516312e-07
0.000000000000000000e+00,0.000000000000000000e+00,0.000000000000000000e+00,0.000000000000000000e+00,0.000000000000000000e+00,0.000000000000000000e+00,0.000000000000000000e+00,0.000000000000000000e+00
0.000000000000000000e+00,0.000000000000000000e+00,0.000000000000000000e+00,0.000000000000000000e+00,0.000000000000000000e+00,0.000000000000000000e+00,0.000000000000000000e+00,0.000000000000000000e+00
0.000000000000000000e+00,0.000000000000000000e+00,0.000000000000000000e+00,0.000000000000000000e+00,0.000000000000000000e+00,0.000000000000000000e+00,0.000000000000000000e+00,0.000000000000000000e+00
0.000000000000000000e+00,0.000000000000000000e+00,0.000000000000000000e+00,0.000000000000000000e+00,0.000000000000000000e+00,0.000000000000000000e+00,0.000000000000000000e+00,0.000000000000000000e+00
0.000000000000000000e+00,0.000000000000000000e+00,0.000000000000000000e+00,0.000000000000000000e+00,0.000000000000000000e+00,0.000000000000000000e+00,0.000000000000000000e+00,0.000000000000000000e+00
0.000000000000000000e+00,-6.622458492194890746e-08,-1.324491698438978149e-07,-1.986737547658467224e-07,-2.648983396877956298e-07,-3.311229246097445373e-07,-3.973475095316934447e-07,-4.635720944536423522e-07
0.000000000000000000e+00,0.000000000000000000e+00,0.000000000000000000e+00,0.000000000000000000e+00,0.000000000000000000e+00,0.000000000000000000e+00,0.000000000000000000e+00,0.000000000000000000e+00
0.000000000000000000e+00,5.574386495697130139e-08,1.114877299139426028e-07,1.672315948709139108e-07,2.229754598278852320e-07,2.787193247848565797e-07,3.344631897418279274e-07,3.902070546987992751e-07
0.000000000000000000e+00,6.045116778755978627e-08,1.209023355751195725e-07,1.813535033626793588e-07,2.418046711502391451e-07,3.022558389377989314e-07,3.627070067253587176e-07,4.231581745129185039e-07
0.000000000000000000e+00,5.413264286782413602e-08,1.082652857356482720e-07,1.623979286034724081e-07,2.165305714712965441e-07,2.706632143391206801e-07,3.247958572069448161e-07,3.789285000747689522e-07
0.000000000000000000e+00,-5.574386495993379912e-08,-1.114877299198675982e-07,-1.672315948798014040e-07,-2.229754598397352229e-07,-2.787193247996690684e-07,-3.344631897596029138e-07,-3.902070547195367593e-07
0.000000000000000000e+00,-6.045116779350996774e-08,-1.209023355870199355e-07,-1.813535033805298900e-07,-2.418046711740398180e-07,-3.022558389675497460e-07,-3.627070067610596741e-07,-4.231581745545696021e-07
0.000000000000000000e+00,-5.413264287045519903e-08,-1.082652857409103981e-07,-1.623979286113655905e-07,-2.165305714818207696e-07,-2.706632143522759488e-07,-3.247958572227311280e-07,-3.789285000931863072e-07
0.000000000000000000e+00,0.000000000000000000e+00,0.000000000000000000e+00,0.000000000000000000e+00,0.000000000000000000e+00,0.000000000000000000e+00,0.000000000000000000e+00,0.000000000000000000e+00
0.000000000000000000e+00,0.000000000000000000e+00,0.000000000000000000e+00,0.000000000000000000e+00,0.000000000000000000e+00,0.000000000000000000e+00,0.000000000000000000e+00,0.000000000000000000e+00
0.000000000000000000e+00,6.785607511669807472e-08,1.357121502333961494e-07,2.035682253500942109e-07,2.714243004667922459e-07,3.392803755834902809e-07,4.071364507001883159e-07,4.749925258168863510e-07
0.000000000000000000e+00,0.000000000000000000e+00,0.000000000000000000e+00,0.000000000000000000e+00,0.000000000000000000e+00,0.000000000000000000e+00,0.000000000000000000e+00,0.000000000000000000e+00
0.000000000000000000e+00,0.000000000000000000e+00,0.000000000000000000e+00,0.000000000000000000e+00,0.000000000000000000e+00,0.000000000000000000e+00,0.000000000000000000e+00,0.000000000000000000e+00
0.000000000000000000e+00,0.000000000000000000e+00,0.000000000000000000e+00,0.000000000000000000e+00,0.000000000000000000e+00,0.000000000000000000e+00,0.000000000000000000e+00,0.000000000000000000e+00
0.000000000000000000e+00,0.000000000000000000e+00,0.000000000000000000e+00,0.000000000000000000e+00,0.000000000000000000e+00,0.000000000000000000e+00,0.000000000000000000e+00,0.000000000000000000e+00
0.000000000000000000e+00,0.000000000000000000e+00,0.000000000000000000e+00,0.000000000000000000e+00,0.000000000000000000e+00,0.000000000000000000e+00,0.000000000000000000e+00,0.000000000000000000e+00
0.000000000000000000e+00,-6.785607511762749485e-08,-1.357121502352549897e-07,-2.035682253528824846e-07,-2.714243004705099794e-07,-3.392803755881374743e-07,-4.071364507057649691e-07,-4.749925258233924640e-07
0.000000000000000000e+00,0.000000000000000000e+00,0.000000000000000000e+00,0.000000000000000000e+00,0.000000000000000000e+00,0.000000000000000000e+00,0.000000000000000000e+00,0.000000000000000000e+00
0.000000000000000000e+00,5.809250280417538584e-08,1.161850056083507717e-07,1.742775084125261509e-07,2.323700112167015169e-07,2.904625140208769093e-07,3.485550168250523018e-07,4.066475196292276943e-07
0.000000000000000000e+00,6.361841537171076488e-08,1.272368307434215298e-07,1.908552461151322814e-07,2.544736614868430066e-07,3.180920768585537318e-07,3.817104922302644569e-07,4.453289076019751821e-07
0.000000000000000000e+00,5.633304312521029232e-08,1.126660862504205846e-07,1.689991293756308770e-07,2.253321725008411693e-07,2.816652156260514881e-07,3.379982587512618069e-07,3.943313018764721257e-07
0.000000000000000000e+00,-5.809250280785330877e-08,-1.161850056157066175e-07,-1.742775084235599197e-07,-2.323700112314132086e-07,-2.904625140392665240e-07,-3.485550168471198394e-07,-4.066475196549731548e-07
0.000000000000000000e+00,-6.361841537909390110e-08,-1.272368307581878022e-07,-1.908552461372817165e-07,-2.544736615163756573e-07,-3.180920768954695981e-07,-3.817104922745635389e-07,-4.453289076536574797e-07
0.000000000000000000e+00,-5.633304312850236528e-08,-1.126660862570047306e-07,-1.689991293855070958e-07,-2.253321725140094611e-07,-2.816652156425118264e-07,-3.379982587710141917e-07,-3.943313018995165570e-07
0.000000000000000000e+00,0.000000000000000000e+00,0.000000000000000000e+00,0.000000000000000000e+00,0.000000000000000000e+00,0.000000000000000000e+00,0.000000000000000000e+00,0.000000000000000000e+00
0.000000000000000000e+00,0.000000000000000000e+00,0.000000000000000000e+00,0.000000000000000000e+00,0.000000000000000000e+00,0.000000000000000000e+00,0.000000000000000000e+00,0.000000000000000000e+00
0.000000000000000000e+00,7.375503398988092613e-08,1.475100679797618523e-07,2.212651019696427784e-07,2.950201359595237045e-07,3.687751699494046042e-07,4.425302039392855038e-07,5.162852379291664035e-07
0.000000000000000000e+00,0.000000000000000000e+00,0.000000000000000000e+00,0.000000000000000000e+00,0.000000000000000000e+00,0.000000000000000000e+00,0.000000000000000000e+00,0.000000000000000000e+00
0.000000000000000000e+00,0.000000000000000000e+00,0.000000000000000000e+00,0.000000000000000000e+00,0.000000000000000000e+00,0.000000000000000000e+00,0.000000000000000000e+00,0.000000000000000000e+00
0.000000000000000000e+00,0.000000000000000000e+00,0.000000000000000000e+00,0.000000000000000000e+00,0.000000000000000000e+00,0.000000000000000000e+00,0.000000000000000000e+00,0.000000000000000000e+00
0.000000000000000000e+00,0.000000000000000000e+00,0.000000000000000000e+00,0.000000000000000000e+00,0.000000000000000000e+00,0.000000000000000000e+00,0.000000000000000000e+00,0.000000000000000000e+00
0.000000000000000000e+00,0.000000000000000000e+00,0.000000000000000000e+00,0.000000000000000000e+00,0.000000000000000000e+00,0.000000000000000000e+00,0.000000000000000000e+00,0.000000000000000000e+00
0.000000000000000000e+00,-7.375503399093073082e-08,-1.475100679818614616e-07,-2.212651019727921792e-07,-2.950201359637228703e-07,-3.687751699546535615e-07,-4.425302039455842526e-07,-5.162852379365149437e-07
0.000000000000000000e+00,0.000000000000000000e+00,0.000000000000000000e+00,0.000000000000000000e+00,0.000000000000000000e+00,0.000000000000000000e+00,0.000000000000000000e+00,0.000000000000000000e+00
0.000000000000000000e+00,6.502209709607735173e-08,1.300441941921547035e-07,1.950662912882320552e-07,2.600883883843094069e-07,3.251104854803867851e-07,3.901325825764641633e-07,4.551546796725415415e-07
0.000000000000000000e+00,6.693902950985006925e-08,1.338780590197001385e-07,2.008170885295502210e-07,2.677561180394003299e-07,3.346951475492504389e-07,4.016341770591005479e-07,4.685732065689506568e-07
0.000000000000000000e+00,6.103543493925605786e-08,1.220708698785121157e-07,1.831063048177681603e-07,2.441417397570241785e-07,3.051771746962801966e-07,3.662126096355362148e-07,4.272480445747922329e-07
0.000000000000000000e+00,-6.502209710052432764e-08,-1.300441942010486553e-07,-1.950662913015729829e-07,-2.600883884020973106e-07,-3.251104855026216117e-07,-3.901325826031459129e-07,-4.551546797036702141e-07
0.000000000000000000e+00,-6.693902951850960471e-08,-1.338780590370192094e-07,-2.008170885555288274e-07,-2.677561180740384718e-07,-3.346951475925481162e-07,-4.016341771110577606e-07,-4.685732066295674050e-07
0.000000000000000000e+00,-6.103543494324767415e-08,-1.220708698864953483e-07,-1.831063048297430357e-07,-2.441417397729907495e-07,-3.051771747162384634e-07,-3.662126096594861773e-07,-4.272480446027338911e-07
0.000000000000000000e+00,0.000000000000000000e+00,0.000000000000000000e+00,0.000000000000000000e+00,0.000000000000000000e+00,0.000000000000000000e+00,0.000000000000000000e+00,0.000000000000000000e+00
0.000000000000000000e+00,0.000000000000000000e+00,0.000000000000000000e+00,0.000000000000000000e+00,0.000000000000000000e+00,0.000000000000000000e+00,0.000000000000000000e+00,0.000000000000000000e+00
0.000000000000000000e+00,7.678390527125574416e-08,1.535678105425114883e-07,2.303517158137672325e-07,3.071356210850229767e-07,3.839195263562787208e-07,4.607034316275344650e-07,5.374873368987902092e-07
0.000000000000000000e+00,0.000000000000000000e+00,0.000000000000000000e+00,0.000000000000000000e+00,0.000000000000000000e+00,0.000000000000000000e+00,0.000000000000000000e+00,0.000000000000000000e+00
0.000000000000000000e+00,0.000000000000000000e+00,0.000000000000000000e+00,0.000000000000000000e+00,0.000000000000000000e+00,0.000000000000000000e+00,0.000000000000000000e+00,0.000000000000000000e+00
0.000000000000000000e+00,0.000000000000000000e+00,0.000000000000000000e+00,0.000000000000000000e+00,0.000000000000000000e+00,0.000000000000000000e+00,0.000000000000000000e+00,0.000000000000000000e+00
0.000000000000000000e+00,0.000000000000000000e+00,0.000000000000000000e+00,0.000000000000000000e+00,0.000000000000000000e+00,0.000000000000000000e+00,0.000000000000000000e+00,0.000000000000000000e+00
0.000000000000000000e+00,0.000000000000000000e+00,0.000000000000000000e+00,0.000000000000000000e+00,0.000000000000000000e+00,0.000000000000000000e+00,0.000000000000000000e+00,0.000000000000000000e+00
0.000000000000000000e+00,-7.678390527286121571e-08,-1.535678105457224314e-07,-2.303517158185836471e-07,-3.071356210914448628e-07,-3.839195263643060521e-07,-4.607034316371672413e-07,-5.374873369100284305e-07
0.000000000000000000e+00,0.000000000000000000e+00,0.000000000000000000e+00,0.000000000000000000e+00,0.000000000000000000e+00,0.000000000000000000e+00,0.000000000000000000e+00,0.000000000000000000e+00
0.000000000000000000e+00,5.352025542712013298e-08,1.070405108542402660e-07,1.605607662813603923e-07,2.140810217084805055e-07,2.676012771356006186e-07,3.211215325627207317e-07,3.746417879898408448e-07
0.000000000000000000e+00,-2.579890890896115068e-18,-5.159781781792230136e-18,-7.739672672688345975e-18,-1.031956356358446181e-17,-1.289945445448057765e-17,-1.547934534537669195e-17,-1.805923623627280625e-17
0.000000000000000000e+00,6.171491688195293277e-08,1.234298337639058655e-07,1.851447506458588115e-07,2.468596675278117840e-07,3.085745844097647565e-07,3.702895012917177290e-07,4.320044181736707015e-07
0.000000000000000000e+00,5.834492620155547374e-08,1.166898524031109475e-07,1.750347786046664278e-07,2.333797048062219214e-07,2.917246310077774415e-07,3.500695572093329615e-07,4.084144834108884816e-07
0.000000000000000000e+00,2.680770697364012637e-08,5.361541394728025275e-08,8.042312092092037581e-08,1.072308278945604923e-07,1.340385348682005955e-07,1.608462418418406987e-07,1.876539488154808019e-07
0.000000000000000000e+00,-5.056765105418835494e-18,-1.011353021083767099e-17,-1.517029531625650725e-17,-2.022706042167534506e-17,-2.528382552709418286e-17,-3.034059063251302067e-17,-3.539735573793186156e-17
0.000000000000000000e+00,-5.352025543229548444e-08,-1.070405108645909689e-07,-1.605607662968864533e-07,-2.140810217291819377e-07,-2.676012771614774222e-07,-3.211215325937729066e-07,-3.746417880260683911e-07
0.000000000000000000e+00,-2.680770697879125136e-08,-5.361541395758250273e-08,-8.042312093637375078e-08,-1.072308279151649922e-07,-1.340385348939562204e-07,-1.608462418727474486e-07,-1.876539488515386768e-07
0.000000000000000000e+00,-6.171491689210556232e-08,-1.234298337842111246e-07,-1.851447506763166870e-07,-2.468596675684222493e-07,-3.085745844605278116e-07,-3.702895013526333739e-07,-4.320044182447389362e-07
0.000000000000000000e+00,-5.834492620648306144e-08,-1.166898524129661229e-07,-1.750347786194491909e-07,-2.333797048259322722e-07,-2.917246310324153535e-07,-3.500695572388984348e-07,-4.084144834453815161e-07
0.000000000000000000e+00,0.000000000000000000e+00,0.000000000000000000e+00,0.000000000000000000e+00,0.000000000000000000e+00,0.000000000000000000e+00,0.000000000000000000e+00,0.000000000000000000e+00
0.000000000000000000e+00,0.000000000000000000e+00,0.000000000000000000e+00,0.000000000000000000e+00,0.000000000000000000e+00,0.000000000000000000e+00,0.000000000000000000e+00,0.000000000000000000e+00
0.000000000000000000e+00,9.191305711337536548e-08,1.838261142267507310e-07,2.757391713401260964e-07,3.676522284535014619e-07,4.595652855668768274e-07,5.514783426802521929e-07,6.433913997936276113e-07
0.000000000000000000e+00,0.000000000000000000e+00,0.000000000000000000e+00,0.000000000000000000e+00,0.000000000000000000e+00,0.000000000000000000e+00,0.000000000000000000e+00,0.000000000000000000e+00
0.000000000000000000e+00,0.000000000000000000e+00,0.000000000000000000e+00,0.000000000000000000e+00,0.000000000000000000e+00,0.000000000000000000e+00,0.000000000000000000e+00,0.000000000000000000e+00
0.000000000000000000e+00,-7.228992440969604923e-19,-1.445798488193920985e-18,-2.168697732290881381e-18,-2.891596976387841584e-18,-3.614496220484801788e-18,-4.337395464581761991e-18,-5.060294708678722194e-18
0.000000000000000000e+00,0.000000000000000000e+00,0.000000000000000000e+00,0.000000000000000000e+00,0.000000000000000000e+00,0.000000000000000000e+00,0.000000000000000000e+00,0.000000000000000000e+00
0.000000000000000000e+00,0.000000000000000000e+00,0.000000000000000000e+00,0.000000000000000000e+00,0.000000000000000000e+00,0.000000000000000000e+00,0.000000000000000000e+00,0.000000000000000000e+00
0.000000000000000000e+00,0.000000000000000000e+00,0.000000000000000000e+00,0.000000000000000000e+00,0.000000000000000000e+00,0.000000000000000000e+00,0.000000000000000000e+00,0.000000000000000000e+00
0.000000000000000000e+00,-9.191305711490273793e-08,-1.838261142298054759e-07,-2.757391713447082270e-07,-3.676522284596110047e-07,-4.595652855745137823e-07,-5.514783426894165599e-07,-6.433913998043192846e-07
0.000000000000000000e+00,0.000000000000000000e+00,0.000000000000000000e+00,0.000000000000000000e+00,0.000000000000000000e+00,0.000000000000000000e+00,0.000000000000000000e+00,0.000000000000000000e+00
