0.000000000000000000e+00,0.000000000000000000e+00,0.000000000000000000e+00,0.000000000000000000e+00,0.000000000000000000e+00,0.000000000000000000e+00,0.000000000000000000e+00,0.000000000000000000e+00
0.000000000000000000e+00,0.000000000000000000e+00,0.000000000000000000e+00,0.000000000000000000e+00,0.000000000000000000e+00,0.000000000000000000e+00,0.000000000000000000e+00,0.000000000000000000e+00
0.000000000000000000e+00,9.335530564418330447e-07,1.867106112883666089e-06,2.800659169325499240e-06,3.734212225767332602e-06,4.667765282209165964e-06,5.601318338650999327e-06,6.534871395092832689e-06
0.000000000000000000e+00,1.224661053867938532e-06,2.449322107735877063e-06,3.673983161603815595e-06,4.898644215471754126e-06,6.123305269339692235e-06,7.347966323207630343e-06,8.572627377075568451e-06
0.000000000000000000e+00,0.000000000000000000e+00,0.000000000000000000e+00,0.000000000000000000e+00,0.000000000000000000e+00,0.000000000000000000e+00,0.000000000000000000e+00,0.000000000000000000e+00
0.000000000000000000e+00,0.000000000000000000e+00,0.000000000000000000e+00,0.000000000000000000e+00,0.000000000000000000e+00,0.000000000000000000e+00,0.000000000000000000e+00,0.000000000000000000e+00
0.000000000000000000e+00,1.235072432398821852e-06,2.470144864797643704e-06,3.705217297196465556e-06,4.940289729595287408e-06,6.175362161994108837e-06,7.410434594392930266e-06,8.645507026791751694e-06
0.000000000000000000e+00,0.000000000000000000e+00,0.000000000000000000e+00,0.000000000000000000e+00,0.000000000000000000e+00,0.000000000000000000e+00,0.000000000000000000e+00,0.000000000000000000e+00
0.000000000000000000e+00,4.309754763095942073e-07,8.619509526191884147e-07,1.292926428928782728e-06,1.723901905238377041e-06,2.154877381547971354e-06,2.585852857857565456e-06,3.016828334167159557e-06
0.000000000000000000e+00,1.020389022231476733e-06,2.040778044462953467e-06,3.061167066694429988e-06,4.081556088925906086e-06,5.101945111157382184e-06,6.122334133388858282e-06,7.142723155620334380e-06
0.000000000000000000e+00,6.194104445119090551e-07,1.238820889023818110e-06,1.858231333535727059e-06,2.477641778047635797e-06,3.097052222559544534e-06,3.716462667071453272e-06,4.335873111583361586e-06
0.000000000000000000e+00,0.000000000000000000e+00,0.000000000000000000e+00,0.000000000000000000e+00,0.000000000000000000e+00,0.000000000000000000e+00,0.000000000000000000e+00,0.000000000000000000e+00
0.000000000000000000e+00,0.000000000000000000e+00,0.000000000000000000e+00,0.000000000000000000e+00,0.000000000000000000e+00,0.000000000000000000e+00,0.000000000000000000e+00,0.000000000000000000e+00
0.000000000000000000e+00,1.230227607817688100e-06,2.460455215635376200e-06,3.690682823453064511e-06,4.920910431270753246e-06,6.151138039088441981e-06,7.381365646906130716e-06,8.611593254723818604e-06
0.000000000000000000e+00,0.000000000000000000e+00,0.000000000000000000e+00,0.000000000000000000e+00,0.000000000000000000e+00,0.000000000000000000e+00,0.000000000000000000e+00,0.000000000000000000e+00
0.000000000000000000e+00,6.129027097415137871e-07,1.225805419483027574e-06,1.838708129224541255e-06,2.451610838966054725e-06,3.064513548707568194e-06,3.677416258449081664e-06,4.290318968190594710e-06
0.000000000000000000e+00,0.000000000000000000e+00,0.000000000000000000e+00,0.000000000000000000e+00,0.000000000000000000e+00,0.000000000000000000e+00,0.000000000000000000e+00,0.000000000000000000e+00
0.000000000000000000e+00,0.000000000000000000e+00,0.000000000000000000e+00,0.000000000000000000e+00,0.000000000000000000e+00,0.000000000000000000e+00,0.000000000000000000e+00,0.000000000000000000e+00
0.000000000000000000e+00,9.335530564419839224e-07,1.867106112883967845e-06,2.800659169325951555e-06,3.734212225767935266e-06,4.667765282209918977e-06,5.601318338651903111e-06,6.534871395093887245e-06
0.000000000000000000e+00,1.224661053867862934e-06,2.449322107735725868e-06,3.673983161603589014e-06,4.898644215471452583e-06,6.123305269339316152e-06,7.347966323207179721e-06,8.572627377075043290e-06
0.000000000000000000e+00,0.000000000000000000e+00,0.000000000000000000e+00,0.000000000000000000e+00,0.000000000000000000e+00,0.000000000000000000e+00,0.000000000000000000e+00,0.000000000000000000e+00
0.000000000000000000e+00,0.000000000000000000e+00,0.000000000000000000e+00,0.000000000000000000e+00,0.000000000000000000e+00,0.000000000000000000e+00,0.000000000000000000e+00,0.000000000000000000e+00
0.000000000000000000e+00,1.230227607817654218e-06,2.460455215635308437e-06,3.690682823452962867e-06,4.920910431270617721e-06,6.151138039088272575e-06,7.381365646905927428e-06,8.611593254723581435e-06
0.000000000000000000e+00,0.000000000000000000e+00,0.000000000000000000e+00,0.000000000000000000e+00,0.000000000000000000e+00,0.000000000000000000e+00,0.000000000000000000e+00,0.000000000000000000e+00
0.000000000000000000e+00,4.309754763096726108e-07,8.619509526193452217e-07,1.292926428929017780e-06,1.723901905238690232e-06,2.154877381548362684e-06,2.585852857858035136e-06,3.016828334167707588e-06
0.000000000000000000e+00,1.020389022231501085e-06,2.040778044463002171e-06,3.061167066694503256e-06,4.081556088926004342e-06,5.101945111157505004e-06,6.122334133389005666e-06,7.142723155620506328e-06
0.000000000000000000e+00,6.194104445118478570e-07,1.238820889023695714e-06,1.858231333535543677e-06,2.477641778047391851e-06,3.097052222559240026e-06,3.716462667071088201e-06,4.335873111582936375e-06
0.000000000000000000e+00,1.937819153989011149e-06,3.875638307978022299e-06,5.813457461967033024e-06,7.751276615956042903e-06,9.689095769945052782e-06,1.162691492393406266e-05,1.356473407792307254e-05
0.000000000000000000e+00,2.260751140727745109e-06,4.521502281455490218e-06,6.782253422183235328e-06,9.043004562910980437e-06,1.130375570363872300e-05,1.356450684436647066e-05,1.582525798509421322e-05
0.000000000000000000e+00,2.262188693072988915e-06,4.524377386145977830e-06,6.786566079218967168e-06,9.048754772291959047e-06,1.131094346536494754e-05,1.357313215843793603e-05,1.583532085151092791e-05
0.000000000000000000e+00,1.431753866031179006e-06,2.863507732062358011e-06,4.295261598093537017e-06,5.727015464124716023e-06,7.158769330155895028e-06,8.590523196187074034e-06,1.002227706221825389e-05
0.000000000000000000e+00,2.090847113483718567e-06,4.181694226967437135e-06,6.272541340451156126e-06,8.363388453934875963e-06,1.045423556741859580e-05,1.254508268090231564e-05,1.463592979438603548e-05
0.000000000000000000e+00,1.752601996442143997e-06,3.505203992884287993e-06,5.257805989326431567e-06,7.010407985768575140e-06,8.763009982210718713e-06,1.051561197865286313e-05,1.226821397509500755e-05
0.000000000000000000e+00,2.261344795475600769e-06,4.522689590951201539e-06,6.784034386426802732e-06,9.045379181902404772e-06,1.130672397737800512e-05,1.356806877285360716e-05,1.582941356832921089e-05
0.000000000000000000e+00,1.750898319010507211e-06,3.501796638021014421e-06,5.252694957031521420e-06,7.003593276042027995e-06,8.754491595052535418e-06,1.050538991406304284e-05,1.225628823307355026e-05
0.000000000000000000e+00,1.937819153989337680e-06,3.875638307978675361e-06,5.813457461968013041e-06,7.751276615957350722e-06,9.689095769946689249e-06,1.162691492393602778e-05,1.356473407792536630e-05
0.000000000000000000e+00,2.260751140727666335e-06,4.521502281455332670e-06,6.782253422182999005e-06,9.043004562910665341e-06,1.130375570363832998e-05,1.356450684436599801e-05,1.582525798509366435e-05
0.000000000000000000e+00,2.261344795475564347e-06,4.522689590951128694e-06,6.784034386426693464e-06,9.045379181902255694e-06,1.130672397737781877e-05,1.356806877285338185e-05,1.582941356832894323e-05
0.000000000000000000e+00,1.431753866031400081e-06,2.863507732062800162e-06,4.295261598094200244e-06,5.727015464125600325e-06,7.158769330157000406e-06,8.590523196188400487e-06,1.002227706221980057e-05
0.000000000000000000e+00,2.090847113483815553e-06,4.181694226967631105e-06,6.272541340451446658e-06,8.363388453935262211e-06,1.045423556741907861e-05,1.254508268090289501e-05,1.463592979438671141e-05
0.000000000000000000e+00,1.752601996442090210e-06,3.505203992884180420e-06,5.257805989326270630e-06,7.010407985768360840e-06,8.763009982210451051e-06,1.051561197865254126e-05,1.226821397509463147e-05
0.000000000000000000e+00,0.000000000000000000e+00,0.000000000000000000e+00,0.000000000000000000e+00,0.000000000000000000e+00,0.000000000000000000e+00,0.000000000000000000e+00,0.000000000000000000e+00
0.000000000000000000e+00,8.093773121726841857e-07,1.618754624345368371e-06,2.428131936518052451e-06,3.237509248690736319e-06,4.046886560863420187e-06,4.856263873036104055e-06,5.665641185208787923e-06
0.000000000000000000e+00,0.000000000000000000e+00,0.000000000000000000e+00,0.000000000000000000e+00,0.000000000000000000e+00,0.000000000000000000e+00,0.000000000000000000e+00,0.000000000000000000e+00
0.000000000000000000e+00,0.000000000000000000e+00,0.000000000000000000e+00,0.000000000000000000e+00,0.000000000000000000e+00,0.000000000000000000e+00,0.000000000000000000e+00,0.000000000000000000e+00
0.000000000000000000e+00,3.871385871968261782e-07,7.742771743936523564e-07,1.161415761590478429e-06,1.548554348787304501e-06,1.935692935984130573e-06,2.322831523180956857e-06,2.709970110377783141e-06
0.000000000000000000e+00,8.600773791014324381e-07,1.720154758202864876e-06,2.580232137304297314e-06,3.440309516405729752e-06,4.300386895507162614e-06,5.160464274608595476e-06,6.020541653710028337e-06
0.000000000000000000e+00,0.000000000000000000e+00,0.000000000000000000e+00,0.000000000000000000e+00,0.000000000000000000e+00,0.000000000000000000e+00,0.000000000000000000e+00,0.000000000000000000e+00
0.000000000000000000e+00,0.000000000000000000e+00,0.000000000000000000e+00,0.000000000000000000e+00,0.000000000000000000e+00,0.000000000000000000e+00,0.000000000000000000e+00,0.000000000000000000e+00
0.000000000000000000e+00,0.000000000000000000e+00,0.000000000000000000e+00,0.000000000000000000e+00,0.000000000000000000e+00,0.000000000000000000e+00,0.000000000000000000e+00,0.000000000000000000e+00
0.000000000000000000e+00,8.093773121730525391e-07,1.618754624346105078e-06,2.428131936519157829e-06,3.237509248692210580e-06,4.046886560865263331e-06,4.856263873038315658e-06,5.665641185211367986e-06
0.000000000000000000e+00,0.000000000000000000e+00,0.000000000000000000e+00,0.000000000000000000e+00,0.000000000000000000e+00,0.000000000000000000e+00,0.000000000000000000e+00,0.000000000000000000e+00
0.000000000000000000e+00,0.000000000000000000e+00,0.000000000000000000e+00,0.000000000000000000e+00,0.000000000000000000e+00,0.000000000000000000e+00,0.000000000000000000e+00,0.000000000000000000e+00
0.000000000000000000e+00,3.871385871970245427e-07,7.742771743940490854e-07,1.161415761591073681e-06,1.548554348788098383e-06,1.935692935985123296e-06,2.322831523182148209e-06,2.709970110379173122e-06
0.000000000000000000e+00,8.600773791017021122e-07,1.720154758203404224e-06,2.580232137305106231e-06,3.440309516406808025e-06,4.300386895508509396e-06,5.160464274610210767e-06,6.020541653711912139e-06
0.000000000000000000e+00,1.701009596502026237e-06,3.402019193004052474e-06,5.103028789506078711e-06,6.804038386008104947e-06,8.505047982510130337e-06,1.020605757901215573e-05,1.190706717551418112e-05
0.000000000000000000e+00,1.248865835159692251e-06,2.497731670319384502e-06,3.746597505479076753e-06,4.995463340638769004e-06,6.244329175798460832e-06,7.493195010958152659e-06,8.742060846117844487e-06
0.000000000000000000e+00,1.815232451057979491e-06,3.630464902115958982e-06,5.445697353173938473e-06,7.260929804231917964e-06,9.076162255289898302e-06,1.089139470634787864e-05,1.270662715740585898e-05
0.000000000000000000e+00,1.701009596502544621e-06,3.402019193005089242e-06,5.103028789507633863e-06,6.804038386010178484e-06,8.505047982512722258e-06,1.020605757901526603e-05,1.190706717551780981e-05
0.000000000000000000e+00,1.248865835160169766e-06,2.497731670320339532e-06,3.746597505480509509e-06,4.995463340640679911e-06,6.244329175800850312e-06,7.493195010961020713e-06,8.742060846121190267e-06
0.000000000000000000e+00,1.815232451058396867e-06,3.630464902116793733e-06,5.445697353175190388e-06,7.260929804233586619e-06,9.076162255291982003e-06,1.089139470635037739e-05,1.270662715740877277e-05
0.000000000000000000e+00,0.000000000000000000e+00,0.000000000000000000e+00,0.000000000000000000e+00,0.000000000000000000e+00,0.000000000000000000e+00,0.000000000000000000e+00,0.000000000000000000e+00
0.000000000000000000e+00,7.320008056490798638e-07,1.464001611298159728e-06,2.196002416947239591e-06,2.928003222596319455e-06,3.660004028245399319e-06,4.392004833894479183e-06,5.124005639543559047e-06
0.000000000000000000e+00,0.000000000000000000e+00,0.000000000000000000e+00,0.000000000000000000e+00,0.000000000000000000e+00,0.000000000000000000e+00,0.000000000000000000e+00,0.000000000000000000e+00
0.000000000000000000e+00,0.000000000000000000e+00,0.000000000000000000e+00,0.000000000000000000e+00,0.000000000000000000e+00,0.000000000000000000e+00,0.000000000000000000e+00,0.000000000000000000e+00
0.000000000000000000e+00,3.517406385349834518e-07,7.034812770699669036e-07,1.055221915604950355e-06,1.406962554139933807e-06,1.758703192674917259e-06,2.110443831209900711e-06,2.462184469744884374e-06
0.000000000000000000e+00,7.666880914819846188e-07,1.533376182963969238e-06,2.300064274445953962e-06,3.066752365927938899e-06,3.833440457409923412e-06,4.600128548891907925e-06,5.366816640373892438e-06
0.000000000000000000e+00,0.000000000000000000e+00,0.000000000000000000e+00,0.000000000000000000e+00,0.000000000000000000e+00,0.000000000000000000e+00,0.000000000000000000e+00,0.000000000000000000e+00
0.000000000000000000e+00,0.000000000000000000e+00,0.000000000000000000e+00,0.000000000000000000e+00,0.000000000000000000e+00,0.000000000000000000e+00,0.000000000000000000e+00,0.000000000000000000e+00
0.000000000000000000e+00,0.000000000000000000e+00,0.000000000000000000e+00,0.000000000000000000e+00,0.000000000000000000e+00,0.000000000000000000e+00,0.000000000000000000e+00,0.000000000000000000e+00
0.000000000000000000e+00,7.320008056496211179e-07,1.464001611299242236e-06,2.196002416948863354e-06,2.928003222598484471e-06,3.660004028248105589e-06,4.392004833897726707e-06,5.124005639547347825e-06
0.000000000000000000e+00,0.000000000000000000e+00,0.000000000000000000e+00,0.000000000000000000e+00,0.000000000000000000e+00,0.000000000000000000e+00,0.000000000000000000e+00,0.000000000000000000e+00
0.000000000000000000e+00,0.000000000000000000e+00,0.000000000000000000e+00,0.000000000000000000e+00,0.000000000000000000e+00,0.000000000000000000e+00,0.000000000000000000e+00,0.000000000000000000e+00
0.000000000000000000e+00,3.517406385352694842e-07,7.034812770705389685e-07,1.055221915605808400e-06,1.406962554141077725e-06,1.758703192676347051e-06,2.110443831211616376e-06,2.462184469746885913e-06
0.000000000000000000e+00,7.666880914824481576e-07,1.533376182964896315e-06,2.300064274447344367e-06,3.066752365929792207e-06,3.833440457412240047e-06,4.600128548894687887e-06,5.366816640377135727e-06
0.000000000000000000e+00,1.511207334271317102e-06,3.022414668542634203e-06,4.533622002813951305e-06,6.044829337085268407e-06,7.556036671356585508e-06,9.067244005627902610e-06,1.057845133989922056e-05
0.000000000000000000e+00,1.119068775662536814e-06,2.238137551325073629e-06,3.357206326987610443e-06,4.476275102650147258e-06,5.595343878312684496e-06,6.714412653975221733e-06,7.833481429637758971e-06
0.000000000000000000e+00,1.598023368496917226e-06,3.196046736993834451e-06,4.794070105490752100e-06,6.392093473987669749e-06,7.990116842484587398e-06,9.588140210981504200e-06,1.118616357947842100e-05
0.000000000000000000e+00,1.511207334272218133e-06,3.022414668544436266e-06,4.533622002816654187e-06,6.044829337088871685e-06,7.556036671361089182e-06,9.067244005633306680e-06,1.057845133990552418e-05
0.000000000000000000e+00,1.119068775663274580e-06,2.238137551326549160e-06,3.357206326989823740e-06,4.476275102653098320e-06,5.595343878316372477e-06,6.714412653979646634e-06,7.833481429642920790e-06
0.000000000000000000e+00,1.598023368497634662e-06,3.196046736995269325e-06,4.794070105492903564e-06,6.392093473990537803e-06,7.990116842488172042e-06,9.588140210985807128e-06,1.118616357948344221e-05
0.000000000000000000e+00,0.000000000000000000e+00,0.000000000000000000e+00,0.000000000000000000e+00,0.000000000000000000e+00,0.000000000000000000e+00,0.000000000000000000e+00,0.000000000000000000e+00
0.000000000000000000e+00,7.003572710317706239e-07,1.400714542063541248e-06,2.101071813095311766e-06,2.801429084127082072e-06,3.501786355158852378e-06,4.202143626190622685e-06,4.902500897222392991e-06
0.000000000000000000e+00,0.000000000000000000e+00,0.000000000000000000e+00,0.000000000000000000e+00,0.000000000000000000e+00,0.000000000000000000e+00,0.000000000000000000e+00,0.000000000000000000e+00
0.000000000000000000e+00,0.000000000000000000e+00,0.000000000000000000e+00,0.000000000000000000e+00,0.000000000000000000e+00,0.000000000000000000e+00,0.000000000000000000e+00,0.000000000000000000e+00
0.000000000000000000e+00,3.390959990526762949e-07,6.781919981053525898e-07,1.017287997158028779e-06,1.356383996210704968e-06,1.695479995263381157e-06,2.034575994316057558e-06,2.373671993368733958e-06
0.000000000000000000e+00,7.087846209464159599e-07,1.417569241892831920e-06,2.126353862839248091e-06,2.835138483785664263e-06,3.543923104732080435e-06,4.252707725678496183e-06,4.961492346624911931e-06
0.000000000000000000e+00,0.000000000000000000e+00,0.000000000000000000e+00,0.000000000000000000e+00,0.000000000000000000e+00,0.000000000000000000e+00,0.000000000000000000e+00,0.000000000000000000e+00
0.000000000000000000e+00,0.000000000000000000e+00,0.000000000000000000e+00,0.000000000000000000e+00,0.000000000000000000e+00,0.000000000000000000e+00,0.000000000000000000e+00,0.000000000000000000e+00
0.000000000000000000e+00,0.000000000000000000e+00,0.000000000000000000e+00,0.000000000000000000e+00,0.000000000000000000e+00,0.000000000000000000e+00,0.000000000000000000e+00,0.000000000000000000e+00
0.000000000000000000e+00,7.003572710324891196e-07,1.400714542064978239e-06,2.101071813097467465e-06,2.801429084129956902e-06,3.501786355162446339e-06,4.202143626194935776e-06,4.902500897227425214e-06
0.000000000000000000e+00,0.000000000000000000e+00,0.000000000000000000e+00,0.000000000000000000e+00,0.000000000000000000e+00,0.000000000000000000e+00,0.000000000000000000e+00,0.000000000000000000e+00
0.000000000000000000e+00,0.000000000000000000e+00,0.000000000000000000e+00,0.000000000000000000e+00,0.000000000000000000e+00,0.000000000000000000e+00,0.000000000000000000e+00,0.000000000000000000e+00
0.000000000000000000e+00,3.390959990530544422e-07,6.781919981061088843e-07,1.017287997159163379e-06,1.356383996212217980e-06,1.695479995265272581e-06,2.034575994318327182e-06,2.373671993371381783e-06
0.000000000000000000e+00,7.087846209470609754e-07,1.417569241894121951e-06,2.126353862841182715e-06,2.835138483788243478e-06,3.543923104735304242e-06,4.252707725682365429e-06,4.961492346629426616e-06
0.000000000000000000e+00,1.428149159432145258e-06,2.856298318864290516e-06,4.284447478296435774e-06,5.712596637728581031e-06,7.140745797160726289e-06,8.568894956592871547e-06,9.997044116025017652e-06
0.000000000000000000e+00,1.065254198446953314e-06,2.130508396893906628e-06,3.195762595340859942e-06,4.261016793787813256e-06,5.326270992234766993e-06,6.391525190681720731e-06,7.456779389128674468e-06
0.000000000000000000e+00,1.450391721165997125e-06,2.900783442331994250e-06,4.351175163497991587e-06,5.801566884663989347e-06,7.251958605829987108e-06,8.702350326995984868e-06,1.015274204816198178e-05
0.000000000000000000e+00,1.428149159433371338e-06,2.856298318866742676e-06,4.284447478300114438e-06,5.712596637733486199e-06,7.140745797166857961e-06,8.568894956600228875e-06,9.997044116033599790e-06
0.000000000000000000e+00,1.065254198447944766e-06,2.130508396895889532e-06,3.195762595343834298e-06,4.261016793791779064e-06,5.326270992239723830e-06,6.391525190687668596e-06,7.456779389135613362e-06
0.000000000000000000e+00,1.450391721167041940e-06,2.900783442334083880e-06,4.351175163501125609e-06,5.801566884668166914e-06,7.251958605835208219e-06,8.702350327002249524e-06,1.015274204816928998e-05
0.000000000000000000e+00,0.000000000000000000e+00,0.000000000000000000e+00,0.000000000000000000e+00,0.000000000000000000e+00,0.000000000000000000e+00,0.000000000000000000e+00,0.000000000000000000e+00
0.000000000000000000e+00,7.320008056487901785e-07,1.464001611297580357e-06,2.196002416946370536e-06,2.928003222595160714e-06,3.660004028243950893e-06,4.392004833892741071e-06,5.124005639541531250e-06
0.000000000000000000e+00,0.000000000000000000e+00,0.000000000000000000e+00,0.000000000000000000e+00,0.000000000000000000e+00,0.000000000000000000e+00,0.000000000000000000e+00,0.000000000000000000e+00
0.000000000000000000e+00,0.000000000000000000e+00,0.000000000000000000e+00,0.000000000000000000e+00,0.000000000000000000e+00,0.000000000000000000e+00,0.000000000000000000e+00,0.000000000000000000e+00
0.000000000000000000e+00,3.517406385349054718e-07,7.034812770698109437e-07,1.055221915604716363e-06,1.406962554139621676e-06,1.758703192674526989e-06,2.110443831209432302e-06,2.462184469744337615e-06
0.000000000000000000e+00,7.087846209463535971e-07,1.417569241892707194e-06,2.126353862839060897e-06,2.835138483785414812e-06,3.543923104731768726e-06,4.252707725678122641e-06,4.961492346624476556e-06
0.000000000000000000e+00,0.000000000000000000e+00,0.000000000000000000e+00,0.000000000000000000e+00,0.000000000000000000e+00,0.000000000000000000e+00,0.000000000000000000e+00,0.000000000000000000e+00
0.000000000000000000e+00,0.000000000000000000e+00,0.000000000000000000e+00,0.000000000000000000e+00,0.000000000000000000e+00,0.000000000000000000e+00,0.000000000000000000e+00,0.000000000000000000e+00
0.000000000000000000e+00,0.000000000000000000e+00,0.000000000000000000e+00,0.000000000000000000e+00,0.000000000000000000e+00,0.000000000000000000e+00,0.000000000000000000e+00,0.000000000000000000e+00
0.000000000000000000e+00,7.320008056496924804e-07,1.464001611299384961e-06,2.196002416949077653e-06,2.928003222598770345e-06,3.660004028248463037e-06,4.392004833898155306e-06,5.124005639547847574e-06
0.000000000000000000e+00,0.000000000000000000e+00,0.000000000000000000e+00,0.000000000000000000e+00,0.000000000000000000e+00,0.000000000000000000e+00,0.000000000000000000e+00,0.000000000000000000e+00
0.000000000000000000e+00,0.000000000000000000e+00,0.000000000000000000e+00,0.000000000000000000e+00,0.000000000000000000e+00,0.000000000000000000e+00,0.000000000000000000e+00,0.000000000000000000e+00
0.000000000000000000e+00,3.517406385353699106e-07,7.034812770707398212e-07,1.055221915606109732e-06,1.406962554141479642e-06,1.758703192676849553e-06,2.110443831212219464e-06,2.462184469747589374e-06
0.000000000000000000e+00,7.087846209471699251e-07,1.417569241894339850e-06,2.126353862841509669e-06,2.835138483788679277e-06,3.543923104735848884e-06,4.252707725683018492e-06,4.961492346630188099e-06
0.000000000000000000e+00,1.511207334270861186e-06,3.022414668541722372e-06,4.533622002812583347e-06,6.044829337083443898e-06,7.556036671354304449e-06,9.067244005625164999e-06,1.057845133989602555e-05
0.000000000000000000e+00,1.119068775662148662e-06,2.238137551324297323e-06,3.357206326986446196e-06,4.476275102648595493e-06,5.595343878310744790e-06,6.714412653972894087e-06,7.833481429635043384e-06
0.000000000000000000e+00,1.450391721165798284e-06,2.900783442331596568e-06,4.351175163497394429e-06,5.801566884663192289e-06,7.251958605828990150e-06,8.702350326994788858e-06,1.015274204816058757e-05
0.000000000000000000e+00,1.511207334272247567e-06,3.022414668544495135e-06,4.533622002816742279e-06,6.044829337088989422e-06,7.556036671361236566e-06,9.067244005633484557e-06,1.057845133990573255e-05
0.000000000000000000e+00,1.119068775663343613e-06,2.238137551326687227e-06,3.357206326990030840e-06,4.476275102653374453e-06,5.595343878316718066e-06,6.714412653980061680e-06,7.833481429643405293e-06
0.000000000000000000e+00,1.450391721167144431e-06,2.900783442334288862e-06,4.351175163501433082e-06,5.801566884668576878e-06,7.251958605835720674e-06,8.702350327002864470e-06,1.015274204817000827e-05
0.000000000000000000e+00,0.000000000000000000e+00,0.000000000000000000e+00,0.000000000000000000e+00,0.000000000000000000e+00,0.000000000000000000e+00,0.000000000000000000e+00,0.000000000000000000e+00
0.000000000000000000e+00,8.093773121729205079e-07,1.618754624345841016e-06,2.428131936518761418e-06,3.237509248691681608e-06,4.046886560864601798e-06,4.856263873037521988e-06,5.665641185210442179e-06
0.000000000000000000e+00,0.000000000000000000e+00,0.000000000000000000e+00,0.000000000000000000e+00,0.000000000000000000e+00,0.000000000000000000e+00,0.000000000000000000e+00,0.000000000000000000e+00
0.000000000000000000e+00,0.000000000000000000e+00,0.000000000000000000e+00,0.000000000000000000e+00,0.000000000000000000e+00,0.000000000000000000e+00,0.000000000000000000e+00,0.000000000000000000e+00
0.000000000000000000e+00,3.871385871967721798e-07,7.742771743935443597e-07,1.161415761590316645e-06,1.548554348787088931e-06,1.935692935983861217e-06,2.322831523180633291e-06,2.709970110377405365e-06
0.000000000000000000e+00,7.666880914817112390e-07,1.533376182963422478e-06,2.300064274445133611e-06,3.066752365926844532e-06,3.833440457408555454e-06,4.600128548890266375e-06,5.366816640371977296e-06
0.000000000000000000e+00,0.000000000000000000e+00,0.000000000000000000e+00,0.000000000000000000e+00,0.000000000000000000e+00,0.000000000000000000e+00,0.000000000000000000e+00,0.000000000000000000e+00
0.000000000000000000e+00,0.000000000000000000e+00,0.000000000000000000e+00,0.000000000000000000e+00,0.000000000000000000e+00,0.000000000000000000e+00,0.000000000000000000e+00,0.000000000000000000e+00
0.000000000000000000e+00,0.000000000000000000e+00,0.000000000000000000e+00,0.000000000000000000e+00,0.000000000000000000e+00,0.000000000000000000e+00,0.000000000000000000e+00,0.000000000000000000e+00
0.000000000000000000e+00,8.093773121739454177e-07,1.618754624347890835e-06,2.428131936521836147e-06,3.237509248695781247e-06,4.046886560869726348e-06,4.856263873043671448e-06,5.665641185217616548e-06
0.000000000000000000e+00,0.000000000000000000e+00,0.000000000000000000e+00,0.000000000000000000e+00,0.000000000000000000e+00,0.000000000000000000e+00,0.000000000000000000e+00,0.000000000000000000e+00
0.000000000000000000e+00,0.000000000000000000e+00,0.000000000000000000e+00,0.000000000000000000e+00,0.000000000000000000e+00,0.000000000000000000e+00,0.000000000000000000e+00,0.000000000000000000e+00
0.000000000000000000e+00,3.871385871972993520e-07,7.742771743945987039e-07,1.161415761591898056e-06,1.548554348789197408e-06,1.935692935986496760e-06,2.322831523183796112e-06,2.709970110381095464e-06
0.000000000000000000e+00,7.666880914826690215e-07,1.533376182965338043e-06,2.300064274448007170e-06,3.066752365930676509e-06,3.833440457413345425e-06,4.600128548896014341e-06,5.366816640378683256e-06
0.000000000000000000e+00,1.701009596501639990e-06,3.402019193003279980e-06,5.103028789504919969e-06,6.804038386006559959e-06,8.505047982508199102e-06,1.020605757900983824e-05,1.190706717551147739e-05
0.000000000000000000e+00,1.248865835159806812e-06,2.497731670319613625e-06,3.746597505479420225e-06,4.995463340639226402e-06,6.244329175799032579e-06,7.493195010958838756e-06,8.742060846118645780e-06
0.000000000000000000e+00,1.598023368496045629e-06,3.196046736992091257e-06,4.794070105488136462e-06,6.392093473984181668e-06,7.990116842480226873e-06,9.588140210976272925e-06,1.118616357947231898e-05
0.000000000000000000e+00,1.701009596503357773e-06,3.402019193006715545e-06,5.103028789510073318e-06,6.804038386013431091e-06,8.505047982516788016e-06,1.020605757902014494e-05,1.190706717552350187e-05
0.000000000000000000e+00,1.248865835161201029e-06,2.497731670322402057e-06,3.746597505483602874e-06,4.995463340644803267e-06,6.244329175806003660e-06,7.493195010967204053e-06,8.742060846128403600e-06
0.000000000000000000e+00,1.598023368497650968e-06,3.196046736995301936e-06,4.794070105492952692e-06,6.392093473990603024e-06,7.990116842488253357e-06,9.588140210985903689e-06,1.118616357948355402e-05
0.000000000000000000e+00,0.000000000000000000e+00,0.000000000000000000e+00,0.000000000000000000e+00,0.000000000000000000e+00,0.000000000000000000e+00,0.000000000000000000e+00,0.000000000000000000e+00
0.000000000000000000e+00,9.335530564401901184e-07,1.867106112880380237e-06,2.800659169320570355e-06,3.734212225760760474e-06,4.667765282200950592e-06,5.601318338641140710e-06,6.534871395081330829e-06
0.000000000000000000e+00,0.000000000000000000e+00,0.000000000000000000e+00,0.000000000000000000e+00,0.000000000000000000e+00,0.000000000000000000e+00,0.000000000000000000e+00,0.000000000000000000e+00
0.000000000000000000e+00,0.000000000000000000e+00,0.000000000000000000e+00,0.000000000000000000e+00,0.000000000000000000e+00,0.000000000000000000e+00,0.000000000000000000e+00,0.000000000000000000e+00
0.000000000000000000e+00,4.309754763090272776e-07,8.619509526180545552e-07,1.292926428927081886e-06,1.723901905236109322e-06,2.154877381545136759e-06,2.585852857854164195e-06,3.016828334163191631e-06
0.000000000000000000e+00,8.600773791007770464e-07,1.720154758201554093e-06,2.580232137302330927e-06,3.440309516403107762e-06,4.300386895503884596e-06,5.160464274604661855e-06,6.020541653705439113e-06
0.000000000000000000e+00,0.000000000000000000e+00,0.000000000000000000e+00,0.000000000000000000e+00,0.000000000000000000e+00,0.000000000000000000e+00,0.000000000000000000e+00,0.000000000000000000e+00
0.000000000000000000e+00,0.000000000000000000e+00,0.000000000000000000e+00,0.000000000000000000e+00,0.000000000000000000e+00,0.000000000000000000e+00,0.000000000000000000e+00,0.000000000000000000e+00
0.000000000000000000e+00,0.000000000000000000e+00,0.000000000000000000e+00,0.000000000000000000e+00,0.000000000000000000e+00,0.000000000000000000e+00,0.000000000000000000e+00,0.000000000000000000e+00
0.000000000000000000e+00,9.335530564413702470e-07,1.867106112882740494e-06,2.800659169324110953e-06,3.734212225765481412e-06,4.667765282206851870e-06,5.601318338648221906e-06,6.534871395089591941e-06
0.000000000000000000e+00,0.000000000000000000e+00,0.000000000000000000e+00,0.000000000000000000e+00,0.000000000000000000e+00,0.000000000000000000e+00,0.000000000000000000e+00,0.000000000000000000e+00
0.000000000000000000e+00,0.000000000000000000e+00,0.000000000000000000e+00,0.000000000000000000e+00,0.000000000000000000e+00,0.000000000000000000e+00,0.000000000000000000e+00,0.000000000000000000e+00
0.000000000000000000e+00,4.309754763096385178e-07,8.619509526192770355e-07,1.292926428928915500e-06,1.723901905238553859e-06,2.154877381548192430e-06,2.585852857857831001e-06,3.016828334167469571e-06
0.000000000000000000e+00,8.600773791018690836e-07,1.720154758203738167e-06,2.580232137305607251e-06,3.440309516407476334e-06,4.300386895509345418e-06,5.160464274611214501e-06,6.020541653713083585e-06
0.000000000000000000e+00,1.937819153985000448e-06,3.875638307970000897e-06,5.813457461955001768e-06,7.751276615940003487e-06,9.689095769925005206e-06,1.162691492391000692e-05,1.356473407789500864e-05
0.000000000000000000e+00,1.431753866028028467e-06,2.863507732056056933e-06,4.295261598084084976e-06,5.727015464112113019e-06,7.158769330140141062e-06,8.590523196168169953e-06,1.002227706219619884e-05
0.000000000000000000e+00,1.815232451058567332e-06,3.630464902117134664e-06,5.445697353175701996e-06,7.260929804234269328e-06,9.076162255292835813e-06,1.089139470635140230e-05,1.270662715740996878e-05
0.000000000000000000e+00,1.937819153986912625e-06,3.875638307973825250e-06,5.813457461960737875e-06,7.751276615947650501e-06,9.689095769934563126e-06,1.162691492392147575e-05,1.356473407790838838e-05
0.000000000000000000e+00,1.431753866029624065e-06,2.863507732059248130e-06,4.295261598088872407e-06,5.727015464118497107e-06,7.158769330148121807e-06,8.590523196177746507e-06,1.002227706220737121e-05
0.000000000000000000e+00,1.815232451060389088e-06,3.630464902120778176e-06,5.445697353181167052e-06,7.260929804241555505e-06,9.076162255301943111e-06,1.089139470636233072e-05,1.270662715742271832e-05
0.000000000000000000e+00,0.000000000000000000e+00,0.000000000000000000e+00,0.000000000000000000e+00,0.000000000000000000e+00,0.000000000000000000e+00,0.000000000000000000e+00,0.000000000000000000e+00
0.000000000000000000e+00,1.224661053868770741e-06,2.449322107737541483e-06,3.673983161606312224e-06,4.898644215475082966e-06,6.123305269343853707e-06,7.347966323212624449e-06,8.572627377081396037e-06
0.000000000000000000e+00,0.000000000000000000e+00,0.000000000000000000e+00,0.000000000000000000e+00,0.000000000000000000e+00,0.000000000000000000e+00,0.000000000000000000e+00,0.000000000000000000e+00
0.000000000000000000e+00,1.235072432400069532e-06,2.470144864800139063e-06,3.705217297200208595e-06,4.940289729600278126e-06,6.175362162000348082e-06,7.410434594400418037e-06,8.645507026800487992e-06
0.000000000000000000e+00,0.000000000000000000e+00,0.000000000000000000e+00,0.000000000000000000e+00,0.000000000000000000e+00,0.000000000000000000e+00,0.000000000000000000e+00,0.000000000000000000e+00
0.000000000000000000e+00,6.194104445120348395e-07,1.238820889024069679e-06,1.858231333536104413e-06,2.477641778048138934e-06,3.097052222560173456e-06,3.716462667072207978e-06,4.335873111584242500e-06
0.000000000000000000e+00,1.020389022230700004e-06,2.040778044461400008e-06,3.061167066692099801e-06,4.081556088922799169e-06,5.101945111153498538e-06,6.122334133384197907e-06,7.142723155614897276e-06
0.000000000000000000e+00,0.000000000000000000e+00,0.000000000000000000e+00,0.000000000000000000e+00,0.000000000000000000e+00,0.000000000000000000e+00,0.000000000000000000e+00,0.000000000000000000e+00
0.000000000000000000e+00,1.230227607818779502e-06,2.460455215637559003e-06,3.690682823456338293e-06,4.920910431275117160e-06,6.151138039093896026e-06,7.381365646912674893e-06,8.611593254731453759e-06
0.000000000000000000e+00,0.000000000000000000e+00,0.000000000000000000e+00,0.000000000000000000e+00,0.000000000000000000e+00,0.000000000000000000e+00,0.000000000000000000e+00,0.000000000000000000e+00
0.000000000000000000e+00,6.129027097420587469e-07,1.225805419484117494e-06,1.838708129226176241e-06,2.451610838968234988e-06,3.064513548710293523e-06,3.677416258452352058e-06,4.290318968194410593e-06
0.000000000000000000e+00,0.000000000000000000e+00,0.000000000000000000e+00,0.000000000000000000e+00,0.000000000000000000e+00,0.000000000000000000e+00,0.000000000000000000e+00,0.000000000000000000e+00
0.000000000000000000e+00,1.224661053870055055e-06,2.449322107740110110e-06,3.673983161610165377e-06,4.898644215480221068e-06,6.123305269350276758e-06,7.347966323220332449e-06,8.572627377090388139e-06
0.000000000000000000e+00,0.000000000000000000e+00,0.000000000000000000e+00,0.000000000000000000e+00,0.000000000000000000e+00,0.000000000000000000e+00,0.000000000000000000e+00,0.000000000000000000e+00
0.000000000000000000e+00,1.230227607819418165e-06,2.460455215638836329e-06,3.690682823458254282e-06,4.920910431277671811e-06,6.151138039097089341e-06,7.381365646916506870e-06,8.611593254735924399e-06
0.000000000000000000e+00,0.000000000000000000e+00,0.000000000000000000e+00,0.000000000000000000e+00,0.000000000000000000e+00,0.000000000000000000e+00,0.000000000000000000e+00,0.000000000000000000e+00
0.000000000000000000e+00,6.194104445126777375e-07,1.238820889025355475e-06,1.858231333538033107e-06,2.477641778050710526e-06,3.097052222563387946e-06,3.716462667076065366e-06,4.335873111588742786e-06
0.000000000000000000e+00,1.020389022231946625e-06,2.040778044463893250e-06,3.061167066695839874e-06,4.081556088927786499e-06,5.101945111159732701e-06,6.122334133391678902e-06,7.142723155623625103e-06
0.000000000000000000e+00,2.260751140730456038e-06,4.521502281460912076e-06,6.782253422191367691e-06,9.043004562921822459e-06,1.130375570365227553e-05,1.356450684438273369e-05,1.582525798511318676e-05
0.000000000000000000e+00,2.262188693077990644e-06,4.524377386155981289e-06,6.786566079233970662e-06,9.048754772311962577e-06,1.131094346538995026e-05,1.357313215846793963e-05,1.583532085154592392e-05
0.000000000000000000e+00,1.752601996444960381e-06,3.505203992889920763e-06,5.257805989334881567e-06,7.010407985779842372e-06,8.763009982224803177e-06,1.051561197866976313e-05,1.226821397511472309e-05
0.000000000000000000e+00,2.090847113480617156e-06,4.181694226961234312e-06,6.272541340441851469e-06,8.363388453922468625e-06,1.045423556740308663e-05,1.254508268088370463e-05,1.463592979436432263e-05
0.000000000000000000e+00,2.261344795479267151e-06,4.522689590958534303e-06,6.784034386437801454e-06,9.045379181917068606e-06,1.130672397739633830e-05,1.356806877287560291e-05,1.582941356835487260e-05
0.000000000000000000e+00,1.750898319014720141e-06,3.501796638029440281e-06,5.252694957044159999e-06,7.003593276058879716e-06,8.754491595073599433e-06,1.050538991408832000e-05,1.225628823310304056e-05
0.000000000000000000e+00,2.260751140732775214e-06,4.521502281465550429e-06,6.782253422198326067e-06,9.043004562931099163e-06,1.130375570366387311e-05,1.356450684439664705e-05,1.582525798512941930e-05
0.000000000000000000e+00,2.261344795480420387e-06,4.522689590960840774e-06,6.784034386441262431e-06,9.045379181921683241e-06,1.130672397740210490e-05,1.356806877288252656e-05,1.582941356836294652e-05
0.000000000000000000e+00,1.752601996446789125e-06,3.505203992893578251e-06,5.257805989340366953e-06,7.010407985787155655e-06,8.763009982233944356e-06,1.051561197868073391e-05,1.226821397512752345e-05
0.000000000000000000e+00,2.090847113482716104e-06,4.181694226965432208e-06,6.272541340448148312e-06,8.363388453930864415e-06,1.045423556741357967e-05,1.254508268089629493e-05,1.463592979437901019e-05
0.000000000000000000e+00,6.517920192791174800e-06,1.303584038558234960e-05,1.955376057837352355e-05,2.607168077116469581e-05,3.258960096395586807e-05,3.910752115674704033e-05,4.562544134953821259e-05
0.000000000000000000e+00,6.399431788093860348e-06,1.279886357618772070e-05,1.919829536428158104e-05,2.559772715237544139e-05,3.199715894046930513e-05,3.839659072856316886e-05,4.479602251665703260e-05
0.000000000000000000e+00,7.142857142856275354e-06,1.428571428571255071e-05,2.142857142856882606e-05,2.857142857142510141e-05,3.571428571428138016e-05,4.285714285713765890e-05,4.999999999999393764e-05
0.000000000000000000e+00,7.142857142856373610e-06,1.428571428571274722e-05,2.142857142856912083e-05,2.857142857142549444e-05,3.571428571428186805e-05,4.285714285713824166e-05,4.999999999999461527e-05
0.000000000000000000e+00,6.390370994153428444e-06,1.278074198830685689e-05,1.917111298246028449e-05,2.556148397661371039e-05,3.195185497076713629e-05,3.834222596492056220e-05,4.473259695907398810e-05
0.000000000000000000e+00,7.142857142856292294e-06,1.428571428571258459e-05,2.142857142856887688e-05,2.857142857142516918e-05,3.571428571428146147e-05,4.285714285713775377e-05,4.999999999999404606e-05
0.000000000000000000e+00,6.472553226953729481e-06,1.294510645390745896e-05,1.941765968086118675e-05,2.589021290781491454e-05,3.236276613476864232e-05,3.883531936172237350e-05,4.530787258867610467e-05
0.000000000000000000e+00,6.769046406183783174e-06,1.353809281236756635e-05,2.030713921855135037e-05,2.707618562473513608e-05,3.384523203091891841e-05,4.061427843710270074e-05,4.738332484328648306e-05
0.000000000000000000e+00,7.142857142856171169e-06,1.428571428571234234e-05,2.142857142856851435e-05,2.857142857142468806e-05,3.571428571428086516e-05,4.285714285713704226e-05,4.999999999999321936e-05
0.000000000000000000e+00,6.827889627736754393e-06,1.365577925547350879e-05,2.048366888321026403e-05,2.731155851094702096e-05,3.413944813868377451e-05,4.096733776642052805e-05,4.779522739415728160e-05
0.000000000000000000e+00,6.392129908768653424e-06,1.278425981753730685e-05,1.917638972630595942e-05,2.556851963507461031e-05,3.196064954384325780e-05,3.835277945261190529e-05,4.474490936138055279e-05
0.000000000000000000e+00,7.142857142856300765e-06,1.428571428571260153e-05,2.142857142856890399e-05,2.857142857142520645e-05,3.571428571428150891e-05,4.285714285713780798e-05,4.999999999999410705e-05
0.000000000000000000e+00,6.764282962510125172e-06,1.352856592502025034e-05,2.029284888753037636e-05,2.705713185004050408e-05,3.382141481255062840e-05,4.058569777506075273e-05,4.734998073757087705e-05
0.000000000000000000e+00,6.517920192791101955e-06,1.303584038558220391e-05,1.955376057837330671e-05,2.607168077116441121e-05,3.258960096395551571e-05,3.910752115674662020e-05,4.562544134953772470e-05
0.000000000000000000e+00,6.399431788093778185e-06,1.279886357618755637e-05,1.919829536428133371e-05,2.559772715237510935e-05,3.199715894046888500e-05,3.839659072856266064e-05,4.479602251665643629e-05
0.000000000000000000e+00,7.142857142856243166e-06,1.428571428571248633e-05,2.142857142856872781e-05,2.857142857142496928e-05,3.571428571428121075e-05,4.285714285713745561e-05,4.999999999999370047e-05
0.000000000000000000e+00,7.142857142856351587e-06,1.428571428571270317e-05,2.142857142856905307e-05,2.857142857142540296e-05,3.571428571428175285e-05,4.285714285713810613e-05,4.999999999999445941e-05
0.000000000000000000e+00,6.392129908768616154e-06,1.278425981753723231e-05,1.917638972630584762e-05,2.556851963507446123e-05,3.196064954384307484e-05,3.835277945261168845e-05,4.474490936138030207e-05
0.000000000000000000e+00,7.142857142856276201e-06,1.428571428571255240e-05,2.142857142856882945e-05,2.857142857142510819e-05,3.571428571428138693e-05,4.285714285713766567e-05,4.999999999999394442e-05
0.000000000000000000e+00,6.472553226953668495e-06,1.294510645390733699e-05,1.941765968086100379e-05,2.589021290781467059e-05,3.236276613476833739e-05,3.883531936172200758e-05,4.530787258867567777e-05
0.000000000000000000e+00,6.769046406183726423e-06,1.353809281236745285e-05,2.030713921855117757e-05,2.707618562473490230e-05,3.384523203091862703e-05,4.061427843710235515e-05,4.738332484328608326e-05
0.000000000000000000e+00,7.142857142856152534e-06,1.428571428571230507e-05,2.142857142856845675e-05,2.857142857142460675e-05,3.571428571428075674e-05,4.285714285713690673e-05,4.999999999999305673e-05
0.000000000000000000e+00,6.827889627736693407e-06,1.365577925547338681e-05,2.048366888321008107e-05,2.731155851094677702e-05,3.413944813868347635e-05,4.096733776642017569e-05,4.779522739415687502e-05
0.000000000000000000e+00,6.557885541907339462e-06,1.311577108381467892e-05,1.967365662572201923e-05,2.623154216762936124e-05,3.278942770953670663e-05,3.934731325144405202e-05,4.590519879335139741e-05
0.000000000000000000e+00,7.142857142856365139e-06,1.428571428571273028e-05,2.142857142856909372e-05,2.857142857142545717e-05,3.571428571428182061e-05,4.285714285713818745e-05,4.999999999999455428e-05
0.000000000000000000e+00,6.547105777204518283e-06,1.309421155440903657e-05,1.964131733161355570e-05,2.618842310881807652e-05,3.273552888602260073e-05,3.928263466322712494e-05,4.582974044043164915e-05
0.000000000000000000e+00,7.142857142856320246e-06,1.428571428571264049e-05,2.142857142856896159e-05,2.857142857142528437e-05,3.571428571428161055e-05,4.285714285713793673e-05,4.999999999999426290e-05
0.000000000000000000e+00,6.850566681406056421e-06,1.370113336281211284e-05,2.055170004421817096e-05,2.740226672562422907e-05,3.425283340703028719e-05,4.110340008843634191e-05,4.795396676984239664e-05
0.000000000000000000e+00,6.557885541907196314e-06,1.311577108381439263e-05,1.967365662572158894e-05,2.623154216762878525e-05,3.278942770953598157e-05,3.934731325144317788e-05,4.590519879335037420e-05
0.000000000000000000e+00,7.142857142856277048e-06,1.428571428571255410e-05,2.142857142856882945e-05,2.857142857142510480e-05,3.571428571428138016e-05,4.285714285713765890e-05,4.999999999999393764e-05
0.000000000000000000e+00,6.547105777204420874e-06,1.309421155440884175e-05,1.964131733161326093e-05,2.618842310881768011e-05,3.273552888602209929e-05,3.928263466322652186e-05,4.582974044043094442e-05
0.000000000000000000e+00,7.142857142856244860e-06,1.428571428571248972e-05,2.142857142856873458e-05,2.857142857142497944e-05,3.571428571428122430e-05,4.285714285713746916e-05,4.999999999999371402e-05
0.000000000000000000e+00,6.850566681405942072e-06,1.370113336281188414e-05,2.055170004421782537e-05,2.740226672562376490e-05,3.425283340702970443e-05,4.110340008843564396e-05,4.795396676984158349e-05
0.000000000000000000e+00,6.541749999166077942e-06,1.308349999833215588e-05,1.962524999749823383e-05,2.616699999666431177e-05,3.270874999583038632e-05,3.925049999499646087e-05,4.579224999416253543e-05
0.000000000000000000e+00,7.142857142856537087e-06,1.428571428571307417e-05,2.142857142856961211e-05,2.857142857142615174e-05,3.571428571428269475e-05,4.285714285713923777e-05,4.999999999999578078e-05
0.000000000000000000e+00,6.555570161950192282e-06,1.311114032390038456e-05,1.966671048585057685e-05,2.622228064780076913e-05,3.277785080975096141e-05,3.933342097170115369e-05,4.588899113365134597e-05
0.000000000000000000e+00,7.142857142856461701e-06,1.428571428571292340e-05,2.142857142856938510e-05,2.857142857142584680e-05,3.571428571428230850e-05,4.285714285713877021e-05,4.999999999999523191e-05
0.000000000000000000e+00,6.844344144223673336e-06,1.368868828844734667e-05,2.053303243267101831e-05,2.737737657689468996e-05,3.422172072111836160e-05,4.106606486534203663e-05,4.791040900956571166e-05
0.000000000000000000e+00,6.541749999165911923e-06,1.308349999833182385e-05,1.962524999749773577e-05,2.616699999666364769e-05,3.270874999582955962e-05,3.925049999499547154e-05,4.579224999416138346e-05
0.000000000000000000e+00,7.142857142856390550e-06,1.428571428571278110e-05,2.142857142856917165e-05,2.857142857142556220e-05,3.571428571428194936e-05,4.285714285713833652e-05,4.999999999999472369e-05
0.000000000000000000e+00,6.555570161950039816e-06,1.311114032390007963e-05,1.966671048585011945e-05,2.622228064780015926e-05,3.277785080975019569e-05,3.933342097170023212e-05,4.588899113365026855e-05
0.000000000000000000e+00,7.142857142856329564e-06,1.428571428571265913e-05,2.142857142856898869e-05,2.857142857142531826e-05,3.571428571428165121e-05,4.285714285713798416e-05,4.999999999999431711e-05
0.000000000000000000e+00,6.844344144223491224e-06,1.368868828844698245e-05,2.053303243267047283e-05,2.737737657689396151e-05,3.422172072111745358e-05,4.106606486534094565e-05,4.791040900956443772e-05
0.000000000000000000e+00,6.482836649469836750e-06,1.296567329893967350e-05,1.944850994840950940e-05,2.593134659787934361e-05,3.241418324734917782e-05,3.889701989681901203e-05,4.537985654628884624e-05
0.000000000000000000e+00,7.142857142856694635e-06,1.428571428571338927e-05,2.142857142857008306e-05,2.857142857142677515e-05,3.571428571428346725e-05,4.285714285714015934e-05,4.999999999999685143e-05
0.000000000000000000e+00,6.515699588199829392e-06,1.303139917639965878e-05,1.954709876459948648e-05,2.606279835279931418e-05,3.257849794099914188e-05,3.909419752919897296e-05,4.560989711739880405e-05
0.000000000000000000e+00,7.142857142856634496e-06,1.428571428571326899e-05,2.142857142856990349e-05,2.857142857142653798e-05,3.571428571428316909e-05,4.285714285713980020e-05,4.999999999999643131e-05
0.000000000000000000e+00,6.816038825237719121e-06,1.363207765047543824e-05,2.044811647571315652e-05,2.726415530095087310e-05,3.408019412618859306e-05,4.089623295142631303e-05,4.771227177666403300e-05
0.000000000000000000e+00,6.482836649469414927e-06,1.296567329893882985e-05,1.944850994840824563e-05,2.593134659787766310e-05,3.241418324734708395e-05,3.889701989681650481e-05,4.537985654628592567e-05
0.000000000000000000e+00,7.142857142856401562e-06,1.428571428571280312e-05,2.142857142856920553e-05,2.857142857142560963e-05,3.571428571428201713e-05,4.285714285713842462e-05,4.999999999999483211e-05
0.000000000000000000e+00,6.515699588199574435e-06,1.303139917639914887e-05,1.954709876459872415e-05,2.606279835279830113e-05,3.257849794099788149e-05,3.909419752919746186e-05,4.560989711739704222e-05
0.000000000000000000e+00,7.142857142856415114e-06,1.428571428571283023e-05,2.142857142856924619e-05,2.857142857142566384e-05,3.571428571428208489e-05,4.285714285713850593e-05,4.999999999999492697e-05
0.000000000000000000e+00,6.816038825237419271e-06,1.363207765047483854e-05,2.044811647571225866e-05,2.726415530094968047e-05,3.408019412618710229e-05,4.089623295142452410e-05,4.771227177666194591e-05
0.000000000000000000e+00,6.390418949386921967e-06,1.278083789877384393e-05,1.917125684816076505e-05,2.556167579754768448e-05,3.195209474693460391e-05,3.834251369632152333e-05,4.473293264570844276e-05
0.000000000000000000e+00,7.142857142856903852e-06,1.428571428571380770e-05,2.142857142857071325e-05,2.857142857142761880e-05,3.571428571428452434e-05,4.285714285714142650e-05,4.999999999999832866e-05
0.000000000000000000e+00,6.438225881293507723e-06,1.287645176258701545e-05,1.931467764388052148e-05,2.575290352517402751e-05,3.219112940646753354e-05,3.862935528776104295e-05,4.506758116905455237e-05
0.000000000000000000e+00,7.142857142856790350e-06,1.428571428571358070e-05,2.142857142857037105e-05,2.857142857142716140e-05,3.571428571428395514e-05,4.285714285714074887e-05,4.999999999999754261e-05
0.000000000000000000e+00,6.770332291525653965e-06,1.354066458305130793e-05,2.031099687457696274e-05,2.708132916610261925e-05,3.385166145762827914e-05,4.062199374915393904e-05,4.739232604067959893e-05
0.000000000000000000e+00,6.390418949386641599e-06,1.278083789877328320e-05,1.917125684815992480e-05,2.556167579754656640e-05,3.195209474693320800e-05,3.834251369631984960e-05,4.473293264570649120e-05
0.000000000000000000e+00,7.142857142856440525e-06,1.428571428571288105e-05,2.142857142856932073e-05,2.857142857142575871e-05,3.571428571428219331e-05,4.285714285713862790e-05,4.999999999999506250e-05
0.000000000000000000e+00,6.438225881293196862e-06,1.287645176258639372e-05,1.931467764387958974e-05,2.575290352517278406e-05,3.219112940646597499e-05,3.862935528775916593e-05,4.506758116905235686e-05
0.000000000000000000e+00,7.142857142856476100e-06,1.428571428571295220e-05,2.142857142856942915e-05,2.857142857142590779e-05,3.571428571428238304e-05,4.285714285713885830e-05,4.999999999999533355e-05
0.000000000000000000e+00,6.770332291525283812e-06,1.354066458305056762e-05,2.031099687457585143e-05,2.708132916610113525e-05,3.385166145762642245e-05,4.062199374915170965e-05,4.739232604067699685e-05
0.000000000000000000e+00,6.273593236339102000e-06,1.254718647267820400e-05,1.882077970901730769e-05,2.509437294535641139e-05,3.136796618169551508e-05,3.764155941803461539e-05,4.391515265437371569e-05
0.000000000000000000e+00,7.142857142856953827e-06,1.428571428571390765e-05,2.142857142857086233e-05,2.857142857142781870e-05,3.571428571428477506e-05,4.285714285714173143e-05,4.999999999999868780e-05
0.000000000000000000e+00,6.331575869843229874e-06,1.266315173968645975e-05,1.899472760952968962e-05,2.532630347937291949e-05,3.165787934921614937e-05,3.798945521905937924e-05,4.432103108890260912e-05
0.000000000000000000e+00,7.142857142856903852e-06,1.428571428571380770e-05,2.142857142857071325e-05,2.857142857142761880e-05,3.571428571428452434e-05,4.285714285714142650e-05,4.999999999999832866e-05
0.000000000000000000e+00,6.712067557224686099e-06,1.342413511444937220e-05,2.013620267167405830e-05,2.684827022889874439e-05,3.356033778612343049e-05,4.027240534334811659e-05,4.698447290057280269e-05
0.000000000000000000e+00,6.273593236338786056e-06,1.254718647267757211e-05,1.882077970901635902e-05,2.509437294535514761e-05,3.136796618169393621e-05,3.764155941803272481e-05,4.391515265437151341e-05
0.000000000000000000e+00,7.142857142856572662e-06,1.428571428571314532e-05,2.142857142856971714e-05,2.857142857142628726e-05,3.571428571428285738e-05,4.285714285713942750e-05,4.999999999999599762e-05
0.000000000000000000e+00,6.331575869842891907e-06,1.266315173968578381e-05,1.899472760952867657e-05,2.532630347937157102e-05,3.165787934921446885e-05,3.798945521905736669e-05,4.432103108890026453e-05
0.000000000000000000e+00,7.142857142856564192e-06,1.428571428571312838e-05,2.142857142856969342e-05,2.857142857142626016e-05,3.571428571428283028e-05,4.285714285713940040e-05,4.999999999999597052e-05
0.000000000000000000e+00,6.712067557224287146e-06,1.342413511444857429e-05,2.013620267167286229e-05,2.684827022889715197e-05,3.356033778612144505e-05,4.027240534334573812e-05,4.698447290057003120e-05
0.000000000000000000e+00,6.152287097410439602e-06,1.230457419482087920e-05,1.845686129223131965e-05,2.460914838964176180e-05,3.076143548705220733e-05,3.691372258446265286e-05,4.306600968187309839e-05
0.000000000000000000e+00,7.142857142857034295e-06,1.428571428571406859e-05,2.142857142857110289e-05,2.857142857142813718e-05,3.571428571428517486e-05,4.285714285714221255e-05,4.999999999999925023e-05
0.000000000000000000e+00,6.208128920697048603e-06,1.241625784139409721e-05,1.862438676209114750e-05,2.483251568278819780e-05,3.104064460348524810e-05,3.724877352418229500e-05,4.345690244487934191e-05
0.000000000000000000e+00,7.142857142856940275e-06,1.428571428571388055e-05,2.142857142857082167e-05,2.857142857142776449e-05,3.571428571428470730e-05,4.285714285714165012e-05,4.999999999999859293e-05
0.000000000000000000e+00,6.651523241854624583e-06,1.330304648370924917e-05,1.995456972556387460e-05,2.660609296741850172e-05,3.325761620927312546e-05,3.990913945112774919e-05,4.656066269298237293e-05
0.000000000000000000e+00,6.152287097409831432e-06,1.230457419481966286e-05,1.845686129222949345e-05,2.460914838963932234e-05,3.076143548704915123e-05,3.691372258445898012e-05,4.306600968186880901e-05
0.000000000000000000e+00,7.142857142856734446e-06,1.428571428571346889e-05,2.142857142857020503e-05,2.857142857142694117e-05,3.571428571428367731e-05,4.285714285714041006e-05,4.999999999999714281e-05
0.000000000000000000e+00,6.208128920696618310e-06,1.241625784139323662e-05,1.862438676208985324e-05,2.483251568278646985e-05,3.104064460348308647e-05,3.724877352417970647e-05,4.345690244487632648e-05
0.000000000000000000e+00,7.142857142856615014e-06,1.428571428571323003e-05,2.142857142856984589e-05,2.857142857142646344e-05,3.571428571428308100e-05,4.285714285713969855e-05,4.999999999999631611e-05
0.000000000000000000e+00,6.651523241854158715e-06,1.330304648370831743e-05,1.995456972556247530e-05,2.660609296741663147e-05,3.325761620927078765e-05,3.990913945112494382e-05,4.656066269297909999e-05
0.000000000000000000e+00,6.092014525674966182e-06,1.218402905134993236e-05,1.827604357702489855e-05,2.436805810269986473e-05,3.046007262837483091e-05,3.655208715404979709e-05,4.264410167972475989e-05
0.000000000000000000e+00,7.142857142856768327e-06,1.428571428571353665e-05,2.142857142857030667e-05,2.857142857142707670e-05,3.571428571428384672e-05,4.285714285714061335e-05,4.999999999999737998e-05
0.000000000000000000e+00,6.092643283953302871e-06,1.218528656790660574e-05,1.827792985185990946e-05,2.437057313581321487e-05,3.046321641976652028e-05,3.655585970371982569e-05,4.264850298767313449e-05
0.000000000000000000e+00,7.142857142856460854e-06,1.428571428571292171e-05,2.142857142856938171e-05,2.857142857142584003e-05,3.571428571428230173e-05,4.285714285713876343e-05,4.999999999999522513e-05
0.000000000000000000e+00,6.102516453483205070e-06,1.220503290696641014e-05,1.830754936044961352e-05,2.441006581393281689e-05,3.051258226741602027e-05,3.661509872089922703e-05,4.271761517438243380e-05
0.000000000000000000e+00,7.142857142857312122e-06,1.428571428571462424e-05,2.142857142857193637e-05,2.857142857142924849e-05,3.571428571428655722e-05,4.285714285714386596e-05,5.000000000000117469e-05
0.000000000000000000e+00,6.629413299692992030e-06,1.325882659938598406e-05,1.988823989907897524e-05,2.651765319877196473e-05,3.314706649846495083e-05,3.977647979815793694e-05,4.640589309785092304e-05
0.000000000000000000e+00,6.092517453054425469e-06,1.218503490610885094e-05,1.827755235916327556e-05,2.437006981221769849e-05,3.046258726527212142e-05,3.655510471832654434e-05,4.264762217138097066e-05
0.000000000000000000e+00,7.142857142856604002e-06,1.428571428571320800e-05,2.142857142856981201e-05,2.857142857142641601e-05,3.571428571428302001e-05,4.285714285713962401e-05,4.999999999999622802e-05
0.000000000000000000e+00,6.629835437879544763e-06,1.325967087575908953e-05,1.988950631363863429e-05,2.651934175151817905e-05,3.314917718939772043e-05,3.977901262727726180e-05,4.640884806515680318e-05
0.000000000000000000e+00,6.092014525674265686e-06,1.218402905134853137e-05,1.827604357702279791e-05,2.436805810269706613e-05,3.046007262837133436e-05,3.655208715404560259e-05,4.264410167971986743e-05
0.000000000000000000e+00,7.142857142856409185e-06,1.428571428571281837e-05,2.142857142856922925e-05,2.857142857142564013e-05,3.571428571428205101e-05,4.285714285713845850e-05,4.999999999999486599e-05
0.000000000000000000e+00,6.092517453054057010e-06,1.218503490610811402e-05,1.827755235916217103e-05,2.437006981221622804e-05,3.046258726527028505e-05,3.655510471832434206e-05,4.264762217137839568e-05
0.000000000000000000e+00,7.142857142856439678e-06,1.428571428571287936e-05,2.142857142856931734e-05,2.857142857142575532e-05,3.571428571428219331e-05,4.285714285713863468e-05,4.999999999999507605e-05
0.000000000000000000e+00,6.102516453482646876e-06,1.220503290696529375e-05,1.830754936044793978e-05,2.441006581393058411e-05,3.051258226741322845e-05,3.661509872089587278e-05,4.271761517437851712e-05
0.000000000000000000e+00,7.142857142856967380e-06,1.428571428571393476e-05,2.142857142857090299e-05,2.857142857142787291e-05,3.571428571428484283e-05,4.285714285714181275e-05,4.999999999999878267e-05
0.000000000000000000e+00,6.629413299692433836e-06,1.325882659938486767e-05,1.988823989907730151e-05,2.651765319876973534e-05,3.314706649846217257e-05,3.977647979815460979e-05,4.640589309784704701e-05
0.000000000000000000e+00,5.907999857735228649e-06,1.181599971547045730e-05,1.772399957320568679e-05,2.363199943094091798e-05,2.953999928867614917e-05,3.544799914641138036e-05,4.135599900414661155e-05
0.000000000000000000e+00,5.683557425470915726e-06,1.136711485094183145e-05,1.705067227641274887e-05,2.273422970188366629e-05,2.841778712735458371e-05,3.410134455282549774e-05,3.978490197829641177e-05
0.000000000000000000e+00,5.668408052599125675e-06,1.133681610519825135e-05,1.700522415779737618e-05,2.267363221039649931e-05,2.834204026299562244e-05,3.401044831559474558e-05,3.967885636819386871e-05
0.000000000000000000e+00,5.826195981305772056e-06,1.165239196261154411e-05,1.747858794391731786e-05,2.330478392522309161e-05,2.913097990652886536e-05,3.495717588783463572e-05,4.078337186914040609e-05
0.000000000000000000e+00,6.035366675757604248e-06,1.207073335151520850e-05,1.810610002727281359e-05,2.414146670303042038e-05,3.017683337878802717e-05,3.621220005454563396e-05,4.224756673030324075e-05
0.000000000000000000e+00,6.207051721156315623e-06,1.241410344231263125e-05,1.862115516346894687e-05,2.482820688462526249e-05,3.103525860578158150e-05,3.724231032693790051e-05,4.344936204809421952e-05
0.000000000000000000e+00,5.671349892776812596e-06,1.134269978555362519e-05,1.701404967833043609e-05,2.268539957110724700e-05,2.835674946388405790e-05,3.402809935666087219e-05,3.969944924943768648e-05
0.000000000000000000e+00,6.022649398403997010e-06,1.204529879680799402e-05,1.806794819521199188e-05,2.409059759361599143e-05,3.011324699201999098e-05,3.613589639042399053e-05,4.215854578882799008e-05
0.000000000000000000e+00,5.907999857735178674e-06,1.181599971547035735e-05,1.772399957320553772e-05,2.363199943094071808e-05,2.953999928867589845e-05,3.544799914641107543e-05,4.135599900414625241e-05
0.000000000000000000e+00,5.683557425470853892e-06,1.136711485094170778e-05,1.705067227641256252e-05,2.273422970188341896e-05,2.841778712735427539e-05,3.410134455282513182e-05,3.978490197829599164e-05
0.000000000000000000e+00,5.671349892776769397e-06,1.134269978555353879e-05,1.701404967833030735e-05,2.268539957110707420e-05,2.835674946388384106e-05,3.402809935666060791e-05,3.969944924943737477e-05
0.000000000000000000e+00,5.826195981305717846e-06,1.165239196261143569e-05,1.747858794391715523e-05,2.330478392522287477e-05,2.913097990652859431e-05,3.495717588783431046e-05,4.078337186914002662e-05
0.000000000000000000e+00,6.035366675757537332e-06,1.207073335151507466e-05,1.810610002727261030e-05,2.414146670303014594e-05,3.017683337878768158e-05,3.621220005454522061e-05,4.224756673030275963e-05
0.000000000000000000e+00,6.207051721156252095e-06,1.241410344231250419e-05,1.862115516346875713e-05,2.482820688462501177e-05,3.103525860578126979e-05,3.724231032693752782e-05,4.344936204809378584e-05
0.000000000000000000e+00,5.967125476221471684e-06,1.193425095244294337e-05,1.790137642866441336e-05,2.386850190488588335e-05,2.983562738110735334e-05,3.580275285732882672e-05,4.176987833355030010e-05
0.000000000000000000e+00,5.955407563204624727e-06,1.191081512640924945e-05,1.786622268961387503e-05,2.382163025281850230e-05,2.977703781602312956e-05,3.573244537922775683e-05,4.168785294243238410e-05
0.000000000000000000e+00,6.262849109840033641e-06,1.252569821968006728e-05,1.878854732952010262e-05,2.505139643936013795e-05,3.131424554920017329e-05,3.757709465904020523e-05,4.383994376888023718e-05
0.000000000000000000e+00,5.967125476221402227e-06,1.193425095244280445e-05,1.790137642866420668e-05,2.386850190488560891e-05,2.983562738110701114e-05,3.580275285732841336e-05,4.176987833354981220e-05
0.000000000000000000e+00,5.955407563204566281e-06,1.191081512640913256e-05,1.786622268961369884e-05,2.382163025281826513e-05,2.977703781602283141e-05,3.573244537922739769e-05,4.168785294243196397e-05
0.000000000000000000e+00,6.262849109839914209e-06,1.252569821967982842e-05,1.878854732951974347e-05,2.505139643935966023e-05,3.131424554919957698e-05,3.757709465903949373e-05,4.383994376887941048e-05
0.000000000000000000e+00,5.917951271954096934e-06,1.183590254390819387e-05,1.775385381586229165e-05,2.367180508781639112e-05,2.958975635977049060e-05,3.550770763172459007e-05,4.142565890367869293e-05
0.000000000000000000e+00,5.952773906443687710e-06,1.190554781288737542e-05,1.785832171933106398e-05,2.381109562577475423e-05,2.976386953221844448e-05,3.571664343866213473e-05,4.166941734510582498e-05
0.000000000000000000e+00,6.233408966052658369e-06,1.246681793210531674e-05,1.870022689815797426e-05,2.493363586421063009e-05,3.116704483026328930e-05,3.740045379631594852e-05,4.363386276236860773e-05
0.000000000000000000e+00,5.917951271953946162e-06,1.183590254390789232e-05,1.775385381586183764e-05,2.367180508781578126e-05,2.958975635976972488e-05,3.550770763172366850e-05,4.142565890367760873e-05
0.000000000000000000e+00,5.952773906443614019e-06,1.190554781288722804e-05,1.785832171933084036e-05,2.381109562577445269e-05,2.976386953221806501e-05,3.571664343866168072e-05,4.166941734510529644e-05
0.000000000000000000e+00,6.233408966052493197e-06,1.246681793210498639e-05,1.870022689815747959e-05,2.493363586420997279e-05,3.116704483026246260e-05,3.740045379631495241e-05,4.363386276236744222e-05
0.000000000000000000e+00,5.790080036063440917e-06,1.158016007212688183e-05,1.737024010819032360e-05,2.316032014425376705e-05,2.895040018031721051e-05,3.474048021638065397e-05,4.053056025244409404e-05
0.000000000000000000e+00,5.859672303617708937e-06,1.171934460723541787e-05,1.757901691085312512e-05,2.343868921447083236e-05,2.929836151808853960e-05,3.515803382170625024e-05,4.101770612532396087e-05
0.000000000000000000e+00,6.141513313764317528e-06,1.228302662752863506e-05,1.842453994129295174e-05,2.456605325505726672e-05,3.070756656882157832e-05,3.684907988258588992e-05,4.299059319635020152e-05
0.000000000000000000e+00,5.790080036063277439e-06,1.158016007212655488e-05,1.737024010818983232e-05,2.316032014425310976e-05,2.895040018031638720e-05,3.474048021637966463e-05,4.053056025244294207e-05
0.000000000000000000e+00,5.859672303617548848e-06,1.171934460723509770e-05,1.757901691085264739e-05,2.343868921447019878e-05,2.929836151808775017e-05,3.515803382170530156e-05,4.101770612532284956e-05
0.000000000000000000e+00,6.141513313764038854e-06,1.228302662752807771e-05,1.842453994129211487e-05,2.456605325505615203e-05,3.070756656882018919e-05,3.684907988258422974e-05,4.299059319634827029e-05
0.000000000000000000e+00,5.601128585025278293e-06,1.120225717005055659e-05,1.680338575507583319e-05,2.240451434010110978e-05,2.800564292512638638e-05,3.360677151015166637e-05,3.920790009517694636e-05
0.000000000000000000e+00,5.698044549417525455e-06,1.139608909883505091e-05,1.709413364825257636e-05,2.279217819767010182e-05,2.849022274708762727e-05,3.418826729650515273e-05,3.988631184592267818e-05
0.000000000000000000e+00,6.001092683073946668e-06,1.200218536614789334e-05,1.800327804922184085e-05,2.400437073229579006e-05,3.000546341536973927e-05,3.600655609844368848e-05,4.200764878151763769e-05
0.000000000000000000e+00,5.601128585025072464e-06,1.120225717005014493e-05,1.680338575507521655e-05,2.240451434010028647e-05,2.800564292512535639e-05,3.360677151015042632e-05,3.920790009517549624e-05
0.000000000000000000e+00,5.698044549417363671e-06,1.139608909883472734e-05,1.709413364825209186e-05,2.279217819766945807e-05,2.849022274708682429e-05,3.418826729650419050e-05,3.988631184592155332e-05
0.000000000000000000e+00,6.001092683073690864e-06,1.200218536614738173e-05,1.800327804922107174e-05,2.400437073229476007e-05,3.000546341536844839e-05,3.600655609844213671e-05,4.200764878151582165e-05
0.000000000000000000e+00,5.366188064085402390e-06,1.073237612817080478e-05,1.609856419225620802e-05,2.146475225634161295e-05,2.683094032042701788e-05,3.219712838451242281e-05,3.756331644859782774e-05
0.000000000000000000e+00,5.482826116760134693e-06,1.096565223352026939e-05,1.644847835028040239e-05,2.193130446704053539e-05,2.741413058380066838e-05,3.289695670056080477e-05,3.837978281732094116e-05
0.000000000000000000e+00,5.825003399455675214e-06,1.165000679891135043e-05,1.747501019836702395e-05,2.330001359782269747e-05,2.912501699727837099e-05,3.495002039673404789e-05,4.077502379618972480e-05
0.000000000000000000e+00,5.366188064085118634e-06,1.073237612817023727e-05,1.609856419225535421e-05,2.146475225634047115e-05,2.683094032042558809e-05,3.219712838451070842e-05,3.756331644859582875e-05
0.000000000000000000e+00,5.482826116759925476e-06,1.096565223351985095e-05,1.644847835027977558e-05,2.193130446703969852e-05,2.741413058379962145e-05,3.289695670055954439e-05,3.837978281731946393e-05
0.000000000000000000e+00,5.825003399455363506e-06,1.165000679891072701e-05,1.747501019836608882e-05,2.330001359782145063e-05,2.912501699727681245e-05,3.495002039673217765e-05,4.077502379618754285e-05
0.000000000000000000e+00,5.110480150356969139e-06,1.022096030071393828e-05,1.533144045107090572e-05,2.044192060142787317e-05,2.555240075178484061e-05,3.066288090214181145e-05,3.577336105249878228e-05
0.000000000000000000e+00,5.232432526407134553e-06,1.046486505281426911e-05,1.569729757922140535e-05,2.092973010562854160e-05,2.616216263203567785e-05,3.139459515844281070e-05,3.662702768484994356e-05
0.000000000000000000e+00,5.637440027084505989e-06,1.127488005416901198e-05,1.691232008125351797e-05,2.254976010833802396e-05,2.818720013542252994e-05,3.382464016250703593e-05,3.946208018959154192e-05
0.000000000000000000e+00,5.110480150356761616e-06,1.022096030071352323e-05,1.533144045107028570e-05,2.044192060142704985e-05,2.555240075178381401e-05,3.066288090214057817e-05,3.577336105249734571e-05
0.000000000000000000e+00,5.232432526406890607e-06,1.046486505281378121e-05,1.569729757922067352e-05,2.092973010562756582e-05,2.616216263203445812e-05,3.139459515844134703e-05,3.662702768484823594e-05
0.000000000000000000e+00,5.637440027084097719e-06,1.127488005416819544e-05,1.691232008125229146e-05,2.254976010833638749e-05,2.818720013542048351e-05,3.382464016250458293e-05,3.946208018958868234e-05
0.000000000000000000e+00,4.880727083229991266e-06,9.761454166459982532e-06,1.464218124968997295e-05,1.952290833291996168e-05,2.440363541614995040e-05,2.928436249937993913e-05,3.416508958260992785e-05
0.000000000000000000e+00,4.881125732725588232e-06,9.762251465451176463e-06,1.464337719817676470e-05,1.952450293090235293e-05,2.440562866362794116e-05,2.928675439635352939e-05,3.416788012907911423e-05
0.000000000000000000e+00,4.983596402266260038e-06,9.967192804532520076e-06,1.495078920679878011e-05,1.993438560906504015e-05,2.491798201133130019e-05,2.990157841359756023e-05,3.488517481586382026e-05
0.000000000000000000e+00,5.504601323849250081e-06,1.100920264769850016e-05,1.651380397154775194e-05,2.201840529539700371e-05,2.752300661924625549e-05,3.302760794309550388e-05,3.853220926694475226e-05
0.000000000000000000e+00,4.881033239261974079e-06,9.762066478523948157e-06,1.464309971778592224e-05,1.952413295704789631e-05,2.440516619630986870e-05,2.928619943557184108e-05,3.416723267483381347e-05
0.000000000000000000e+00,5.505258372445717017e-06,1.101051674489143403e-05,1.651577511733715020e-05,2.202103348978286468e-05,2.752629186222857916e-05,3.303155023467429363e-05,3.853680860712000811e-05
0.000000000000000000e+00,4.880727083229731227e-06,9.761454166459462454e-06,1.464218124968919368e-05,1.952290833291892491e-05,2.440363541614865614e-05,2.928436249937838736e-05,3.416508958260811859e-05
0.000000000000000000e+00,4.881033239261851259e-06,9.762066478523702517e-06,1.464309971778555462e-05,1.952413295704740842e-05,2.440516619630926222e-05,2.928619943557111602e-05,3.416723267483297321e-05
0.000000000000000000e+00,4.983596402265970352e-06,9.967192804531940705e-06,1.495078920679791106e-05,1.993438560906388141e-05,2.491798201132985007e-05,2.990157841359581873e-05,3.488517481586178739e-05
0.000000000000000000e+00,5.504601323848791837e-06,1.100920264769758367e-05,1.651380397154637636e-05,2.201840529539517073e-05,2.752300661924396511e-05,3.302760794309275949e-05,3.853220926694155387e-05
0.000000000000000000e+00,5.320687335761925672e-06,1.064137467152385134e-05,1.596206200728577786e-05,2.128274934304770608e-05,2.660343667880963429e-05,3.192412401457156250e-05,3.724481135033348733e-05
0.000000000000000000e+00,5.021496512641597136e-06,1.004299302528319427e-05,1.506448953792479141e-05,2.008598605056638854e-05,2.510748256320798568e-05,3.012897907584958281e-05,3.515047558849118334e-05
0.000000000000000000e+00,5.005567779501462237e-06,1.001113555900292447e-05,1.501670333850438756e-05,2.002227111800585234e-05,2.502783889750731712e-05,3.003340667700878189e-05,3.503897445651024667e-05
0.000000000000000000e+00,5.218260085672612372e-06,1.043652017134522474e-05,1.565478025701783627e-05,2.087304034269044610e-05,2.609130042836305593e-05,3.130956051403566576e-05,3.652782059970827221e-05
0.000000000000000000e+00,5.343163259830951774e-06,1.068632651966190355e-05,1.602948977949285363e-05,2.137265303932380371e-05,2.671581629915475379e-05,3.205897955898570726e-05,3.740214281881666073e-05
0.000000000000000000e+00,5.607452592710071182e-06,1.121490518542014236e-05,1.682235777813021439e-05,2.242981037084028811e-05,2.803726296355036184e-05,3.364471555626043556e-05,3.925216814897050589e-05
0.000000000000000000e+00,5.008723754738833368e-06,1.001744750947766674e-05,1.502617126421650095e-05,2.003489501895533686e-05,2.504361877369417277e-05,3.005234252843300868e-05,3.506106628317184459e-05
0.000000000000000000e+00,5.326850554567892156e-06,1.065370110913578431e-05,1.598055166370367732e-05,2.130740221827157201e-05,2.663425277283946671e-05,3.196110332740736141e-05,3.728795388197525610e-05
0.000000000000000000e+00,5.320687335761984117e-06,1.064137467152396823e-05,1.596206200728595066e-05,2.128274934304793308e-05,2.660343667880991550e-05,3.192412401457190132e-05,3.724481135033388713e-05
0.000000000000000000e+00,5.021496512641637793e-06,1.004299302528327559e-05,1.506448953792491338e-05,2.008598605056655117e-05,2.510748256320818897e-05,3.012897907584982676e-05,3.515047558849146794e-05
0.000000000000000000e+00,5.008723754738871484e-06,1.001744750947774297e-05,1.502617126421661445e-05,2.003489501895548594e-05,2.504361877369435573e-05,3.005234252843322552e-05,3.506106628317209531e-05
0.000000000000000000e+00,5.218260085672649642e-06,1.043652017134529928e-05,1.565478025701794808e-05,2.087304034269059518e-05,2.609130042836324228e-05,3.130956051403588938e-05,3.652782059970853648e-05
0.000000000000000000e+00,5.343163259830943304e-06,1.068632651966188661e-05,1.602948977949282991e-05,2.137265303932377322e-05,2.671581629915471652e-05,3.205897955898565982e-05,3.740214281881660652e-05
0.000000000000000000e+00,5.607452592710055088e-06,1.121490518542011018e-05,1.682235777813016357e-05,2.242981037084021696e-05,2.803726296355027036e-05,3.364471555626032714e-05,3.925216814897038392e-05
0.000000000000000000e+00,5.375164967055616484e-06,1.075032993411123297e-05,1.612549490116685030e-05,2.150065986822246932e-05,2.687582483527808835e-05,3.225098980233370737e-05,3.762615476938932979e-05
0.000000000000000000e+00,5.372184964668949439e-06,1.074436992933789888e-05,1.611655489400684832e-05,2.148873985867579776e-05,2.686092482334474720e-05,3.223310978801369664e-05,3.760529475268264608e-05
0.000000000000000000e+00,5.670152555209358902e-06,1.134030511041871780e-05,1.701045766562807670e-05,2.268061022083743561e-05,2.835076277604679451e-05,3.402091533125615341e-05,3.969106788646551570e-05
0.000000000000000000e+00,5.375164967055674929e-06,1.075032993411134986e-05,1.612549490116702309e-05,2.150065986822269633e-05,2.687582483527836956e-05,3.225098980233404619e-05,3.762615476938972281e-05
0.000000000000000000e+00,5.372184964669009579e-06,1.074436992933801916e-05,1.611655489400702789e-05,2.148873985867603493e-05,2.686092482334504196e-05,3.223310978801404900e-05,3.760529475268305265e-05
0.000000000000000000e+00,5.670152555209359749e-06,1.134030511041871950e-05,1.701045766562808009e-05,2.268061022083744238e-05,2.835076277604680467e-05,3.402091533125616696e-05,3.969106788646552925e-05
0.000000000000000000e+00,5.280641596745166656e-06,1.056128319349033331e-05,1.584192479023549912e-05,2.112256638698066323e-05,2.640320798372582735e-05,3.168384958047099146e-05,3.696449117721615558e-05
0.000000000000000000e+00,5.340826724624052929e-06,1.068165344924810586e-05,1.602248017387215709e-05,2.136330689849620833e-05,2.670413362312025956e-05,3.204496034774431418e-05,3.738578707236836881e-05
0.000000000000000000e+00,5.599812000058213673e-06,1.119962400011642735e-05,1.679943600017464017e-05,2.239924800023285130e-05,2.799906000029106243e-05,3.359887200034927357e-05,3.919868400040748809e-05
0.000000000000000000e+00,5.280641596745192067e-06,1.056128319349038413e-05,1.584192479023557705e-05,2.112256638698077165e-05,2.640320798372596626e-05,3.168384958047116087e-05,3.696449117721635209e-05
0.000000000000000000e+00,5.340826724624098669e-06,1.068165344924819734e-05,1.602248017387229601e-05,2.136330689849639467e-05,2.670413362312049334e-05,3.204496034774459201e-05,3.738578707236868729e-05
0.000000000000000000e+00,5.599812000058156921e-06,1.119962400011631384e-05,1.679943600017447076e-05,2.239924800023262769e-05,2.799906000029078461e-05,3.359887200034894153e-05,3.919868400040709506e-05
0.000000000000000000e+00,5.080063620400133737e-06,1.016012724080026747e-05,1.524019086120040121e-05,2.032025448160053495e-05,2.540031810200066699e-05,3.048038172240079903e-05,3.556044534280093108e-05
0.000000000000000000e+00,5.187258585113817814e-06,1.037451717022763563e-05,1.556177575534145344e-05,2.074903434045527126e-05,2.593629292556908907e-05,3.112355151068290688e-05,3.631081009579672809e-05
0.000000000000000000e+00,5.435714735273911911e-06,1.087142947054782382e-05,1.630714420582173404e-05,2.174285894109564426e-05,2.717857367636955447e-05,3.261428841164346808e-05,3.805000314691738168e-05
0.000000000000000000e+00,5.080063620400132890e-06,1.016012724080026578e-05,1.524019086120039952e-05,2.032025448160053495e-05,2.540031810200067038e-05,3.048038172240080581e-05,3.556044534280094463e-05
0.000000000000000000e+00,5.187258585113862707e-06,1.037451717022772541e-05,1.556177575534158897e-05,2.074903434045545421e-05,2.593629292556931946e-05,3.112355151068318471e-05,3.631081009579705335e-05
0.000000000000000000e+00,5.435714735273844995e-06,1.087142947054768999e-05,1.630714420582153414e-05,2.174285894109537659e-05,2.717857367636921905e-05,3.261428841164306150e-05,3.805000314691690734e-05
0.000000000000000000e+00,4.795061957414719199e-06,9.590123914829438398e-06,1.438518587224415760e-05,1.918024782965887680e-05,2.397530978707359769e-05,2.877037174448831858e-05,3.356543370190303948e-05
0.000000000000000000e+00,4.940532104149242922e-06,9.881064208298485845e-06,1.482159631244772961e-05,1.976212841659697508e-05,2.470266052074622054e-05,2.964319262489546600e-05,3.458372472904471147e-05
0.000000000000000000e+00,5.198315544138438548e-06,1.039663108827687710e-05,1.559494663241531480e-05,2.079326217655375080e-05,2.599157772069218681e-05,3.118989326483062282e-05,3.638820880896906221e-05
0.000000000000000000e+00,4.795061957414652284e-06,9.590123914829304567e-06,1.438518587224395600e-05,1.918024782965860575e-05,2.397530978707325549e-05,2.877037174448790523e-05,3.356543370190255159e-05
0.000000000000000000e+00,4.940532104149245464e-06,9.881064208298490927e-06,1.482159631244773639e-05,1.976212841659698185e-05,2.470266052074622732e-05,2.964319262489547278e-05,3.458372472904471824e-05
0.000000000000000000e+00,5.198315544138318270e-06,1.039663108827663654e-05,1.559494663241495566e-05,2.079326217655327647e-05,2.599157772069159728e-05,3.118989326482991809e-05,3.638820880896823551e-05
0.000000000000000000e+00,4.440988740815436653e-06,8.881977481630873306e-06,1.332296622244630996e-05,1.776395496326174661e-05,2.220494370407718326e-05,2.664593244489261992e-05,3.108692118570805657e-05
0.000000000000000000e+00,4.617458505157664151e-06,9.234917010315328302e-06,1.385237551547299245e-05,1.846983402063065660e-05,2.308729252578831906e-05,2.770475103094598152e-05,3.232220953610364397e-05
0.000000000000000000e+00,4.903577668636703480e-06,9.807155337273406961e-06,1.471073300591010959e-05,1.961431067454681053e-05,2.451788834318351147e-05,2.942146601182021241e-05,3.432504368045690996e-05
0.000000000000000000e+00,4.440988740815440041e-06,8.881977481630880082e-06,1.332296622244632012e-05,1.776395496326176016e-05,2.220494370407720020e-05,2.664593244489264025e-05,3.108692118570808367e-05
0.000000000000000000e+00,4.617458505157653139e-06,9.234917010315306279e-06,1.385237551547296027e-05,1.846983402063061595e-05,2.308729252578827163e-05,2.770475103094592731e-05,3.232220953610358299e-05
0.000000000000000000e+00,4.903577668636559485e-06,9.807155337273118969e-06,1.471073300590967930e-05,1.961431067454624133e-05,2.451788834318280335e-05,2.942146601181936538e-05,3.432504368045592740e-05
0.000000000000000000e+00,4.032919312137577344e-06,8.065838624275154688e-06,1.209875793641273203e-05,1.613167724855030938e-05,2.016459656068788503e-05,2.419751587282546068e-05,2.823043518496303633e-05
0.000000000000000000e+00,4.233545739749332146e-06,8.467091479498664293e-06,1.270063721924799644e-05,1.693418295899732859e-05,2.116772869874666073e-05,2.540127443849599288e-05,2.963482017824532503e-05
0.000000000000000000e+00,4.574152647298008254e-06,9.148305294596016508e-06,1.372245794189402561e-05,1.829661058919203640e-05,2.287076323649004720e-05,2.744491588378805799e-05,3.201906853108607218e-05
0.000000000000000000e+00,4.032919312137518052e-06,8.065838624275036104e-06,1.209875793641255416e-05,1.613167724855007221e-05,2.016459656068759026e-05,2.419751587282510831e-05,2.823043518496262636e-05
0.000000000000000000e+00,4.233545739749347393e-06,8.467091479498694786e-06,1.270063721924804218e-05,1.693418295899738957e-05,2.116772869874673866e-05,2.540127443849608775e-05,2.963482017824543683e-05
0.000000000000000000e+00,4.574152647297885434e-06,9.148305294595770868e-06,1.372245794189365630e-05,1.829661058919154174e-05,2.287076323648942717e-05,2.744491588378731260e-05,3.201906853108519804e-05
0.000000000000000000e+00,3.567548456704762068e-06,7.135096913409524136e-06,1.070264537011428663e-05,1.427019382681904997e-05,1.783774228352381330e-05,2.140529074022857664e-05,2.497283919693333998e-05
0.000000000000000000e+00,3.567473010300676654e-06,7.134946020601353308e-06,1.070241903090202996e-05,1.426989204120270662e-05,1.783736505150338157e-05,2.140483806180405653e-05,2.497231107210473149e-05
0.000000000000000000e+00,3.800746621219976907e-06,7.601493242439953813e-06,1.140223986365993030e-05,1.520298648487990593e-05,1.900373310609988157e-05,2.280447972731985720e-05,2.660522634853983284e-05
0.000000000000000000e+00,4.229941593990744308e-06,8.459883187981488616e-06,1.268982478197223208e-05,1.691976637596297384e-05,2.114970796995371561e-05,2.537964956394445738e-05,2.960959115793519914e-05
0.000000000000000000e+00,3.567516163218419744e-06,7.135032326436839488e-06,1.070254848965525838e-05,1.427006465287367728e-05,1.783758081609209618e-05,2.140509697931051677e-05,2.497261314252893736e-05
0.000000000000000000e+00,4.230043754029753148e-06,8.460087508059506295e-06,1.269013126208926029e-05,1.692017501611901598e-05,2.115021877014877167e-05,2.538026252417852736e-05,2.961030627820828305e-05
0.000000000000000000e+00,3.567548456704671436e-06,7.135096913409342871e-06,1.070264537011401388e-05,1.427019382681868405e-05,1.783774228352335591e-05,2.140529074022802777e-05,2.497283919693269963e-05
0.000000000000000000e+00,3.567516163218377392e-06,7.135032326436754785e-06,1.070254848965513302e-05,1.427006465287351126e-05,1.783758081609188950e-05,2.140509697931026605e-05,2.497261314252864259e-05
0.000000000000000000e+00,3.800746621219919732e-06,7.601493242439839464e-06,1.140223986365975920e-05,1.520298648487967893e-05,1.900373310609959697e-05,2.280447972731951500e-05,2.660522634853943304e-05
0.000000000000000000e+00,4.229941593990594383e-06,8.459883187981188766e-06,1.268982478197178315e-05,1.691976637596237753e-05,2.114970796995297022e-05,2.537964956394356291e-05,2.960959115793415560e-05
0.000000000000000000e+00,4.765243577707059613e-06,9.530487155414119226e-06,1.429573073312117969e-05,1.906097431082824184e-05,2.382621788853530399e-05,2.859146146624236615e-05,3.335670504394942830e-05
0.000000000000000000e+00,4.441725657473802674e-06,8.883451314947605348e-06,1.332517697242140802e-05,1.776690262989521070e-05,2.220862828736901168e-05,2.665035394484281266e-05,3.109207960231661364e-05
0.000000000000000000e+00,4.430488082852010901e-06,8.860976165704021802e-06,1.329146424855603270e-05,1.772195233140804360e-05,2.215244041426005450e-05,2.658292849711206541e-05,3.101341657996407631e-05
0.000000000000000000e+00,4.657764817709562322e-06,9.315529635419124644e-06,1.397329445312868697e-05,1.863105927083824929e-05,2.328882408854781330e-05,2.794658890625737732e-05,3.260435372396694134e-05
0.000000000000000000e+00,4.719491640330581332e-06,9.438983280661162665e-06,1.415847492099174315e-05,1.887796656132232194e-05,2.359745820165290073e-05,2.831694984198347952e-05,3.303644148231405832e-05
0.000000000000000000e+00,5.035461871744701809e-06,1.007092374348940362e-05,1.510638561523410458e-05,2.014184748697880385e-05,2.517730935872350312e-05,3.021277123046820238e-05,3.524823310221290504e-05
0.000000000000000000e+00,4.432725776786254355e-06,8.865451553572508710e-06,1.329817733035876307e-05,1.773090310714501742e-05,2.216362888393127008e-05,2.659635466071752274e-05,3.102908043750377540e-05
0.000000000000000000e+00,4.705330839853522312e-06,9.410661679707044624e-06,1.411599251956056694e-05,1.882132335941408925e-05,2.352665419926761156e-05,2.823198503912113387e-05,3.293731587897465618e-05
0.000000000000000000e+00,4.765243577707278994e-06,9.530487155414557989e-06,1.429573073312183698e-05,1.906097431082911598e-05,2.382621788853639497e-05,2.859146146624367397e-05,3.335670504395095296e-05
0.000000000000000000e+00,4.441725657473995798e-06,8.883451314947991595e-06,1.332517697242198739e-05,1.776690262989598319e-05,2.220862828736998068e-05,2.665035394484397817e-05,3.109207960231797567e-05
0.000000000000000000e+00,4.432725776786369552e-06,8.865451553572739103e-06,1.329817733035910865e-05,1.773090310714547821e-05,2.216362888393184606e-05,2.659635466071821392e-05,3.102908043750458178e-05
0.000000000000000000e+00,4.657764817709743587e-06,9.315529635419487174e-06,1.397329445312923076e-05,1.863105927083897435e-05,2.328882408854871793e-05,2.794658890625846152e-05,3.260435372396820850e-05
0.000000000000000000e+00,4.719491640330699070e-06,9.438983280661398140e-06,1.415847492099209721e-05,1.887796656132279628e-05,2.359745820165349704e-05,2.831694984198419781e-05,3.303644148231489857e-05
0.000000000000000000e+00,5.035461871744831405e-06,1.007092374348966281e-05,1.510638561523449422e-05,2.014184748697932562e-05,2.517730935872415703e-05,3.021277123046898843e-05,3.524823310221381984e-05
0.000000000000000000e+00,4.804287021605968358e-06,9.608574043211936717e-06,1.441286106481790423e-05,1.921714808642387005e-05,2.402143510802983586e-05,2.882572212963580168e-05,3.363000915124176411e-05
0.000000000000000000e+00,4.813557293211737847e-06,9.627114586423475695e-06,1.444067187963521439e-05,1.925422917284695478e-05,2.406778646605869517e-05,2.888134375927043555e-05,3.369490105248217255e-05
0.000000000000000000e+00,5.085515510786928751e-06,1.017103102157385750e-05,1.525654653236078625e-05,2.034206204314771500e-05,2.542757755393464206e-05,3.051309306472156912e-05,3.559860857550849617e-05
0.000000000000000000e+00,4.804287021606157247e-06,9.608574043212314493e-06,1.441286106481847174e-05,1.921714808642462899e-05,2.402143510803078793e-05,2.882572212963694687e-05,3.363000915124310581e-05
0.000000000000000000e+00,4.813557293211943676e-06,9.627114586423887353e-06,1.444067187963583103e-05,1.925422917284777471e-05,2.406778646605971838e-05,2.888134375927166206e-05,3.369490105248360912e-05
0.000000000000000000e+00,5.085515510787057500e-06,1.017103102157411500e-05,1.525654653236117250e-05,2.034206204314823000e-05,2.542757755393528581e-05,3.051309306472234161e-05,3.559860857550939742e-05
0.000000000000000000e+00,4.666030505922602579e-06,9.332061011845205157e-06,1.399809151776780774e-05,1.866412202369041031e-05,2.333015252961301289e-05,2.799618303553561547e-05,3.266221354145821805e-05
0.000000000000000000e+00,4.751097181819588198e-06,9.502194363639176395e-06,1.425329154545876544e-05,1.900438872727835618e-05,2.375548590909794692e-05,2.850658309091753766e-05,3.325768027273713178e-05
0.000000000000000000e+00,4.969252568636391844e-06,9.938505137272783687e-06,1.490775770590917638e-05,1.987701027454557076e-05,2.484626284318196515e-05,2.981551541181835953e-05,3.478476798045475392e-05
0.000000000000000000e+00,4.666030505922843983e-06,9.332061011845687966e-06,1.399809151776853280e-05,1.866412202369137932e-05,2.333015252961422584e-05,2.799618303553707237e-05,3.266221354145991889e-05
0.000000000000000000e+00,4.751097181819813508e-06,9.502194363639627017e-06,1.425329154545943968e-05,1.900438872727925065e-05,2.375548590909906161e-05,2.850658309091887258e-05,3.325768027273868355e-05
0.000000000000000000e+00,4.969252568636525675e-06,9.938505137273051350e-06,1.490775770590957618e-05,1.987701027454609931e-05,2.484626284318262245e-05,2.981551541181914558e-05,3.478476798045566871e-05
0.000000000000000000e+00,4.396500318757208336e-06,8.793000637514416672e-06,1.318950095627162501e-05,1.758600127502883334e-05,2.198250159378604168e-05,2.637900191254325001e-05,3.077550223130045496e-05
0.000000000000000000e+00,4.540308683588890991e-06,9.080617367177781982e-06,1.362092605076667382e-05,1.816123473435556735e-05,2.270154341794446089e-05,2.724185210153335442e-05,3.178216078512225134e-05
0.000000000000000000e+00,4.733994350114071573e-06,9.467988700228143146e-06,1.420198305034221472e-05,1.893597740045628629e-05,2.366997175057035786e-05,2.840396610068442944e-05,3.313796045079850101e-05
0.000000000000000000e+00,4.396500318757474304e-06,8.793000637514948608e-06,1.318950095627242291e-05,1.758600127502989722e-05,2.198250159378737321e-05,2.637900191254484921e-05,3.077550223130232521e-05
0.000000000000000000e+00,4.540308683589129855e-06,9.080617367178259709e-06,1.362092605076738872e-05,1.816123473435651603e-05,2.270154341794564334e-05,2.724185210153477066e-05,3.178216078512389797e-05
0.000000000000000000e+00,4.733994350114197781e-06,9.467988700228395561e-06,1.420198305034259419e-05,1.893597740045679451e-05,2.366997175057099483e-05,2.840396610068519515e-05,3.313796045079939548e-05
0.000000000000000000e+00,4.016696530984855293e-06,8.033393061969710587e-06,1.205008959295456588e-05,1.606678612393942117e-05,2.008348265492427816e-05,2.410017918590913515e-05,2.811687571689399214e-05
0.000000000000000000e+00,4.211209902267629525e-06,8.422419804535259051e-06,1.263362970680288858e-05,1.684483960907051810e-05,2.105604951133814763e-05,2.526725941360577715e-05,2.947846931587340668e-05
0.000000000000000000e+00,4.401565953528795022e-06,8.803131907057590045e-06,1.320469786058638507e-05,1.760626381411518009e-05,2.200782976764397342e-05,2.640939572117276675e-05,3.081096167470156007e-05
0.000000000000000000e+00,4.016696530985089074e-06,8.033393061970178149e-06,1.205008959295526722e-05,1.606678612394035630e-05,2.008348265492544368e-05,2.410017918591053106e-05,2.811687571689561844e-05
0.000000000000000000e+00,4.211209902267862460e-06,8.422419804535724919e-06,1.263362970680358653e-05,1.684483960907144645e-05,2.105604951133930637e-05,2.526725941360716629e-05,2.947846931587502621e-05
0.000000000000000000e+00,4.401565953528903443e-06,8.803131907057806885e-06,1.320469786058671033e-05,1.760626381411561377e-05,2.200782976764451552e-05,2.640939572117341727e-05,3.081096167470231902e-05
0.000000000000000000e+00,3.537120684686796811e-06,7.074241369373593621e-06,1.061136205406039128e-05,1.414848273874718894e-05,1.768560342343398659e-05,2.122272410812078256e-05,2.475984479280757852e-05
0.000000000000000000e+00,3.778308453947330922e-06,7.556616907894661843e-06,1.133492536184199276e-05,1.511323381578932369e-05,1.889154226973665461e-05,2.266985072368398553e-05,2.644815917763131645e-05
0.000000000000000000e+00,3.985581208935926540e-06,7.971162417871853080e-06,1.195674362680778047e-05,1.594232483574370955e-05,1.992790604467963863e-05,2.391348725361556771e-05,2.789906846255149679e-05
0.000000000000000000e+00,3.537120684687050497e-06,7.074241369374100994e-06,1.061136205406115191e-05,1.414848273874820368e-05,1.768560342343525376e-05,2.122272410812230383e-05,2.475984479280935390e-05
0.000000000000000000e+00,3.778308453947576138e-06,7.556616907895152275e-06,1.133492536184272799e-05,1.511323381579030286e-05,1.889154226973787772e-05,2.266985072368545259e-05,2.644815917763302746e-05
0.000000000000000000e+00,3.985581208936047666e-06,7.971162417872095331e-06,1.195674362680814300e-05,1.594232483574419066e-05,1.992790604468023833e-05,2.391348725361628599e-05,2.789906846255233366e-05
0.000000000000000000e+00,2.955378063917217514e-06,5.910756127834435029e-06,8.866134191751653390e-06,1.182151225566887175e-05,1.477689031958609011e-05,1.773226838350330678e-05,2.068764644742052345e-05
0.000000000000000000e+00,3.246832607914230398e-06,6.493665215828460796e-06,9.740497823742691618e-06,1.298733043165692329e-05,1.623416303957115665e-05,1.948099564748539001e-05,2.272782825539962337e-05
0.000000000000000000e+00,3.493981523787984079e-06,6.987963047575968159e-06,1.048194457136395266e-05,1.397592609515193801e-05,1.746990761893992336e-05,2.096388914272790871e-05,2.445787066651589406e-05
0.000000000000000000e+00,2.955378063917348804e-06,5.910756127834697609e-06,8.866134191752046413e-06,1.182151225566939522e-05,1.477689031958674402e-05,1.773226838350409283e-05,2.068764644742144163e-05
0.000000000000000000e+00,3.246832607914429874e-06,6.493665215828859749e-06,9.740497823743289623e-06,1.298733043165771950e-05,1.623416303957214937e-05,1.948099564748657925e-05,2.272782825540100912e-05
0.000000000000000000e+00,3.493981523788042525e-06,6.987963047576085049e-06,1.048194457136412715e-05,1.397592609515216840e-05,1.746990761894020796e-05,2.096388914272824752e-05,2.445787066651628709e-05
0.000000000000000000e+00,2.605646683695647540e-06,5.211293367391295080e-06,7.816940051086943044e-06,1.042258673478259185e-05,1.302823341847824067e-05,1.563388010217388948e-05,1.823952678586953659e-05
0.000000000000000000e+00,2.912167951061180067e-06,5.824335902122360134e-06,8.736503853183539778e-06,1.164867180424471857e-05,1.456083975530589737e-05,1.747300770636707617e-05,2.038517565742825496e-05
0.000000000000000000e+00,2.912021295077080936e-06,5.824042590154161872e-06,8.736063885231242808e-06,1.164808518030832374e-05,1.456010647538540468e-05,1.747212777046248562e-05,2.038414906553956825e-05
0.000000000000000000e+00,2.605646683695693280e-06,5.211293367391386560e-06,7.816940051087080263e-06,1.042258673478277481e-05,1.302823341847846936e-05,1.563388010217416391e-05,1.823952678586985847e-05
0.000000000000000000e+00,2.912167951061122045e-06,5.824335902122244091e-06,8.736503853183366983e-06,1.164867180424448988e-05,1.456083975530561277e-05,1.747300770636673397e-05,2.038517565742785516e-05
0.000000000000000000e+00,4.202331501585421113e-06,8.404663003170842226e-06,1.260699450475626419e-05,1.680932600634168784e-05,2.101165750792711149e-05,2.521398900951253515e-05,2.941632051109795880e-05
0.000000000000000000e+00,3.962199043121531406e-06,7.924398086243062813e-06,1.188659712936459507e-05,1.584879617248612901e-05,1.981099521560766296e-05,2.377319425872919691e-05,2.773539330185073086e-05
0.000000000000000000e+00,3.959924502492953830e-06,7.919849004985907661e-06,1.187977350747886234e-05,1.583969800997181871e-05,1.979962251246477508e-05,2.375954701495773145e-05,2.771947151745068782e-05
0.000000000000000000e+00,4.109398876430841340e-06,8.218797752861682680e-06,1.232819662929252402e-05,1.643759550572336536e-05,2.054699438215420670e-05,2.465639325858504804e-05,2.876579213501588938e-05
0.000000000000000000e+00,4.186766828709575418e-06,8.373533657419150836e-06,1.256030048612872625e-05,1.674706731483830167e-05,2.093383414354787878e-05,2.512060097225745590e-05,2.930736780096703301e-05
0.000000000000000000e+00,4.477775263315006769e-06,8.955550526630013538e-06,1.343332578994502115e-05,1.791110105326003046e-05,2.238887631657503977e-05,2.686665157989004909e-05,3.134442684320505840e-05
0.000000000000000000e+00,3.960235468424822726e-06,7.920470936849645453e-06,1.188070640527446818e-05,1.584094187369929091e-05,1.980117734212411533e-05,2.376141281054893975e-05,2.772164827897376417e-05
0.000000000000000000e+00,4.179724741108064299e-06,8.359449482216128598e-06,1.253917422332419290e-05,1.671889896443225720e-05,2.089862370554032149e-05,2.507834844664838579e-05,2.925807318775645009e-05
0.000000000000000000e+00,4.202331501585753150e-06,8.404663003171506300e-06,1.260699450475726030e-05,1.680932600634301599e-05,2.101165750792877168e-05,2.521398900951452737e-05,2.941632051110028306e-05
0.000000000000000000e+00,3.962199043122004051e-06,7.924398086244008102e-06,1.188659712936601131e-05,1.584879617248801282e-05,1.981099521561001433e-05,2.377319425873201583e-05,2.773539330185401734e-05
0.000000000000000000e+00,3.960235468425053966e-06,7.920470936850107933e-06,1.188070640527516105e-05,1.584094187370021248e-05,1.980117734212526390e-05,2.376141281055031533e-05,2.772164827897536675e-05
0.000000000000000000e+00,4.109398876431227587e-06,8.218797752862455174e-06,1.232819662929368276e-05,1.643759550572491035e-05,2.054699438215613794e-05,2.465639325858736552e-05,2.876579213501859311e-05
0.000000000000000000e+00,4.186766828709882891e-06,8.373533657419765782e-06,1.256030048612964952e-05,1.674706731483953495e-05,2.093383414354942038e-05,2.512060097225930582e-05,2.930736780096919125e-05
0.000000000000000000e+00,4.477775263315282055e-06,8.955550526630564110e-06,1.343332578994584616e-05,1.791110105326112822e-05,2.238887631657640858e-05,2.686665157989168894e-05,3.134442684320696930e-05
0.000000000000000000e+00,4.271165822731799807e-06,8.542331645463599615e-06,1.281349746819539857e-05,1.708466329092719584e-05,2.135582911365899311e-05,2.562699493639079037e-05,2.989816075912258764e-05
0.000000000000000000e+00,4.257583781259907867e-06,8.515167562519815735e-06,1.277275134377972275e-05,1.703033512503962808e-05,2.128791890629953341e-05,2.554550268755943873e-05,2.980308646881934406e-05
0.000000000000000000e+00,4.541692096795884214e-06,9.083384193591768427e-06,1.362507629038765179e-05,1.816676838718353347e-05,2.270846048397941514e-05,2.725015258077529681e-05,3.179184467757118187e-05
0.000000000000000000e+00,4.271165822732117445e-06,8.542331645464234889e-06,1.281349746819635233e-05,1.708466329092846978e-05,2.135582911366058892e-05,2.562699493639270806e-05,2.989816075912482719e-05
0.000000000000000000e+00,4.257583781260246680e-06,8.515167562520493361e-06,1.277275134378073919e-05,1.703033512504098333e-05,2.128791890630122747e-05,2.554550268756147161e-05,2.980308646882171575e-05
0.000000000000000000e+00,4.541692096796163734e-06,9.083384193592327469e-06,1.362507629038849205e-05,1.816676838718465833e-05,2.270846048398082460e-05,2.725015258077699088e-05,3.179184467757316054e-05
0.000000000000000000e+00,4.195466628843074303e-06,8.390933257686148606e-06,1.258639988652922206e-05,1.678186651537229382e-05,2.097733314421536559e-05,2.517279977305843735e-05,2.936826640190150911e-05
0.000000000000000000e+00,4.248448464905061794e-06,8.496896929810123587e-06,1.274534539471518623e-05,1.699379385962025056e-05,2.124224232452531490e-05,2.549069078943037923e-05,2.973913925433544357e-05
0.000000000000000000e+00,4.439077733499017600e-06,8.878155466998035201e-06,1.331723320049705280e-05,1.775631093399607040e-05,2.219538866749508631e-05,2.663446640099410221e-05,3.107354413449311812e-05
0.000000000000000000e+00,4.195466628843509678e-06,8.390933257687019356e-06,1.258639988653052988e-05,1.678186651537404210e-05,2.097733314421755432e-05,2.517279977306106654e-05,2.936826640190457876e-05
0.000000000000000000e+00,4.248448464905434488e-06,8.496896929810868976e-06,1.274534539471630431e-05,1.699379385962174134e-05,2.124224232452717837e-05,2.549069078943261540e-05,2.973913925433805243e-05
0.000000000000000000e+00,4.439077733499357261e-06,8.878155466998714521e-06,1.331723320049807093e-05,1.775631093399742565e-05,2.219538866749678037e-05,2.663446640099613509e-05,3.107354413449548981e-05
0.000000000000000000e+00,3.991661325553419603e-06,7.983322651106839206e-06,1.197498397666025881e-05,1.596664530221367841e-05,1.995830662776709632e-05,2.394996795332051423e-05,2.794162927887393214e-05
0.000000000000000000e+00,4.104298166373308751e-06,8.208596332746617502e-06,1.231289449911992625e-05,1.641719266549323500e-05,2.052149083186654375e-05,2.462578899823985250e-05,2.873008716461316126e-05
0.000000000000000000e+00,4.203556564322236174e-06,8.407113128644472347e-06,1.261066969296670852e-05,1.681422625728894469e-05,2.101778282161118256e-05,2.522133938593342043e-05,2.942489595025565830e-05
0.000000000000000000e+00,3.991661325553896483e-06,7.983322651107792965e-06,1.197498397666169029e-05,1.596664530221558932e-05,1.995830662776948834e-05,2.394996795332338737e-05,2.794162927887728639e-05
0.000000000000000000e+00,4.104298166373767843e-06,8.208596332747535685e-06,1.231289449912130353e-05,1.641719266549507137e-05,2.052149083186883752e-05,2.462578899824260367e-05,2.873008716461636982e-05
0.000000000000000000e+00,4.203556564322584304e-06,8.407113128645168608e-06,1.261066969296775376e-05,1.681422625729034060e-05,2.101778282161292745e-05,2.522133938593551429e-05,2.942489595025810114e-05
0.000000000000000000e+00,3.668216516588921754e-06,7.336433033177843508e-06,1.100464954976676526e-05,1.467286606635568702e-05,1.834108258294460877e-05,2.200929909953353052e-05,2.567751561612245228e-05
0.000000000000000000e+00,3.837351387227359567e-06,7.674702774454719134e-06,1.151205416168207785e-05,1.534940554890943488e-05,1.918675693613679191e-05,2.302410832336414893e-05,2.686145971059150596e-05
0.000000000000000000e+00,3.850739711218818244e-06,7.701479422437636487e-06,1.155221913365645558e-05,1.540295884487527636e-05,1.925369855609409715e-05,2.310443826731291793e-05,2.695517797853173872e-05
0.000000000000000000e+00,3.668216516589362635e-06,7.336433033178725269e-06,1.100464954976808833e-05,1.467286606635745223e-05,1.834108258294681444e-05,2.200929909953617665e-05,2.567751561612553887e-05
0.000000000000000000e+00,3.837351387227829670e-06,7.674702774455659341e-06,1.151205416168348901e-05,1.534940554891131868e-05,1.918675693613915005e-05,2.302410832336698141e-05,2.686145971059481277e-05
0.000000000000000000e+00,3.850739711219162986e-06,7.701479422438325972e-06,1.155221913365748896e-05,1.540295884487665194e-05,1.925369855609581493e-05,2.310443826731497792e-05,2.695517797853414090e-05
0.000000000000000000e+00,3.226465459069657982e-06,6.452930918139315964e-06,9.679396377208973945e-06,1.290586183627863193e-05,1.613232729534828821e-05,1.935879275441794450e-05,2.258525821348760079e-05
0.000000000000000000e+00,3.452410897094565095e-06,6.904821794189130189e-06,1.035723269128369571e-05,1.380964358837826207e-05,1.726205448547282674e-05,2.071446538256739142e-05,2.416687627966195609e-05
0.000000000000000000e+00,3.386473505082858905e-06,6.772947010165717810e-06,1.015942051524857756e-05,1.354589402033143731e-05,1.693236752541429707e-05,2.031884103049715512e-05,2.370531453558001318e-05
0.000000000000000000e+00,3.226465459070182295e-06,6.452930918140364590e-06,9.679396377210547733e-06,1.290586183628073087e-05,1.613232729535091402e-05,1.935879275442109547e-05,2.258525821349127691e-05
0.000000000000000000e+00,3.452410897095074162e-06,6.904821794190148323e-06,1.035723269128522206e-05,1.380964358838029495e-05,1.726205448547536784e-05,2.071446538257044073e-05,2.416687627966551362e-05
0.000000000000000000e+00,3.386473505083229058e-06,6.772947010166458116e-06,1.015942051524968717e-05,1.354589402033291623e-05,1.693236752541614699e-05,2.031884103049937774e-05,2.370531453558260849e-05
0.000000000000000000e+00,2.659419285594893977e-06,5.318838571189787954e-06,7.978257856784681931e-06,1.063767714237957591e-05,1.329709642797446988e-05,1.595651571356936386e-05,1.861593499916425784e-05
0.000000000000000000e+00,2.946949193973200773e-06,5.893898387946401547e-06,8.840847581919602320e-06,1.178779677589280309e-05,1.473474596986600387e-05,1.768169516383920464e-05,2.062864435781240711e-05
0.000000000000000000e+00,2.806199195079764735e-06,5.612398390159529470e-06,8.418597585239294629e-06,1.122479678031906063e-05,1.403099597539882664e-05,1.683719517047859265e-05,1.964339436555835865e-05
0.000000000000000000e+00,2.659419285595346716e-06,5.318838571190693432e-06,7.978257856786040572e-06,1.063767714238138856e-05,1.329709642797673654e-05,1.595651571357208453e-05,1.861593499916743252e-05
0.000000000000000000e+00,2.946949193973696288e-06,5.893898387947392575e-06,8.840847581921088016e-06,1.178779677589478346e-05,1.473474596986847890e-05,1.768169516384217603e-05,2.062864435781587317e-05
0.000000000000000000e+00,2.806199195080048068e-06,5.612398390160096135e-06,8.418597585240145050e-06,1.122479678032019396e-05,1.403099597540024288e-05,1.683719517048029010e-05,1.964339436556033732e-05
0.000000000000000000e+00,2.304562891824988163e-06,4.609125783649976326e-06,6.913688675474964489e-06,9.218251567299952652e-06,1.152281445912494166e-05,1.382737735094993067e-05,1.613194024277491968e-05
0.000000000000000000e+00,2.304562891825337141e-06,4.609125783650674281e-06,6.913688675476011422e-06,9.218251567301348563e-06,1.152281445912668655e-05,1.382737735095202454e-05,1.613194024277736253e-05
0.000000000000000000e+00,3.715409718115501761e-06,7.430819436231003522e-06,1.114622915434650571e-05,1.486163887246200874e-05,1.857704859057751346e-05,2.229245830869301819e-05,2.600786802680852292e-05
0.000000000000000000e+00,3.604017045521900650e-06,7.208034091043801300e-06,1.081205113656570280e-05,1.441606818208760429e-05,1.802008522760950579e-05,2.162410227313140559e-05,2.522811931865330540e-05
0.000000000000000000e+00,3.611325536835788517e-06,7.222651073671577034e-06,1.083397661050736470e-05,1.444530214734315237e-05,1.805662768417894005e-05,2.166795322101472941e-05,2.527927875785051877e-05
0.000000000000000000e+00,3.666484302921333812e-06,7.332968605842667623e-06,1.099945290876400101e-05,1.466593721168533355e-05,1.833242151460666609e-05,2.199890581752799863e-05,2.566539012044933118e-05
0.000000000000000000e+00,3.765450225521546939e-06,7.530900451043093878e-06,1.129635067656464166e-05,1.506180090208618945e-05,1.882725112760773724e-05,2.259270135312928333e-05,2.635815157865082942e-05
0.000000000000000000e+00,3.942467277378895347e-06,7.884934554757790695e-06,1.182740183213668604e-05,1.576986910951558139e-05,1.971233638689447843e-05,2.365480366427337547e-05,2.759727094165227251e-05
0.000000000000000000e+00,3.609606885028345551e-06,7.219213770056691102e-06,1.082882065508503750e-05,1.443842754011338390e-05,1.804803442514173030e-05,2.165764131017007500e-05,2.526724819519841970e-05
0.000000000000000000e+00,3.768037162695866033e-06,7.536074325391732067e-06,1.130411148808759852e-05,1.507214865078346583e-05,1.884018581347933144e-05,2.260822297617519705e-05,2.637626013887106266e-05
0.000000000000000000e+00,3.715409718116077744e-06,7.430819436232155487e-06,1.114622915434823365e-05,1.486163887246431267e-05,1.857704859058039338e-05,2.229245830869647408e-05,2.600786802681255479e-05
0.000000000000000000e+00,3.604017045522514325e-06,7.208034091045028651e-06,1.081205113656754255e-05,1.441606818209005561e-05,1.802008522761256866e-05,2.162410227313508172e-05,2.522811931865759477e-05
0.000000000000000000e+00,3.609606885028672929e-06,7.219213770057345858e-06,1.082882065508601836e-05,1.443842754011469002e-05,1.804803442514335999e-05,2.165764131017202995e-05,2.526724819520069992e-05
0.000000000000000000e+00,3.666484302921915723e-06,7.332968605843831447e-06,1.099945290876574759e-05,1.466593721168766459e-05,1.833242151460957989e-05,2.199890581753149519e-05,2.566539012045341049e-05
0.000000000000000000e+00,3.765450225522064476e-06,7.530900451044128952e-06,1.129635067656619343e-05,1.506180090208825790e-05,1.882725112761032238e-05,2.259270135313238686e-05,2.635815157865445133e-05
0.000000000000000000e+00,3.942467277379360368e-06,7.884934554758720737e-06,1.182740183213808026e-05,1.576986910951743809e-05,1.971233638689679591e-05,2.365480366427615374e-05,2.759727094165551157e-05
0.000000000000000000e+00,3.759637461172744127e-06,7.519274922345488254e-06,1.127891238351823196e-05,1.503854984469097481e-05,1.879818730586371598e-05,2.255782476703645714e-05,2.631746222820919830e-05
0.000000000000000000e+00,3.748748087217353998e-06,7.497496174434707996e-06,1.124624426165206157e-05,1.499499234886941430e-05,1.874374043608676533e-05,2.249248852330411636e-05,2.624123661052146740e-05
0.000000000000000000e+00,4.007464671088666161e-06,8.014929342177332322e-06,1.202239401326599848e-05,1.602985868435466464e-05,2.003732335544333081e-05,2.404478802653199697e-05,2.805225269762066313e-05
0.000000000000000000e+00,3.759637461173324768e-06,7.519274922346649536e-06,1.127891238351997515e-05,1.503854984469330077e-05,1.879818730586662638e-05,2.255782476703995030e-05,2.631746222821327422e-05
0.000000000000000000e+00,3.748748087217928286e-06,7.497496174435856573e-06,1.124624426165378444e-05,1.499499234887171145e-05,1.874374043608963847e-05,2.249248852330756548e-05,2.624123661052549250e-05
0.000000000000000000e+00,4.007464671089129488e-06,8.014929342178258976e-06,1.202239401326738762e-05,1.602985868435651456e-05,2.003732335544564151e-05,2.404478802653476846e-05,2.805225269762389541e-05
0.000000000000000000e+00,3.709815046772944443e-06,7.419630093545888885e-06,1.112944514031883290e-05,1.483926018709177608e-05,1.854907523386471925e-05,2.225889028063766242e-05,2.596870532741060559e-05
0.000000000000000000e+00,3.746323208781884615e-06,7.492646417563769229e-06,1.123896962634565384e-05,1.498529283512753846e-05,1.873161604390942138e-05,2.247793925269130430e-05,2.622426246147318722e-05
0.000000000000000000e+00,3.950906687043966892e-06,7.901813374087933783e-06,1.185272006113189983e-05,1.580362674817586418e-05,1.975453343521982853e-05,2.370544012226379288e-05,2.765634680930775723e-05
0.000000000000000000e+00,3.709815046773615716e-06,7.419630093547231433e-06,1.112944514032084715e-05,1.483926018709446287e-05,1.854907523386808028e-05,2.225889028064169769e-05,2.596870532741531510e-05
0.000000000000000000e+00,3.746323208782511842e-06,7.492646417565023685e-06,1.123896962634753595e-05,1.498529283513004906e-05,1.873161604391256218e-05,2.247793925269507529e-05,2.622426246147758840e-05
0.000000000000000000e+00,3.950906687044501370e-06,7.901813374089002739e-06,1.185272006113350411e-05,1.580362674817800548e-05,1.975453343522250854e-05,2.370544012226701161e-05,2.765634680931151467e-05
0.000000000000000000e+00,3.553276410206724438e-06,7.106552820413448876e-06,1.065982923062017331e-05,1.421310564082689775e-05,1.776638205103362388e-05,2.131965846124035002e-05,2.487293487144707615e-05
0.000000000000000000e+00,3.641868509457745741e-06,7.283737018915491482e-06,1.092560552837323638e-05,1.456747403783098127e-05,1.820934254728872616e-05,2.185121105674647275e-05,2.549307956620421934e-05
0.000000000000000000e+00,3.774589105379729538e-06,7.549178210759459075e-06,1.132376731613918904e-05,1.509835642151891984e-05,1.887294552689865065e-05,2.264753463227838146e-05,2.642212373765811227e-05
0.000000000000000000e+00,3.553276410207336843e-06,7.106552820414673686e-06,1.065982923062201138e-05,1.421310564082934907e-05,1.776638205103668676e-05,2.131965846124402275e-05,2.487293487145135875e-05
0.000000000000000000e+00,3.641868509458394992e-06,7.283737018916789983e-06,1.092560552837518455e-05,1.456747403783357827e-05,1.820934254729197199e-05,2.185121105675036571e-05,2.549307956620875944e-05
0.000000000000000000e+00,3.774589105380279686e-06,7.549178210760559371e-06,1.132376731614083906e-05,1.509835642152111874e-05,1.887294552690139843e-05,2.264753463228167811e-05,2.642212373766195780e-05
0.000000000000000000e+00,3.283186411205293374e-06,6.566372822410586749e-06,9.849559233615880546e-06,1.313274564482117519e-05,1.641593205602646984e-05,1.969911846723176448e-05,2.298230487843705913e-05
0.000000000000000000e+00,3.426776285626953254e-06,6.853552571253906509e-06,1.028032885688085934e-05,1.370710514250781132e-05,1.713388142813476500e-05,2.056065771376171868e-05,2.398743399938867236e-05
0.000000000000000000e+00,3.479400339314290463e-06,6.958800678628580927e-06,1.043820101794287224e-05,1.391760135725716355e-05,1.739700169657145486e-05,2.087640203588574447e-05,2.435580237520003409e-05
0.000000000000000000e+00,3.283186411206044269e-06,6.566372822412088538e-06,9.849559233618133654e-06,1.313274564482417877e-05,1.641593205603022389e-05,1.969911846723626731e-05,2.298230487844231073e-05
0.000000000000000000e+00,3.426776285627639775e-06,6.853552571255279549e-06,1.028032885688291932e-05,1.370710514251055910e-05,1.713388142813820057e-05,2.056065771376584204e-05,2.398743399939348351e-05
0.000000000000000000e+00,3.479400339314887198e-06,6.958800678629774396e-06,1.043820101794466117e-05,1.391760135725954710e-05,1.739700169657443303e-05,2.087640203588931895e-05,2.435580237520420488e-05
0.000000000000000000e+00,2.892748617774055896e-06,5.785497235548111791e-06,8.678245853322167687e-06,1.157099447109622358e-05,1.446374308887027948e-05,1.735649170664433537e-05,2.024924032441839127e-05
0.000000000000000000e+00,3.094752327703433300e-06,6.189504655406866599e-06,9.284256983110299475e-06,1.237900931081373150e-05,1.547376163851716353e-05,1.856851396622059556e-05,2.166326629392402759e-05
0.000000000000000000e+00,3.062813477066984425e-06,6.125626954133968851e-06,9.188440431200954123e-06,1.225125390826793940e-05,1.531406738533492467e-05,1.837688086240190825e-05,2.143969433946889182e-05
0.000000000000000000e+00,2.892748617774867777e-06,5.785497235549735553e-06,8.678245853324603753e-06,1.157099447109947280e-05,1.446374308887434185e-05,1.735649170664921089e-05,2.024924032442407994e-05
0.000000000000000000e+00,3.094752327704207064e-06,6.189504655408414129e-06,9.284256983112620346e-06,1.237900931081682656e-05,1.547376163852103278e-05,1.856851396622524069e-05,2.166326629392944860e-05
0.000000000000000000e+00,3.062813477067618006e-06,6.125626954135236012e-06,9.188440431202854865e-06,1.225125390827047372e-05,1.531406738533809257e-05,1.837688086240570973e-05,2.143969433947332689e-05
0.000000000000000000e+00,2.371777657591012207e-06,4.743555315182024415e-06,7.115332972773037045e-06,9.487110630364050523e-06,1.185888828795506400e-05,1.423066594554607748e-05,1.660244360313709096e-05
0.000000000000000000e+00,2.637800383109433039e-06,5.275600766218866078e-06,7.913401149328299117e-06,1.055120153243773216e-05,1.318900191554716520e-05,1.582680229865659823e-05,1.846460268176602958e-05
0.000000000000000000e+00,2.515579215046021618e-06,5.031158430092043236e-06,7.546737645138064854e-06,1.006231686018408647e-05,1.257789607523010809e-05,1.509347529027612971e-05,1.760905450532215133e-05
0.000000000000000000e+00,2.371777657591726680e-06,4.743555315183453359e-06,7.115332972775180039e-06,9.487110630366906718e-06,1.185888828795863340e-05,1.423066594555036008e-05,1.660244360314208845e-05
0.000000000000000000e+00,2.637800383110198757e-06,5.275600766220397514e-06,7.913401149330596271e-06,1.055120153244079503e-05,1.318900191555099378e-05,1.582680229866119254e-05,1.846460268177138960e-05
0.000000000000000000e+00,2.515579215046592518e-06,5.031158430093185036e-06,7.546737645139777554e-06,1.006231686018637007e-05,1.257789607523296259e-05,1.509347529027955511e-05,1.760905450532614932e-05
0.000000000000000000e+00,2.041854673873944978e-06,4.083709347747889955e-06,6.125564021621834933e-06,8.167418695495779911e-06,1.020927336936972489e-05,1.225112804324366987e-05,1.429298271711761484e-05
0.000000000000000000e+00,2.041854673874583641e-06,4.083709347749167281e-06,6.125564021623750922e-06,8.167418695498334562e-06,1.020927336937291820e-05,1.225112804324750184e-05,1.429298271712208548e-05
0.000000000000000000e+00,3.386089213720658396e-06,6.772178427441316793e-06,1.015826764116197604e-05,1.354435685488263528e-05,1.693044606860329452e-05,2.031653528232395207e-05,2.370262449604460962e-05
0.000000000000000000e+00,3.383381039082896589e-06,6.766762078165793179e-06,1.015014311724868977e-05,1.353352415633158636e-05,1.691690519541448295e-05,2.030028623449737954e-05,2.368366727358027613e-05
0.000000000000000000e+00,3.397468096082777536e-06,6.794936192165555071e-06,1.019240428824833261e-05,1.358987238433111014e-05,1.698734048041388768e-05,2.038480857649666521e-05,2.378227667257944275e-05
0.000000000000000000e+00,3.381102313173299911e-06,6.762204626346599822e-06,1.014330693951990016e-05,1.352440925269320134e-05,1.690551156586650252e-05,2.028661387903980370e-05,2.366771619221310488e-05
0.000000000000000000e+00,3.474967394976939284e-06,6.949934789953878568e-06,1.042490218493081743e-05,1.389986957990775544e-05,1.737483697488469345e-05,2.084980436986163147e-05,2.432477176483856948e-05
0.000000000000000000e+00,3.526158854791232365e-06,7.052317709582464731e-06,1.057847656437369710e-05,1.410463541916492946e-05,1.763079427395616183e-05,2.115695312874739419e-05,2.468311198353862656e-05
0.000000000000000000e+00,3.394350554017671280e-06,6.788701108035342559e-06,1.018305166205301342e-05,1.357740221607068342e-05,1.697175277008835343e-05,2.036610332410602344e-05,2.376045387812369345e-05
0.000000000000000000e+00,3.486154765672556752e-06,6.972309531345113504e-06,1.045846429701766941e-05,1.394461906269022531e-05,1.743077382836278122e-05,2.091692859403533882e-05,2.440308335970789642e-05
0.000000000000000000e+00,3.386089213721519405e-06,6.772178427443038811e-06,1.015826764116455779e-05,1.354435685488607593e-05,1.693044606860759406e-05,2.031653528232911220e-05,2.370262449605063033e-05
0.000000000000000000e+00,3.383381039083858819e-06,6.766762078167717638e-06,1.015014311725157646e-05,1.353352415633543528e-05,1.691690519541929409e-05,2.030028623450315291e-05,2.368366727358701173e-05
0.000000000000000000e+00,3.394350554018129525e-06,6.788701108036259049e-06,1.018305166205438900e-05,1.357740221607251979e-05,1.697175277009065059e-05,2.036610332410878138e-05,2.376045387812691218e-05
0.000000000000000000e+00,3.381102313174203271e-06,6.762204626348406543e-06,1.014330693952261066e-05,1.352440925269681478e-05,1.690551156587101890e-05,2.028661387904522132e-05,2.366771619221942375e-05
0.000000000000000000e+00,3.474967394977705425e-06,6.949934789955410850e-06,1.042490218493311628e-05,1.389986957991082170e-05,1.737483697488852543e-05,2.084980436986622916e-05,2.432477176484393289e-05
0.000000000000000000e+00,3.526158854791945567e-06,7.052317709583891134e-06,1.057847656437583670e-05,1.410463541916778227e-05,1.763079427395972614e-05,2.115695312875167001e-05,2.468311198354361389e-05
0.000000000000000000e+00,3.381124841765186187e-06,6.762249683530372374e-06,1.014337452529555856e-05,1.352449936706074475e-05,1.690562420882593263e-05,2.028674905059112051e-05,2.366787389235630839e-05
0.000000000000000000e+00,3.387285884222187956e-06,6.774571768444375912e-06,1.016185765266656429e-05,1.354914353688875352e-05,1.693642942111094274e-05,2.032371530533313197e-05,2.371100118955532120e-05
0.000000000000000000e+00,3.547447082435043766e-06,7.094894164870087532e-06,1.064234124730513172e-05,1.418978832974017676e-05,1.773723541217522349e-05,2.128468249461027022e-05,2.483212957704531695e-05
0.000000000000000000e+00,3.381124841766017973e-06,6.762249683532035947e-06,1.014337452529805392e-05,1.352449936706407189e-05,1.690562420883008987e-05,2.028674905059610784e-05,2.366787389236212581e-05
0.000000000000000000e+00,3.387285884223026518e-06,6.774571768446053037e-06,1.016185765266907998e-05,1.354914353689210777e-05,1.693642942111513725e-05,2.032371530533816673e-05,2.371100118956119622e-05
0.000000000000000000e+00,3.547447082435749768e-06,7.094894164871499536e-06,1.064234124730724930e-05,1.418978832974299907e-05,1.773723541217874715e-05,2.128468249461449522e-05,2.483212957705024330e-05
0.000000000000000000e+00,3.323101674274338231e-06,6.646203348548676462e-06,9.969305022823014693e-06,1.329240669709735292e-05,1.661550837137169115e-05,1.993861004564602939e-05,2.326171171992036762e-05
0.000000000000000000e+00,3.359191307057936923e-06,6.718382614115873846e-06,1.007757392117381162e-05,1.343676522823174939e-05,1.679595653528968716e-05,2.015514784234762323e-05,2.351433914940555931e-05
0.000000000000000000e+00,3.496950465082915555e-06,6.993900930165831109e-06,1.049085139524874709e-05,1.398780186033166391e-05,1.748475232541458243e-05,2.098170279049750095e-05,2.447865325558041947e-05
0.000000000000000000e+00,3.323101674275220416e-06,6.646203348550440831e-06,9.969305022825660824e-06,1.329240669710087997e-05,1.661550837137609911e-05,1.993861004565131826e-05,2.326171171992653740e-05
0.000000000000000000e+00,3.359191307058792003e-06,6.718382614117584006e-06,1.007757392117637643e-05,1.343676522823516971e-05,1.679595653529396298e-05,2.015514784235275625e-05,2.351433914941154953e-05
0.000000000000000000e+00,3.496950465083675343e-06,6.993900930167350686e-06,1.049085139525102561e-05,1.398780186033469968e-05,1.748475232541837375e-05,2.098170279050204782e-05,2.447865325558572190e-05
0.000000000000000000e+00,3.183871829251379796e-06,6.367743658502759593e-06,9.551615487754138966e-06,1.273548731700551749e-05,1.591935914625689771e-05,1.910323097550827793e-05,2.228710280475965815e-05
0.000000000000000000e+00,3.261592785234938368e-06,6.523185570469876736e-06,9.784778355704814681e-06,1.304637114093975178e-05,1.630796392617469057e-05,1.956955671140962936e-05,2.283114949664456815e-05
0.000000000000000000e+00,3.352916027060549221e-06,6.705832054121098442e-06,1.005874808118164724e-05,1.341166410824219519e-05,1.676458013530274314e-05,2.011749616236329109e-05,2.347041218942383904e-05
0.000000000000000000e+00,3.183871829252319579e-06,6.367743658504639159e-06,9.551615487756959585e-06,1.273548731700928001e-05,1.591935914626160044e-05,1.910323097551391917e-05,2.228710280476623790e-05
0.000000000000000000e+00,3.261592785235844693e-06,6.523185570471689387e-06,9.784778355707533657e-06,1.304637114094337708e-05,1.630796392617922050e-05,1.956955671141506393e-05,2.283114949665090735e-05
0.000000000000000000e+00,3.352916027061341620e-06,6.705832054122683240e-06,1.005874808118402571e-05,1.341166410824536817e-05,1.676458013530671064e-05,2.011749616236805142e-05,2.347041218942939219e-05
0.000000000000000000e+00,2.945474739527601532e-06,5.890949479055203065e-06,8.836424218582804597e-06,1.178189895811040613e-05,1.472737369763800766e-05,1.767284843716560919e-05,2.061832317669320903e-05
0.000000000000000000e+00,3.072494999390438124e-06,6.144989998780876249e-06,9.217484998171313526e-06,1.228997999756175080e-05,1.536247499695218808e-05,1.843496999634262705e-05,2.150746499573306602e-05
0.000000000000000000e+00,3.101907107695125584e-06,6.203814215390251167e-06,9.305721323085376751e-06,1.240762843078050233e-05,1.550953553847562961e-05,1.861144264617075689e-05,2.171334975386588417e-05
0.000000000000000000e+00,2.945474739528598914e-06,5.890949479057197827e-06,8.836424218585796318e-06,1.178189895811439396e-05,1.472737369764299160e-05,1.767284843717158925e-05,2.061832317670018858e-05
0.000000000000000000e+00,3.072494999391405859e-06,6.144989998782811719e-06,9.217484998174217155e-06,1.228997999756562174e-05,1.536247499695702633e-05,1.843496999634843092e-05,2.150746499573983551e-05
0.000000000000000000e+00,3.101907107695993369e-06,6.203814215391986738e-06,9.305721323087980530e-06,1.240762843078397517e-05,1.550953553847996981e-05,1.861144264617596445e-05,2.171334975387195909e-05
0.000000000000000000e+00,2.594578166790917757e-06,5.189156333581835513e-06,7.783734500372752846e-06,1.037831266716366933e-05,1.297289083395458582e-05,1.556746900074550230e-05,1.816204716753641710e-05
0.000000000000000000e+00,2.776818756211402582e-06,5.553637512422805164e-06,8.330456268634207746e-06,1.110727502484561033e-05,1.388409378105701291e-05,1.666091253726841549e-05,1.943773129347981638e-05
0.000000000000000000e+00,2.733568306767355081e-06,5.467136613534710162e-06,8.200704920302064819e-06,1.093427322706941863e-05,1.366784153383677244e-05,1.640140984060412625e-05,1.913497814737148006e-05
0.000000000000000000e+00,2.594578166791943090e-06,5.189156333583886180e-06,7.783734500375829270e-06,1.037831266716777236e-05,1.297289083395971545e-05,1.556746900075165854e-05,1.816204716754359994e-05
0.000000000000000000e+00,2.776818756212424527e-06,5.553637512424849054e-06,8.330456268637274005e-06,1.110727502484969980e-05,1.388409378106212560e-05,1.666091253727455140e-05,1.943773129348697889e-05
0.000000000000000000e+00,2.733568306768272841e-06,5.467136613536545682e-06,8.200704920304819370e-06,1.093427322707309306e-05,1.366784153384136675e-05,1.640140984060963874e-05,1.913497814737791073e-05
0.000000000000000000e+00,2.119943518643638651e-06,4.239887037287277301e-06,6.359830555930915952e-06,8.479774074574554602e-06,1.059971759321819241e-05,1.271966111186183021e-05,1.483960463050546801e-05
0.000000000000000000e+00,2.362592350941956154e-06,4.725184701883912308e-06,7.087777052825868463e-06,9.450369403767824617e-06,1.181296175470978162e-05,1.417555410565173862e-05,1.653814645659369562e-05
0.000000000000000000e+00,2.237133755391907624e-06,4.474267510783815248e-06,6.711401266175722872e-06,8.948535021567630496e-06,1.118566877695953727e-05,1.342280253235144405e-05,1.565993628774335083e-05
0.000000000000000000e+00,2.119943518644645773e-06,4.239887037289291545e-06,6.359830555933937318e-06,8.479774074578583091e-06,1.059971759322322886e-05,1.271966111186787464e-05,1.483960463051252041e-05
0.000000000000000000e+00,2.362592350942989111e-06,4.725184701885978222e-06,7.087777052828967756e-06,9.450369403771958138e-06,1.181296175471494852e-05,1.417555410565793890e-05,1.653814645660092928e-05
0.000000000000000000e+00,2.237133755392768633e-06,4.474267510785537266e-06,6.711401266178305475e-06,8.948535021571072838e-06,1.118566877696384020e-05,1.342280253235660756e-05,1.565993628774937492e-05
0.000000000000000000e+00,1.819234549688453930e-06,3.638469099376907860e-06,5.457703649065361578e-06,7.276938198753814873e-06,9.096172748442269015e-06,1.091540729813072316e-05,1.273464184781917730e-05
0.000000000000000000e+00,1.819234549689415948e-06,3.638469099378831895e-06,5.457703649068247419e-06,7.276938198757662944e-06,9.096172748447078468e-06,1.091540729813649484e-05,1.273464184782591121e-05
0.000000000000000000e+00,3.270074285378808419e-06,6.540148570757616837e-06,9.810222856136425256e-06,1.308029714151523367e-05,1.635037142689404040e-05,1.962044571227284712e-05,2.289051999765165385e-05
0.000000000000000000e+00,3.308892561551948060e-06,6.617785123103896120e-06,9.926677684655845028e-06,1.323557024620779393e-05,1.654446280775974284e-05,1.985335536931169006e-05,2.316224793086363727e-05
0.000000000000000000e+00,3.325431416609309757e-06,6.650862833218619514e-06,9.976294249827929271e-06,1.330172566643723903e-05,1.662715708304655048e-05,1.995258849965586193e-05,2.327801991626517338e-05
0.000000000000000000e+00,3.283089901560503787e-06,6.566179803121007575e-06,9.849269704681510939e-06,1.313235960624201346e-05,1.641544950780251597e-05,1.969853940936301849e-05,2.298162931092352101e-05
0.000000000000000000e+00,3.326961790079243495e-06,6.653923580158486989e-06,9.980885370237730484e-06,1.330784716031697398e-05,1.663480895039621578e-05,1.996177074047545758e-05,2.328873253055469938e-05
0.000000000000000000e+00,3.299532322506582942e-06,6.599064645013165883e-06,9.898596967519747978e-06,1.319812929002633007e-05,1.649766161253291217e-05,1.979719393503949596e-05,2.309672625754607974e-05
0.000000000000000000e+00,3.321795388725881300e-06,6.643590777451762601e-06,9.965386166177643478e-06,1.328718155490352351e-05,1.660897694362940184e-05,1.993077233235528018e-05,2.325256772108115852e-05
0.000000000000000000e+00,3.342955214190667508e-06,6.685910428381335017e-06,1.002886564257200337e-05,1.337182085676267173e-05,1.671477607095334008e-05,2.005773128514400674e-05,2.340068649933467341e-05
0.000000000000000000e+00,3.270074285379843069e-06,6.540148570759686139e-06,9.810222856139528785e-06,1.308029714151937058e-05,1.635037142689921069e-05,1.962044571227905079e-05,2.289051999765889090e-05
0.000000000000000000e+00,3.308892561553011510e-06,6.617785123106023020e-06,9.926677684659034954e-06,1.323557024621204773e-05,1.654446280776506221e-05,1.985335536931807668e-05,2.316224793087109116e-05
0.000000000000000000e+00,3.321795388726413661e-06,6.643590777452827321e-06,9.965386166179240982e-06,1.328718155490565464e-05,1.660897694363206830e-05,1.993077233235848196e-05,2.325256772108489562e-05
0.000000000000000000e+00,3.283089901561555379e-06,6.566179803123110758e-06,9.849269704684665290e-06,1.313235960624621982e-05,1.641544950780777435e-05,1.969853940936933058e-05,2.298162931093088681e-05
0.000000000000000000e+00,3.326961790080232406e-06,6.653923580160464811e-06,9.980885370240696793e-06,1.330784716032092793e-05,1.663480895040115906e-05,1.996177074048139020e-05,2.328873253056162133e-05
0.000000000000000000e+00,3.299532322507529501e-06,6.599064645015059002e-06,9.898596967522588927e-06,1.319812929003011970e-05,1.649766161253765216e-05,1.979719393504518463e-05,2.309672625755271710e-05
0.000000000000000000e+00,3.240647633990941556e-06,6.481295267981883112e-06,9.721942901972824668e-06,1.296259053596376622e-05,1.620323816995470609e-05,1.944388580394564595e-05,2.268453343793658581e-05
0.000000000000000000e+00,3.256429571995316735e-06,6.512859143990633469e-06,9.769288715985951051e-06,1.302571828798126863e-05,1.628214785997658621e-05,1.953857743197190210e-05,2.279500700396721799e-05
0.000000000000000000e+00,3.277556492623685085e-06,6.555112985247370170e-06,9.832669477871055678e-06,1.311022597049474203e-05,1.638778246311842839e-05,1.966533895574211474e-05,2.294289544836580110e-05
0.000000000000000000e+00,3.240647633991990183e-06,6.481295267983980366e-06,9.721942901975970548e-06,1.296259053596796073e-05,1.620323816995995091e-05,1.944388580395194110e-05,2.268453343794393128e-05
0.000000000000000000e+00,3.256429571996353080e-06,6.512859143992706159e-06,9.769288715989059662e-06,1.302571828798541401e-05,1.628214785998177006e-05,1.953857743197812610e-05,2.279500700397448214e-05
0.000000000000000000e+00,3.277556492624629950e-06,6.555112985249259900e-06,9.832669477873889850e-06,1.311022597049851980e-05,1.638778246312314806e-05,1.966533895574777631e-05,2.294289544837240457e-05
0.000000000000000000e+00,3.172827321678509640e-06,6.345654643357019281e-06,9.518481965035528074e-06,1.269130928671403687e-05,1.586413660839254566e-05,1.903696393007105615e-05,2.220979125174956664e-05
0.000000000000000000e+00,3.211897727871545679e-06,6.423795455743091357e-06,9.635693183614636189e-06,1.284759091148618102e-05,1.605948863935772585e-05,1.927138636722927238e-05,2.248328409510081890e-05
0.000000000000000000e+00,3.213218697467038252e-06,6.426437394934076503e-06,9.639656092401114755e-06,1.285287478986815301e-05,1.606609348733519126e-05,1.927931218480222951e-05,2.249253088226926776e-05
0.000000000000000000e+00,3.172827321679618407e-06,6.345654643359236813e-06,9.518481965038855220e-06,1.269130928671847363e-05,1.586413660839809203e-05,1.903696393007771044e-05,2.220979125175732885e-05
0.000000000000000000e+00,3.211897727872623104e-06,6.423795455745246209e-06,9.635693183617868466e-06,1.284759091149049072e-05,1.605948863936311298e-05,1.927138636723573693e-05,2.248328409510836088e-05
0.000000000000000000e+00,3.213218697468022927e-06,6.426437394936045855e-06,9.639656092404069206e-06,1.285287478987209340e-05,1.606609348734011760e-05,1.927931218480814180e-05,2.249253088227616600e-05
0.000000000000000000e+00,3.034751855800738036e-06,6.069503711601476073e-06,9.104255567402214956e-06,1.213900742320295384e-05,1.517375927900369272e-05,1.820851113480442991e-05,2.124326299060516710e-05
0.000000000000000000e+00,3.110685956794774414e-06,6.221371913589548828e-06,9.332057870384323243e-06,1.244274382717909766e-05,1.555342978397387038e-05,1.866411574076864310e-05,2.177480169756341582e-05
0.000000000000000000e+00,3.075649665705284834e-06,6.151299331410569668e-06,9.226948997115854925e-06,1.230259866282114103e-05,1.537824832852642713e-05,1.845389799423171324e-05,2.152954765993699934e-05
0.000000000000000000e+00,3.034751855801854849e-06,6.069503711603709699e-06,9.104255567405564124e-06,1.213900742320741770e-05,1.517375927900927128e-05,1.820851113481112486e-05,2.124326299061297675e-05
0.000000000000000000e+00,3.110685956795888263e-06,6.221371913591776525e-06,9.332057870387665635e-06,1.244274382718355474e-05,1.555342978397944385e-05,1.866411574077533127e-05,2.177480169757121868e-05
0.000000000000000000e+00,3.075649665706333461e-06,6.151299331412666921e-06,9.226948997119000805e-06,1.230259866282533554e-05,1.537824832853166857e-05,1.845389799423800161e-05,2.152954765994433465e-05
0.000000000000000000e+00,2.804946300594936307e-06,5.609892601189872614e-06,8.414838901784808074e-06,1.121978520237974353e-05,1.402473150297467899e-05,1.682967780356961615e-05,1.963462410416455330e-05
0.000000000000000000e+00,2.927027415269255381e-06,5.854054830538510763e-06,8.781082245807765721e-06,1.170810966107701983e-05,1.463513707634627394e-05,1.756216449161552805e-05,2.048919190688478216e-05
0.000000000000000000e+00,2.843931323973818755e-06,5.687862647947637511e-06,8.531793971921456266e-06,1.137572529589527502e-05,1.421965661986909378e-05,1.706358794384291253e-05,1.990751926781673129e-05
0.000000000000000000e+00,2.804946300596179328e-06,5.609892601192358656e-06,8.414838901788538407e-06,1.121978520238471901e-05,1.402473150298089960e-05,1.682967780357708020e-05,1.963462410417326080e-05
0.000000000000000000e+00,2.927027415270444616e-06,5.854054830540889231e-06,8.781082245811333423e-06,1.170810966108177677e-05,1.463513707635222011e-05,1.756216449162266346e-05,2.048919190689310680e-05
0.000000000000000000e+00,2.843931323974942345e-06,5.687862647949884689e-06,8.531793971924827457e-06,1.137572529589977107e-05,1.421965661987471469e-05,1.706358794384965830e-05,1.990751926782460192e-05
0.000000000000000000e+00,2.467702923920176165e-06,4.935405847840352329e-06,7.403108771760528070e-06,9.870811695680702964e-06,1.233851461960087786e-05,1.480621754352105275e-05,1.727392046744122934e-05
0.000000000000000000e+00,2.642799448854338643e-06,5.285598897708677286e-06,7.928398346563016776e-06,1.057119779541735627e-05,1.321399724427169576e-05,1.585679669312603355e-05,1.849959614198037135e-05
0.000000000000000000e+00,2.502970128906821681e-06,5.005940257813643362e-06,7.508910386720465466e-06,1.001188051562728842e-05,1.251485064453411137e-05,1.501782077344093432e-05,1.752079090234775897e-05
0.000000000000000000e+00,2.467702923921465772e-06,4.935405847842931545e-06,7.403108771764397317e-06,9.870811695685863089e-06,1.233851461960732886e-05,1.480621754352879463e-05,1.727392046745026210e-05
0.000000000000000000e+00,2.642799448855618933e-06,5.285598897711237867e-06,7.928398346566857224e-06,1.057119779542247743e-05,1.321399724427809763e-05,1.585679669313371784e-05,1.849959614198933635e-05
0.000000000000000000e+00,2.502970128908004139e-06,5.005940257816008278e-06,7.508910386724012840e-06,1.001188051563201825e-05,1.251485064454002366e-05,1.501782077344802907e-05,1.752079090235603278e-05
0.000000000000000000e+00,2.011389904738285070e-06,4.022779809476570140e-06,6.034169714214854786e-06,8.045559618953138586e-06,1.005694952369142239e-05,1.206833942842970618e-05,1.407972933316798998e-05
0.000000000000000000e+00,2.244552233974897566e-06,4.489104467949795131e-06,6.733656701924693120e-06,8.978208935899591956e-06,1.122276116987449079e-05,1.346731340384938963e-05,1.571186563782428846e-05
0.000000000000000000e+00,2.041296542094975049e-06,4.082593084189950098e-06,6.123889626284925147e-06,8.165186168379900196e-06,1.020648271047487525e-05,1.224777925256985029e-05,1.428907579466482534e-05
0.000000000000000000e+00,2.011389904739577642e-06,4.022779809479155284e-06,6.034169714218732503e-06,8.045559618958308875e-06,1.005694952369788525e-05,1.206833942843746162e-05,1.407972933317703799e-05
0.000000000000000000e+00,2.244552233976214278e-06,4.489104467952428556e-06,6.733656701928642835e-06,8.978208935904857113e-06,1.122276116988107054e-05,1.346731340385728398e-05,1.571186563783349741e-05
0.000000000000000000e+00,2.041296542096150731e-06,4.082593084192301462e-06,6.123889626288452192e-06,8.165186168384602923e-06,1.020648271048075365e-05,1.224777925257690438e-05,1.428907579467305512e-05
0.000000000000000000e+00,1.722705420478704701e-06,3.445410840957409403e-06,5.168116261436113681e-06,6.890821681914817958e-06,8.613527102393522236e-06,1.033623252287222736e-05,1.205893794335093249e-05
0.000000000000000000e+00,1.722705420479984780e-06,3.445410840959969560e-06,5.168116261439954128e-06,6.890821681919938273e-06,8.613527102399922417e-06,1.033623252287990656e-05,1.205893794335989071e-05
0.000000000000000000e+00,3.386089213744399036e-06,6.772178427488798072e-06,1.015826764123319795e-05,1.354435685497759784e-05,1.693044606872199772e-05,2.031653528246639591e-05,2.370262449621079410e-05
0.000000000000000000e+00,3.383381039082406581e-06,6.766762078164813162e-06,1.015014311724721932e-05,1.353352415632962463e-05,1.691690519541202994e-05,2.030028623449443525e-05,2.368366727357684056e-05
0.000000000000000000e+00,3.397468096082831746e-06,6.794936192165663491e-06,1.019240428824849524e-05,1.358987238433132698e-05,1.698734048041415873e-05,2.038480857649699047e-05,2.378227667257982222e-05
0.000000000000000000e+00,3.381102313184075864e-06,6.762204626368151728e-06,1.014330693955222802e-05,1.352440925273630515e-05,1.690551156592038398e-05,2.028661387910446281e-05,2.366771619228854164e-05
0.000000000000000000e+00,3.326961790078961433e-06,6.653923580157922865e-06,9.980885370236885145e-06,1.330784716031584742e-05,1.663480895039480970e-05,1.996177074047377029e-05,2.328873253055273088e-05
0.000000000000000000e+00,3.299532322512471091e-06,6.599064645024942182e-06,9.898596967537413697e-06,1.319812929004988606e-05,1.649766161256235842e-05,1.979719393507483078e-05,2.309672625758730314e-05
0.000000000000000000e+00,3.394350554017571753e-06,6.788701108035143507e-06,1.018305166205271526e-05,1.357740221607028701e-05,1.697175277008785877e-05,2.036610332410543052e-05,2.376045387812300227e-05
0.000000000000000000e+00,3.342955214190678096e-06,6.685910428381356192e-06,1.002886564257203387e-05,1.337182085676271069e-05,1.671477607095338752e-05,2.005773128514406434e-05,2.340068649933474117e-05
0.000000000000000000e+00,3.386089213745612834e-06,6.772178427491225668e-06,1.015826764123683850e-05,1.354435685498245134e-05,1.693044606872806586e-05,2.031653528247368039e-05,2.370262449621929492e-05
0.000000000000000000e+00,3.383381039083616144e-06,6.766762078167232288e-06,1.015014311725084801e-05,1.353352415633446288e-05,1.691690519541807775e-05,2.030028623450169263e-05,2.368366727358530750e-05
0.000000000000000000e+00,3.394350554018182041e-06,6.788701108036364081e-06,1.018305166205454655e-05,1.357740221607272986e-05,1.697175277009091486e-05,2.036610332410909987e-05,2.376045387812728487e-05
0.000000000000000000e+00,3.381102313185282462e-06,6.762204626370564925e-06,1.014330693955584823e-05,1.352440925274113154e-05,1.690551156592641485e-05,2.028661387911169647e-05,2.366771619229697808e-05
0.000000000000000000e+00,3.326961790080102810e-06,6.653923580160205619e-06,9.980885370240308852e-06,1.330784716032041293e-05,1.663480895040051871e-05,1.996177074048062448e-05,2.328873253056073026e-05
0.000000000000000000e+00,3.299532322513602727e-06,6.599064645027205455e-06,9.898596967540808605e-06,1.319812929005441260e-05,1.649766161256801660e-05,1.979719393508162060e-05,2.309672625759522460e-05
0.000000000000000000e+00,3.381124841815891273e-06,6.762249683631782547e-06,1.014337452544767382e-05,1.352449936726356509e-05,1.690562420907945637e-05,2.028674905089534764e-05,2.366787389271123891e-05
0.000000000000000000e+00,3.387285884260933360e-06,6.774571768521866721e-06,1.016185765278280093e-05,1.354914353704373514e-05,1.693642942130466934e-05,2.032371530556560186e-05,2.371100118982653437e-05
0.000000000000000000e+00,3.277556492637006372e-06,6.555112985274012744e-06,9.832669477911018692e-06,1.311022597054802379e-05,1.638778246318502889e-05,1.966533895582203400e-05,2.294289544845903910e-05
0.000000000000000000e+00,3.381124841817160129e-06,6.762249683634320257e-06,1.014337452545148039e-05,1.352449936726864051e-05,1.690562420908580234e-05,2.028674905090296416e-05,2.366787389272012598e-05
0.000000000000000000e+00,3.387285884262178922e-06,6.774571768524357845e-06,1.016185765278653634e-05,1.354914353704871400e-05,1.693642942131088995e-05,2.032371530557306591e-05,2.371100118983524187e-05
0.000000000000000000e+00,3.277556492638158337e-06,6.555112985276316673e-06,9.832669477914474587e-06,1.311022597055263165e-05,1.638778246319078872e-05,1.966533895582894579e-05,2.294289544846710285e-05
0.000000000000000000e+00,3.323101674341778571e-06,6.646203348683557141e-06,9.969305023025335288e-06,1.329240669736711259e-05,1.661550837170888819e-05,1.993861004605066380e-05,2.326171172039243941e-05
0.000000000000000000e+00,3.359191307119432786e-06,6.718382614238865571e-06,1.007757392135829878e-05,1.343676522847773284e-05,1.679595653559716689e-05,2.015514784271660095e-05,2.351433914983603501e-05
0.000000000000000000e+00,3.213218697483657038e-06,6.426437394967314076e-06,9.639656092450971114e-06,1.285287478993462815e-05,1.606609348741828519e-05,1.927931218490194223e-05,2.249253088238559927e-05
0.000000000000000000e+00,3.323101674343043614e-06,6.646203348686087229e-06,9.969305023029131690e-06,1.329240669737217615e-05,1.661550837171522061e-05,1.993861004605826338e-05,2.326171172040130615e-05
0.000000000000000000e+00,3.359191307120685971e-06,6.718382614241371942e-06,1.007757392136205791e-05,1.343676522848274388e-05,1.679595653560342816e-05,2.015514784272411244e-05,2.351433914984479671e-05
0.000000000000000000e+00,3.213218697484841190e-06,6.426437394969682380e-06,9.639656092454523570e-06,1.285287478993936476e-05,1.606609348742420764e-05,1.927931218490905053e-05,2.249253088239389341e-05
0.000000000000000000e+00,3.183871829318923898e-06,6.367743658637847795e-06,9.551615487956771269e-06,1.273548731727569390e-05,1.591935914659461652e-05,1.910323097591353915e-05,2.228710280523246178e-05
0.000000000000000000e+00,3.261592785304939712e-06,6.523185570609879424e-06,9.784778355914819560e-06,1.304637114121976054e-05,1.630796392652470152e-05,1.956955671182964251e-05,2.283114949713458349e-05
0.000000000000000000e+00,3.075649665718418080e-06,6.151299331436836159e-06,9.226948997155253815e-06,1.230259866287367062e-05,1.537824832859208574e-05,1.845389799431050085e-05,2.152954766002891597e-05
0.000000000000000000e+00,3.183871829320241457e-06,6.367743658640482915e-06,9.551615487960725219e-06,1.273548731728096752e-05,1.591935914660120983e-05,1.910323097592145044e-05,2.228710280524169105e-05
0.000000000000000000e+00,3.261592785306220426e-06,6.523185570612440852e-06,9.784778355918661701e-06,1.304637114122488340e-05,1.630796392653110509e-05,1.956955671183732679e-05,2.283114949714354849e-05
0.000000000000000000e+00,3.075649665719692017e-06,6.151299331439384034e-06,9.226948997159075628e-06,1.230259866287876637e-05,1.537824832859845543e-05,1.845389799431814448e-05,2.152954766003783353e-05
0.000000000000000000e+00,2.945474739576198354e-06,5.890949479152396707e-06,8.836424218728594214e-06,1.178189895830479172e-05,1.472737369788098923e-05,1.767284843745718843e-05,2.061832317703338763e-05
0.000000000000000000e+00,3.072494999450672755e-06,6.144989998901345510e-06,9.217484998352017841e-06,1.228997999780268933e-05,1.536247499725336250e-05,1.843496999670403568e-05,2.150746499615470886e-05
0.000000000000000000e+00,2.843931323975376025e-06,5.687862647950752051e-06,8.531793971926128500e-06,1.137572529590150580e-05,1.421965661987688309e-05,1.706358794385226039e-05,1.990751926782763768e-05
0.000000000000000000e+00,2.945474739577696332e-06,5.890949479155392663e-06,8.836424218733088571e-06,1.178189895831078363e-05,1.472737369788847869e-05,1.767284843746617375e-05,2.061832317704386712e-05
0.000000000000000000e+00,3.072494999452084335e-06,6.144989998904168670e-06,9.217484998356253006e-06,1.228997999780833734e-05,1.536247499726042337e-05,1.843496999671250940e-05,2.150746499616459543e-05
0.000000000000000000e+00,2.843931323976748219e-06,5.687862647953496438e-06,8.531793971930245080e-06,1.137572529590699457e-05,1.421965661988374406e-05,1.706358794386049355e-05,1.990751926783724304e-05
0.000000000000000000e+00,2.594578166800172439e-06,5.189156333600344877e-06,7.783734500400516892e-06,1.037831266720068806e-05,1.297289083400085923e-05,1.556746900080103040e-05,1.816204716760120156e-05
0.000000000000000000e+00,2.776818756242101597e-06,5.553637512484203194e-06,8.330456268726305638e-06,1.110727502496840808e-05,1.388409378121051053e-05,1.666091253745261128e-05,1.943773129369471203e-05
0.000000000000000000e+00,2.502970128888100559e-06,5.005940257776201118e-06,7.508910386664302100e-06,1.001188051555240393e-05,1.251485064444050576e-05,1.501782077332860759e-05,1.752079090221670942e-05
0.000000000000000000e+00,2.594578166801772060e-06,5.189156333603544121e-06,7.783734500405316181e-06,1.037831266720708824e-05,1.297289083400886030e-05,1.556746900081063236e-05,1.816204716761240612e-05
0.000000000000000000e+00,2.776818756243660138e-06,5.553637512487320275e-06,8.330456268730981260e-06,1.110727502497464224e-05,1.388409378121830323e-05,1.666091253746196252e-05,1.943773129370562181e-05
0.000000000000000000e+00,2.502970128889571431e-06,5.005940257779142863e-06,7.508910386668714294e-06,1.001188051555828573e-05,1.251485064444785800e-05,1.501782077333743028e-05,1.752079090222700256e-05
0.000000000000000000e+00,2.119943518592747217e-06,4.239887037185494434e-06,6.359830555778241651e-06,8.479774074370988868e-06,1.059971759296373693e-05,1.271966111155648500e-05,1.483960463014923306e-05
0.000000000000000000e+00,2.362592350922544700e-06,4.725184701845089400e-06,7.087777052767634100e-06,9.450369403690178801e-06,1.181296175461272350e-05,1.417555410553526820e-05,1.653814645645781121e-05
0.000000000000000000e+00,2.041296542045699754e-06,4.082593084091399509e-06,6.123889626137099263e-06,8.165186168182799018e-06,1.020648271022849877e-05,1.224777925227419853e-05,1.428907579431989828e-05
0.000000000000000000e+00,2.119943518594431966e-06,4.239887037188863931e-06,6.359830555783295897e-06,8.479774074377727862e-06,1.059971759297215983e-05,1.271966111156659179e-05,1.483960463016102376e-05
0.000000000000000000e+00,2.362592350924205732e-06,4.725184701848411464e-06,7.087777052772617195e-06,9.450369403696822927e-06,1.181296175462102951e-05,1.417555410554523608e-05,1.653814645646944266e-05
0.000000000000000000e+00,2.041296542047199850e-06,4.082593084094399700e-06,6.123889626141599549e-06,8.165186168188799399e-06,1.020648271023600010e-05,1.224777925228320079e-05,1.428907579433040149e-05
0.000000000000000000e+00,1.819234549649928119e-06,3.638469099299856237e-06,5.457703648949784780e-06,7.276938198599713322e-06,9.096172748249641864e-06,1.091540729789956956e-05,1.273464184754949725e-05
0.000000000000000000e+00,1.819234549651501059e-06,3.638469099303002118e-06,5.457703648954502753e-06,7.276938198606003388e-06,9.096172748257504024e-06,1.091540729790900551e-05,1.273464184756050699e-05
0.000000000000000000e+00,3.715409718200667536e-06,7.430819436401335072e-06,1.114622915460200303e-05,1.486163887280267184e-05,1.857704859100334064e-05,2.229245830920400945e-05,2.600786802740467826e-05
0.000000000000000000e+00,3.604017045522026011e-06,7.208034091044052022e-06,1.081205113656607888e-05,1.441606818208810574e-05,1.802008522761013260e-05,2.162410227313215776e-05,2.522811931865418292e-05
0.000000000000000000e+00,3.611325536836961658e-06,7.222651073673923316e-06,1.083397661051088497e-05,1.444530214734784663e-05,1.805662768418480829e-05,2.166795322102176995e-05,2.527927875785873161e-05
0.000000000000000000e+00,3.666484302965173272e-06,7.332968605930346545e-06,1.099945290889551982e-05,1.466593721186069309e-05,1.833242151482586467e-05,2.199890581779103625e-05,2.566539012075620782e-05
0.000000000000000000e+00,3.474967394976484004e-06,6.949934789952968007e-06,1.042490218492945201e-05,1.389986957990593601e-05,1.737483697488242002e-05,2.084980436985890402e-05,2.432477176483538803e-05
0.000000000000000000e+00,3.526158854842909422e-06,7.052317709685818844e-06,1.057847656452872784e-05,1.410463541937163599e-05,1.763079427421454414e-05,2.115695312905745230e-05,2.468311198390036045e-05
0.000000000000000000e+00,3.609606885029204019e-06,7.219213770058408037e-06,1.082882065508761248e-05,1.443842754011681777e-05,1.804803442514602306e-05,2.165764131017522835e-05,2.526724819520443364e-05
0.000000000000000000e+00,3.486154765672925635e-06,6.972309531345851270e-06,1.045846429701877733e-05,1.394461906269170423e-05,1.743077382836463114e-05,2.091692859403755805e-05,2.440308335971048495e-05
0.000000000000000000e+00,3.715409718201967731e-06,7.430819436403935463e-06,1.114622915460590277e-05,1.486163887280786923e-05,1.857704859100983569e-05,2.229245830921180215e-05,2.600786802741376861e-05
0.000000000000000000e+00,3.604017045523346959e-06,7.208034091046693917e-06,1.081205113657004130e-05,1.441606818209338953e-05,1.802008522761673945e-05,2.162410227314008938e-05,2.522811931866343930e-05
0.000000000000000000e+00,3.609606885029857505e-06,7.219213770059715009e-06,1.082882065508957251e-05,1.443842754011943002e-05,1.804803442514928922e-05,2.165764131017914842e-05,2.526724819520900761e-05
0.000000000000000000e+00,3.666484302966491256e-06,7.332968605932982511e-06,1.099945290889947377e-05,1.466593721186596502e-05,1.833242151483245797e-05,2.199890581779895092e-05,2.566539012076544387e-05
0.000000000000000000e+00,3.474967394977754553e-06,6.949934789955509106e-06,1.042490218493326366e-05,1.389986957991101821e-05,1.737483697488877277e-05,2.084980436986652732e-05,2.432477176484428187e-05
0.000000000000000000e+00,3.526158854844175736e-06,7.052317709688351472e-06,1.057847656453252763e-05,1.410463541937670464e-05,1.763079427422088334e-05,2.115695312906506204e-05,2.468311198390924074e-05
0.000000000000000000e+00,3.759637461329548984e-06,7.519274922659097967e-06,1.127891238398864695e-05,1.503854984531819593e-05,1.879818730664774322e-05,2.255782476797729051e-05,2.631746222930683780e-05
0.000000000000000000e+00,3.748748087345334324e-06,7.497496174690668647e-06,1.124624426203600297e-05,1.499499234938133729e-05,1.874374043672667162e-05,2.249248852407200594e-05,2.624123661141734026e-05
0.000000000000000000e+00,3.547447082539192396e-06,7.094894165078384793e-06,1.064234124761757677e-05,1.418978833015676789e-05,1.773723541269595902e-05,2.128468249523515014e-05,2.483212957777434127e-05
0.000000000000000000e+00,3.759637461330847909e-06,7.519274922661695817e-06,1.127891238399254330e-05,1.503854984532338994e-05,1.879818730665423488e-05,2.255782476798507983e-05,2.631746222931592477e-05
0.000000000000000000e+00,3.748748087346631978e-06,7.497496174693263956e-06,1.124624426203989593e-05,1.499499234938652791e-05,1.874374043673315989e-05,2.249248852407979187e-05,2.624123661142642385e-05
0.000000000000000000e+00,3.547447082540466334e-06,7.094894165080932668e-06,1.064234124762139858e-05,1.418978833016186364e-05,1.773723541270232870e-05,2.128468249524279377e-05,2.483212957778325883e-05
0.000000000000000000e+00,3.709815046964052863e-06,7.419630093928105727e-06,1.112944514089215901e-05,1.483926018785621315e-05,1.854907523482026728e-05,2.225889028178432142e-05,2.596870532874837555e-05
0.000000000000000000e+00,3.746323208963652803e-06,7.492646417927305606e-06,1.123896962689095841e-05,1.498529283585461121e-05,1.873161604481826401e-05,2.247793925378191682e-05,2.622426246274556962e-05
0.000000000000000000e+00,3.496950465217371023e-06,6.993900930434742047e-06,1.049085139565211265e-05,1.398780186086948240e-05,1.748475232608685215e-05,2.098170279130422191e-05,2.447865325652159166e-05
0.000000000000000000e+00,3.709815046965420398e-06,7.419630093930840796e-06,1.112944514089626204e-05,1.483926018786168329e-05,1.854907523482710453e-05,2.225889028179252408e-05,2.596870532875794363e-05
0.000000000000000000e+00,3.746323208964991962e-06,7.492646417929983924e-06,1.123896962689497673e-05,1.498529283585996954e-05,1.873161604482496235e-05,2.247793925378995347e-05,2.622426246275494458e-05
0.000000000000000000e+00,3.496950465218696630e-06,6.993900930437393260e-06,1.049085139565609031e-05,1.398780186087478821e-05,1.748475232609348611e-05,2.098170279131218402e-05,2.447865325653088192e-05
0.000000000000000000e+00,3.553276410389069456e-06,7.106552820778138911e-06,1.065982923116720921e-05,1.421310564155627952e-05,1.776638205194534982e-05,2.131965846233441843e-05,2.487293487272348704e-05
0.000000000000000000e+00,3.641868509651129715e-06,7.283737019302259431e-06,1.092560552895338957e-05,1.456747403860452056e-05,1.820934254825565154e-05,2.185121105790678253e-05,2.549307956755791351e-05
0.000000000000000000e+00,3.352916027195277011e-06,6.705832054390554022e-06,1.005874808158583103e-05,1.341166410878110804e-05,1.676458013597638505e-05,2.011749616317166207e-05,2.347041219036693908e-05
0.000000000000000000e+00,3.553276410390514070e-06,7.106552820781028141e-06,1.065982923117154263e-05,1.421310564156205798e-05,1.776638205195257332e-05,2.131965846234308866e-05,2.487293487273360400e-05
0.000000000000000000e+00,3.641868509652533249e-06,7.283737019305066498e-06,1.092560552895759932e-05,1.456747403861013130e-05,1.820934254826266497e-05,2.185121105791519865e-05,2.549307956756773232e-05
0.000000000000000000e+00,3.352916027196704685e-06,6.705832054393409370e-06,1.005874808159011363e-05,1.341166410878681705e-05,1.676458013598352046e-05,2.011749616318022387e-05,2.347041219037692729e-05
0.000000000000000000e+00,3.283186411337459313e-06,6.566372822674918626e-06,9.849559234012378363e-06,1.313274564534983895e-05,1.641593205668730122e-05,1.969911846802476350e-05,2.298230487936222578e-05
0.000000000000000000e+00,3.426776285789223168e-06,6.853552571578446336e-06,1.028032885736766950e-05,1.370710514315689267e-05,1.713388142894611415e-05,2.056065771473533562e-05,2.398743400052455709e-05
0.000000000000000000e+00,3.101907107798511037e-06,6.203814215597022074e-06,9.305721323395533111e-06,1.240762843119404415e-05,1.550953553899255688e-05,1.861144264679106961e-05,2.171334975458958234e-05
0.000000000000000000e+00,3.283186411339191072e-06,6.566372822678382144e-06,9.849559234017574063e-06,1.313274564535676598e-05,1.641593205669595790e-05,1.969911846803514813e-05,2.298230487937433835e-05
0.000000000000000000e+00,3.426776285790812202e-06,6.853552571581624403e-06,1.028032885737243660e-05,1.370710514316324881e-05,1.713388142895406270e-05,2.056065771474487660e-05,2.398743400053569049e-05
0.000000000000000000e+00,3.101907107800115741e-06,6.203814215600231482e-06,9.305721323400347646e-06,1.240762843120046466e-05,1.550953553900057997e-05,1.861144264680069529e-05,2.171334975460081061e-05
0.000000000000000000e+00,2.892748617816449471e-06,5.785497235632898942e-06,8.678245853449347989e-06,1.157099447126579619e-05,1.446374308908224439e-05,1.735649170689869259e-05,2.024924032471514079e-05
0.000000000000000000e+00,3.094752327794342381e-06,6.189504655588684763e-06,9.284256983383027144e-06,1.237900931117736953e-05,1.547376163897171191e-05,1.856851396676605429e-05,2.166326629456039667e-05
0.000000000000000000e+00,2.733568306807576017e-06,5.467136613615152034e-06,8.200704920422728051e-06,1.093427322723030407e-05,1.366784153403788008e-05,1.640140984084545610e-05,1.913497814765303381e-05
0.000000000000000000e+00,2.892748617818317179e-06,5.785497235636634357e-06,8.678245853454951959e-06,1.157099447127327041e-05,1.446374308909158886e-05,1.735649170690990731e-05,2.024924032472822576e-05
0.000000000000000000e+00,3.094752327796154185e-06,6.189504655592308369e-06,9.284256983388461707e-06,1.237900931118461504e-05,1.547376163898076838e-05,1.856851396677692341e-05,2.166326629457307845e-05
0.000000000000000000e+00,2.733568306809339539e-06,5.467136613618679079e-06,8.200704920428018618e-06,1.093427322723735816e-05,1.366784153404669770e-05,1.640140984085603724e-05,1.913497814766537678e-05
0.000000000000000000e+00,2.371777657501486754e-06,4.743555315002973508e-06,7.115332972504459838e-06,9.487110630005945322e-06,1.185888828750743081e-05,1.423066594500891629e-05,1.660244360251040177e-05
0.000000000000000000e+00,2.637800383089601880e-06,5.275600766179203761e-06,7.913401149268805217e-06,1.055120153235840583e-05,1.318900191544800644e-05,1.582680229853760705e-05,1.846460268162720766e-05
0.000000000000000000e+00,2.237133755332649622e-06,4.474267510665299245e-06,6.711401265997948444e-06,8.948535021330596796e-06,1.118566877666324515e-05,1.342280253199589350e-05,1.565993628732854185e-05
0.000000000000000000e+00,2.371777657503452294e-06,4.743555315006904588e-06,7.115332972510356882e-06,9.487110630013809176e-06,1.185888828751726147e-05,1.423066594502071376e-05,1.660244360252416775e-05
0.000000000000000000e+00,2.637800383091523798e-06,5.275600766183047596e-06,7.913401149274571818e-06,1.055120153236609689e-05,1.318900191545762195e-05,1.582680229854914702e-05,1.846460268164067209e-05
0.000000000000000000e+00,2.237133755334455497e-06,4.474267510668910993e-06,6.711401266003366067e-06,8.948535021337820293e-06,1.118566877667227452e-05,1.342280253200672874e-05,1.565993628734118297e-05
0.000000000000000000e+00,2.041854673792826326e-06,4.083709347585652653e-06,6.125564021378478979e-06,8.167418695171305306e-06,1.020927336896413163e-05,1.225112804275695796e-05,1.429298271654978428e-05
0.000000000000000000e+00,2.041854673794683023e-06,4.083709347589366045e-06,6.125564021384049068e-06,8.167418695178732091e-06,1.020927336897341511e-05,1.225112804276809814e-05,1.429298271656278116e-05
0.000000000000000000e+00,4.202331501734820784e-06,8.404663003469641568e-06,1.260699450520446320e-05,1.680932600693928652e-05,2.101165750867410985e-05,2.521398901040893317e-05,2.941632051214375650e-05
0.000000000000000000e+00,3.962199043123070465e-06,7.924398086246140931e-06,1.188659712936921140e-05,1.584879617249228186e-05,1.981099521561535063e-05,2.377319425873841940e-05,2.773539330186148818e-05
0.000000000000000000e+00,3.959924502495181527e-06,7.919849004990363054e-06,1.187977350748554373e-05,1.583969800998072272e-05,1.979962251247590171e-05,2.375954701497108069e-05,2.771947151746625968e-05
0.000000000000000000e+00,4.109398876519720507e-06,8.218797753039441015e-06,1.232819662955916152e-05,1.643759550607888203e-05,2.054699438259860423e-05,2.465639325911832643e-05,2.876579213563804863e-05
0.000000000000000000e+00,3.765450225521442331e-06,7.530900451042884661e-06,1.129635067656432657e-05,1.506180090208576763e-05,1.882725112760720869e-05,2.259270135312864975e-05,2.635815157865009081e-05
0.000000000000000000e+00,3.942467277499282446e-06,7.884934554998564892e-06,1.182740183249784734e-05,1.576986910999712978e-05,1.971233638749641392e-05,2.365480366499569806e-05,2.759727094249498220e-05
0.000000000000000000e+00,3.960235468426822571e-06,7.920470936853645142e-06,1.188070640528046687e-05,1.584094187370728690e-05,1.980117734213410693e-05,2.376141281056092696e-05,2.772164827898774699e-05
0.000000000000000000e+00,3.768037162696588553e-06,7.536074325393177105e-06,1.130411148808976523e-05,1.507214865078635252e-05,1.884018581348293980e-05,2.260822297617952708e-05,2.637626013887611436e-05
0.000000000000000000e+00,4.202331501736144697e-06,8.404663003472289393e-06,1.260699450520843409e-05,1.680932600694457879e-05,2.101165750868072348e-05,2.521398901041686818e-05,2.941632051215301288e-05
0.000000000000000000e+00,3.962199043124440118e-06,7.924398086248880235e-06,1.188659712937331951e-05,1.584879617249775708e-05,1.981099521562219466e-05,2.377319425874663224e-05,2.773539330187106981e-05
0.000000000000000000e+00,3.960235468427509515e-06,7.920470936855019030e-06,1.188070640528252854e-05,1.584094187371003806e-05,1.980117734213754588e-05,2.376141281056505370e-05,2.772164827899256152e-05
0.000000000000000000e+00,4.109398876521069831e-06,8.218797753042139662e-06,1.232819662956320865e-05,1.643759550608427594e-05,2.054699438260534322e-05,2.465639325912641051e-05,2.876579213564747780e-05
0.000000000000000000e+00,3.765450225522788689e-06,7.530900451045577379e-06,1.129635067656836522e-05,1.506180090209115306e-05,1.882725112761394091e-05,2.259270135313673044e-05,2.635815157865951998e-05
0.000000000000000000e+00,3.942467277500611441e-06,7.884934555001222881e-06,1.182740183250183348e-05,1.576986911000244237e-05,1.971233638750305127e-05,2.365480366500366017e-05,2.759727094250426907e-05
0.000000000000000000e+00,4.271165822954216260e-06,8.542331645908432519e-06,1.281349746886264878e-05,1.708466329181686504e-05,2.135582911477108299e-05,2.562699493772530095e-05,2.989816076067951890e-05
0.000000000000000000e+00,4.257583781459504405e-06,8.515167562919008810e-06,1.277275134437851406e-05,1.703033512583802101e-05,2.128791890729752795e-05,2.554550268875703490e-05,2.980308647021654185e-05
0.000000000000000000e+00,4.007464671289872909e-06,8.014929342579745817e-06,1.202239401386961788e-05,1.602985868515948825e-05,2.003732335644935861e-05,2.404478802773922898e-05,2.805225269902909935e-05
0.000000000000000000e+00,4.271165822955551184e-06,8.542331645911102367e-06,1.281349746886665355e-05,1.708466329182220473e-05,2.135582911477775761e-05,2.562699493773331049e-05,2.989816076068886337e-05
0.000000000000000000e+00,4.257583781460813071e-06,8.515167562921626142e-06,1.277275134438243921e-05,1.703033512584325228e-05,2.128791890730406366e-05,2.554550268876487504e-05,2.980308647022568641e-05
0.000000000000000000e+00,4.007464671291196821e-06,8.014929342582393642e-06,1.202239401387359046e-05,1.602985868516478728e-05,2.003732335645598241e-05,2.404478802774717754e-05,2.805225269903837267e-05
0.000000000000000000e+00,4.195466629067409285e-06,8.390933258134818570e-06,1.258639988720222701e-05,1.678186651626963375e-05,2.097733314533704050e-05,2.517279977440444724e-05,2.936826640347185398e-05
0.000000000000000000e+00,4.248448465138671787e-06,8.496896930277343573e-06,1.274534539541601451e-05,1.699379386055468376e-05,2.124224232569335300e-05,2.549069079083202225e-05,2.973913925597069149e-05
0.000000000000000000e+00,3.950906687269338642e-06,7.901813374538677284e-06,1.185272006180801508e-05,1.580362674907735118e-05,1.975453343634668728e-05,2.370544012361602338e-05,2.765634681088535948e-05
0.000000000000000000e+00,4.195466629068853476e-06,8.390933258137706953e-06,1.258639988720656043e-05,1.678186651627541391e-05,2.097733314534426738e-05,2.517279977441312086e-05,2.936826640348197433e-05
0.000000000000000000e+00,4.248448465140059226e-06,8.496896930280118453e-06,1.274534539542017853e-05,1.699379386056024029e-05,2.124224232570030206e-05,2.549069079084036383e-05,2.973913925598042560e-05
0.000000000000000000e+00,3.950906687270749799e-06,7.901813374541499598e-06,1.185272006181225024e-05,1.580362674908300258e-05,1.975453343635375492e-05,2.370544012362450726e-05,2.765634681089525960e-05
0.000000000000000000e+00,3.991661325721232076e-06,7.983322651442464153e-06,1.197498397716369623e-05,1.596664530288492831e-05,1.995830662860616038e-05,2.394996795432739246e-05,2.794162928004862453e-05
0.000000000000000000e+00,4.104298166575946137e-06,8.208596333151892274e-06,1.231289449972783841e-05,1.641719266630378455e-05,2.052149083287973068e-05,2.462578899945567682e-05,2.873008716603162296e-05
0.000000000000000000e+00,3.774589105575317068e-06,7.549178211150634137e-06,1.132376731672595078e-05,1.509835642230126658e-05,1.887294552787658068e-05,2.264753463345189479e-05,2.642212373902720889e-05
0.000000000000000000e+00,3.991661325722818569e-06,7.983322651445637138e-06,1.197498397716845655e-05,1.596664530289127766e-05,1.995830662861409877e-05,2.394996795433691989e-05,2.794162928005974100e-05
0.000000000000000000e+00,4.104298166577467408e-06,8.208596333154934816e-06,1.231289449973240222e-05,1.641719266630986963e-05,2.052149083288733704e-05,2.462578899946480445e-05,2.873008716604227186e-05
0.000000000000000000e+00,3.774589105576875186e-06,7.549178211153750371e-06,1.132376731673062471e-05,1.509835642230749905e-05,1.887294552788437339e-05,2.264753463346124942e-05,2.642212373903812545e-05
0.000000000000000000e+00,3.668216516653915439e-06,7.336433033307830878e-06,1.100464954996174547e-05,1.467286606661566006e-05,1.834108258326957465e-05,2.200929909992349094e-05,2.567751561657740723e-05
0.000000000000000000e+00,3.837351387347205412e-06,7.674702774694410823e-06,1.151205416204161624e-05,1.534940554938882165e-05,1.918675693673602706e-05,2.302410832408323247e-05,2.686145971143043788e-05
0.000000000000000000e+00,3.479400339433055918e-06,6.958800678866111835e-06,1.043820101829916818e-05,1.391760135773222536e-05,1.739700169716528255e-05,2.087640203659833974e-05,2.435580237603139693e-05
0.000000000000000000e+00,3.668216516655729784e-06,7.336433033311459567e-06,1.100464954996719020e-05,1.467286606662292083e-05,1.834108258327865146e-05,2.200929909993438040e-05,2.567751561659010933e-05
0.000000000000000000e+00,3.837351387348919806e-06,7.674702774697839613e-06,1.151205416204675942e-05,1.534940554939567923e-05,1.918675693674459903e-05,2.302410832409351884e-05,2.686145971144243864e-05
0.000000000000000000e+00,3.479400339434827487e-06,6.958800678869654974e-06,1.043820101830448246e-05,1.391760135773930995e-05,1.739700169717413574e-05,2.087640203660896153e-05,2.435580237604378733e-05
0.000000000000000000e+00,3.226465458996084700e-06,6.452930917992169400e-06,9.679396376988254100e-06,1.290586183598433880e-05,1.613232729498042519e-05,1.935879275397651159e-05,2.258525821297259798e-05
0.000000000000000000e+00,3.452410897091532717e-06,6.904821794183065434e-06,1.035723269127459857e-05,1.380964358836613256e-05,1.726205448545766824e-05,2.071446538254920392e-05,2.416687627964073961e-05
0.000000000000000000e+00,3.062813477067575231e-06,6.125626954135150462e-06,9.188440431202726116e-06,1.225125390827030262e-05,1.531406738533787912e-05,1.837688086240545562e-05,2.143969433947303212e-05
0.000000000000000000e+00,3.226465458998151884e-06,6.452930917996303768e-06,9.679396376994456075e-06,1.290586183599260923e-05,1.613232729499076238e-05,1.935879275398891554e-05,2.258525821298706869e-05
0.000000000000000000e+00,3.452410897093485975e-06,6.904821794186971949e-06,1.035723269128045835e-05,1.380964358837394559e-05,1.726205448546743284e-05,2.071446538256092008e-05,2.416687627965440733e-05
0.000000000000000000e+00,3.062813477069553900e-06,6.125626954139107800e-06,9.188440431208662123e-06,1.225125390827821729e-05,1.531406738534777246e-05,1.837688086241732763e-05,2.143969433948688280e-05
0.000000000000000000e+00,2.659419285350957382e-06,5.318838570701914764e-06,7.978257856052872569e-06,1.063767714140383122e-05,1.329709642675478987e-05,1.595651571210574853e-05,1.861593499745670718e-05
0.000000000000000000e+00,2.946949193814536679e-06,5.893898387629073359e-06,8.840847581443610461e-06,1.178779677525814841e-05,1.473474596907268636e-05,1.768169516288722431e-05,2.062864435670176395e-05
0.000000000000000000e+00,2.515579214882915683e-06,5.031158429765831366e-06,7.546737644648747473e-06,1.006231685953166443e-05,1.257789607441458138e-05,1.509347528929749833e-05,1.760905450418041529e-05
0.000000000000000000e+00,2.659419285353080047e-06,5.318838570706160093e-06,7.978257856059240563e-06,1.063767714141232188e-05,1.329709642676540320e-05,1.595651571211848451e-05,1.861593499747156753e-05
0.000000000000000000e+00,2.946949193816650026e-06,5.893898387633300053e-06,8.840847581449949656e-06,1.178779677526659841e-05,1.473474596908324717e-05,1.768169516289989592e-05,2.062864435671654299e-05
0.000000000000000000e+00,2.515579214884944750e-06,5.031158429769889501e-06,7.546737644654834251e-06,1.006231685953977900e-05,1.257789607442472375e-05,1.509347528930966850e-05,1.760905450419461495e-05
0.000000000000000000e+00,2.304562891673971082e-06,4.609125783347942165e-06,6.913688675021912824e-06,9.218251566695882636e-06,1.152281445836985245e-05,1.382737735004382226e-05,1.613194024171779207e-05
0.000000000000000000e+00,2.304562891676012008e-06,4.609125783352024017e-06,6.913688675028036025e-06,9.218251566704048033e-06,1.152281445838006089e-05,1.382737735005607374e-05,1.613194024173208660e-05
0.000000000000000000e+00,4.765243577883167080e-06,9.530487155766334160e-06,1.429573073364950124e-05,1.906097431153266832e-05,2.382621788941583540e-05,2.859146146729900248e-05,3.335670504518217295e-05
0.000000000000000000e+00,4.441725657475871976e-06,8.883451314951743951e-06,1.332517697242761677e-05,1.776690262990349129e-05,2.220862828737936581e-05,2.665035394485524032e-05,3.109207960233111484e-05
0.000000000000000000e+00,4.430488082854212339e-06,8.860976165708424679e-06,1.329146424856263617e-05,1.772195233141684597e-05,2.215244041427105577e-05,2.658292849712526557e-05,3.101341657997947875e-05
0.000000000000000000e+00,4.657764817834230325e-06,9.315529635668460650e-06,1.397329445350269098e-05,1.863105927133692130e-05,2.328882408917115163e-05,2.794658890700538195e-05,3.260435372483960889e-05
0.000000000000000000e+00,4.186766828710444474e-06,8.373533657420888948e-06,1.256030048613133342e-05,1.674706731484177790e-05,2.093383414355222237e-05,2.512060097226266684e-05,2.930736780097311132e-05
0.000000000000000000e+00,4.477775263486063379e-06,8.955550526972126758e-06,1.343332579045819098e-05,1.791110105394425690e-05,2.238887631743032282e-05,2.686665158091638874e-05,3.134442684440245127e-05
0.000000000000000000e+00,4.432725776788455794e-06,8.865451553576911587e-06,1.329817733036536823e-05,1.773090310715382656e-05,2.216362888394228490e-05,2.659635466073074323e-05,3.102908043751919818e-05
0.000000000000000000e+00,4.179724741109317060e-06,8.359449482218634121e-06,1.253917422332795033e-05,1.671889896443726485e-05,2.089862370554657937e-05,2.507834844665589389e-05,2.925807318776520841e-05
0.000000000000000000e+00,4.765243577884429159e-06,9.530487155768858318e-06,1.429573073365328748e-05,1.906097431153771664e-05,2.382621788942214749e-05,2.859146146730657834e-05,3.335670504519100920e-05
0.000000000000000000e+00,4.441725657477128973e-06,8.883451314954257945e-06,1.332517697243138776e-05,1.776690262990851928e-05,2.220862828738565079e-05,2.665035394486278231e-05,3.109207960233991721e-05
0.000000000000000000e+00,4.432725776789080057e-06,8.865451553578160114e-06,1.329817733036724017e-05,1.773090310715632023e-05,2.216362888394539859e-05,2.659635466073447695e-05,3.102908043752355532e-05
0.000000000000000000e+00,4.657764817835475464e-06,9.315529635670950927e-06,1.397329445350642639e-05,1.863105927134190185e-05,2.328882408917737562e-05,2.794658890701284939e-05,3.260435372484832316e-05
0.000000000000000000e+00,4.186766828711768386e-06,8.373533657423536773e-06,1.256030048613530431e-05,1.674706731484707016e-05,2.093383414355883600e-05,2.512060097227060185e-05,2.930736780098236769e-05
0.000000000000000000e+00,4.477775263487349175e-06,8.955550526974698350e-06,1.343332579046204668e-05,1.791110105394939331e-05,2.238887631743673994e-05,2.686665158092408658e-05,3.134442684441143660e-05
0.000000000000000000e+00,4.804287021803522700e-06,9.608574043607045399e-06,1.441286106541056810e-05,1.921714808721409080e-05,2.402143510901761519e-05,2.882572213082113959e-05,3.363000915262466398e-05
0.000000000000000000e+00,4.813557293416153156e-06,9.627114586832306311e-06,1.444067188024845947e-05,1.925422917366461262e-05,2.406778646708076578e-05,2.888134376049691893e-05,3.369490105391307548e-05
0.000000000000000000e+00,4.541692097019062149e-06,9.083384194038124297e-06,1.362507629105718729e-05,1.816676838807625198e-05,2.270846048509531667e-05,2.725015258211438136e-05,3.179184467913344944e-05
0.000000000000000000e+00,4.804287021804877952e-06,9.608574043609755905e-06,1.441286106541463386e-05,1.921714808721951181e-05,2.402143510902439146e-05,2.882572213082927110e-05,3.363000915263415075e-05
0.000000000000000000e+00,4.813557293417465210e-06,9.627114586834930419e-06,1.444067188025239648e-05,1.925422917366986423e-05,2.406778646708733198e-05,2.888134376050479973e-05,3.369490105392226409e-05
0.000000000000000000e+00,4.541692097020430107e-06,9.083384194040860214e-06,1.362507629106129032e-05,1.816676838808172043e-05,2.270846048510215053e-05,2.725015258212258064e-05,3.179184467914301075e-05
0.000000000000000000e+00,4.666030506059171395e-06,9.332061012118342790e-06,1.399809151817751418e-05,1.866412202423668558e-05,2.333015253029585697e-05,2.799618303635502837e-05,3.266221354241419976e-05
0.000000000000000000e+00,4.751097181995292477e-06,9.502194363990584954e-06,1.425329154598587743e-05,1.900438872798116991e-05,2.375548590997646239e-05,2.850658309197175486e-05,3.325768027396705073e-05
0.000000000000000000e+00,4.439077733693028803e-06,8.878155467386057606e-06,1.331723320107908641e-05,1.775631093477211521e-05,2.219538866846514232e-05,2.663446640215816943e-05,3.107354413585119654e-05
0.000000000000000000e+00,4.666030506060683349e-06,9.332061012121366697e-06,1.399809151818205089e-05,1.866412202424273678e-05,2.333015253030342267e-05,2.799618303636410856e-05,3.266221354242479784e-05
0.000000000000000000e+00,4.751097181996706175e-06,9.502194363993412350e-06,1.425329154599011937e-05,1.900438872798682809e-05,2.375548590998353680e-05,2.850658309198024552e-05,3.325768027397695763e-05
0.000000000000000000e+00,4.439077733694503487e-06,8.878155467389006974e-06,1.331723320108350961e-05,1.775631093477801056e-05,2.219538866847251151e-05,2.663446640216701245e-05,3.107354413586151001e-05
0.000000000000000000e+00,4.396500318782143292e-06,8.793000637564286583e-06,1.318950095634642988e-05,1.758600127512857317e-05,2.198250159391071476e-05,2.637900191269285636e-05,3.077550223147499796e-05
0.000000000000000000e+00,4.540308683672986116e-06,9.080617367345972233e-06,1.362092605101895750e-05,1.816123473469194108e-05,2.270154341836492465e-05,2.724185210203790823e-05,3.178216078571089180e-05
0.000000000000000000e+00,4.203556564429842392e-06,8.407113128859684784e-06,1.261066969328952802e-05,1.681422625771937296e-05,2.101778282214921789e-05,2.522133938657906282e-05,2.942489595100890776e-05
0.000000000000000000e+00,4.396500318783843287e-06,8.793000637567686574e-06,1.318950095635153071e-05,1.758600127513537654e-05,2.198250159391922236e-05,2.637900191270306819e-05,3.077550223148691063e-05
0.000000000000000000e+00,4.540308683674577691e-06,9.080617367349155382e-06,1.362092605102373307e-05,1.816123473469831076e-05,2.270154341837288676e-05,2.724185210204746276e-05,3.178216078572203876e-05
0.000000000000000000e+00,4.203556564431483942e-06,8.407113128862967884e-06,1.261066969329445098e-05,1.681422625772593238e-05,2.101778282215741378e-05,2.522133938658889518e-05,2.942489595102037658e-05
0.000000000000000000e+00,4.016696530871619694e-06,8.033393061743239388e-06,1.205008959261485993e-05,1.606678612348648216e-05,2.008348265435810440e-05,2.410017918522972663e-05,2.811687571610134887e-05
0.000000000000000000e+00,4.211209902222076941e-06,8.422419804444153881e-06,1.263362970666623167e-05,1.684483960888831115e-05,2.105604951111039063e-05,2.526725941333247011e-05,2.947846931555454960e-05
0.000000000000000000e+00,3.850739711200751878e-06,7.701479422401503756e-06,1.155221913360225563e-05,1.540295884480300751e-05,1.925369855600375939e-05,2.310443826720451127e-05,2.695517797840526314e-05
0.000000000000000000e+00,4.016696530873604292e-06,8.033393061747208584e-06,1.205008959262081288e-05,1.606678612349441717e-05,2.008348265436802146e-05,2.410017918524162575e-05,2.811687571611523004e-05
0.000000000000000000e+00,4.211209902223924319e-06,8.422419804447848639e-06,1.263362970667177296e-05,1.684483960889569728e-05,2.105604951111961990e-05,2.526725941334354253e-05,2.947846931556746515e-05
0.000000000000000000e+00,3.850739711202666172e-06,7.701479422405332345e-06,1.155221913360799852e-05,1.540295884481066469e-05,1.925369855601333086e-05,2.310443826721599703e-05,2.695517797841866321e-05
0.000000000000000000e+00,3.537120684434925211e-06,7.074241368869850422e-06,1.061136205330477521e-05,1.414848273773969915e-05,1.768560342217462478e-05,2.122272410660955042e-05,2.475984479104447605e-05
0.000000000000000000e+00,3.778308453759445038e-06,7.556616907518890076e-06,1.133492536127833469e-05,1.511323381503777846e-05,1.889154226879722053e-05,2.266985072255666260e-05,2.644815917631610468e-05
0.000000000000000000e+00,3.386473504917634541e-06,6.772947009835269081e-06,1.015942051475290405e-05,1.354589401967053986e-05,1.693236752458817567e-05,2.031884102950581148e-05,2.370531453442344729e-05
0.000000000000000000e+00,3.537120684437154602e-06,7.074241368874309203e-06,1.061136205331146338e-05,1.414848273774861671e-05,1.768560342218577174e-05,2.122272410662292676e-05,2.475984479106008179e-05
0.000000000000000000e+00,3.778308453761604548e-06,7.556616907523209097e-06,1.133492536128481449e-05,1.511323381504641989e-05,1.889154226880802528e-05,2.266985072256962898e-05,2.644815917633123268e-05
0.000000000000000000e+00,3.386473504919773299e-06,6.772947009839546598e-06,1.015942051475931947e-05,1.354589401967909150e-05,1.693236752459886184e-05,2.031884102951863217e-05,2.370531453443840250e-05
0.000000000000000000e+00,2.955378063532401976e-06,5.910756127064803952e-06,8.866134190597205081e-06,1.182151225412960621e-05,1.477689031766200734e-05,1.773226838119441016e-05,2.068764644472681298e-05
0.000000000000000000e+00,3.246832607592023724e-06,6.493665215184047447e-06,9.740497822776071171e-06,1.298733043036809489e-05,1.623416303796012031e-05,1.948099564555214573e-05,2.272782825314417115e-05
0.000000000000000000e+00,2.806199194756199420e-06,5.612398389512398840e-06,8.418597584268598259e-06,1.122479677902479768e-05,1.403099597378099710e-05,1.683719516853719652e-05,1.964339436329339594e-05
0.000000000000000000e+00,2.955378063534705482e-06,5.910756127069410964e-06,8.866134190604116870e-06,1.182151225413882362e-05,1.477689031767353038e-05,1.773226838120823713e-05,2.068764644474294388e-05
0.000000000000000000e+00,3.246832607594341629e-06,6.493665215188683259e-06,9.740497822783025311e-06,1.298733043037736821e-05,1.623416303797171111e-05,1.948099564556605401e-05,2.272782825316039691e-05
0.000000000000000000e+00,2.806199194758402129e-06,5.612398389516804258e-06,8.418597584275206810e-06,1.122479677903361021e-05,1.403099597379201361e-05,1.683719516855041701e-05,1.964339436330882210e-05
0.000000000000000000e+00,2.605646683508497305e-06,5.211293367016994609e-06,7.816940050525492337e-06,1.042258673403399091e-05,1.302823341754248949e-05,1.563388010105098806e-05,1.823952678455948833e-05
0.000000000000000000e+00,2.605646683510857562e-06,5.211293367021715124e-06,7.816940050532571838e-06,1.042258673404342855e-05,1.302823341755428527e-05,1.563388010106514368e-05,1.823952678457600209e-05
0.000000000000000000e+00,5.320687335951046106e-06,1.064137467190209221e-05,1.596206200785313747e-05,2.128274934380418104e-05,2.660343667975522460e-05,3.192412401570626817e-05,3.724481135165731173e-05
0.000000000000000000e+00,5.021496512641236300e-06,1.004299302528247260e-05,1.506448953792370890e-05,2.008598605056494520e-05,2.510748256320617980e-05,3.012897907584741441e-05,3.515047558848864901e-05
0.000000000000000000e+00,5.005567779500693978e-06,1.001113555900138796e-05,1.501670333850208193e-05,2.002227111800277591e-05,2.502783889750346820e-05,3.003340667700416048e-05,3.503897445650485277e-05
0.000000000000000000e+00,5.218260085808120703e-06,1.043652017161624141e-05,1.565478025742436126e-05,2.087304034323247942e-05,2.609130042904059759e-05,3.130956051484871575e-05,3.652782060065683391e-05
0.000000000000000000e+00,4.719491640331726521e-06,9.438983280663453042e-06,1.415847492099517872e-05,1.887796656132690270e-05,2.359745820165862668e-05,2.831694984199035066e-05,3.303644148232207464e-05
0.000000000000000000e+00,5.035461871932594046e-06,1.007092374386518809e-05,1.510638561579778129e-05,2.014184748773037279e-05,2.517730935966296430e-05,3.021277123159555580e-05,3.524823310352815070e-05
0.000000000000000000e+00,5.008723754738247221e-06,1.001744750947649444e-05,1.502617126421474251e-05,2.003489501895299227e-05,2.504361877369124203e-05,3.005234252842949180e-05,3.506106628316773817e-05
0.000000000000000000e+00,4.705330839854546375e-06,9.410661679709092750e-06,1.411599251956363997e-05,1.882132335941818889e-05,2.352665419927273780e-05,2.823198503912728672e-05,3.293731587898183902e-05
0.000000000000000000e+00,5.320687335952224329e-06,1.064137467190444866e-05,1.596206200785667468e-05,2.128274934380890070e-05,2.660343667976112673e-05,3.192412401571334936e-05,3.724481135166557200e-05
0.000000000000000000e+00,5.021496512642251045e-06,1.004299302528450209e-05,1.506448953792675314e-05,2.008598605056900418e-05,2.510748256321125523e-05,3.012897907585350627e-05,3.515047558849575732e-05
0.000000000000000000e+00,5.008723754738778311e-06,1.001744750947755662e-05,1.502617126421633493e-05,2.003489501895511324e-05,2.504361877369389155e-05,3.005234252843266986e-05,3.506106628317145156e-05
0.000000000000000000e+00,5.218260085809202364e-06,1.043652017161840473e-05,1.565478025742760709e-05,2.087304034323680946e-05,2.609130042904601182e-05,3.130956051485521419e-05,3.652782060066441655e-05
0.000000000000000000e+00,4.719491640332889497e-06,9.438983280665778994e-06,1.415847492099866849e-05,1.887796656133155799e-05,2.359745820166444749e-05,2.831694984199733698e-05,3.303644148233022648e-05
0.000000000000000000e+00,5.035461871933806150e-06,1.007092374386761230e-05,1.510638561580141845e-05,2.014184748773522460e-05,2.517730935966903244e-05,3.021277123160284029e-05,3.524823310353664813e-05
0.000000000000000000e+00,5.375164967270823839e-06,1.075032993454164768e-05,1.612549490181247236e-05,2.150065986908329874e-05,2.687582483635412512e-05,3.225098980362495150e-05,3.762615477089577450e-05
0.000000000000000000e+00,5.372184964887627935e-06,1.074436992977525587e-05,1.611655489466288550e-05,2.148873985955051513e-05,2.686092482443814476e-05,3.223310978932577100e-05,3.760529475421339724e-05
0.000000000000000000e+00,5.085515510998713246e-06,1.017103102199742649e-05,1.525654653299614058e-05,2.034206204399485637e-05,2.542757755499357216e-05,3.051309306599228794e-05,3.559860857699100034e-05
0.000000000000000000e+00,5.375164967272076601e-06,1.075032993454415320e-05,1.612549490181622980e-05,2.150065986908830640e-05,2.687582483636038300e-05,3.225098980363245960e-05,3.762615477090453620e-05
0.000000000000000000e+00,5.372184964888795147e-06,1.074436992977759029e-05,1.611655489466638544e-05,2.148873985955518059e-05,2.686092482444397573e-05,3.223310978933277088e-05,3.760529475422156264e-05
0.000000000000000000e+00,5.085515511000021912e-06,1.017103102200004382e-05,1.525654653300006573e-05,2.034206204400008765e-05,2.542757755500010786e-05,3.051309306600012808e-05,3.559860857700014830e-05
0.000000000000000000e+00,5.280641596913529701e-06,1.056128319382705940e-05,1.584192479074058825e-05,2.112256638765411541e-05,2.640320798456764257e-05,3.168384958148116973e-05,3.696449117839469689e-05
0.000000000000000000e+00,5.340826724822756694e-06,1.068165344964551339e-05,1.602248017446827178e-05,2.136330689929103016e-05,2.670413362411378855e-05,3.204496034893654355e-05,3.738578707375929855e-05
0.000000000000000000e+00,4.969252568795186804e-06,9.938505137590373609e-06,1.490775770638556126e-05,1.987701027518075061e-05,2.484626284397593995e-05,2.981551541277112930e-05,3.478476798156631864e-05
0.000000000000000000e+00,5.280641596914830743e-06,1.056128319382966149e-05,1.584192479074449138e-05,2.112256638765931958e-05,2.640320798457414779e-05,3.168384958148897599e-05,3.696449117840380419e-05
0.000000000000000000e+00,5.340826724824037408e-06,1.068165344964807482e-05,1.602248017447211392e-05,2.136330689929615302e-05,2.670413362412019212e-05,3.204496034894422783e-05,3.738578707376826355e-05
0.000000000000000000e+00,4.969252568796612361e-06,9.938505137593224722e-06,1.490775770638983708e-05,1.987701027518644944e-05,2.484626284398306180e-05,2.981551541277967416e-05,3.478476798157628653e-05
0.000000000000000000e+00,5.080063620484898018e-06,1.016012724096979604e-05,1.524019086145469405e-05,2.032025448193959207e-05,2.540031810242448840e-05,3.048038172290938472e-05,3.556044534339428104e-05
0.000000000000000000e+00,5.187258585242446543e-06,1.037451717048489309e-05,1.556177575572733794e-05,2.074903434096978278e-05,2.593629292621222763e-05,3.112355151145467587e-05,3.631081009669712411e-05
0.000000000000000000e+00,4.733994350176357294e-06,9.467988700352714587e-06,1.420198305052907188e-05,1.893597740070542917e-05,2.366997175088178816e-05,2.840396610105814715e-05,3.313796045123450614e-05
0.000000000000000000e+00,5.080063620486420983e-06,1.016012724097284197e-05,1.524019086145926295e-05,2.032025448194568393e-05,2.540031810243210492e-05,3.048038172291852590e-05,3.556044534340494688e-05
0.000000000000000000e+00,5.187258585243896664e-06,1.037451717048779333e-05,1.556177575573168830e-05,2.074903434097558327e-05,2.593629292621947824e-05,3.112355151146337659e-05,3.631081009670727495e-05
0.000000000000000000e+00,4.733994350177966656e-06,9.467988700355933312e-06,1.420198305053389997e-05,1.893597740071186662e-05,2.366997175088983159e-05,2.840396610106779655e-05,3.313796045124576151e-05
0.000000000000000000e+00,4.795061957404752162e-06,9.590123914809504325e-06,1.438518587221425564e-05,1.918024782961900526e-05,2.397530978702375488e-05,2.877037174442850450e-05,3.356543370183325751e-05
0.000000000000000000e+00,4.940532104184045812e-06,9.881064208368091624e-06,1.482159631255213828e-05,1.976212841673618664e-05,2.470266052092023499e-05,2.964319262510428334e-05,3.458372472928833170e-05
0.000000000000000000e+00,4.401565953475717397e-06,8.803131906951434794e-06,1.320469786042715134e-05,1.760626381390286620e-05,2.200782976737858106e-05,2.640939572085429591e-05,3.081096167433001077e-05
0.000000000000000000e+00,4.795061957406483498e-06,9.590123914812966996e-06,1.438518587221944965e-05,1.918024782962593060e-05,2.397530978703241156e-05,2.877037174443889252e-05,3.356543370184537347e-05
0.000000000000000000e+00,4.940532104185667033e-06,9.881064208371334066e-06,1.482159631255700025e-05,1.976212841674266474e-05,2.470266052092832924e-05,2.964319262511399373e-05,3.458372472929966161e-05
0.000000000000000000e+00,4.401565953477629150e-06,8.803131906955258300e-06,1.320469786043288745e-05,1.760626381391051660e-05,2.200782976738814575e-05,2.640939572086577490e-05,3.081096167434340066e-05
0.000000000000000000e+00,4.440988740741311953e-06,8.881977481482623905e-06,1.332296622222393670e-05,1.776395496296525120e-05,2.220494370370656569e-05,2.664593244444788019e-05,3.108692118518919807e-05
0.000000000000000000e+00,4.617458505106429669e-06,9.234917010212859338e-06,1.385237551531928816e-05,1.846983402042571529e-05,2.308729252553214242e-05,2.770475103063856954e-05,3.232220953574499667e-05
0.000000000000000000e+00,3.985581208786422684e-06,7.971162417572845367e-06,1.195674362635926805e-05,1.594232483514569073e-05,1.992790604393211511e-05,2.391348725271853949e-05,2.789906846150496387e-05
0.000000000000000000e+00,4.440988740743783595e-06,8.881977481487567189e-06,1.332296622223134994e-05,1.776395496297513099e-05,2.220494370371891204e-05,2.664593244446269310e-05,3.108692118520647754e-05
0.000000000000000000e+00,4.617458505108415961e-06,9.234917010216831923e-06,1.385237551532524788e-05,1.846983402043366385e-05,2.308729252554207981e-05,2.770475103065049577e-05,3.232220953575890834e-05
0.000000000000000000e+00,3.985581208788721531e-06,7.971162417577443062e-06,1.195674362636616459e-05,1.594232483515488612e-05,1.992790604394360766e-05,2.391348725273232919e-05,2.789906846152105072e-05
0.000000000000000000e+00,4.032919312094315983e-06,8.065838624188631967e-06,1.209875793628294795e-05,1.613167724837726393e-05,2.016459656047157992e-05,2.419751587256589590e-05,2.823043518466021188e-05
0.000000000000000000e+00,4.233545739678294034e-06,8.467091479356588069e-06,1.270063721903488295e-05,1.693418295871317953e-05,2.116772869839147610e-05,2.540127443806977268e-05,2.963482017774806925e-05
0.000000000000000000e+00,3.493981523585254367e-06,6.987963047170508734e-06,1.048194457075576268e-05,1.397592609434101577e-05,1.746990761792626887e-05,2.096388914151152197e-05,2.445787066509677506e-05
0.000000000000000000e+00,4.032919312096892658e-06,8.065838624193785315e-06,1.209875793629067797e-05,1.613167724838757063e-05,2.016459656048446159e-05,2.419751587258135256e-05,2.823043518467824352e-05
0.000000000000000000e+00,4.233545739680586105e-06,8.467091479361172211e-06,1.270063721904175747e-05,1.693418295872234103e-05,2.116772869840292460e-05,2.540127443808350816e-05,2.963482017776409173e-05
0.000000000000000000e+00,3.493981523587725162e-06,6.987963047175450324e-06,1.048194457076317591e-05,1.397592609435090234e-05,1.746990761793862877e-05,2.096388914152635521e-05,2.445787066511408164e-05
0.000000000000000000e+00,3.567548456701090604e-06,7.135096913402181208e-06,1.070264537010327181e-05,1.427019382680436242e-05,1.783774228350545302e-05,2.140529074020654362e-05,2.497283919690763423e-05
0.000000000000000000e+00,3.567473010298232540e-06,7.134946020596465080e-06,1.070241903089469804e-05,1.426989204119293185e-05,1.783736505149116397e-05,2.140483806178939609e-05,2.497231107208762820e-05
0.000000000000000000e+00,3.800746621214002360e-06,7.601493242428004719e-06,1.140223986364200708e-05,1.520298648485600944e-05,1.900373310607001180e-05,2.280447972728401416e-05,2.660522634849801652e-05
0.000000000000000000e+00,2.912167951050638742e-06,5.824335902101277484e-06,8.736503853151916650e-06,1.164867180420255666e-05,1.456083975525319667e-05,1.747300770630383669e-05,2.038517565735447501e-05
0.000000000000000000e+00,3.567516163215317486e-06,7.135032326430634972e-06,1.070254848964595288e-05,1.427006465286127164e-05,1.783758081607658870e-05,2.140509697929190576e-05,2.497261314250722282e-05
0.000000000000000000e+00,2.912021295067959238e-06,5.824042590135918476e-06,8.736063885203878562e-06,1.164808518027183865e-05,1.456010647533979873e-05,1.747212777040775712e-05,2.038414906547571551e-05
0.000000000000000000e+00,3.567548456703766381e-06,7.135096913407532762e-06,1.070264537011129830e-05,1.427019382681506383e-05,1.783774228351882936e-05,2.140529074022259659e-05,2.497283919692636382e-05
0.000000000000000000e+00,3.567516163216635046e-06,7.135032326433270091e-06,1.070254848964990514e-05,1.427006465286654018e-05,1.783758081608317523e-05,2.140509697929981027e-05,2.497261314251644532e-05
0.000000000000000000e+00,3.800746621216503648e-06,7.601493242433007296e-06,1.140223986364951179e-05,1.520298648486601629e-05,1.900373310608252078e-05,2.280447972729902358e-05,2.660522634851552638e-05
0.000000000000000000e+00,2.912167951053180264e-06,5.824335902106360529e-06,8.736503853159541640e-06,1.164867180421272275e-05,1.456083975526590386e-05,1.747300770631908328e-05,2.038517565737226270e-05
0.000000000000000000e+00,5.907999857908058945e-06,1.181599971581611789e-05,1.772399957372417599e-05,2.363199943163223239e-05,2.953999928954028880e-05,3.544799914744834520e-05,4.135599900535639822e-05
0.000000000000000000e+00,5.683557425470362613e-06,1.136711485094072523e-05,1.705067227641108869e-05,2.273422970188145384e-05,2.841778712735181899e-05,3.410134455282218415e-05,3.978490197829254930e-05
0.000000000000000000e+00,5.668408052597852584e-06,1.133681610519570517e-05,1.700522415779355775e-05,2.267363221039141034e-05,2.834204026298926292e-05,3.401044831558711550e-05,3.967885636818496470e-05
0.000000000000000000e+00,5.826195981428904389e-06,1.165239196285780878e-05,1.747858794428671232e-05,2.330478392571561417e-05,2.913097990714451601e-05,3.495717588857341786e-05,4.078337187000231971e-05
0.000000000000000000e+00,5.343163259831093229e-06,1.068632651966218646e-05,1.602948977949328053e-05,2.137265303932437630e-05,2.671581629915547207e-05,3.205897955898656784e-05,3.740214281881766361e-05
0.000000000000000000e+00,5.607452592899465207e-06,1.121490518579893041e-05,1.682235777869839393e-05,2.242981037159785744e-05,2.803726296449732096e-05,3.364471555739678786e-05,3.925216815029625476e-05
0.000000000000000000e+00,5.671349892775673337e-06,1.134269978555134667e-05,1.701404967832702086e-05,2.268539957110269674e-05,2.835674946387837261e-05,3.402809935665404849e-05,3.969944924942972437e-05
0.000000000000000000e+00,5.326850554567389018e-06,1.065370110913477804e-05,1.598055166370216621e-05,2.130740221826955269e-05,2.663425277283693916e-05,3.196110332740432564e-05,3.728795388197171212e-05
0.000000000000000000e+00,5.907999857909052515e-06,1.181599971581810503e-05,1.772399957372715754e-05,2.363199943163621006e-05,2.953999928954526257e-05,3.544799914745431509e-05,4.135599900536336422e-05
0.000000000000000000e+00,5.683557425471342630e-06,1.136711485094268526e-05,1.705067227641402958e-05,2.273422970188537391e-05,2.841778712735671823e-05,3.410134455282805917e-05,3.978490197829940011e-05
0.000000000000000000e+00,5.671349892776142593e-06,1.134269978555228519e-05,1.701404967832842693e-05,2.268539957110456698e-05,2.835674946388070704e-05,3.402809935665684709e-05,3.969944924943298375e-05
0.000000000000000000e+00,5.826195981429878476e-06,1.165239196285975695e-05,1.747858794428963628e-05,2.330478392571951729e-05,2.913097990714939831e-05,3.495717588857927933e-05,4.078337187000915696e-05
0.000000000000000000e+00,5.343163259832116445e-06,1.068632651966423289e-05,1.602948977949635018e-05,2.137265303932846917e-05,2.671581629916058815e-05,3.205897955899270714e-05,3.740214281882482612e-05
0.000000000000000000e+00,5.607452592900554492e-06,1.121490518580110898e-05,1.682235777870166348e-05,2.242981037160221797e-05,2.803726296450277246e-05,3.364471555740332695e-05,3.925216815030388483e-05
0.000000000000000000e+00,5.967125476418876101e-06,1.193425095283775220e-05,1.790137642925662830e-05,2.386850190567550440e-05,2.983562738209438050e-05,3.580275285851325660e-05,4.176987833493212932e-05
0.000000000000000000e+00,5.955407563405171635e-06,1.191081512681034327e-05,1.786622269021551575e-05,2.382163025362068993e-05,2.977703781702586411e-05,3.573244538043103828e-05,4.168785294383621585e-05
0.000000000000000000e+00,5.670152555423816632e-06,1.134030511084763326e-05,1.701045766627144905e-05,2.268061022169526314e-05,2.835076277711907723e-05,3.402091533254289132e-05,3.969106788796670203e-05
0.000000000000000000e+00,5.967125476419985714e-06,1.193425095283997143e-05,1.790137642925995884e-05,2.386850190567994624e-05,2.983562738209993365e-05,3.580275285851991767e-05,4.176987833493990169e-05
0.000000000000000000e+00,5.955407563406208404e-06,1.191081512681241681e-05,1.786622269021862606e-05,2.382163025362483700e-05,2.977703781703104795e-05,3.573244538043725889e-05,4.168785294384346645e-05
0.000000000000000000e+00,5.670152555424999937e-06,1.134030511084999987e-05,1.701045766627499981e-05,2.268061022169999975e-05,2.835076277712499969e-05,3.402091533254999962e-05,3.969106788797499617e-05
0.000000000000000000e+00,5.917951272110471921e-06,1.183590254422094384e-05,1.775385381633141576e-05,2.367180508844188768e-05,2.958975636055235961e-05,3.550770763266283153e-05,4.142565890477330345e-05
0.000000000000000000e+00,5.952773906626376623e-06,1.190554781325275325e-05,1.785832171987912818e-05,2.381109562650550311e-05,2.976386953313187804e-05,3.571664343975825635e-05,4.166941734638463467e-05
0.000000000000000000e+00,5.599812000228032767e-06,1.119962400045606553e-05,1.679943600068409661e-05,2.239924800091212768e-05,2.799906000114015875e-05,3.359887200136819321e-05,3.919868400159622768e-05
0.000000000000000000e+00,5.917951272111612874e-06,1.183590254422322575e-05,1.775385381633483778e-05,2.367180508844644811e-05,2.958975636055805844e-05,3.550770763266966878e-05,4.142565890478127911e-05
0.000000000000000000e+00,5.952773906627484543e-06,1.190554781325496909e-05,1.785832171988245532e-05,2.381109562650994156e-05,2.976386953313742780e-05,3.571664343976491064e-05,4.166941734639239349e-05
0.000000000000000000e+00,5.599812000229271129e-06,1.119962400045854226e-05,1.679943600068781339e-05,2.239924800091708452e-05,2.799906000114635565e-05,3.359887200137562678e-05,3.919868400160489452e-05
0.000000000000000000e+00,5.790080036151774594e-06,1.158016007230354919e-05,1.737024010845532294e-05,2.316032014460709499e-05,2.895040018075886704e-05,3.474048021691063910e-05,4.053056025306241454e-05
0.000000000000000000e+00,5.859672303740993736e-06,1.171934460748198747e-05,1.757901691122298036e-05,2.343868921496397155e-05,2.929836151870496275e-05,3.515803382244595394e-05,4.101770612618694514e-05
0.000000000000000000e+00,5.435714735367891064e-06,1.087142947073578213e-05,1.630714420610367404e-05,2.174285894147156764e-05,2.717857367683946125e-05,3.261428841220735485e-05,3.805000314757524846e-05
0.000000000000000000e+00,5.790080036152996863e-06,1.158016007230599373e-05,1.737024010845899228e-05,2.316032014461199084e-05,2.895040018076498940e-05,3.474048021691798457e-05,4.053056025307097974e-05
0.000000000000000000e+00,5.859672303742195676e-06,1.171934460748439135e-05,1.757901691122658533e-05,2.343868921496877931e-05,2.929836151871097330e-05,3.515803382245317067e-05,4.101770612619536803e-05
0.000000000000000000e+00,5.435714735369270033e-06,1.087142947073854007e-05,1.630714420610781095e-05,2.174285894147708352e-05,2.717857367684635609e-05,3.261428841221562867e-05,3.805000314758489786e-05
0.000000000000000000e+00,5.601128585044195080e-06,1.120225717008839016e-05,1.680338575513258439e-05,2.240451434017677693e-05,2.800564292522096947e-05,3.360677151026516201e-05,3.920790009530935455e-05
0.000000000000000000e+00,5.698044549467890034e-06,1.139608909893578007e-05,1.709413364840367010e-05,2.279217819787156013e-05,2.849022274733945017e-05,3.418826729680734020e-05,3.988631184627523362e-05
0.000000000000000000e+00,5.198315544151321072e-06,1.039663108830264214e-05,1.559494663245396322e-05,2.079326217660528429e-05,2.599157772075660536e-05,3.118989326490792643e-05,3.638820880905924751e-05
0.000000000000000000e+00,5.601128585045643506e-06,1.120225717009128701e-05,1.680338575513693137e-05,2.240451434018257741e-05,2.800564292522822346e-05,3.360677151027386951e-05,3.920790009531951894e-05
0.000000000000000000e+00,5.698044549469257145e-06,1.139608909893851429e-05,1.709413364840777313e-05,2.279217819787703197e-05,2.849022274734629081e-05,3.418826729681554626e-05,3.988631184628480171e-05
0.000000000000000000e+00,5.198315544152932976e-06,1.039663108830586595e-05,1.559494663245879808e-05,2.079326217661172852e-05,2.599157772076465895e-05,3.118989326491758939e-05,3.638820880907051643e-05
0.000000000000000000e+00,5.366188064082333590e-06,1.073237612816466718e-05,1.609856419224699908e-05,2.146475225632933097e-05,2.683094032041166287e-05,3.219712838449399815e-05,3.756331644857633344e-05
0.000000000000000000e+00,5.482826116756104511e-06,1.096565223351220902e-05,1.644847835026831353e-05,2.193130446702441804e-05,2.741413058378052255e-05,3.289695670053662706e-05,3.837978281729273157e-05
0.000000000000000000e+00,4.903577668610577596e-06,9.807155337221155192e-06,1.471073300583173194e-05,1.961431067444230700e-05,2.451788834305288205e-05,2.942146601166345711e-05,3.432504368027403216e-05
0.000000000000000000e+00,5.366188064083969211e-06,1.073237612816793842e-05,1.609856419225190848e-05,2.146475225633588023e-05,2.683094032041985198e-05,3.219712838450382373e-05,3.756331644858779887e-05
0.000000000000000000e+00,5.482826116757666439e-06,1.096565223351533288e-05,1.644847835027299932e-05,2.193130446703066576e-05,2.741413058378833220e-05,3.289695670054599864e-05,3.837978281730366169e-05
0.000000000000000000e+00,4.903577668612549489e-06,9.807155337225098978e-06,1.471073300583764762e-05,1.961431067445019457e-05,2.451788834306274151e-05,2.942146601167528846e-05,3.432504368028783541e-05
0.000000000000000000e+00,5.110480150499887314e-06,1.022096030099977463e-05,1.533144045149966025e-05,2.044192060199954587e-05,2.555240075249943149e-05,3.066288090299932050e-05,3.577336105349920951e-05
0.000000000000000000e+00,5.232432526445585613e-06,1.046486505289117123e-05,1.569729757933675769e-05,2.092973010578234584e-05,2.616216263222793400e-05,3.139459515867352215e-05,3.662702768511911030e-05
0.000000000000000000e+00,4.574152647368241685e-06,9.148305294736483370e-06,1.372245794210472505e-05,1.829661058947296674e-05,2.287076323684121012e-05,2.744491588420945350e-05,3.201906853157769688e-05
0.000000000000000000e+00,5.110480150501814314e-06,1.022096030100362863e-05,1.533144045150544379e-05,2.044192060200726064e-05,2.555240075250907750e-05,3.066288090301089436e-05,3.577336105351271460e-05
0.000000000000000000e+00,5.232432526447432145e-06,1.046486505289486429e-05,1.569729757934229728e-05,2.092973010578973197e-05,2.616216263223716666e-05,3.139459515868460134e-05,3.662702768513203264e-05
0.000000000000000000e+00,4.574152647370496486e-06,9.148305294740992973e-06,1.372245794211148946e-05,1.829661058948198595e-05,2.287076323685248243e-05,2.744491588422297892e-05,3.201906853159347879e-05
0.000000000000000000e+00,4.880727083226708167e-06,9.761454166453416333e-06,1.464218124968012365e-05,1.952290833290682928e-05,2.440363541613353490e-05,2.928436249936024053e-05,3.416508958258694954e-05
0.000000000000000000e+00,4.881125732723392722e-06,9.762251465446785445e-06,1.464337719817017817e-05,1.952450293089357089e-05,2.440562866361696361e-05,2.928675439634035633e-05,3.416788012906374567e-05
0.000000000000000000e+00,4.983596402419622976e-06,9.967192804839245952e-06,1.495078920725886808e-05,1.993438560967848852e-05,2.491798201209810895e-05,2.990157841451772939e-05,3.488517481693734982e-05
0.000000000000000000e+00,4.229941593987003811e-06,8.459883187974007621e-06,1.268982478196101058e-05,1.691976637594801185e-05,2.114970796993501312e-05,2.537964956392201439e-05,2.960959115790901566e-05
0.000000000000000000e+00,4.881033239259208516e-06,9.762066478518417032e-06,1.464309971777762639e-05,1.952413295703683745e-05,2.440516619629604851e-05,2.928619943555525957e-05,3.416723267481447401e-05
0.000000000000000000e+00,4.230043754027251859e-06,8.460087508054503719e-06,1.269013126208175558e-05,1.692017501610900744e-05,2.115021877013625930e-05,2.538026252416351116e-05,2.961030627819076302e-05
0.000000000000000000e+00,4.880727083228962121e-06,9.761454166457924242e-06,1.464218124968688636e-05,1.952290833291584848e-05,2.440363541614481061e-05,2.928436249937377273e-05,3.416508958260273824e-05
0.000000000000000000e+00,4.881033239260335070e-06,9.762066478520670140e-06,1.464309971778100436e-05,1.952413295704133689e-05,2.440516619630166942e-05,2.928619943556200195e-05,3.416723267482233448e-05
0.000000000000000000e+00,4.983596402421757499e-06,9.967192804843514998e-06,1.495078920726527165e-05,1.993438560968702661e-05,2.491798201210878157e-05,2.990157841453053652e-05,3.488517481695229148e-05
0.000000000000000000e+00,4.229941593989504252e-06,8.459883187979008504e-06,1.268982478196851191e-05,1.691976637595801362e-05,2.114970796994751533e-05,2.537964956393701704e-05,2.960959115792651875e-05
0.000000000000000000e+00,6.517920192901205227e-06,1.303584038580241045e-05,1.955376057870361568e-05,2.607168077160482091e-05,3.258960096450602613e-05,3.910752115740723136e-05,4.562544135030843659e-05
0.000000000000000000e+00,6.399431788093500359e-06,1.279886357618700072e-05,1.919829536428050023e-05,2.559772715237399805e-05,3.199715894046749586e-05,3.839659072856099368e-05,4.479602251665449150e-05
0.000000000000000000e+00,6.390370994152684749e-06,1.278074198830536950e-05,1.917111298245805510e-05,2.556148397661074239e-05,3.195185497076342968e-05,3.834222596491611697e-05,4.473259695906880426e-05
0.000000000000000000e+00,6.472553227030990744e-06,1.294510645406198149e-05,1.941765968109297223e-05,2.589021290812396298e-05,3.236276613515495033e-05,3.883531936218593769e-05,4.530787258921692505e-05
0.000000000000000000e+00,6.035366675757388255e-06,1.207073335151477651e-05,1.810610002727216307e-05,2.414146670302954963e-05,3.017683337878693619e-05,3.621220005454432614e-05,4.224756673030171609e-05
0.000000000000000000e+00,6.207051721307710057e-06,1.241410344261542011e-05,1.862115516392312932e-05,2.482820688523083684e-05,3.103525860653854435e-05,3.724231032784625187e-05,4.344936204915395938e-05
0.000000000000000000e+00,6.392129908767930057e-06,1.278425981753586011e-05,1.917638972630379102e-05,2.556851963507172362e-05,3.196064954383965283e-05,3.835277945260758204e-05,4.474490936137551125e-05
0.000000000000000000e+00,6.022649398403170306e-06,1.204529879680634061e-05,1.806794819520951177e-05,2.409059759361268461e-05,3.011324699201585746e-05,3.613589639041903031e-05,4.215854578882220316e-05
0.000000000000000000e+00,6.517920192901896406e-06,1.303584038580379281e-05,1.955376057870568922e-05,2.607168077160758562e-05,3.258960096450948203e-05,3.910752115741137843e-05,4.562544135031327484e-05
0.000000000000000000e+00,6.399431788094287252e-06,1.279886357618857450e-05,1.919829536428286176e-05,2.559772715237714901e-05,3.199715894047143287e-05,3.839659072856571674e-05,4.479602251666000060e-05
0.000000000000000000e+00,6.392129908768314610e-06,1.278425981753662922e-05,1.917638972630494298e-05,2.556851963507325505e-05,3.196064954384156373e-05,3.835277945260987242e-05,4.474490936137818110e-05
0.000000000000000000e+00,6.472553227031762391e-06,1.294510645406352478e-05,1.941765968109528633e-05,2.589021290812704618e-05,3.236276613515880603e-05,3.883531936219056588e-05,4.530787258922232573e-05
0.000000000000000000e+00,6.035366675758278486e-06,1.207073335151655697e-05,1.810610002727483631e-05,2.414146670303311733e-05,3.017683337879139836e-05,3.621220005454967939e-05,4.224756673030796380e-05
0.000000000000000000e+00,6.207051721308562172e-06,1.241410344261712434e-05,1.862115516392568736e-05,2.482820688523425208e-05,3.103525860654281340e-05,3.724231032785137472e-05,4.344936204915993605e-05
0.000000000000000000e+00,6.557885542034085237e-06,1.311577108406817047e-05,1.967365662610225571e-05,2.623154216813634095e-05,3.278942771017042280e-05,3.934731325220450465e-05,4.590519879423858650e-05
0.000000000000000000e+00,6.547105777333493449e-06,1.309421155466698690e-05,1.964131733200048035e-05,2.618842310933397379e-05,3.273552888666747063e-05,3.928263466400096747e-05,4.582974044133446430e-05
0.000000000000000000e+00,6.262849110012488702e-06,1.252569822002497740e-05,1.878854733003746695e-05,2.505139644004995820e-05,3.131424555006245283e-05,3.757709466007494746e-05,4.383994377008744209e-05
0.000000000000000000e+00,6.557885542034993257e-06,1.311577108406998651e-05,1.967365662610497977e-05,2.623154216813997303e-05,3.278942771017496290e-05,3.934731325220995276e-05,4.590519879424494263e-05
0.000000000000000000e+00,6.547105777334327776e-06,1.309421155466865555e-05,1.964131733200298417e-05,2.618842310933731449e-05,3.273552888667164481e-05,3.928263466400597513e-05,4.582974044134030544e-05
0.000000000000000000e+00,6.262849110013485660e-06,1.252569822002697132e-05,1.878854733004045867e-05,2.505139644005394603e-05,3.131424555006743338e-05,3.757709466008091735e-05,4.383994377009440131e-05
0.000000000000000000e+00,6.541749999264534511e-06,1.308349999852906902e-05,1.962524999779360438e-05,2.616699999705814143e-05,3.270874999632268187e-05,3.925049999558722231e-05,4.579224999485176275e-05
0.000000000000000000e+00,6.555570162066871917e-06,1.311114032413374383e-05,1.966671048620061491e-05,2.622228064826748428e-05,3.277785081033435027e-05,3.933342097240121626e-05,4.588899113446808225e-05
0.000000000000000000e+00,6.233408966187422158e-06,1.246681793237484432e-05,1.870022689856226647e-05,2.493363586474968863e-05,3.116704483093710740e-05,3.740045379712452617e-05,4.363386276331194494e-05
0.000000000000000000e+00,6.541749999265451847e-06,1.308349999853090369e-05,1.962524999779635554e-05,2.616699999706180739e-05,3.270874999632726262e-05,3.925049999559271786e-05,4.579224999485817310e-05
0.000000000000000000e+00,6.555570162067770619e-06,1.311114032413554124e-05,1.966671048620331186e-05,2.622228064827108248e-05,3.277785081033884971e-05,3.933342097240661694e-05,4.588899113447438417e-05
0.000000000000000000e+00,6.233408966188477561e-06,1.246681793237695512e-05,1.870022689856543438e-05,2.493363586475391363e-05,3.116704483094239289e-05,3.740045379713086875e-05,4.363386276331934462e-05
0.000000000000000000e+00,6.482836649521666696e-06,1.296567329904333339e-05,1.944850994856500093e-05,2.593134659808667017e-05,3.241418324760833602e-05,3.889701989713000187e-05,4.537985654665166772e-05
0.000000000000000000e+00,6.515699588275422847e-06,1.303139917655084569e-05,1.954709876482626770e-05,2.606279835310168800e-05,3.257849794137710831e-05,3.909419752965252861e-05,4.560989711792794892e-05
0.000000000000000000e+00,6.141513313838237246e-06,1.228302662767647449e-05,1.842453994151471174e-05,2.456605325535294899e-05,3.070756656919118284e-05,3.684907988302941670e-05,4.299059319686765056e-05
0.000000000000000000e+00,6.482836649522772074e-06,1.296567329904554415e-05,1.944850994856831792e-05,2.593134659809109168e-05,3.241418324761386545e-05,3.889701989713663583e-05,4.537985654665940621e-05
0.000000000000000000e+00,6.515699588276395241e-06,1.303139917655279048e-05,1.954709876482918488e-05,2.606279835310557758e-05,3.257849794138197367e-05,3.909419752965836975e-05,4.560989711793476584e-05
0.000000000000000000e+00,6.141513313839390058e-06,1.228302662767878012e-05,1.842453994151817102e-05,2.456605325535756362e-05,3.070756656919695622e-05,3.684907988303634882e-05,4.299059319687574142e-05
0.000000000000000000e+00,6.390418949393234057e-06,1.278083789878646811e-05,1.917125684817970132e-05,2.556167579757293284e-05,3.195209474696616774e-05,3.834251369635940265e-05,4.473293264575263755e-05
0.000000000000000000e+00,6.438225881320029172e-06,1.287645176264005834e-05,1.931467764396008836e-05,2.575290352528012008e-05,3.219112940660015179e-05,3.862935528792018350e-05,4.506758116924021522e-05
0.000000000000000000e+00,6.001092683088374180e-06,1.200218536617674836e-05,1.800327804926512085e-05,2.400437073235349333e-05,3.000546341544186582e-05,3.600655609853024169e-05,4.200764878161861757e-05
0.000000000000000000e+00,6.390418949394363152e-06,1.278083789878872630e-05,1.917125684818308945e-05,2.556167579757745261e-05,3.195209474697181915e-05,3.834251369636618569e-05,4.473293264576055223e-05
0.000000000000000000e+00,6.438225881321099822e-06,1.287645176264219964e-05,1.931467764396330031e-05,2.575290352528440268e-05,3.219112940660550504e-05,3.862935528792660740e-05,4.506758116924770976e-05
0.000000000000000000e+00,6.001092683089680305e-06,1.200218536617936061e-05,1.800327804926904091e-05,2.400437073235872122e-05,3.000546341544840152e-05,3.600655609853808183e-05,4.200764878162776552e-05
0.000000000000000000e+00,6.273593236336774353e-06,1.254718647267354871e-05,1.882077970901032137e-05,2.509437294534709402e-05,3.136796618168386668e-05,3.764155941802064273e-05,4.391515265435741878e-05
0.000000000000000000e+00,6.331575869836037717e-06,1.266315173967207543e-05,1.899472760950811400e-05,2.532630347934415426e-05,3.165787934918019451e-05,3.798945521901623477e-05,4.432103108885227503e-05
0.000000000000000000e+00,5.825003399452872382e-06,1.165000679890574476e-05,1.747501019835861799e-05,2.330001359781149291e-05,2.912501699726436784e-05,3.495002039671724276e-05,4.077502379617011430e-05
0.000000000000000000e+00,6.273593236338103348e-06,1.254718647267620670e-05,1.882077970901430920e-05,2.509437294535241000e-05,3.136796618169050742e-05,3.764155941802860484e-05,4.391515265436670226e-05
0.000000000000000000e+00,6.331575869837224410e-06,1.266315173967444882e-05,1.899472760951167154e-05,2.532630347934889425e-05,3.165787934918611697e-05,3.798945521902334307e-05,4.432103108886056918e-05
0.000000000000000000e+00,5.825003399454344525e-06,1.165000679890868905e-05,1.747501019836303273e-05,2.330001359781737471e-05,2.912501699727171670e-05,3.495002039672605868e-05,4.077502379618040066e-05
0.000000000000000000e+00,6.152287097541811871e-06,1.230457419508362374e-05,1.845686129262543731e-05,2.460914839016725087e-05,3.076143548770906444e-05,3.691372258525087461e-05,4.306600968279268479e-05
0.000000000000000000e+00,6.208128920728375269e-06,1.241625784145675054e-05,1.862438676218512750e-05,2.483251568291350447e-05,3.104064460364188143e-05,3.724877352437025500e-05,4.345690244509862858e-05
0.000000000000000000e+00,5.637440027246381608e-06,1.127488005449276322e-05,1.691232008173914567e-05,2.254976010898552982e-05,2.818720013623191397e-05,3.382464016347829812e-05,3.946208019072468227e-05
0.000000000000000000e+00,6.152287097543316201e-06,1.230457419508663240e-05,1.845686129262995030e-05,2.460914839017326819e-05,3.076143548771658609e-05,3.691372258525990060e-05,4.306600968280321510e-05
0.000000000000000000e+00,6.208128920729727981e-06,1.241625784145945596e-05,1.862438676218918310e-05,2.483251568291890854e-05,3.104064460364863059e-05,3.724877352437835264e-05,4.345690244510807469e-05
0.000000000000000000e+00,5.637440027248087533e-06,1.127488005449617507e-05,1.691232008174426175e-05,2.254976010899234674e-05,2.818720013624043173e-05,3.382464016348851673e-05,3.946208019073660172e-05
0.000000000000000000e+00,6.092014525670481990e-06,1.218402905134096398e-05,1.827604357701144428e-05,2.436805810268192457e-05,3.046007262835240487e-05,3.655208715402288855e-05,4.264410167969337224e-05
0.000000000000000000e+00,6.092643283949747873e-06,1.218528656789949575e-05,1.827792985184924362e-05,2.437057313579899149e-05,3.046321641974873937e-05,3.655585970369848724e-05,4.264850298764823850e-05
0.000000000000000000e+00,6.102516453655474631e-06,1.220503290731094926e-05,1.830754936096642559e-05,2.441006581462190191e-05,3.051258226827737824e-05,3.661509872193285118e-05,4.271761517558832411e-05
0.000000000000000000e+00,5.504601323857870336e-06,1.100920264771574067e-05,1.651380397157361016e-05,2.201840529543147795e-05,2.752300661928934575e-05,3.302760794314721354e-05,3.853220926700508134e-05
0.000000000000000000e+00,6.092517453050459661e-06,1.218503490610091932e-05,1.827755235915137983e-05,2.437006981220184203e-05,3.046258726525230423e-05,3.655510471830276644e-05,4.264762217135322864e-05
0.000000000000000000e+00,5.505258372455195316e-06,1.101051674491039063e-05,1.651577511736558679e-05,2.202103348982078465e-05,2.752629186227598251e-05,3.303155023473118037e-05,3.853680860718637483e-05
0.000000000000000000e+00,6.092014525672216713e-06,1.218402905134443343e-05,1.827604357701664845e-05,2.436805810268886347e-05,3.046007262836107848e-05,3.655208715403329689e-05,4.264410167970551530e-05
0.000000000000000000e+00,6.092517453051328717e-06,1.218503490610265743e-05,1.827755235915398530e-05,2.437006981220531148e-05,3.046258726525663765e-05,3.655510471830796383e-05,4.264762217135928662e-05
0.000000000000000000e+00,6.102516453657044183e-06,1.220503290731408837e-05,1.830754936097113170e-05,2.441006581462817335e-05,3.051258226828521499e-05,3.661509872194225663e-05,4.271761517559929488e-05
0.000000000000000000e+00,5.504601323859843923e-06,1.100920264771968785e-05,1.651380397157953261e-05,2.201840529543937908e-05,2.752300661929922554e-05,3.302760794315907201e-05,3.853220926701891847e-05
0.000000000000000000e+00,7.142857142855873013e-06,1.428571428571174603e-05,2.142857142856761989e-05,2.857142857142349544e-05,3.571428571427937438e-05,4.285714285713525332e-05,4.999999999999113227e-05
0.000000000000000000e+00,7.142857142856133899e-06,1.428571428571226780e-05,2.142857142856840254e-05,2.857142857142453898e-05,3.571428571428067543e-05,4.285714285713681187e-05,4.999999999999294831e-05
0.000000000000000000e+00,7.142857142856421890e-06,1.428571428571284378e-05,2.142857142856926652e-05,2.857142857142569095e-05,3.571428571428211199e-05,4.285714285713853304e-05,4.999999999999495408e-05
0.000000000000000000e+00,7.142857142855693442e-06,1.428571428571138688e-05,2.142857142856708117e-05,2.857142857142277716e-05,3.571428571427847314e-05,4.285714285713416912e-05,4.999999999998986511e-05
0.000000000000000000e+00,6.769046406183534993e-06,1.353809281236706999e-05,2.030713921855060498e-05,2.707618562473413997e-05,3.384523203091767158e-05,4.061427843710120318e-05,4.738332484328473479e-05
0.000000000000000000e+00,6.827889627797876291e-06,1.365577925559575258e-05,2.048366888339362972e-05,2.731155851119150855e-05,3.413944813898938399e-05,4.096733776678725944e-05,4.779522739458513488e-05
0.000000000000000000e+00,7.142857142856277895e-06,1.428571428571255579e-05,2.142857142856883284e-05,2.857142857142510819e-05,3.571428571428138016e-05,4.285714285713765212e-05,4.999999999999392409e-05
0.000000000000000000e+00,6.764282962509968471e-06,1.352856592501993694e-05,2.029284888752990541e-05,2.705713185003987388e-05,3.382141481254984235e-05,4.058569777505981083e-05,4.734998073756977930e-05
0.000000000000000000e+00,7.142857142856506594e-06,1.428571428571301319e-05,2.142857142856952063e-05,2.857142857142602976e-05,3.571428571428253890e-05,4.285714285713904803e-05,4.999999999999555717e-05
0.000000000000000000e+00,7.142857142856704799e-06,1.428571428571340960e-05,2.142857142857011355e-05,2.857142857142681581e-05,3.571428571428352146e-05,4.285714285714022710e-05,4.999999999999693275e-05
0.000000000000000000e+00,7.142857142856563345e-06,1.428571428571312669e-05,2.142857142856969003e-05,2.857142857142625338e-05,3.571428571428281672e-05,4.285714285713938007e-05,4.999999999999594341e-05
0.000000000000000000e+00,7.142857142856283824e-06,1.428571428571256765e-05,2.142857142856884978e-05,2.857142857142513191e-05,3.571428571428141404e-05,4.285714285713769956e-05,4.999999999999398507e-05
0.000000000000000000e+00,6.769046406184227866e-06,1.353809281236845573e-05,2.030713921855268190e-05,2.707618562473690808e-05,3.384523203092113425e-05,4.061427843710536381e-05,4.738332484328959337e-05
0.000000000000000000e+00,6.827889627798514953e-06,1.365577925559702991e-05,2.048366888339554401e-05,2.731155851119405643e-05,3.413944813899256884e-05,4.096733776679108125e-05,4.779522739458959366e-05
0.000000000000000000e+00,7.142857142855850990e-06,1.428571428571170198e-05,2.142857142856755212e-05,2.857142857142340057e-05,3.571428571427925241e-05,4.285714285713510425e-05,4.999999999999095608e-05
0.000000000000000000e+00,7.142857142855783228e-06,1.428571428571156646e-05,2.142857142856734884e-05,2.857142857142312952e-05,3.571428571427891360e-05,4.285714285713469767e-05,4.999999999999048175e-05
0.000000000000000000e+00,6.850566681476348297e-06,1.370113336295269659e-05,2.055170004442904489e-05,2.740226672590539319e-05,3.425283340738174487e-05,4.110340008885809656e-05,4.795396677033444824e-05
0.000000000000000000e+00,7.142857142856543016e-06,1.428571428571308603e-05,2.142857142856962905e-05,2.857142857142617206e-05,3.571428571428271508e-05,4.285714285713925810e-05,4.999999999999580111e-05
0.000000000000000000e+00,7.142857142856430361e-06,1.428571428571286072e-05,2.142857142856929024e-05,2.857142857142571805e-05,3.571428571428214587e-05,4.285714285713857369e-05,4.999999999999500151e-05
0.000000000000000000e+00,6.850566681477153826e-06,1.370113336295430765e-05,2.055170004443146063e-05,2.740226672590861191e-05,3.425283340738576320e-05,4.110340008886291448e-05,4.795396677034006577e-05
0.000000000000000000e+00,7.142857142855905200e-06,1.428571428571181040e-05,2.142857142856771475e-05,2.857142857142361741e-05,3.571428571427952346e-05,4.285714285713542951e-05,4.999999999999133555e-05
0.000000000000000000e+00,7.142857142855872166e-06,1.428571428571174433e-05,2.142857142856761650e-05,2.857142857142348866e-05,3.571428571427936083e-05,4.285714285713523300e-05,4.999999999999110516e-05
0.000000000000000000e+00,6.844344144277575125e-06,1.368868828855515025e-05,2.053303243283272707e-05,2.737737657711030389e-05,3.422172072138788071e-05,4.106606486566545414e-05,4.791040900994302757e-05
0.000000000000000000e+00,7.142857142856521840e-06,1.428571428571304368e-05,2.142857142856956467e-05,2.857142857142608397e-05,3.571428571428259988e-05,4.285714285713911580e-05,4.999999999999563171e-05
0.000000000000000000e+00,7.142857142856503206e-06,1.428571428571300641e-05,2.142857142856951046e-05,2.857142857142601621e-05,3.571428571428251857e-05,4.285714285713902093e-05,4.999999999999552329e-05
0.000000000000000000e+00,6.844344144278353548e-06,1.368868828855670710e-05,2.053303243283506149e-05,2.737737657711341758e-05,3.422172072139177028e-05,4.106606486567012298e-05,4.791040900994847568e-05
0.000000000000000000e+00,7.142857142855969575e-06,1.428571428571193915e-05,2.142857142856790788e-05,2.857142857142387491e-05,3.571428571427984194e-05,4.285714285713580898e-05,4.999999999999177601e-05
0.000000000000000000e+00,7.142857142855977198e-06,1.428571428571195440e-05,2.142857142856793159e-05,2.857142857142390879e-05,3.571428571427988938e-05,4.285714285713586996e-05,4.999999999999185055e-05
0.000000000000000000e+00,6.816038825264948689e-06,1.363207765052989738e-05,2.044811647579484776e-05,2.726415530105979814e-05,3.408019412632474853e-05,4.089623295158969552e-05,4.771227177685464252e-05
0.000000000000000000e+00,7.142857142856535393e-06,1.428571428571307079e-05,2.142857142856960533e-05,2.857142857142613818e-05,3.571428571428266765e-05,4.285714285713919711e-05,4.999999999999572657e-05
0.000000000000000000e+00,7.142857142856579439e-06,1.428571428571315888e-05,2.142857142856973747e-05,2.857142857142631437e-05,3.571428571428289126e-05,4.285714285713946816e-05,4.999999999999604506e-05
0.000000000000000000e+00,6.816038825265780476e-06,1.363207765053156095e-05,2.044811647579734143e-05,2.726415530106312190e-05,3.408019412632890238e-05,4.089623295159468285e-05,4.771227177686046333e-05
0.000000000000000000e+00,7.142857142855937388e-06,1.428571428571187478e-05,2.142857142856781301e-05,2.857142857142375294e-05,3.571428571427969287e-05,4.285714285713563280e-05,4.999999999999157272e-05
0.000000000000000000e+00,7.142857142855978892e-06,1.428571428571195778e-05,2.142857142856793498e-05,2.857142857142391218e-05,3.571428571427988938e-05,4.285714285713586996e-05,4.999999999999185055e-05
0.000000000000000000e+00,6.770332291527059193e-06,1.354066458305411839e-05,2.031099687458117758e-05,2.708132916610823677e-05,3.385166145763529935e-05,4.062199374916236193e-05,4.739232604068942451e-05
0.000000000000000000e+00,7.142857142856536240e-06,1.428571428571307248e-05,2.142857142856960872e-05,2.857142857142614496e-05,3.571428571428268120e-05,4.285714285713921744e-05,4.999999999999575368e-05
0.000000000000000000e+00,7.142857142856603155e-06,1.428571428571320631e-05,2.142857142856980862e-05,2.857142857142640923e-05,3.571428571428300646e-05,4.285714285713960369e-05,4.999999999999620091e-05
0.000000000000000000e+00,6.770332291527946883e-06,1.354066458305589377e-05,2.031099687458384065e-05,2.708132916611178753e-05,3.385166145763973103e-05,4.062199374916767452e-05,4.739232604069561802e-05
0.000000000000000000e+00,7.142857142855997527e-06,1.428571428571199505e-05,2.142857142856799258e-05,2.857142857142399011e-05,3.571428571427998425e-05,4.285714285713597839e-05,4.999999999999197252e-05
0.000000000000000000e+00,7.142857142855975504e-06,1.428571428571195101e-05,2.142857142856792821e-05,2.857142857142390540e-05,3.571428571427988260e-05,4.285714285713585641e-05,4.999999999999183022e-05
0.000000000000000000e+00,6.712067557218797526e-06,1.342413511443759505e-05,2.013620267165639258e-05,2.684827022887519010e-05,3.356033778609398763e-05,4.027240534331278515e-05,4.698447290053158268e-05
0.000000000000000000e+00,7.142857142856665836e-06,1.428571428571333167e-05,2.142857142856999835e-05,2.857142857142666673e-05,3.571428571428333172e-05,4.285714285713999671e-05,4.999999999999666170e-05
0.000000000000000000e+00,7.142857142856612473e-06,1.428571428571322495e-05,2.142857142856983911e-05,2.857142857142645328e-05,3.571428571428306745e-05,4.285714285713967822e-05,4.999999999999628900e-05
0.000000000000000000e+00,6.712067557219797024e-06,1.342413511443959405e-05,2.013620267165939107e-05,2.684827022887918810e-05,3.356033778609898851e-05,4.027240534331878892e-05,4.698447290053858934e-05
0.000000000000000000e+00,7.142857142856095783e-06,1.428571428571219157e-05,2.142857142856828735e-05,2.857142857142438313e-05,3.571428571428047891e-05,4.285714285713657470e-05,4.999999999999267048e-05
0.000000000000000000e+00,7.142857142855982280e-06,1.428571428571196456e-05,2.142857142856794853e-05,2.857142857142393251e-05,3.571428571427991648e-05,4.285714285713589707e-05,4.999999999999187766e-05
0.000000000000000000e+00,6.651523241933264816e-06,1.330304648386652963e-05,1.995456972579979360e-05,2.660609296773305588e-05,3.325761620966631815e-05,3.990913945159958043e-05,4.656066269353284270e-05
0.000000000000000000e+00,7.142857142856787809e-06,1.428571428571357562e-05,2.142857142857036427e-05,2.857142857142715462e-05,3.571428571428394158e-05,4.285714285714072855e-05,4.999999999999751551e-05
0.000000000000000000e+00,7.142857142856655671e-06,1.428571428571331134e-05,2.142857142856996786e-05,2.857142857142662607e-05,3.571428571428328429e-05,4.285714285713994250e-05,4.999999999999660071e-05
0.000000000000000000e+00,6.651523241934376970e-06,1.330304648386875394e-05,1.995456972580313091e-05,2.660609296773750788e-05,3.325761620967188146e-05,3.990913945160625505e-05,4.656066269354062863e-05
0.000000000000000000e+00,7.142857142855951787e-06,1.428571428571190357e-05,2.142857142856785367e-05,2.857142857142380376e-05,3.571428571427975385e-05,4.285714285713570733e-05,4.999999999999166082e-05
0.000000000000000000e+00,7.142857142856184721e-06,1.428571428571236944e-05,2.142857142856855501e-05,2.857142857142474227e-05,3.571428571428093292e-05,4.285714285713712357e-05,4.999999999999331422e-05
0.000000000000000000e+00,7.142857142856400715e-06,1.428571428571280143e-05,2.142857142856920214e-05,2.857142857142560286e-05,3.571428571428200357e-05,4.285714285713840429e-05,4.999999999999480500e-05
0.000000000000000000e+00,6.629413299701787620e-06,1.325882659940357524e-05,1.988823989910536201e-05,2.651765319880714709e-05,3.314706649850892878e-05,3.977647979821071048e-05,4.640589309791249217e-05
0.000000000000000000e+00,7.142857142856070372e-06,1.428571428571214074e-05,2.142857142856821281e-05,2.857142857142428487e-05,3.571428571428035694e-05,4.285714285713642562e-05,4.999999999999249430e-05
0.000000000000000000e+00,6.629835437889055249e-06,1.325967087577811050e-05,1.988950631366716575e-05,2.651934175155622100e-05,3.314917718944527625e-05,3.977901262733433150e-05,4.640884806522338674e-05
0.000000000000000000e+00,7.142857142856669224e-06,1.428571428571333845e-05,2.142857142857000852e-05,2.857142857142668028e-05,3.571428571428335205e-05,4.285714285714002381e-05,4.999999999999669558e-05
0.000000000000000000e+00,7.142857142856422737e-06,1.428571428571284547e-05,2.142857142856926991e-05,2.857142857142569434e-05,3.571428571428211877e-05,4.285714285713853981e-05,4.999999999999496086e-05
0.000000000000000000e+00,7.142857142857133398e-06,1.428571428571426680e-05,2.142857142857140104e-05,2.857142857142853698e-05,3.571428571428567631e-05,4.285714285714281563e-05,4.999999999999995496e-05
0.000000000000000000e+00,6.629413299703070875e-06,1.325882659940614175e-05,1.988823989910921432e-05,2.651765319881228689e-05,3.314706649851535946e-05,3.977647979821842864e-05,4.640589309792149782e-05
0.000000000000000000e+00,7.886282497618727629e-06,1.577256499523745526e-05,2.365884749285618289e-05,3.154512999047491052e-05,3.943141248809363815e-05,4.731769498571236578e-05,5.520397748333109341e-05
0.000000000000000000e+00,7.767794092864190172e-06,1.553558818572838034e-05,2.330338227859257052e-05,3.107117637145676069e-05,3.883897046432094747e-05,4.660676455718513426e-05,5.437455865004932104e-05
0.000000000000000000e+00,7.895343291559041795e-06,1.579068658311808359e-05,2.368602987467712369e-05,3.158137316623616040e-05,3.947671645779519712e-05,4.737205974935423383e-05,5.526740304091327054e-05
0.000000000000000000e+00,7.516667879528371969e-06,1.503333575905674394e-05,2.255000363858511591e-05,3.006667151811348788e-05,3.758333939764186323e-05,4.510000727717023859e-05,5.261667515669861395e-05
0.000000000000000000e+00,7.813161058725814047e-06,1.562632211745162809e-05,2.343948317617744383e-05,3.125264423490326296e-05,3.906580529362908209e-05,4.687896635235490122e-05,5.469212741108072035e-05
0.000000000000000000e+00,7.457824657942868755e-06,1.491564931588573751e-05,2.237347397382860711e-05,2.983129863177147841e-05,3.728912328971434971e-05,4.474694794765722100e-05,5.220477260560009230e-05
0.000000000000000000e+00,7.893584376943832062e-06,1.578716875388766412e-05,2.368075313083149619e-05,3.157433750777532825e-05,3.946792188471916370e-05,4.736150626166299915e-05,5.525509063860683460e-05
0.000000000000000000e+00,7.521431323201754685e-06,1.504286264640350937e-05,2.256429396960526321e-05,3.008572529280701535e-05,3.760715661600877089e-05,4.512858793921052642e-05,5.265001926241228195e-05
0.000000000000000000e+00,7.886282497618720853e-06,1.577256499523744171e-05,2.365884749285616256e-05,3.154512999047488341e-05,3.943141248809360427e-05,4.731769498571232512e-05,5.520397748333104597e-05
0.000000000000000000e+00,7.767794092864168149e-06,1.553558818572833630e-05,2.330338227859250614e-05,3.107117637145667937e-05,3.883897046432085260e-05,4.660676455718502584e-05,5.437455865004919907e-05
0.000000000000000000e+00,7.893584376943828674e-06,1.578716875388765735e-05,2.368075313083148602e-05,3.157433750777531470e-05,3.946792188471914337e-05,4.736150626166297205e-05,5.525509063860680072e-05
0.000000000000000000e+00,7.516667879528347405e-06,1.503333575905669481e-05,2.255000363858504137e-05,3.006667151811338623e-05,3.758333939764172771e-05,4.510000727717006919e-05,5.261667515669841066e-05
0.000000000000000000e+00,7.813161058725819129e-06,1.562632211745163826e-05,2.343948317617745739e-05,3.125264423490327651e-05,3.906580529362909564e-05,4.687896635235491477e-05,5.469212741108073390e-05
0.000000000000000000e+00,7.457824657942844191e-06,1.491564931588568838e-05,2.237347397382853257e-05,2.983129863177137677e-05,3.728912328971422096e-05,4.474694794765706515e-05,5.220477260559990934e-05
0.000000000000000000e+00,7.727828743691113366e-06,1.545565748738222673e-05,2.318348623107334010e-05,3.091131497476445346e-05,3.863914371845556683e-05,4.636697246214668020e-05,5.409480120583779356e-05
0.000000000000000000e+00,7.738608508420356891e-06,1.547721701684071378e-05,2.321582552526107237e-05,3.095443403368143434e-05,3.869304254210179631e-05,4.643165105052215829e-05,5.417025955894252026e-05
0.000000000000000000e+00,7.435147604245763718e-06,1.487029520849152744e-05,2.230544281273729115e-05,2.974059041698305487e-05,3.717573802122881520e-05,4.461088562547457553e-05,5.204603322972033586e-05
0.000000000000000000e+00,7.727828743691033745e-06,1.545565748738206749e-05,2.318348623107310293e-05,3.091131497476414176e-05,3.863914371845518058e-05,4.636697246214621941e-05,5.409480120583725824e-05
0.000000000000000000e+00,7.738608508420316234e-06,1.547721701684063247e-05,2.321582552526095040e-05,3.095443403368127171e-05,3.869304254210159303e-05,4.643165105052191434e-05,5.417025955894223566e-05
0.000000000000000000e+00,7.435147604245689179e-06,1.487029520849137836e-05,2.230544281273706754e-05,2.974059041698275672e-05,3.717573802122844928e-05,4.461088562547414185e-05,5.204603322971983442e-05
0.000000000000000000e+00,7.743964286363610211e-06,1.548792857272722042e-05,2.323189285909082894e-05,3.097585714545443407e-05,3.871982143181803919e-05,4.646378571818164432e-05,5.420775000454524945e-05
0.000000000000000000e+00,7.730144123612906238e-06,1.546028824722581248e-05,2.319043237083871702e-05,3.092057649445161818e-05,3.865072061806451933e-05,4.638086474167742049e-05,5.411100886529032164e-05
0.000000000000000000e+00,7.441370141396078135e-06,1.488274028279215627e-05,2.232411042418823441e-05,2.976548056558431254e-05,3.720685070698038729e-05,4.464822084837646204e-05,5.208959098977253678e-05
0.000000000000000000e+00,7.743964286363479768e-06,1.548792857272695954e-05,2.323189285909043930e-05,3.097585714545391907e-05,3.871982143181740223e-05,4.646378571818088538e-05,5.420775000454436854e-05
0.000000000000000000e+00,7.730144123612809676e-06,1.546028824722561935e-05,2.319043237083842903e-05,3.092057649445123871e-05,3.865072061806404499e-05,4.638086474167685128e-05,5.411100886528965757e-05
0.000000000000000000e+00,7.441370141395930752e-06,1.488274028279186150e-05,2.232411042418779056e-05,2.976548056558371962e-05,3.720685070697964868e-05,4.464822084837558112e-05,5.208959098977151357e-05
0.000000000000000000e+00,7.802877635971079809e-06,1.560575527194215962e-05,2.340863290791323943e-05,3.121151054388431924e-05,3.901438817985539566e-05,4.681726581582647208e-05,5.462014345179754850e-05
0.000000000000000000e+00,7.770014697284823713e-06,1.554002939456964743e-05,2.331004409185447114e-05,3.108005878913929485e-05,3.885007348642412195e-05,4.662008818370894905e-05,5.439010288099377615e-05
0.000000000000000000e+00,7.469675460340086432e-06,1.493935092068017286e-05,2.240902638102026099e-05,2.987870184136034912e-05,3.734837730170043724e-05,4.481805276204052198e-05,5.228772822238060672e-05
0.000000000000000000e+00,7.802877635970824005e-06,1.560575527194164801e-05,2.340863290791247032e-05,3.121151054388328924e-05,3.901438817985410817e-05,4.681726581582492709e-05,5.462014345179574601e-05
0.000000000000000000e+00,7.770014697284671247e-06,1.554002939456934249e-05,2.331004409185401374e-05,3.108005878913868499e-05,3.885007348642335623e-05,4.662008818370802748e-05,5.439010288099269873e-05
0.000000000000000000e+00,7.469675460339839946e-06,1.493935092067967989e-05,2.240902638101951899e-05,2.987870184135935639e-05,3.734837730169919719e-05,4.481805276203903798e-05,5.228772822237887877e-05
0.000000000000000000e+00,7.895295335938992928e-06,1.579059067187798586e-05,2.368588600781698048e-05,3.158118134375597849e-05,3.947647667969497650e-05,4.737177201563397451e-05,5.526706735157297252e-05
0.000000000000000000e+00,7.847488404089091464e-06,1.569497680817818293e-05,2.354246521226727439e-05,3.138995361635636585e-05,3.923744202044545732e-05,4.708493042453454878e-05,5.493241882862364025e-05
0.000000000000000000e+00,7.515381993996682789e-06,1.503076398799336558e-05,2.254614598199005006e-05,3.006152797598673454e-05,3.757690996998341902e-05,4.509229196398010012e-05,5.260767395797678121e-05
0.000000000000000000e+00,7.895295335938916695e-06,1.579059067187783339e-05,2.368588600781675009e-05,3.158118134375566678e-05,3.947647667969458348e-05,4.737177201563350017e-05,5.526706735157241687e-05
0.000000000000000000e+00,7.847488404088935610e-06,1.569497680817787122e-05,2.354246521226680683e-05,3.138995361635574244e-05,3.923744202044467805e-05,4.708493042453361366e-05,5.493241882862254927e-05
0.000000000000000000e+00,7.515381993996400727e-06,1.503076398799280145e-05,2.254614598198920303e-05,3.006152797598560629e-05,3.757690996998200956e-05,4.509229196397841283e-05,5.260767395797481610e-05
0.000000000000000000e+00,8.012121048844996710e-06,1.602424209768999342e-05,2.403636314653499013e-05,3.204848419537998684e-05,4.006060524422498355e-05,4.807272629306998026e-05,5.608484734191497697e-05
0.000000000000000000e+00,7.954138415409864752e-06,1.590827683081972950e-05,2.386241524622959595e-05,3.181655366163946579e-05,3.977069207704933562e-05,4.772483049245920545e-05,5.567896890786907529e-05
0.000000000000000000e+00,7.573646728227002178e-06,1.514729345645400436e-05,2.272094018468100653e-05,3.029458691290800871e-05,3.786823364113501428e-05,4.544188036936201984e-05,5.301552709758902541e-05
0.000000000000000000e+00,8.012121048844903537e-06,1.602424209768980707e-05,2.403636314653471230e-05,3.204848419537962092e-05,4.006060524422452954e-05,4.807272629306943816e-05,5.608484734191434678e-05
0.000000000000000000e+00,7.954138415409769885e-06,1.590827683081953977e-05,2.386241524622931135e-05,3.181655366163908631e-05,3.977069207704886128e-05,4.772483049245863625e-05,5.567896890786841121e-05
0.000000000000000000e+00,7.573646728226784490e-06,1.514729345645356898e-05,2.272094018468035262e-05,3.029458691290713457e-05,3.786823364113391652e-05,4.544188036936069847e-05,5.301552709758748042e-05
0.000000000000000000e+00,8.133427187615178397e-06,1.626685437523035679e-05,2.440028156284553519e-05,3.253370875046071359e-05,4.066713593807589537e-05,4.880056312569107716e-05,5.693399031330625894e-05
0.000000000000000000e+00,8.077585364401748807e-06,1.615517072880349761e-05,2.423275609320524473e-05,3.231034145760698845e-05,4.038792682200873218e-05,4.846551218641047590e-05,5.654309755081221963e-05
0.000000000000000000e+00,7.634191043516820027e-06,1.526838208703364005e-05,2.290257313055046008e-05,3.053676417406728011e-05,3.817095521758410352e-05,4.580514626110092694e-05,5.343933730461775035e-05
0.000000000000000000e+00,8.133427187615208890e-06,1.626685437523041778e-05,2.440028156284562667e-05,3.253370875046083556e-05,4.066713593807604445e-05,4.880056312569125334e-05,5.693399031330646223e-05
0.000000000000000000e+00,8.077585364401701373e-06,1.615517072880340275e-05,2.423275609320510243e-05,3.231034145760679872e-05,4.038792682200849501e-05,4.846551218641019130e-05,5.654309755081188759e-05
0.000000000000000000e+00,7.634191043516659091e-06,1.526838208703331818e-05,2.290257313054997558e-05,3.053676417406662959e-05,3.817095521758328360e-05,4.580514626109993760e-05,5.343933730461659161e-05
0.000000000000000000e+00,8.193699760037586219e-06,1.638739952007517244e-05,2.458109928011275696e-05,3.277479904015033810e-05,4.096849880018791924e-05,4.916219856022550037e-05,5.735589832026308151e-05
0.000000000000000000e+00,8.193071001758882766e-06,1.638614200351776553e-05,2.457921300527664830e-05,3.277228400703553106e-05,4.096535500879441383e-05,4.915842601055329659e-05,5.735149701231217936e-05
0.000000000000000000e+00,8.183197831909011329e-06,1.636639566381802266e-05,2.454959349572703568e-05,3.273279132763605209e-05,4.091598915954506850e-05,4.909918699145408491e-05,5.728238482336310132e-05
0.000000000000000000e+00,7.656300986019586629e-06,1.531260197203917326e-05,2.296890295805876158e-05,3.062520394407835329e-05,3.828150493009794500e-05,4.593780591611753672e-05,5.359410690213712843e-05
0.000000000000000000e+00,8.193196832657970231e-06,1.638639366531594046e-05,2.457959049797391239e-05,3.277278733063188770e-05,4.096598416328986301e-05,4.915918099594783833e-05,5.735237782860581364e-05
0.000000000000000000e+00,7.655878847832770469e-06,1.531175769566554094e-05,2.296763654349830971e-05,3.062351539133107510e-05,3.827939423916384049e-05,4.593527308699660587e-05,5.359115193482937126e-05
0.000000000000000000e+00,8.193699760037672616e-06,1.638739952007534523e-05,2.458109928011301785e-05,3.277479904015069047e-05,4.096849880018835969e-05,4.916219856022602892e-05,5.735589832026369815e-05
0.000000000000000000e+00,8.193196832657999030e-06,1.638639366531599806e-05,2.457959049797399709e-05,3.277278733063199612e-05,4.096598416328999176e-05,4.915918099594798741e-05,5.735237782860598305e-05
0.000000000000000000e+00,8.183197831909111279e-06,1.636639566381822256e-05,2.454959349572733384e-05,3.273279132763644511e-05,4.091598915954555639e-05,4.909918699145466767e-05,5.728238482336377895e-05
0.000000000000000000e+00,7.656300986019461268e-06,1.531260197203892254e-05,2.296890295805838211e-05,3.062520394407783830e-05,3.828150493009729448e-05,4.593780591611675067e-05,5.359410690213620685e-05
0.000000000000000000e+00,8.602156860242085603e-06,1.720431372048417121e-05,2.580647058072625850e-05,3.440862744096834919e-05,4.301078430121043988e-05,5.161294116145253056e-05,6.021509802169462125e-05
0.000000000000000000e+00,8.377714427895982332e-06,1.675542885579196466e-05,2.513314328368794530e-05,3.351085771158392255e-05,4.188857213947989980e-05,5.026628656737587705e-05,5.864400099527185430e-05
0.000000000000000000e+00,8.617306233113327624e-06,1.723461246622665525e-05,2.585191869933998457e-05,3.446922493245331727e-05,4.308653116556664998e-05,5.170383739867998269e-05,6.032114363179331539e-05
0.000000000000000000e+00,8.250347609954212082e-06,1.650069521990842416e-05,2.475104282986263625e-05,3.300139043981684833e-05,4.125173804977106041e-05,4.950208565972527249e-05,5.775243326967948457e-05
0.000000000000000000e+00,8.459518304367168003e-06,1.691903660873433601e-05,2.537855491310150570e-05,3.383807321746867879e-05,4.229759152183585187e-05,5.075710982620302496e-05,5.921662813057019804e-05
0.000000000000000000e+00,8.078662564482168830e-06,1.615732512896433766e-05,2.423598769344650818e-05,3.231465025792868209e-05,4.039331282241085601e-05,4.847197538689302992e-05,5.655063795137520383e-05
0.000000000000000000e+00,8.614364392935780463e-06,1.722872878587156093e-05,2.584309317880734139e-05,3.445745757174312185e-05,4.307182196467890570e-05,5.168618635761468955e-05,6.030055075055047340e-05
0.000000000000000000e+00,8.263064887307441543e-06,1.652612977461488309e-05,2.478919466192232632e-05,3.305225954922977295e-05,4.131532443653721957e-05,4.957838932384466620e-05,5.784145421115211282e-05
0.000000000000000000e+00,8.602156860242134731e-06,1.720431372048426946e-05,2.580647058072640419e-05,3.440862744096853893e-05,4.301078430121067027e-05,5.161294116145280161e-05,6.021509802169493295e-05
0.000000000000000000e+00,8.377714427896017907e-06,1.675542885579203581e-05,2.513314328368805372e-05,3.351085771158407163e-05,4.188857213948008954e-05,5.026628656737610744e-05,5.864400099527212535e-05
0.000000000000000000e+00,8.614364392935795710e-06,1.722872878587159142e-05,2.584309317880738543e-05,3.445745757174317606e-05,4.307182196467896669e-05,5.168618635761475732e-05,6.030055075055054794e-05
0.000000000000000000e+00,8.250347609954229022e-06,1.650069521990845804e-05,2.475104282986268707e-05,3.300139043981691609e-05,4.125173804977114850e-05,4.950208565972538091e-05,5.775243326967961332e-05
0.000000000000000000e+00,8.459518304367195108e-06,1.691903660873439022e-05,2.537855491310158702e-05,3.383807321746878721e-05,4.229759152183598740e-05,5.075710982620318759e-05,5.921662813057038778e-05
0.000000000000000000e+00,8.078662564482180688e-06,1.615732512896436138e-05,2.423598769344654206e-05,3.231465025792872275e-05,4.039331282241090344e-05,4.847197538689308413e-05,5.655063795137526482e-05
0.000000000000000000e+00,8.318588809290920056e-06,1.663717761858184011e-05,2.495576642787276017e-05,3.327435523716368022e-05,4.159294404645460028e-05,4.991153285574552033e-05,5.823012166503644039e-05
0.000000000000000000e+00,8.330306722366324942e-06,1.666061344473264988e-05,2.499092016709897313e-05,3.332122688946529299e-05,4.165153361183161285e-05,4.998184033419793271e-05,5.831214705656425257e-05
0.000000000000000000e+00,8.022865175711897597e-06,1.604573035142379519e-05,2.406859552713569279e-05,3.209146070284759039e-05,4.011432587855949137e-05,4.813719105427139236e-05,5.616005622998329334e-05
0.000000000000000000e+00,8.318588809290918361e-06,1.663717761858183672e-05,2.495576642787275339e-05,3.327435523716366667e-05,4.159294404645457995e-05,4.991153285574549323e-05,5.823012166503640651e-05
0.000000000000000000e+00,8.330306722366345271e-06,1.666061344473269054e-05,2.499092016709903412e-05,3.332122688946537431e-05,4.165153361183171449e-05,4.998184033419805468e-05,5.831214705656439487e-05
0.000000000000000000e+00,8.022865175711848469e-06,1.604573035142369694e-05,2.406859552713554710e-05,3.209146070284740065e-05,4.011432587855925420e-05,4.813719105427110775e-05,5.616005622998296131e-05
0.000000000000000000e+00,8.367763013404438895e-06,1.673552602680887779e-05,2.510328904021331668e-05,3.347105205361775558e-05,4.183881506702219109e-05,5.020657808042662659e-05,5.857434109383106210e-05
0.000000000000000000e+00,8.332940378990134100e-06,1.666588075798026820e-05,2.499882113697040399e-05,3.333176151596054318e-05,4.166470189495068236e-05,4.999764227394082154e-05,5.833058265293096072e-05
0.000000000000000000e+00,8.052305319389267853e-06,1.610461063877853571e-05,2.415691595816780356e-05,3.220922127755707141e-05,4.026152659694633927e-05,4.831383191633560712e-05,5.636613723572487497e-05
0.000000000000000000e+00,8.367763013404376214e-06,1.673552602680875243e-05,2.510328904021313034e-05,3.347105205361751163e-05,4.183881506702189293e-05,5.020657808042627423e-05,5.857434109383065552e-05
0.000000000000000000e+00,8.332940378990079890e-06,1.666588075798015978e-05,2.499882113697024136e-05,3.333176151596032634e-05,4.166470189495041131e-05,4.999764227394049628e-05,5.833058265293058125e-05
0.000000000000000000e+00,8.052305319389154351e-06,1.610461063877830870e-05,2.415691595816746475e-05,3.220922127755662418e-05,4.026152659694578361e-05,4.831383191633494304e-05,5.636613723572410248e-05
0.000000000000000000e+00,8.495634249101901943e-06,1.699126849820380389e-05,2.548690274730570752e-05,3.398253699640761455e-05,4.247817124550952157e-05,5.097380549461142860e-05,5.946943974371333562e-05
0.000000000000000000e+00,8.426041981641994240e-06,1.685208396328398848e-05,2.527812594492598102e-05,3.370416792656797018e-05,4.213020990820995934e-05,5.055625188985194850e-05,5.898229387149393765e-05
0.000000000000000000e+00,8.144200971537201124e-06,1.628840194307440225e-05,2.443260291461160337e-05,3.257680388614880450e-05,4.072100485768600901e-05,4.886520582922321352e-05,5.700940680076041803e-05
0.000000000000000000e+00,8.495634249101663080e-06,1.699126849820332616e-05,2.548690274730498924e-05,3.398253699640665232e-05,4.247817124550831540e-05,5.097380549460997848e-05,5.946943974371164156e-05
0.000000000000000000e+00,8.426041981641877349e-06,1.685208396328375470e-05,2.527812594492563205e-05,3.370416792656750940e-05,4.213020990820939013e-05,5.055625188985127087e-05,5.898229387149315161e-05
0.000000000000000000e+00,8.144200971537036800e-06,1.628840194307407360e-05,2.443260291461111209e-05,3.257680388614815398e-05,4.072100485768519586e-05,4.886520582922223774e-05,5.700940680075927962e-05
0.000000000000000000e+00,8.684585699901471479e-06,1.736917139980294296e-05,2.605375709970441444e-05,3.473834279960588591e-05,4.342292849950736078e-05,5.210751419940883565e-05,6.079209989931031051e-05
0.000000000000000000e+00,8.587669735625569375e-06,1.717533947125113875e-05,2.576300920687670643e-05,3.435067894250227072e-05,4.293834867812783502e-05,5.152601841375339931e-05,6.011368814937896360e-05
0.000000000000000000e+00,8.284621602050684400e-06,1.656924320410136880e-05,2.485386480615205151e-05,3.313848640820273082e-05,4.142310801025341014e-05,4.970772961230408946e-05,5.799235121435476878e-05
0.000000000000000000e+00,8.684585699901805210e-06,1.736917139980361042e-05,2.605375709970541393e-05,3.473834279960721406e-05,4.342292849950901419e-05,5.210751419941081432e-05,6.079209989931261444e-05
0.000000000000000000e+00,8.587669735625564293e-06,1.717533947125112859e-05,2.576300920687669288e-05,3.435067894250225717e-05,4.293834867812782146e-05,5.152601841375338576e-05,6.011368814937895005e-05
0.000000000000000000e+00,8.284621602050723364e-06,1.656924320410144673e-05,2.485386480615217009e-05,3.313848640820289345e-05,4.142310801025361343e-05,4.970772961230433341e-05,5.799235121435505338e-05
0.000000000000000000e+00,8.919526220556057367e-06,1.783905244111211473e-05,2.675857866166817380e-05,3.567810488222423625e-05,4.459763110278029870e-05,5.351715732333636115e-05,6.243668354389242359e-05
0.000000000000000000e+00,8.802888168019224569e-06,1.760577633603844914e-05,2.640866450405767371e-05,3.521155267207689828e-05,4.401444084009611946e-05,5.281732900811534064e-05,6.162021717613456182e-05
0.000000000000000000e+00,8.460710885454105100e-06,1.692142177090821020e-05,2.538213265636231699e-05,3.384284354181642718e-05,4.230355442727053736e-05,5.076426531272464754e-05,5.922497619817875772e-05
0.000000000000000000e+00,8.919526220556218304e-06,1.783905244111243661e-05,2.675857866166865491e-05,3.567810488222487321e-05,4.459763110278109152e-05,5.351715732333730982e-05,6.243668354389352135e-05
0.000000000000000000e+00,8.802888168019355012e-06,1.760577633603871002e-05,2.640866450405806334e-05,3.521155267207741327e-05,4.401444084009676320e-05,5.281732900811611313e-05,6.162021717613546984e-05
0.000000000000000000e+00,8.460710885454181333e-06,1.692142177090836267e-05,2.538213265636254400e-05,3.384284354181672533e-05,4.230355442727090328e-05,5.076426531272508122e-05,5.922497619817925917e-05
0.000000000000000000e+00,9.175234133954318023e-06,1.835046826790863605e-05,2.752570240186295576e-05,3.670093653581727887e-05,4.587617066977160197e-05,5.505140480372592508e-05,6.422663893768024818e-05
0.000000000000000000e+00,9.053281758062935712e-06,1.810656351612587142e-05,2.715984527418880713e-05,3.621312703225174285e-05,4.526640879031467856e-05,5.431969054837761427e-05,6.337297230644054998e-05
0.000000000000000000e+00,8.648274257587385122e-06,1.729654851517477024e-05,2.594482277276215367e-05,3.459309703034953371e-05,4.324137128793691375e-05,5.188964554552429379e-05,6.053791980311167383e-05
0.000000000000000000e+00,9.175234133954516229e-06,1.835046826790903246e-05,2.752570240186354869e-05,3.670093653581806491e-05,4.587617066977257776e-05,5.505140480372709060e-05,6.422663893768160344e-05
0.000000000000000000e+00,9.053281758063128835e-06,1.810656351612625767e-05,2.715984527418938651e-05,3.621312703225251534e-05,4.526640879031564079e-05,5.431969054837876623e-05,6.337297230644189168e-05
0.000000000000000000e+00,8.648274257587546058e-06,1.729654851517509212e-05,2.594482277276263817e-05,3.459309703035018423e-05,4.324137128793773368e-05,5.188964554552528312e-05,6.053791980311283257e-05
0.000000000000000000e+00,9.404987202487479856e-06,1.880997440497495971e-05,2.821496160746243787e-05,3.761994880994991265e-05,4.702493601243738742e-05,5.642992321492486219e-05,6.583491041741233697e-05
0.000000000000000000e+00,9.404588552992088719e-06,1.880917710598417744e-05,2.821376565897626616e-05,3.761835421196835488e-05,4.702294276496044360e-05,5.642753131795253231e-05,6.583211987094462103e-05
0.000000000000000000e+00,9.302117882769960272e-06,1.860423576553992054e-05,2.790635364830988251e-05,3.720847153107984787e-05,4.651058941384981322e-05,5.581270729661977857e-05,6.511482517938974393e-05
0.000000000000000000e+00,8.781112961867635741e-06,1.756222592373527148e-05,2.634333888560290722e-05,3.512445184747054296e-05,4.390556480933818209e-05,5.268667777120582122e-05,6.146779073307346035e-05
0.000000000000000000e+00,9.404681046455560571e-06,1.880936209291112114e-05,2.821404313936668341e-05,3.761872418582224906e-05,4.702340523227781471e-05,5.642808627873338036e-05,6.583276732518894602e-05
0.000000000000000000e+00,8.780455913271137465e-06,1.756091182654227493e-05,2.634136773981341070e-05,3.512182365308454308e-05,4.390227956635567546e-05,5.268273547962680785e-05,6.146319139289794023e-05
0.000000000000000000e+00,9.404987202488152400e-06,1.880997440497630480e-05,2.821496160746445720e-05,3.761994880995260960e-05,4.702493601244076200e-05,5.642992321492891440e-05,6.583491041741706680e-05
0.000000000000000000e+00,9.404681046455924795e-06,1.880936209291184959e-05,2.821404313936777438e-05,3.761872418582369918e-05,4.702340523227962397e-05,5.642808627873554877e-05,6.583276732519146679e-05
0.000000000000000000e+00,9.302117882770346519e-06,1.860423576554069304e-05,2.790635364831104125e-05,3.720847153108139285e-05,4.651058941385174445e-05,5.581270729662209606e-05,6.511482517939244088e-05
0.000000000000000000e+00,8.781112961867996577e-06,1.756222592373599315e-05,2.634333888560398804e-05,3.512445184747197953e-05,4.390556480933997102e-05,5.268667777120796252e-05,6.146779073307595401e-05
0.000000000000000000e+00,9.264217773071592235e-06,1.852843554614318447e-05,2.779265331921477501e-05,3.705687109228636216e-05,4.632108886535794931e-05,5.558530663842953647e-05,6.484952441150112362e-05
0.000000000000000000e+00,8.965026949870057803e-06,1.793005389974011561e-05,2.689508084961017510e-05,3.586010779948023799e-05,4.482513474935030087e-05,5.379016169922036376e-05,6.275518864909042664e-05
0.000000000000000000e+00,9.280146506210828431e-06,1.856029301242165686e-05,2.784043951863248529e-05,3.712058602484331372e-05,4.640073253105414216e-05,5.568087903726497059e-05,6.496102554347579902e-05
0.000000000000000000e+00,8.942551025881312636e-06,1.788510205176262527e-05,2.682765307764393791e-05,3.577020410352525054e-05,4.471275512940656318e-05,5.365530615528787582e-05,6.259785718116918168e-05
0.000000000000000000e+00,9.067454200014604427e-06,1.813490840002920885e-05,2.720236260004381328e-05,3.626981680005841771e-05,4.533727100007302552e-05,5.440472520008763334e-05,6.347217940010224115e-05
0.000000000000000000e+00,8.678261692919630386e-06,1.735652338583926077e-05,2.603478507875889116e-05,3.471304677167852154e-05,4.339130846459814854e-05,5.206957015751777554e-05,6.074783185043740254e-05
0.000000000000000000e+00,9.276990530973784255e-06,1.855398106194756851e-05,2.783097159292135446e-05,3.710796212389514380e-05,4.638495265486893313e-05,5.566194318584272247e-05,6.493893371681651859e-05
0.000000000000000000e+00,8.958863731143631100e-06,1.791772746228726220e-05,2.687659119343089161e-05,3.583545492457451763e-05,4.479431865571814364e-05,5.375318238686176966e-05,6.271204611800538890e-05
0.000000000000000000e+00,9.264217773071556659e-06,1.852843554614311332e-05,2.779265331921466998e-05,3.705687109228622664e-05,4.632108886535778668e-05,5.558530663842934673e-05,6.484952441150090678e-05
0.000000000000000000e+00,8.965026949870184858e-06,1.793005389974036972e-05,2.689508084961055457e-05,3.586010779948073943e-05,4.482513474935092429e-05,5.379016169922110915e-05,6.275518864909129400e-05
0.000000000000000000e+00,9.276990530973760538e-06,1.855398106194752108e-05,2.783097159292127992e-05,3.710796212389503538e-05,4.638495265486879083e-05,5.566194318584254629e-05,6.493893371681630174e-05
0.000000000000000000e+00,8.942551025881356682e-06,1.788510205176271336e-05,2.682765307764407004e-05,3.577020410352542673e-05,4.471275512940678680e-05,5.365530615528814687e-05,6.259785718116950694e-05
0.000000000000000000e+00,9.067454200014628143e-06,1.813490840002925629e-05,2.720236260004388443e-05,3.626981680005851257e-05,4.533727100007314072e-05,5.440472520008776886e-05,6.347217940010240378e-05
0.000000000000000000e+00,8.678261692919694761e-06,1.735652338583938952e-05,2.603478507875908428e-05,3.471304677167877904e-05,4.339130846459847380e-05,5.206957015751816856e-05,6.074783185043786332e-05
0.000000000000000000e+00,8.910549318398112295e-06,1.782109863679622459e-05,2.673164795519433688e-05,3.564219727359244918e-05,4.455274659199055809e-05,5.346329591038866699e-05,6.237384522878677590e-05
0.000000000000000000e+00,8.913529320875211118e-06,1.782705864175042224e-05,2.674058796262563335e-05,3.565411728350084447e-05,4.456764660437605559e-05,5.348117592525126671e-05,6.239470524612648460e-05
0.000000000000000000e+00,8.615561730270369554e-06,1.723112346054073911e-05,2.584668519081110866e-05,3.446224692108147821e-05,4.307780865135184777e-05,5.169337038162221732e-05,6.030893211189258688e-05
0.000000000000000000e+00,8.910549318398252902e-06,1.782109863679650580e-05,2.673164795519476040e-05,3.564219727359301839e-05,4.455274659199127637e-05,5.346329591038953436e-05,6.237384522878779234e-05
0.000000000000000000e+00,8.913529320875212812e-06,1.782705864175042562e-05,2.674058796262564013e-05,3.565411728350085803e-05,4.456764660437607592e-05,5.348117592525129381e-05,6.239470524612651171e-05
0.000000000000000000e+00,8.615561730270423764e-06,1.723112346054084753e-05,2.584668519081127129e-05,3.446224692108169506e-05,4.307780865135211882e-05,5.169337038162254258e-05,6.030893211189296635e-05
0.000000000000000000e+00,9.005072688472680388e-06,1.801014537694536078e-05,2.701521806541804286e-05,3.602029075389072833e-05,4.502536344236341380e-05,5.403043613083609927e-05,6.303550881930878474e-05
0.000000000000000000e+00,8.944887560709077840e-06,1.788977512141815568e-05,2.683466268212723183e-05,3.577955024283630458e-05,4.472443780354537734e-05,5.366932536425445010e-05,6.261421292496352963e-05
0.000000000000000000e+00,8.685902285224077332e-06,1.737180457044815466e-05,2.605770685567223200e-05,3.474360914089630933e-05,4.342951142612038666e-05,5.211541371134446399e-05,6.080131599656854132e-05
0.000000000000000000e+00,9.005072688472626178e-06,1.801014537694525236e-05,2.701521806541788023e-05,3.602029075389051149e-05,4.502536344236314275e-05,5.403043613083577401e-05,6.303550881930840527e-05
0.000000000000000000e+00,8.944887560708971114e-06,1.788977512141794223e-05,2.683466268212691334e-05,3.577955024283588446e-05,4.472443780354485557e-05,5.366932536425382668e-05,6.261421292496279780e-05
0.000000000000000000e+00,8.685902285224007875e-06,1.737180457044801575e-05,2.605770685567202193e-05,3.474360914089602472e-05,4.342951142612002752e-05,5.211541371134403031e-05,6.080131599656803310e-05
0.000000000000000000e+00,9.205650664526976871e-06,1.841130132905395374e-05,2.761695199358093231e-05,3.682260265810791426e-05,4.602825332263489621e-05,5.523390398716187817e-05,6.443955465168886012e-05
0.000000000000000000e+00,9.098455699954909927e-06,1.819691139990981985e-05,2.729536709986472978e-05,3.639382279981963971e-05,4.549227849977454963e-05,5.459073419972945956e-05,6.368918989968437626e-05
0.000000000000000000e+00,8.849999549763995689e-06,1.769999909952799138e-05,2.654999864929198707e-05,3.539999819905598275e-05,4.424999774881998183e-05,5.309999729858398091e-05,6.194999684834797998e-05
0.000000000000000000e+00,9.205650664526876921e-06,1.841130132905375384e-05,2.761695199358063076e-05,3.682260265810750768e-05,4.602825332263438122e-05,5.523390398716125475e-05,6.443955465168812828e-05
0.000000000000000000e+00,9.098455699954789648e-06,1.819691139990957930e-05,2.729536709986437064e-05,3.639382279981916537e-05,4.549227849977396010e-05,5.459073419972875483e-05,6.368918989968354956e-05
0.000000000000000000e+00,8.849999549763924538e-06,1.769999909952784908e-05,2.654999864929177361e-05,3.539999819905569815e-05,4.424999774881962269e-05,5.309999729858354723e-05,6.194999684834746499e-05
0.000000000000000000e+00,9.490652327159342994e-06,1.898130465431868599e-05,2.847195698147802898e-05,3.796260930863737198e-05,4.745326163579671497e-05,5.694391396295605797e-05,6.643456629011539418e-05
0.000000000000000000e+00,9.345182180596681409e-06,1.869036436119336282e-05,2.803554654179004423e-05,3.738072872238672564e-05,4.672591090298341043e-05,5.607109308358009523e-05,6.541627526417678003e-05
0.000000000000000000e+00,9.087398740601795416e-06,1.817479748120359083e-05,2.726219622180538625e-05,3.634959496240718166e-05,4.543699370300897369e-05,5.452439244361076572e-05,6.361179118421255775e-05
0.000000000000000000e+00,9.490652327159297254e-06,1.898130465431859451e-05,2.847195698147789346e-05,3.796260930863719579e-05,4.745326163579649813e-05,5.694391396295580047e-05,6.643456629011509603e-05
0.000000000000000000e+00,9.345182180596662774e-06,1.869036436119332555e-05,2.803554654178998663e-05,3.738072872238664432e-05,4.672591090298330201e-05,5.607109308357995970e-05,6.541627526417661740e-05
0.000000000000000000e+00,9.087398740601910612e-06,1.817479748120382122e-05,2.726219622180573184e-05,3.634959496240764245e-05,4.543699370300955645e-05,5.452439244361147045e-05,6.361179118421338445e-05
0.000000000000000000e+00,9.844725543329847298e-06,1.968945108665969460e-05,2.953417662998954359e-05,3.937890217331939597e-05,4.922362771664924835e-05,5.906835325997910073e-05,6.891307880330895311e-05
0.000000000000000000e+00,9.668255779196826774e-06,1.933651155839365355e-05,2.900476733759048032e-05,3.867302311678730709e-05,4.834127889598413726e-05,5.800953467518096742e-05,6.767779045437779758e-05
0.000000000000000000e+00,9.382136615746919448e-06,1.876427323149383890e-05,2.814640984724075835e-05,3.752854646298767779e-05,4.691068307873459724e-05,5.629281969448151669e-05,6.567495631022842936e-05
0.000000000000000000e+00,9.844725543330314860e-06,1.968945108666062972e-05,2.953417662999094628e-05,3.937890217332126622e-05,4.922362771665158616e-05,5.906835325998190610e-05,6.891307880331221927e-05
0.000000000000000000e+00,9.668255779196965687e-06,1.933651155839393137e-05,2.900476733759089706e-05,3.867302311678786275e-05,4.834127889598482844e-05,5.800953467518179412e-05,6.767779045437875981e-05
0.000000000000000000e+00,9.382136615747117654e-06,1.876427323149423531e-05,2.814640984724135466e-05,3.752854646298847739e-05,4.691068307873560013e-05,5.629281969448272287e-05,6.567495631022983883e-05
0.000000000000000000e+00,1.025279497147002026e-05,2.050558994294004051e-05,3.075838491441005738e-05,4.101117988588007425e-05,5.126397485735009112e-05,6.151676982882011476e-05,7.176956480029013841e-05
0.000000000000000000e+00,1.005216854412727973e-05,2.010433708825455946e-05,3.015650563238183750e-05,4.020867417650911214e-05,5.026084272063638679e-05,6.031301126476366144e-05,7.036517980889094286e-05
0.000000000000000000e+00,9.711561636657651278e-06,1.942312327331530256e-05,2.913468490997295383e-05,3.884624654663060511e-05,4.855780818328825300e-05,5.826936981994590089e-05,6.798093145660354878e-05
0.000000000000000000e+00,1.025279497146991353e-05,2.050558994293982706e-05,3.075838491440973890e-05,4.101117988587964734e-05,5.126397485734955579e-05,6.151676982881946424e-05,7.176956480028936591e-05
0.000000000000000000e+00,1.005216854412741695e-05,2.010433708825483390e-05,3.015650563238225085e-05,4.020867417650966780e-05,5.026084272063708475e-05,6.031301126476450170e-05,7.036517980889191864e-05
0.000000000000000000e+00,9.711561636657910470e-06,1.942312327331582094e-05,2.913468490997372972e-05,3.884624654663163510e-05,4.855780818328954049e-05,5.826936981994744588e-05,6.798093145660535127e-05
0.000000000000000000e+00,1.071816582900458050e-05,2.143633165800916100e-05,3.215449748701373981e-05,4.287266331601831523e-05,5.359082914502289065e-05,6.430899497402746607e-05,7.502716080303204827e-05
0.000000000000000000e+00,1.071824127540923300e-05,2.143648255081846601e-05,3.215472382622769901e-05,4.287296510163693202e-05,5.359120637704616502e-05,6.430944765245539803e-05,7.502768892786462426e-05
0.000000000000000000e+00,1.048496766344877976e-05,2.096993532689755952e-05,3.145490299034634266e-05,4.193987065379512581e-05,5.242483831724390896e-05,6.290980598069268533e-05,7.339477364414146170e-05
0.000000000000000000e+00,1.005577269172344202e-05,2.011154538344688404e-05,3.016731807517032606e-05,4.022309076689376808e-05,5.027886345861721010e-05,6.033463615034065212e-05,7.039040884206409414e-05
0.000000000000000000e+00,1.071819812249119769e-05,2.143639624498239538e-05,3.215459436747359137e-05,4.287279248996478398e-05,5.359099061245597658e-05,6.430918873494716919e-05,7.502738685743836180e-05
0.000000000000000000e+00,1.005567053168445690e-05,2.011134106336891379e-05,3.016701159505337239e-05,4.022268212673783436e-05,5.027835265842229634e-05,6.033402319010675832e-05,7.038969372179121353e-05
0.000000000000000000e+00,1.071816582900511921e-05,2.143633165801023843e-05,3.215449748701535934e-05,4.287266331602048364e-05,5.359082914502560793e-05,6.430899497403073223e-05,7.502716080303585653e-05
0.000000000000000000e+00,1.071819812249142131e-05,2.143639624498284261e-05,3.215459436747426222e-05,4.287279248996567844e-05,5.359099061245709467e-05,6.430918873494851089e-05,7.502738685743993389e-05
0.000000000000000000e+00,1.048496766344917956e-05,2.096993532689835912e-05,3.145490299034753529e-05,4.193987065379671146e-05,5.242483831724588763e-05,6.290980598069507057e-05,7.339477364414425352e-05
0.000000000000000000e+00,1.005577269172392652e-05,2.011154538344785305e-05,3.016731807517177957e-05,4.022309076689570609e-05,5.027886345861963600e-05,6.033463615034356591e-05,7.039040884206749582e-05
0.000000000000000000e+00,9.843988628240433629e-06,1.968797725648086726e-05,2.953196588472130089e-05,3.937595451296173452e-05,4.921994314120217153e-05,5.906393176944260855e-05,6.890792039768304557e-05
0.000000000000000000e+00,9.520470707938229055e-06,1.904094141587645811e-05,2.856141212381468886e-05,3.808188283175292300e-05,4.760235353969115713e-05,5.712282424762939127e-05,6.664329495556762541e-05
0.000000000000000000e+00,9.855226202861214045e-06,1.971045240572242809e-05,2.956567860858364213e-05,3.942090481144485618e-05,4.927613101430607361e-05,5.913135721716729104e-05,6.898658342002850848e-05
0.000000000000000000e+00,9.566222645383440671e-06,1.913244529076688134e-05,2.869866793615032032e-05,3.826489058153375591e-05,4.783111322691719150e-05,5.739733587230062709e-05,6.696355851768406268e-05
0.000000000000000000e+00,9.627949467998216202e-06,1.925589893599643240e-05,2.888384840399464861e-05,3.851179787199286481e-05,4.813974733999108101e-05,5.776769680798929721e-05,6.739564627598752019e-05
0.000000000000000000e+00,9.250252413894090116e-06,1.850050482778818023e-05,2.775075724168227204e-05,3.700100965557636724e-05,4.625126206947046244e-05,5.550151448336455764e-05,6.475176689725865961e-05
0.000000000000000000e+00,9.852988508927433071e-06,1.970597701785486614e-05,2.955896552678229921e-05,3.941195403570973228e-05,4.926494254463716874e-05,5.911793105356460520e-05,6.897091956249204166e-05
0.000000000000000000e+00,9.580383445859545085e-06,1.916076689171909017e-05,2.874115033757863695e-05,3.832153378343818712e-05,4.790191722929773729e-05,5.748230067515728745e-05,6.706268412101683762e-05
0.000000000000000000e+00,9.843988628240250670e-06,1.968797725648050134e-05,2.953196588472075201e-05,3.937595451296100268e-05,4.921994314120124996e-05,5.906393176944149724e-05,6.890792039768174452e-05
0.000000000000000000e+00,9.520470707938118941e-06,1.904094141587623788e-05,2.856141212381435682e-05,3.808188283175247576e-05,4.760235353969059470e-05,5.712282424762871365e-05,6.664329495556682581e-05
0.000000000000000000e+00,9.852988508927334815e-06,1.970597701785466963e-05,2.955896552678200444e-05,3.941195403570933926e-05,4.926494254463667407e-05,5.911793105356400889e-05,6.897091956249135048e-05
0.000000000000000000e+00,9.566222645383350886e-06,1.913244529076670177e-05,2.869866793615005266e-05,3.826489058153340354e-05,4.783111322691675782e-05,5.739733587230011209e-05,6.696355851768346636e-05
0.000000000000000000e+00,9.627949467998078983e-06,1.925589893599615797e-05,2.888384840399423525e-05,3.851179787199230915e-05,4.813974733999038305e-05,5.776769680798845695e-05,6.739564627598653085e-05
0.000000000000000000e+00,9.250252413894076564e-06,1.850050482778815313e-05,2.775075724168223139e-05,3.700100965557631303e-05,4.625126206947039468e-05,5.550151448336447632e-05,6.475176689725855119e-05
0.000000000000000000e+00,9.481427263820865430e-06,1.896285452764173086e-05,2.844428179146259460e-05,3.792570905528345495e-05,4.740713631910431529e-05,5.688856358292517564e-05,6.636999084674602921e-05
0.000000000000000000e+00,9.472156992329367462e-06,1.894431398465873492e-05,2.841647097698810239e-05,3.788862796931746985e-05,4.736078496164683731e-05,5.683294195397620477e-05,6.630509894630557224e-05
0.000000000000000000e+00,9.200198774649570531e-06,1.840039754929914106e-05,2.760059632394870990e-05,3.680079509859827535e-05,4.600099387324784080e-05,5.520119264789740624e-05,6.440139142254697169e-05
0.000000000000000000e+00,9.481427263820580827e-06,1.896285452764116165e-05,2.844428179146174079e-05,3.792570905528231653e-05,4.740713631910289228e-05,5.688856358292346802e-05,6.636999084674405055e-05
0.000000000000000000e+00,9.472156992329145540e-06,1.894431398465829108e-05,2.841647097698743831e-05,3.788862796931658893e-05,4.736078496164573956e-05,5.683294195397489018e-05,6.630509894630404080e-05
0.000000000000000000e+00,9.200198774649480745e-06,1.840039754929896149e-05,2.760059632394844224e-05,3.680079509859792298e-05,4.600099387324740711e-05,5.520119264789689125e-05,6.440139142254637538e-05
0.000000000000000000e+00,9.619683779205447961e-06,1.923936755841089592e-05,2.885905133761634388e-05,3.847873511682179185e-05,4.809841889602723981e-05,5.771810267523268777e-05,6.733778645443813573e-05
0.000000000000000000e+00,9.534617103456378859e-06,1.906923420691275772e-05,2.860385131036913658e-05,3.813846841382551543e-05,4.767308551728189768e-05,5.720770262073827993e-05,6.674231972419466218e-05
0.000000000000000000e+00,9.316461716529894611e-06,1.863292343305978922e-05,2.794938514958968383e-05,3.726584686611957844e-05,4.658230858264947305e-05,5.589877029917936766e-05,6.521523201570926227e-05
0.000000000000000000e+00,9.619683779205234509e-06,1.923936755841046902e-05,2.885905133761570353e-05,3.847873511682093804e-05,4.809841889602616916e-05,5.771810267523140028e-05,6.733778645443663140e-05
0.000000000000000000e+00,9.534617103456099338e-06,1.906923420691219868e-05,2.860385131036829971e-05,3.813846841382440413e-05,4.767308551728050855e-05,5.720770262073661297e-05,6.674231972419271061e-05
0.000000000000000000e+00,9.316461716529747227e-06,1.863292343305949445e-05,2.794938514958924337e-05,3.726584686611899568e-05,4.658230858264874799e-05,5.589877029917850030e-05,6.521523201570824583e-05
0.000000000000000000e+00,9.889213965996656929e-06,1.977842793199331386e-05,2.966764189798997079e-05,3.955685586398662772e-05,4.944606982998328126e-05,5.933528379597993480e-05,6.922449776197658834e-05
0.000000000000000000e+00,9.745405601348660992e-06,1.949081120269732198e-05,2.923621680404598467e-05,3.898162240539465074e-05,4.872702800674331682e-05,5.847243360809198289e-05,6.821783920944065574e-05
0.000000000000000000e+00,9.551719934718428843e-06,1.910343986943685769e-05,2.865515980415528653e-05,3.820687973887371537e-05,4.775859967359214083e-05,5.731031960831056628e-05,6.686203954302899174e-05
0.000000000000000000e+00,9.889213965996460418e-06,1.977842793199292084e-05,2.966764189798938125e-05,3.955685586398584167e-05,4.944606982998230548e-05,5.933528379597876928e-05,6.922449776197523309e-05
0.000000000000000000e+00,9.745405601348474645e-06,1.949081120269694929e-05,2.923621680404542224e-05,3.898162240539389180e-05,4.872702800674236136e-05,5.847243360809083093e-05,6.821783920943930049e-05
0.000000000000000000e+00,9.551719934718301788e-06,1.910343986943660358e-05,2.865515980415490367e-05,3.820687973887320038e-05,4.775859967359149708e-05,5.731031960830979379e-05,6.686203954302808372e-05
0.000000000000000000e+00,1.026901775330499177e-05,2.053803550660998354e-05,3.080705325991497701e-05,4.107607101321997386e-05,5.134508876652497071e-05,6.161410651982996757e-05,7.188312427313495764e-05
0.000000000000000000e+00,1.007450438225027269e-05,2.014900876450054538e-05,3.022351314675081807e-05,4.029801752900109076e-05,5.037252191125136345e-05,6.044702629350163614e-05,7.052153067575191560e-05
0.000000000000000000e+00,9.884148330894927293e-06,1.976829666178985459e-05,2.965244499268478357e-05,3.953659332357971595e-05,4.942074165447464832e-05,5.930488998536958070e-05,6.918903831626451307e-05
0.000000000000000000e+00,1.026901775330485625e-05,2.053803550660971249e-05,3.080705325991457043e-05,4.107607101321943176e-05,5.134508876652429309e-05,6.161410651982915441e-05,7.188312427313400896e-05
0.000000000000000000e+00,1.007450438225011514e-05,2.014900876450023028e-05,3.022351314675034373e-05,4.029801752900045379e-05,5.037252191125056385e-05,6.044702629350067391e-05,7.052153067575077719e-05
0.000000000000000000e+00,9.884148330894910352e-06,1.976829666178982070e-05,2.965244499268472936e-05,3.953659332357963463e-05,4.942074165447453990e-05,5.930488998536944517e-05,6.918903831626435044e-05
0.000000000000000000e+00,1.074859359901569813e-05,2.149718719803139625e-05,3.224578079704709438e-05,4.299437439606279250e-05,5.374296799507849063e-05,6.449156159409418876e-05,7.524015519310988688e-05
0.000000000000000000e+00,1.050740583004741325e-05,2.101481166009482650e-05,3.152221749014224314e-05,4.202962332018965978e-05,5.253702915023707642e-05,6.304443498028448629e-05,7.355184081033189615e-05
0.000000000000000000e+00,1.030013307498366294e-05,2.060026614996732588e-05,3.090039922495098882e-05,4.120053229993465176e-05,5.150066537491831471e-05,6.180079844990197765e-05,7.210093152488564736e-05
0.000000000000000000e+00,1.074859359901586076e-05,2.149718719803172151e-05,3.224578079704758227e-05,4.299437439606344303e-05,5.374296799507930378e-05,6.449156159409516454e-05,7.524015519311102530e-05
0.000000000000000000e+00,1.050740583004737090e-05,2.101481166009474180e-05,3.152221749014211439e-05,4.202962332018949038e-05,5.253702915023686636e-05,6.304443498028424234e-05,7.355184081033161155e-05
0.000000000000000000e+00,1.030013307498381710e-05,2.060026614996763420e-05,3.090039922495144961e-05,4.120053229993526163e-05,5.150066537491907365e-05,6.180079844990288567e-05,7.210093152488670446e-05
0.000000000000000000e+00,1.133033621899593250e-05,2.266067243799186500e-05,3.399100865698779920e-05,4.532134487598373678e-05,5.665168109497967436e-05,6.798201731397561195e-05,7.931235353297154953e-05
0.000000000000000000e+00,1.103888167539924391e-05,2.207776335079848781e-05,3.311664502619773002e-05,4.415552670159696884e-05,5.519440837699620767e-05,6.623329005239544649e-05,7.727217172779469209e-05
0.000000000000000000e+00,1.079173275947239820e-05,2.158346551894479640e-05,3.237519827841719121e-05,4.316693103788958602e-05,5.395866379736198083e-05,6.475039655683438242e-05,7.554212931630678400e-05
0.000000000000000000e+00,1.133033621899619169e-05,2.266067243799238339e-05,3.399100865698857169e-05,4.532134487598476000e-05,5.665168109498094830e-05,6.798201731397714338e-05,7.931235353297333846e-05
0.000000000000000000e+00,1.103888167539936927e-05,2.207776335079873853e-05,3.311664502619810949e-05,4.415552670159748384e-05,5.519440837699685819e-05,6.623329005239623254e-05,7.727217172779561366e-05
0.000000000000000000e+00,1.079173275947265739e-05,2.158346551894531478e-05,3.237519827841797048e-05,4.316693103789062279e-05,5.395866379736327510e-05,6.475039655683592740e-05,7.554212931630858649e-05
0.000000000000000000e+00,1.202496314498716458e-05,2.404992628997432917e-05,3.607488943496149375e-05,4.809985257994865834e-05,6.012481572493581615e-05,7.214977886992298751e-05,8.417474201491015209e-05
0.000000000000000000e+00,1.202352559264398373e-05,2.404705118528796746e-05,3.607057677793195288e-05,4.809410237057593491e-05,6.011762796321993050e-05,7.214115355586393286e-05,8.416467914850790134e-05
0.000000000000000000e+00,1.168006760061640068e-05,2.336013520123280136e-05,3.504020280184920374e-05,4.672027040246560950e-05,5.840033800308201526e-05,7.008040560369842103e-05,8.176047320431482001e-05
0.000000000000000000e+00,1.137354633464755687e-05,2.274709266929511375e-05,3.412063900394267401e-05,4.549418533859023427e-05,5.686773167323779454e-05,6.824127800788534802e-05,7.961482434253290151e-05
0.000000000000000000e+00,1.202436949024017586e-05,2.404873898048035173e-05,3.607310847072052928e-05,4.809747796096070345e-05,6.012184745120088440e-05,7.214621694144107212e-05,8.417058643168125306e-05
0.000000000000000000e+00,1.137369299063154462e-05,2.274738598126308924e-05,3.412107897189463725e-05,4.549477196252618526e-05,5.686846495315773327e-05,6.824215794378927450e-05,7.961585093442081573e-05
0.000000000000000000e+00,1.202496314498812851e-05,2.404992628997625702e-05,3.607488943496438722e-05,4.809985257995252759e-05,6.012481572494065440e-05,7.214977886992878799e-05,8.417474201491691481e-05
0.000000000000000000e+00,1.202436949024066037e-05,2.404873898048132073e-05,3.607310847072197940e-05,4.809747796096264146e-05,6.012184745120328997e-05,7.214621694144394525e-05,8.417058643168458699e-05
0.000000000000000000e+00,1.168006760061692923e-05,2.336013520123385846e-05,3.504020280185078938e-05,4.672027040246772369e-05,5.840033800308465801e-05,7.008040560370159232e-05,8.176047320431853341e-05
0.000000000000000000e+00,1.137354633464813116e-05,2.274709266929626233e-05,3.412063900394439518e-05,4.549418533859253143e-05,5.686773167324066767e-05,6.824127800788880392e-05,7.961482434253694016e-05
0.000000000000000000e+00,1.032351524259276504e-05,2.064703048518553007e-05,3.097054572777829850e-05,4.129406097037106692e-05,5.161757621296383534e-05,6.194109145555659699e-05,7.226460669814935864e-05
0.000000000000000000e+00,1.008338278408595278e-05,2.016676556817190556e-05,3.025014835225785665e-05,4.033353113634380435e-05,5.041691392042975205e-05,6.050029670451569975e-05,7.058367948860165423e-05
0.000000000000000000e+00,1.032578978322092587e-05,2.065157956644185174e-05,3.097736934966277762e-05,4.130315913288370349e-05,5.162894891610462936e-05,6.195473869932555523e-05,7.228052848254648110e-05
0.000000000000000000e+00,1.009894745700526567e-05,2.019789491401053133e-05,3.029684237101579869e-05,4.039578982802106944e-05,5.049473728502634019e-05,6.059368474203161094e-05,7.069263219903687491e-05
0.000000000000000000e+00,1.017631540928395570e-05,2.035263081856791140e-05,3.052894622785186710e-05,4.070526163713582279e-05,5.088157704641977849e-05,6.105789245570373419e-05,7.123420786498768989e-05
0.000000000000000000e+00,9.807939022345232030e-06,1.961587804469046406e-05,2.942381706703569609e-05,3.923175608938092812e-05,4.903969511172615676e-05,5.884763413407138541e-05,6.865557315641661405e-05
0.000000000000000000e+00,1.032547881728926450e-05,2.065095763457852900e-05,3.097643645186779350e-05,4.130191526915705800e-05,5.162739408644632249e-05,6.195287290373558699e-05,7.227835172102485149e-05
0.000000000000000000e+00,1.010598954460595686e-05,2.021197908921191372e-05,3.031796863381787057e-05,4.042395817842382743e-05,5.052994772302978429e-05,6.063593726763574115e-05,7.074192681224170478e-05
0.000000000000000000e+00,1.032351524259243808e-05,2.064703048518487616e-05,3.097054572777731594e-05,4.129406097036975910e-05,5.161757621296220226e-05,6.194109145555464543e-05,7.226460669814709537e-05
0.000000000000000000e+00,1.008338278408542593e-05,2.016676556817085185e-05,3.025014835225627778e-05,4.033353113634170371e-05,5.041691392042712964e-05,6.050029670451255556e-05,7.058367948859798149e-05
0.000000000000000000e+00,1.032547881728905782e-05,2.065095763457811565e-05,3.097643645186717008e-05,4.130191526915622451e-05,5.162739408644527895e-05,6.195287290373434016e-05,7.227835172102340137e-05
0.000000000000000000e+00,1.009894745700499631e-05,2.019789491400999262e-05,3.029684237101498893e-05,4.039578982801998524e-05,5.049473728502497816e-05,6.059368474202997108e-05,7.069263219903496401e-05
0.000000000000000000e+00,1.017631540928356098e-05,2.035263081856712196e-05,3.052894622785068125e-05,4.070526163713423715e-05,5.088157704641779305e-05,6.105789245570134895e-05,7.123420786498489807e-05
0.000000000000000000e+00,9.807939022344962674e-06,1.961587804468992535e-05,2.942381706703488633e-05,3.923175608937984392e-05,4.903969511172480151e-05,5.884763413406975910e-05,6.865557315641471669e-05
0.000000000000000000e+00,1.001454846274901031e-05,2.002909692549802062e-05,3.004364538824703262e-05,4.005819385099604801e-05,5.007274231374506340e-05,6.008729077649407879e-05,7.010183923924309419e-05
0.000000000000000000e+00,1.002813050432455367e-05,2.005626100864910734e-05,3.008439151297366101e-05,4.011252201729821468e-05,5.014065252162277174e-05,6.016878302594732880e-05,7.019691353027188586e-05
0.000000000000000000e+00,9.744022188654996841e-06,1.948804437730999368e-05,2.923206656596499052e-05,3.897608875461998736e-05,4.872011094327498759e-05,5.846413313192998782e-05,6.820815532058498805e-05
0.000000000000000000e+00,1.001454846274855969e-05,2.002909692549711938e-05,3.004364538824567737e-05,4.005819385099423197e-05,5.007274231374278658e-05,6.008729077649134118e-05,7.010183923923989579e-05
0.000000000000000000e+00,1.002813050432406747e-05,2.005626100864813495e-05,3.008439151297220073e-05,4.011252201729626312e-05,5.014065252162032551e-05,6.016878302594438790e-05,7.019691353026845707e-05
0.000000000000000000e+00,9.744022188654617370e-06,1.948804437730923474e-05,2.923206656596385211e-05,3.897608875461846948e-05,4.872011094327309024e-05,5.846413313192771099e-05,6.820815532058233175e-05
0.000000000000000000e+00,1.009024765634190447e-05,2.018049531268380895e-05,3.027074296902571173e-05,4.036099062536761112e-05,5.045123828170951051e-05,6.054148593805140990e-05,7.063173359439330252e-05
0.000000000000000000e+00,1.003726582042968257e-05,2.007453164085936515e-05,3.011179746128904772e-05,4.014906328171873029e-05,5.018632910214841625e-05,6.022359492257810221e-05,7.026086074300778818e-05
0.000000000000000000e+00,9.846636551649736119e-06,1.969327310329947224e-05,2.953990965494920836e-05,3.938654620659894448e-05,4.923318275824868059e-05,5.907981930989841671e-05,6.892645586154815961e-05
0.000000000000000000e+00,1.009024765634135729e-05,2.018049531268271458e-05,3.027074296902407187e-05,4.036099062536542916e-05,5.045123828170678645e-05,6.054148593804814375e-05,7.063173359438950781e-05
0.000000000000000000e+00,1.003726582042918960e-05,2.007453164085837920e-05,3.011179746128756711e-05,4.014906328171675162e-05,5.018632910214593614e-05,6.022359492257512066e-05,7.026086074300430518e-05
0.000000000000000000e+00,9.846636551649376977e-06,1.969327310329875395e-05,2.953990965494813093e-05,3.938654620659750791e-05,4.923318275824688488e-05,5.907981930989626186e-05,6.892645586154563884e-05
0.000000000000000000e+00,1.029405295923696633e-05,2.058810591847393267e-05,3.088215887771090070e-05,4.117621183694787212e-05,5.147026479618484353e-05,6.176431775542181495e-05,7.205837071465879314e-05
0.000000000000000000e+00,1.018141611861332286e-05,2.036283223722664572e-05,3.054424835583996689e-05,4.072566447445328467e-05,5.090708059306660245e-05,6.108849671167992023e-05,7.126991283029323124e-05
0.000000000000000000e+00,1.008215772043866794e-05,2.016431544087733587e-05,3.024647316131600381e-05,4.032863088175467174e-05,5.041078860219333968e-05,6.049294632263200761e-05,7.057510404307067555e-05
0.000000000000000000e+00,1.029405295923668173e-05,2.058810591847336346e-05,3.088215887771004689e-05,4.117621183694673370e-05,5.147026479618342052e-05,6.176431775542010733e-05,7.205837071465678737e-05
0.000000000000000000e+00,1.018141611861286038e-05,2.036283223722572076e-05,3.054424835583857776e-05,4.072566447445143475e-05,5.090708059306429175e-05,6.108849671167715552e-05,7.126991283029001929e-05
0.000000000000000000e+00,1.008215772043840705e-05,2.016431544087681410e-05,3.024647316131522115e-05,4.032863088175362820e-05,5.041078860219203863e-05,6.049294632263044907e-05,7.057510404306885951e-05
0.000000000000000000e+00,1.061749776769607351e-05,2.123499553539214701e-05,3.185249330308821713e-05,4.246999107078428725e-05,5.308748883848035736e-05,6.370498660617643426e-05,7.432248437387251115e-05
0.000000000000000000e+00,1.044836289730814145e-05,2.089672579461628290e-05,3.134508869192442266e-05,4.179345158923255903e-05,5.224181448654069540e-05,6.269017738384883177e-05,7.313854028115696136e-05
0.000000000000000000e+00,1.043497457305451422e-05,2.086994914610902844e-05,3.130492371916354096e-05,4.173989829221805010e-05,5.217487286527255924e-05,6.260984743832706837e-05,7.304482201138157074e-05
0.000000000000000000e+00,1.061749776769570420e-05,2.123499553539140840e-05,3.185249330308711260e-05,4.246999107078281680e-05,5.308748883847852100e-05,6.370498660617422519e-05,7.432248437386993617e-05
0.000000000000000000e+00,1.044836289730777553e-05,2.089672579461555107e-05,3.134508869192332491e-05,4.179345158923109536e-05,5.224181448653886581e-05,6.269017738384663626e-05,7.313854028115441348e-05
0.000000000000000000e+00,1.043497457305424825e-05,2.086994914610849650e-05,3.130492371916274814e-05,4.173989829221699978e-05,5.217487286527125142e-05,6.260984743832549628e-05,7.304482201137974114e-05
0.000000000000000000e+00,1.105924882456897660e-05,2.211849764913795320e-05,3.317774647370692811e-05,4.423699529827589962e-05,5.529624412284487114e-05,6.635549294741384266e-05,7.741474177198281418e-05
0.000000000000000000e+00,1.083330338686605085e-05,2.166660677373210170e-05,3.249991016059814916e-05,4.333321354746419663e-05,5.416651693433024409e-05,6.499982032119629833e-05,7.583312370806235257e-05
0.000000000000000000e+00,1.089924077856980339e-05,2.179848155713960678e-05,3.269772233570941017e-05,4.359696311427921356e-05,5.449620389284901695e-05,6.539544467141882034e-05,7.629468544998862373e-05
0.000000000000000000e+00,1.105924882456828034e-05,2.211849764913656068e-05,3.317774647370484102e-05,4.423699529827312136e-05,5.529624412284140169e-05,6.635549294740968203e-05,7.741474177197796237e-05
0.000000000000000000e+00,1.083330338686554263e-05,2.166660677373108526e-05,3.249991016059663128e-05,4.333321354746217730e-05,5.416651693432772332e-05,6.499982032119326256e-05,7.583312370805880180e-05
0.000000000000000000e+00,1.089924077856956791e-05,2.179848155713913583e-05,3.269772233570870544e-05,4.359696311427827843e-05,5.449620389284785143e-05,6.539544467141742443e-05,7.629468544998699742e-05
0.000000000000000000e+00,1.162629499718544043e-05,2.325258999437088085e-05,3.487888499155632297e-05,4.650517998874176848e-05,5.813147498592721398e-05,6.975776998311265949e-05,8.138406498029809822e-05
0.000000000000000000e+00,1.133876508924145147e-05,2.267753017848290293e-05,3.401629526772435440e-05,4.535506035696580587e-05,5.669382544620725733e-05,6.803259053544870880e-05,7.937135562469016027e-05
0.000000000000000000e+00,1.147951508774417704e-05,2.295903017548835408e-05,3.443854526323253282e-05,4.591806035097671494e-05,5.739757543872089706e-05,6.887709052646507919e-05,8.035660561420926809e-05
0.000000000000000000e+00,1.162629499718519309e-05,2.325258999437038618e-05,3.487888499155557758e-05,4.650517998874076559e-05,5.813147498592595360e-05,6.975776998311114161e-05,8.138406498029633639e-05
0.000000000000000000e+00,1.133876508924104320e-05,2.267753017848208639e-05,3.401629526772312790e-05,4.535506035696416601e-05,5.669382544620520413e-05,6.803259053544624224e-05,7.937135562468728713e-05
0.000000000000000000e+00,1.147951508774425836e-05,2.295903017548851671e-05,3.443854526323277676e-05,4.591806035097704020e-05,5.739757543872130364e-05,6.887709052646556708e-05,8.035660561420983729e-05
0.000000000000000000e+00,1.234789513172599214e-05,2.469579026345198428e-05,3.704368539517797473e-05,4.939158052690396179e-05,6.173947565862994208e-05,7.408737079035592236e-05,8.643526592208190264e-05
0.000000000000000000e+00,1.198115139240406142e-05,2.396230278480812283e-05,3.594345417721218764e-05,4.792460556961625244e-05,5.990575696202031725e-05,7.188690835442437528e-05,8.386805974682843331e-05
0.000000000000000000e+00,1.219486717222729774e-05,2.438973434445459548e-05,3.658460151668189661e-05,4.877946868890919774e-05,6.097433586113649886e-05,7.316920303336379322e-05,8.536407020559108757e-05
0.000000000000000000e+00,1.234789513172617341e-05,2.469579026345234681e-05,3.704368539517852361e-05,4.939158052690470040e-05,6.173947565863087720e-05,7.408737079035704722e-05,8.643526592208321724e-05
0.000000000000000000e+00,1.198115139240405464e-05,2.396230278480810928e-05,3.594345417721216053e-05,4.792460556961621179e-05,5.990575696202026304e-05,7.188690835442432107e-05,8.386805974682837910e-05
0.000000000000000000e+00,1.219486717222767552e-05,2.438973434445535103e-05,3.658460151668302824e-05,4.877946868891070884e-05,6.097433586113838944e-05,7.316920303336607004e-05,8.536407020559374386e-05
0.000000000000000000e+00,1.068169724019094398e-05,2.136339448038188796e-05,3.204509172057283024e-05,4.272678896076376914e-05,5.340848620095470803e-05,6.409018344114564693e-05,7.477188068133659260e-05
0.000000000000000000e+00,1.057030456757389996e-05,2.114060913514779992e-05,3.171091370272169818e-05,4.228121827029559306e-05,5.285152283786948794e-05,6.342182740544338281e-05,7.399213197301727769e-05
0.000000000000000000e+00,1.067438874887806408e-05,2.134877749775612816e-05,3.202316624663419055e-05,4.269755499551224954e-05,5.337194374439030854e-05,6.404633249326836754e-05,7.472072124214642654e-05
0.000000000000000000e+00,1.052026406019177880e-05,2.104052812038355761e-05,3.156079218057533810e-05,4.208105624076712199e-05,5.260132030095890588e-05,6.312158436115068976e-05,7.364184842134248042e-05
0.000000000000000000e+00,1.061922998279058120e-05,2.123845996558116239e-05,3.185768994837174020e-05,4.247691993116231801e-05,5.309614991395289582e-05,6.371537989674348041e-05,7.433460987953406499e-05
0.000000000000000000e+00,1.034324700830396855e-05,2.068649401660793710e-05,3.102974102491190734e-05,4.137298803321588097e-05,5.171623504151985461e-05,6.205948204982382824e-05,7.240272905812780864e-05
0.000000000000000000e+00,1.067610740068533256e-05,2.135221480137066511e-05,3.202832220205599598e-05,4.270442960274132345e-05,5.338053700342665093e-05,6.405664440411197840e-05,7.473275180479730588e-05
0.000000000000000000e+00,1.051767712301767443e-05,2.103535424603534886e-05,3.155303136905302668e-05,4.207070849207070450e-05,5.258838561508838232e-05,6.310606273810605337e-05,7.362373986112372441e-05
0.000000000000000000e+00,1.068169724019035444e-05,2.136339448038070889e-05,3.204509172057106163e-05,4.272678896076141100e-05,5.340848620095176036e-05,6.409018344114210972e-05,7.477188068133245908e-05
0.000000000000000000e+00,1.057030456757324944e-05,2.114060913514649888e-05,3.171091370271974662e-05,4.228121827029299098e-05,5.285152283786623533e-05,6.342182740543947969e-05,7.399213197301272404e-05
0.000000000000000000e+00,1.067610740068503440e-05,2.135221480137006880e-05,3.202832220205510151e-05,4.270442960274013083e-05,5.338053700342516015e-05,6.405664440411018947e-05,7.473275180479521879e-05
0.000000000000000000e+00,1.052026406019129091e-05,2.104052812038258182e-05,3.156079218057387443e-05,4.208105624076517043e-05,5.260132030095646642e-05,6.312158436114776242e-05,7.364184842133906519e-05
0.000000000000000000e+00,1.061922998278998319e-05,2.123845996557996638e-05,3.185768994836995127e-05,4.247691993115993955e-05,5.309614991394992782e-05,6.371537989673991609e-05,7.433460987952990437e-05
0.000000000000000000e+00,1.034324700830336038e-05,2.068649401660672076e-05,3.102974102491008453e-05,4.137298803321344830e-05,5.171623504151681206e-05,6.205948204982016905e-05,7.240272905812352605e-05
0.000000000000000000e+00,1.052607682438408084e-05,2.105215364876816169e-05,3.157823047315224253e-05,4.210430729753632337e-05,5.263038412192040422e-05,6.315646094630448506e-05,7.368253777068856591e-05
0.000000000000000000e+00,1.053696619841627145e-05,2.107393239683254290e-05,3.161089859524881266e-05,4.214786479366507902e-05,5.268483099208134539e-05,6.322179719049761176e-05,7.375876338891387135e-05
0.000000000000000000e+00,1.027824961442962770e-05,2.055649922885925541e-05,3.083474884328888142e-05,4.111299845771850404e-05,5.139124807214812666e-05,6.166949768657774928e-05,7.194774730100736513e-05
0.000000000000000000e+00,1.052607682438334223e-05,2.105215364876668446e-05,3.157823047315002669e-05,4.210430729753336892e-05,5.263038412191671115e-05,6.315646094630005339e-05,7.368253777068338884e-05
0.000000000000000000e+00,1.053696619841555825e-05,2.107393239683111650e-05,3.161089859524667813e-05,4.214786479366223977e-05,5.268483099207780141e-05,6.322179719049335627e-05,7.375876338890891113e-05
0.000000000000000000e+00,1.027824961442902800e-05,2.055649922885805601e-05,3.083474884328708571e-05,4.111299845771611880e-05,5.139124807214515188e-05,6.166949768657418497e-05,7.194774730100321806e-05
0.000000000000000000e+00,1.057589923853118180e-05,2.115179847706236360e-05,3.172769771559354201e-05,4.230359695412472043e-05,5.287949619265589884e-05,6.345539543118708403e-05,7.403129466971826922e-05
0.000000000000000000e+00,1.053939107665575139e-05,2.107878215331150277e-05,3.161817322996725754e-05,4.215756430662301232e-05,5.269695538327876709e-05,6.323634645993451509e-05,7.377573753659026309e-05
0.000000000000000000e+00,1.033480759819412085e-05,2.066961519638824170e-05,3.100442279458236086e-05,4.133923039277647663e-05,5.167403799097059240e-05,6.200884558916470817e-05,7.234365318735882394e-05
0.000000000000000000e+00,1.057589923853028056e-05,2.115179847706056111e-05,3.172769771559084506e-05,4.230359695412112901e-05,5.287949619265141295e-05,6.345539543118169012e-05,7.403129466971196729e-05
0.000000000000000000e+00,1.053939107665495009e-05,2.107878215330990018e-05,3.161817322996485197e-05,4.215756430661980715e-05,5.269695538327476232e-05,6.323634645992971749e-05,7.377573753658466589e-05
0.000000000000000000e+00,1.033480759819347372e-05,2.066961519638694744e-05,3.100442279458042285e-05,4.133923039277390165e-05,5.167403799096738045e-05,6.200884558916085925e-05,7.234365318735433805e-05
0.000000000000000000e+00,1.073243787471819744e-05,2.146487574943639487e-05,3.219731362415459062e-05,4.292975149887278297e-05,5.366218937359097533e-05,6.439462724830916768e-05,7.512706512302736003e-05
0.000000000000000000e+00,1.064384577566060712e-05,2.128769155132121424e-05,3.193153732698182136e-05,4.257538310264242848e-05,5.321922887830303559e-05,6.386307465396364271e-05,7.450692042962424983e-05
0.000000000000000000e+00,1.051112517946537007e-05,2.102225035893074014e-05,3.153337553839611360e-05,4.204450071786148706e-05,5.255562589732686051e-05,6.306675107679222719e-05,7.357787625625759388e-05
0.000000000000000000e+00,1.073243787471746899e-05,2.146487574943493798e-05,3.219731362415240866e-05,4.292975149886988273e-05,5.366218937358735680e-05,6.439462724830483087e-05,7.512706512302230494e-05
0.000000000000000000e+00,1.064384577565980244e-05,2.128769155131960488e-05,3.193153732697940901e-05,4.257538310263921653e-05,5.321922887829902405e-05,6.386307465395883157e-05,7.450692042961863909e-05
0.000000000000000000e+00,1.051112517946474665e-05,2.102225035892949331e-05,3.153337553839424335e-05,4.204450071785899339e-05,5.255562589732374343e-05,6.306675107678848670e-05,7.357787625625322996e-05
0.000000000000000000e+00,1.100252787320247465e-05,2.200505574640494930e-05,3.300758361960742565e-05,4.401011149280990538e-05,5.501263936601238512e-05,6.601516723921486485e-05,7.701769511241734459e-05
0.000000000000000000e+00,1.085893799904055658e-05,2.171787599808111316e-05,3.257681399712166804e-05,4.343575199616221954e-05,5.429468999520277103e-05,6.515362799424332253e-05,7.601256599328387402e-05
0.000000000000000000e+00,1.080631394501412286e-05,2.161262789002824572e-05,3.241894183504237027e-05,4.322525578005649821e-05,5.403156972507062615e-05,6.483788367008475409e-05,7.564419761509888203e-05
0.000000000000000000e+00,1.100252787320138029e-05,2.200505574640276057e-05,3.300758361960413916e-05,4.401011149280551437e-05,5.501263936600688957e-05,6.601516723920826477e-05,7.701769511240963320e-05
0.000000000000000000e+00,1.085893799903965872e-05,2.171787599807931745e-05,3.257681399711897786e-05,4.343575199615864167e-05,5.429468999519830547e-05,6.515362799423796928e-05,7.601256599327763986e-05
0.000000000000000000e+00,1.080631394501340457e-05,2.161262789002680915e-05,3.241894183504021542e-05,4.322525578005362507e-05,5.403156972506703473e-05,6.483788367008044438e-05,7.564419761509385404e-05
0.000000000000000000e+00,1.139296566595669352e-05,2.278593133191338704e-05,3.417889699787008225e-05,4.557186266382678085e-05,5.696482832978347945e-05,6.835779399574017806e-05,7.975075966169686988e-05
0.000000000000000000e+00,1.119096195636542075e-05,2.238192391273084150e-05,3.357288586909626225e-05,4.476384782546168300e-05,5.595480978182710375e-05,6.714577173819252451e-05,7.833673369455793848e-05
0.000000000000000000e+00,1.122290080659462931e-05,2.244580161318925863e-05,3.366870241978388794e-05,4.489160322637851725e-05,5.611450403297314657e-05,6.733740483956777588e-05,7.856030564616241197e-05
0.000000000000000000e+00,1.139296566595579228e-05,2.278593133191158455e-05,3.417889699786737852e-05,4.557186266382317588e-05,5.696482832977897324e-05,6.835779399573477060e-05,7.975075966169056796e-05
0.000000000000000000e+00,1.119096195636449071e-05,2.238192391272898142e-05,3.357288586909347043e-05,4.476384782545795606e-05,5.595480978182244169e-05,6.714577173818692731e-05,7.833673369455140616e-05
0.000000000000000000e+00,1.122290080659390256e-05,2.244580161318780512e-05,3.366870241978170598e-05,4.489160322637560346e-05,5.611450403296950094e-05,6.733740483956339841e-05,7.856030564615728911e-05
0.000000000000000000e+00,1.191393662526150846e-05,2.382787325052301692e-05,3.574180987578452707e-05,4.765574650104604062e-05,5.956968312630755416e-05,7.148361975156906770e-05,8.339755637683058124e-05
0.000000000000000000e+00,1.164791390018229412e-05,2.329582780036458823e-05,3.494374170054688066e-05,4.659165560072916969e-05,5.823956950091145873e-05,6.988748340109374776e-05,8.153539730127603679e-05
0.000000000000000000e+00,1.177013506774468724e-05,2.354027013548937449e-05,3.531040520323406343e-05,4.708054027097875575e-05,5.885067533872344808e-05,7.062081040646814040e-05,8.239094547421283951e-05
0.000000000000000000e+00,1.191393662526086472e-05,2.382787325052172943e-05,3.574180987578259584e-05,4.765574650104346564e-05,5.956968312630433543e-05,7.148361975156520523e-05,8.339755637682606825e-05
0.000000000000000000e+00,1.164791390018153009e-05,2.329582780036306019e-05,3.494374170054459028e-05,4.659165560072612037e-05,5.823956950090765047e-05,6.988748340108918056e-05,8.153539730127071065e-05
0.000000000000000000e+00,1.177013506774423493e-05,2.354027013548846986e-05,3.531040520323270140e-05,4.708054027097693294e-05,5.885067533872116448e-05,7.062081040646540279e-05,8.239094547420964111e-05
0.000000000000000000e+00,1.258470468920998152e-05,2.516940937841996304e-05,3.775411406762994626e-05,5.033881875683993287e-05,6.292352344604992625e-05,7.550822813525991963e-05,8.809293282446991301e-05
0.000000000000000000e+00,1.224385961039229358e-05,2.448771922078458717e-05,3.673157883117688245e-05,4.897543844156918111e-05,6.121929805196147300e-05,7.346315766235376489e-05,8.570701727274605678e-05
0.000000000000000000e+00,1.247048183465532762e-05,2.494096366931065523e-05,3.741144550396598454e-05,4.988192733862131724e-05,6.235240917327664317e-05,7.482289100793196909e-05,8.729337284258729501e-05
0.000000000000000000e+00,1.258470468920942079e-05,2.516940937841884157e-05,3.775411406762825897e-05,5.033881875683767637e-05,6.292352344604709377e-05,7.550822813525651794e-05,8.809293282446594212e-05
0.000000000000000000e+00,1.224385961039170913e-05,2.448771922078341826e-05,3.673157883117512739e-05,4.897543844156683653e-05,6.121929805195854566e-05,7.346315766235025479e-05,8.570701727274196392e-05
0.000000000000000000e+00,1.247048183465512941e-05,2.494096366931025882e-05,3.741144550396538823e-05,4.988192733862051764e-05,6.235240917327564028e-05,7.482289100793076291e-05,8.729337284258588555e-05
0.000000000000000000e+00,1.090233324662877490e-05,2.180466649325754980e-05,3.270699973988632300e-05,4.360933298651509281e-05,5.451166623314386263e-05,6.541399947977263245e-05,7.631633272640140904e-05
0.000000000000000000e+00,1.089962507197538110e-05,2.179925014395076220e-05,3.269887521592614499e-05,4.359850028790153117e-05,5.449812535987691735e-05,6.539775043185230353e-05,7.629737550382768971e-05
0.000000000000000000e+00,1.088824618963092852e-05,2.177649237926185705e-05,3.266473856889278219e-05,4.355298475852370732e-05,5.444123094815463246e-05,6.532947713778556437e-05,7.621772332741649628e-05
0.000000000000000000e+00,1.081074689073464877e-05,2.162149378146929754e-05,3.243224067220394462e-05,4.324298756293858831e-05,5.405373445367323199e-05,6.486448134440787568e-05,7.567522823514251937e-05
0.000000000000000000e+00,1.090461197252966281e-05,2.180922394505932561e-05,3.271383591758899012e-05,4.361844789011865800e-05,5.452305986264832589e-05,6.542767183517799378e-05,7.633228380770766845e-05
0.000000000000000000e+00,1.075955543090289876e-05,2.151911086180579753e-05,3.227866629270869460e-05,4.303822172361158828e-05,5.379777715451448196e-05,6.455733258541737564e-05,7.531688801632027610e-05
0.000000000000000000e+00,1.089136373169569385e-05,2.178272746339138770e-05,3.267409119508707816e-05,4.356545492678276862e-05,5.445681865847845908e-05,6.534818239017415632e-05,7.623954612186985356e-05
0.000000000000000000e+00,1.079955952004067243e-05,2.159911904008134486e-05,3.239867856012201559e-05,4.319823808016268294e-05,5.399779760020335028e-05,6.479735712024401763e-05,7.559691664028468498e-05
0.000000000000000000e+00,1.090233324662806678e-05,2.180466649325613356e-05,3.270699973988420203e-05,4.360933298651227389e-05,5.451166623314034575e-05,6.541399947976841761e-05,7.631633272639648947e-05
0.000000000000000000e+00,1.089962507197461199e-05,2.179925014394922398e-05,3.269887521592383428e-05,4.359850028789844119e-05,5.449812535987304810e-05,6.539775043184765501e-05,7.629737550382225514e-05
0.000000000000000000e+00,1.089136373169532624e-05,2.178272746339065248e-05,3.267409119508598041e-05,4.356545492678131173e-05,5.445681865847664305e-05,6.534818239017197437e-05,7.623954612186730569e-05
0.000000000000000000e+00,1.081074689073396437e-05,2.162149378146792874e-05,3.243224067220189141e-05,4.324298756293585070e-05,5.405373445366980998e-05,6.486448134440376927e-05,7.567522823513772178e-05
0.000000000000000000e+00,1.090461197252894114e-05,2.180922394505788227e-05,3.271383591758682171e-05,4.361844789011575776e-05,5.452305986264469382e-05,6.542767183517362987e-05,7.633228380770257270e-05
0.000000000000000000e+00,1.075955543090223300e-05,2.151911086180446599e-05,3.227866629270669560e-05,4.303822172360892521e-05,5.379777715451115481e-05,6.455733258541339120e-05,7.531688801631562758e-05
0.000000000000000000e+00,1.090458944386108744e-05,2.180917888772217488e-05,3.271376833158326231e-05,4.361835777544434975e-05,5.452294721930543719e-05,6.542753666316652463e-05,7.633212610702761207e-05
0.000000000000000000e+00,1.089842840144792513e-05,2.179685680289585026e-05,3.269528520434377539e-05,4.359371360579170052e-05,5.449214200723962565e-05,6.539057040868755078e-05,7.628899881013546914e-05
0.000000000000000000e+00,1.073826720316008827e-05,2.147653440632017654e-05,3.221480160948026481e-05,4.295306881264035308e-05,5.369133601580044135e-05,6.442960321896052962e-05,7.516787042212061789e-05
0.000000000000000000e+00,1.090458944386017772e-05,2.180917888772035545e-05,3.271376833158053148e-05,4.361835777544070412e-05,5.452294721930087677e-05,6.542753666316104941e-05,7.633212610702122883e-05
0.000000000000000000e+00,1.089842840144709165e-05,2.179685680289418330e-05,3.269528520434127495e-05,4.359371360578836660e-05,5.449214200723545825e-05,6.539057040868254990e-05,7.628899881012964155e-05
0.000000000000000000e+00,1.073826720315925309e-05,2.147653440631850619e-05,3.221480160947775759e-05,4.295306881263700560e-05,5.369133601579625362e-05,6.442960321895550163e-05,7.516787042211474964e-05
0.000000000000000000e+00,1.096261261116850363e-05,2.192522522233700727e-05,3.288783783350550751e-05,4.385045044467400776e-05,5.481306305584250800e-05,6.577567566701101502e-05,7.673828827817952205e-05
0.000000000000000000e+00,1.092652297848753399e-05,2.185304595697506799e-05,3.277956893546260368e-05,4.370609191395014275e-05,5.463261489243768183e-05,6.555913787092522091e-05,7.648566084941275998e-05
0.000000000000000000e+00,1.078876382029372603e-05,2.157752764058745205e-05,3.236629146088118147e-05,4.315505528117491088e-05,5.394381910146864030e-05,6.473258292176236293e-05,7.552134674205608557e-05
0.000000000000000000e+00,1.096261261116743976e-05,2.192522522233487952e-05,3.288783783350232267e-05,4.385045044466976582e-05,5.481306305583720897e-05,6.577567566700464534e-05,7.673828827817208171e-05
0.000000000000000000e+00,1.092652297848654635e-05,2.185304595697309271e-05,3.277956893545963567e-05,4.370609191394617864e-05,5.463261489243272160e-05,6.555913787091927135e-05,7.648566084940582109e-05
0.000000000000000000e+00,1.078876382029280276e-05,2.157752764058560552e-05,3.236629146087840998e-05,4.315505528117121782e-05,5.394381910146402566e-05,6.473258292175683350e-05,7.552134674204964812e-05
0.000000000000000000e+00,1.110184245586322282e-05,2.220368491172644565e-05,3.330552736758966847e-05,4.440736982345289130e-05,5.550921227931611412e-05,6.661105473517933695e-05,7.771289719104255977e-05
0.000000000000000000e+00,1.102412150005323655e-05,2.204824300010647310e-05,3.307236450015970796e-05,4.409648600021293943e-05,5.512060750026617089e-05,6.614472900031940236e-05,7.716885050037263383e-05
0.000000000000000000e+00,1.093279825795991585e-05,2.186559651591983171e-05,3.279839477387974417e-05,4.373119303183965663e-05,5.466399128979956910e-05,6.559678954775948834e-05,7.652958780571940758e-05
0.000000000000000000e+00,1.110184245586207764e-05,2.220368491172415527e-05,3.330552736758623291e-05,4.440736982344831055e-05,5.550921227931038818e-05,6.661105473517246582e-05,7.771289719103453668e-05
0.000000000000000000e+00,1.102412150005211677e-05,2.204824300010423355e-05,3.307236450015634693e-05,4.409648600020846032e-05,5.512060750026057370e-05,6.614472900031269386e-05,7.716885050036481402e-05
0.000000000000000000e+00,1.093279825795891127e-05,2.186559651591782254e-05,3.279839477387673551e-05,4.373119303183565186e-05,5.466399128979456822e-05,6.559678954775348457e-05,7.652958780571240092e-05
0.000000000000000000e+00,1.134023954509374543e-05,2.268047909018749086e-05,3.402071863528123628e-05,4.536095818037498171e-05,5.670119772546872714e-05,6.804143727056247257e-05,7.938167681565621800e-05
0.000000000000000000e+00,1.121321928548401668e-05,2.242643857096803336e-05,3.363965785645204665e-05,4.485287714193605995e-05,5.606609642742007324e-05,6.727931571290409331e-05,7.849253499838811337e-05
0.000000000000000000e+00,1.118380717681654586e-05,2.236761435363309171e-05,3.355142153044963588e-05,4.473522870726617665e-05,5.591903588408271743e-05,6.710284306089925820e-05,7.828665023771580575e-05
0.000000000000000000e+00,1.134023954509255789e-05,2.268047909018511578e-05,3.402071863527767197e-05,4.536095818037022478e-05,5.670119772546277758e-05,6.804143727055533039e-05,7.938167681564788319e-05
0.000000000000000000e+00,1.121321928548282745e-05,2.242643857096565489e-05,3.363965785644848234e-05,4.485287714193130978e-05,5.606609642741413723e-05,6.727931571289696468e-05,7.849253499837979212e-05
0.000000000000000000e+00,1.118380717681548198e-05,2.236761435363096397e-05,3.355142153044644426e-05,4.473522870726192116e-05,5.591903588407739806e-05,6.710284306089287496e-05,7.828665023770835186e-05
0.000000000000000000e+00,1.169113611715468961e-05,2.338227223430937922e-05,3.507340835146406714e-05,4.676454446861875167e-05,5.845568058577343620e-05,7.014681670292812073e-05,8.183795282008281204e-05
0.000000000000000000e+00,1.150889552807482257e-05,2.301779105614964514e-05,3.452668658422446601e-05,4.603558211229928350e-05,5.754447764037410099e-05,6.905337316844891847e-05,8.056226869652373596e-05
0.000000000000000000e+00,1.155214597706449576e-05,2.310429195412899153e-05,3.465643793119348729e-05,4.620858390825798305e-05,5.776072988532247881e-05,6.931287586238697458e-05,8.086502183945147712e-05
0.000000000000000000e+00,1.169113611715385613e-05,2.338227223430771226e-05,3.507340835146156670e-05,4.676454446861541775e-05,5.845568058576926880e-05,7.014681670292311985e-05,8.183795282007697090e-05
0.000000000000000000e+00,1.150889552807370110e-05,2.301779105614740220e-05,3.452668658422110499e-05,4.603558211229481117e-05,5.754447764036851735e-05,6.905337316844222353e-05,8.056226869651592971e-05
0.000000000000000000e+00,1.155214597706350473e-05,2.310429195412700947e-05,3.465643793119051251e-05,4.620858390825401216e-05,5.776072988531751181e-05,6.931287586238101147e-05,8.086502183944451112e-05
0.000000000000000000e+00,1.216577076442659871e-05,2.433154152885319741e-05,3.649731229327979782e-05,4.866308305770640160e-05,6.082885382213300539e-05,7.299462458655960918e-05,8.516039535098621975e-05
0.000000000000000000e+00,1.192312193256397293e-05,2.384624386512794586e-05,3.576936579769191709e-05,4.769248773025588494e-05,5.961560966281985278e-05,7.153873159538382063e-05,8.346185352794778848e-05
0.000000000000000000e+00,1.204858052756313325e-05,2.409716105512626651e-05,3.614574158268940145e-05,4.819432211025253979e-05,6.024290263781567812e-05,7.229148316537881646e-05,8.434006369294194802e-05
0.000000000000000000e+00,1.216577076442536712e-05,2.433154152885073424e-05,3.649731229327610475e-05,4.866308305770147526e-05,6.082885382212684577e-05,7.299462458655220950e-05,8.516039535097757324e-05
0.000000000000000000e+00,1.192312193256287009e-05,2.384624386512574018e-05,3.576936579768861028e-05,4.769248773025148037e-05,5.961560966281435046e-05,7.153873159537722055e-05,8.346185352794009064e-05
0.000000000000000000e+00,1.204858052756229300e-05,2.409716105512458599e-05,3.614574158268688068e-05,4.819432211024917876e-05,6.024290263781147684e-05,7.229148316537377492e-05,8.434006369293606622e-05
0.000000000000000000e+00,1.277450695144098712e-05,2.554901390288197424e-05,3.832352085432296136e-05,5.109802780576394848e-05,6.387253475720493560e-05,7.664704170864592271e-05,8.942154866008690983e-05
0.000000000000000000e+00,1.246647973467774955e-05,2.493295946935549911e-05,3.739943920403324866e-05,4.986591893871099822e-05,6.233239867338874777e-05,7.479887840806649733e-05,8.726535814274424688e-05
0.000000000000000000e+00,1.268769091721573555e-05,2.537538183443147110e-05,3.806307275164720665e-05,5.075076366886294220e-05,6.343845458607868452e-05,7.612614550329442685e-05,8.881383642051016917e-05
0.000000000000000000e+00,1.277450695144028408e-05,2.554901390288056816e-05,3.832352085432085394e-05,5.109802780576114310e-05,6.387253475720143904e-05,7.664704170864173498e-05,8.942154866008203092e-05
0.000000000000000000e+00,1.246647973467683984e-05,2.493295946935367968e-05,3.739943920403051783e-05,4.986591893870735259e-05,6.233239867338419412e-05,7.479887840806103566e-05,8.726535814273787719e-05
0.000000000000000000e+00,1.268769091721515279e-05,2.537538183443030558e-05,3.806307275164545837e-05,5.075076366886061116e-05,6.343845458607575718e-05,7.612614550329090319e-05,8.881383642050604921e-05
0.000000000000000000e+00,1.097682172415912119e-05,2.195364344831824237e-05,3.293046517247736525e-05,4.390728689663649152e-05,5.488410862079561779e-05,6.586093034495474406e-05,7.683775206911386355e-05
0.000000000000000000e+00,1.101564000031701508e-05,2.203128000063403016e-05,3.304692000095104694e-05,4.406256000126806710e-05,5.507820000158508727e-05,6.609384000190210743e-05,7.710948000221913437e-05
0.000000000000000000e+00,1.096028286910430144e-05,2.192056573820860287e-05,3.288084860731290261e-05,4.384113147641719897e-05,5.480141434552149532e-05,6.576169721462579167e-05,7.672198008373008803e-05
0.000000000000000000e+00,1.095875249563170632e-05,2.191750499126341264e-05,3.287625748689511557e-05,4.383500998252681851e-05,5.479376247815852144e-05,6.575251497379023115e-05,7.671126746942194085e-05
0.000000000000000000e+00,1.100262438413691510e-05,2.200524876827383020e-05,3.300787315241074361e-05,4.401049753654765362e-05,5.501312192068456364e-05,6.601574630482147366e-05,7.701837068895838368e-05
0.000000000000000000e+00,1.098618196318924988e-05,2.197236392637849975e-05,3.295854588956775302e-05,4.394472785275700628e-05,5.493090981594625955e-05,6.591709177913550603e-05,7.690327374232475252e-05
0.000000000000000000e+00,1.096391889698722972e-05,2.192783779397445944e-05,3.289175669096168746e-05,4.385567558794891210e-05,5.481959448493613674e-05,6.578351338192336137e-05,7.674743227891058601e-05
0.000000000000000000e+00,1.094275907152269212e-05,2.188551814304538423e-05,3.282827721456807804e-05,4.377103628609077524e-05,5.471379535761347244e-05,6.565655442913616963e-05,7.659931350065886683e-05
0.000000000000000000e+00,1.097682172415831312e-05,2.195364344831662623e-05,3.293046517247493935e-05,4.390728689663325247e-05,5.488410862079156559e-05,6.586093034494987870e-05,7.683775206910819860e-05
0.000000000000000000e+00,1.101564000031640183e-05,2.203128000063280366e-05,3.304692000094920380e-05,4.406256000126560054e-05,5.507820000158199729e-05,6.609384000189839404e-05,7.710948000221479757e-05
0.000000000000000000e+00,1.096391889698685364e-05,2.192783779397370727e-05,3.289175669096056260e-05,4.385567558794742132e-05,5.481959448493428004e-05,6.578351338192113876e-05,7.674743227890799748e-05
0.000000000000000000e+00,1.095875249563093383e-05,2.191750499126186765e-05,3.287625748689279809e-05,4.383500998252372853e-05,5.479376247815465897e-05,6.575251497378559618e-05,7.671126746941653340e-05
0.000000000000000000e+00,1.100262438413618835e-05,2.200524876827237669e-05,3.300787315240856165e-05,4.401049753654474661e-05,5.501312192068093156e-05,6.601574630481712330e-05,7.701837068895331503e-05
0.000000000000000000e+00,1.098618196318847908e-05,2.197236392637695815e-05,3.295854588956543554e-05,4.394472785275390953e-05,5.493090981594238352e-05,6.591709177913085752e-05,7.690327374231933151e-05
0.000000000000000000e+00,1.104506665166247270e-05,2.209013330332494540e-05,3.313519995498741640e-05,4.418026660664988402e-05,5.522533325831235164e-05,6.627039990997481925e-05,7.731546656163728009e-05
0.000000000000000000e+00,1.102928471368695509e-05,2.205856942737391017e-05,3.308785414106086187e-05,4.411713885474781357e-05,5.514642356843476527e-05,6.617570828212172374e-05,7.720499299580868221e-05
0.000000000000000000e+00,1.100815779302345986e-05,2.201631558604691971e-05,3.302447337907037957e-05,4.403263117209383942e-05,5.504078896511729928e-05,6.604894675814075914e-05,7.705710455116422577e-05
0.000000000000000000e+00,1.104506665166151047e-05,2.209013330332302094e-05,3.313519995498452971e-05,4.418026660664603510e-05,5.522533325830754049e-05,6.627039990996904588e-05,7.731546656163055804e-05
0.000000000000000000e+00,1.102928471368616057e-05,2.205856942737232114e-05,3.308785414105848340e-05,4.411713885474464905e-05,5.514642356843081470e-05,6.617570828211698035e-05,7.720499299580313923e-05
0.000000000000000000e+00,1.100815779302249254e-05,2.201631558604498509e-05,3.302447337906747933e-05,4.403263117208997695e-05,5.504078896511247458e-05,6.604894675813497221e-05,7.705710455115747661e-05
0.000000000000000000e+00,1.111288696382394725e-05,2.222577392764789450e-05,3.333866089147184344e-05,4.445154785529579578e-05,5.556443481911974811e-05,6.667732178294370044e-05,7.779020874676764600e-05
0.000000000000000000e+00,1.107381655771875869e-05,2.214763311543751739e-05,3.322144967315627438e-05,4.429526623087502799e-05,5.536908278859378161e-05,6.644289934631253522e-05,7.751671590403128205e-05
0.000000000000000000e+00,1.107249558802253781e-05,2.214499117604507562e-05,3.321748676406761512e-05,4.428998235209015801e-05,5.536247794011270090e-05,6.643497352813524379e-05,7.750746911615778668e-05
0.000000000000000000e+00,1.111288696382280037e-05,2.222577392764560073e-05,3.333866089146840110e-05,4.445154785529120147e-05,5.556443481911400184e-05,6.667732178293680220e-05,7.779020874675959579e-05
0.000000000000000000e+00,1.107381655771771345e-05,2.214763311543542691e-05,3.322144967315313697e-05,4.429526623087084704e-05,5.536908278858855711e-05,6.644289934630627395e-05,7.751671590402399079e-05
0.000000000000000000e+00,1.107249558802138754e-05,2.214499117604277508e-05,3.321748676406415923e-05,4.428998235208554338e-05,5.536247794010692753e-05,6.643497352812831845e-05,7.750746911614970938e-05
0.000000000000000000e+00,1.125096242939710209e-05,2.250192485879420418e-05,3.375288728819130966e-05,4.500384971758841513e-05,5.625481214698552061e-05,6.750577457638261931e-05,7.875673700577971801e-05
0.000000000000000000e+00,1.117502832856771452e-05,2.235005665713542903e-05,3.352508498570314186e-05,4.470011331427085129e-05,5.587514164283856073e-05,6.705016997140627016e-05,7.822519829997397959e-05
0.000000000000000000e+00,1.121006461947672721e-05,2.242012923895345442e-05,3.363019385843017824e-05,4.484025847790690207e-05,5.605032309738362589e-05,6.726038771686035649e-05,7.847045233633708709e-05
0.000000000000000000e+00,1.125096242939568246e-05,2.250192485879136492e-05,3.375288728818704739e-05,4.500384971758272985e-05,5.625481214697841231e-05,6.750577457637409477e-05,7.875673700576978401e-05
0.000000000000000000e+00,1.117502832856643380e-05,2.235005665713286761e-05,3.352508498569929971e-05,4.470011331426572844e-05,5.587514164283215716e-05,6.705016997139858588e-05,7.822519829996500782e-05
0.000000000000000000e+00,1.121006461947542278e-05,2.242012923895084556e-05,3.363019385842626834e-05,4.484025847790169112e-05,5.605032309737711390e-05,6.726038771685253668e-05,7.847045233632795268e-05
0.000000000000000000e+00,1.148076798411646466e-05,2.296153596823292931e-05,3.444230395234939397e-05,4.592307193646585862e-05,5.740383992058232328e-05,6.888460790469878793e-05,8.036537588881525259e-05
0.000000000000000000e+00,1.135868686969499042e-05,2.271737373938998084e-05,3.407606060908497465e-05,4.543474747877996846e-05,5.679343434847496227e-05,6.815212121816994931e-05,7.951080808786493634e-05
0.000000000000000000e+00,1.144178296072524178e-05,2.288356592145048357e-05,3.432534888217572705e-05,4.576713184290097391e-05,5.720891480362622078e-05,6.865069776435146764e-05,8.009248072507672129e-05
0.000000000000000000e+00,1.148076798411474348e-05,2.296153596822948697e-05,3.444230395234423045e-05,4.592307193645897394e-05,5.740383992057371742e-05,6.888460790468846091e-05,8.036537588880320439e-05
0.000000000000000000e+00,1.135868686969337936e-05,2.271737373938675873e-05,3.407606060908013640e-05,4.543474747877351068e-05,5.679343434846688497e-05,6.815212121816025925e-05,7.951080808785363353e-05
0.000000000000000000e+00,1.144178296072385943e-05,2.288356592144771885e-05,3.432534888217157997e-05,4.576713184289544448e-05,5.720891480361930899e-05,6.865069776434317350e-05,8.009248072506704478e-05
0.000000000000000000e+00,1.181801136010383935e-05,2.363602272020767870e-05,3.545403408031151974e-05,4.727204544041536418e-05,5.909005680051920861e-05,7.090806816062305304e-05,8.272607952072689747e-05
0.000000000000000000e+00,1.164291483551842871e-05,2.328582967103685742e-05,3.492874450655528444e-05,4.657165934207370807e-05,5.821457417759213170e-05,6.985748901311055533e-05,8.150040384862897896e-05
0.000000000000000000e+00,1.178274415511620873e-05,2.356548831023241747e-05,3.534823246534862790e-05,4.713097662046484171e-05,5.891372077558105553e-05,7.069646493069726935e-05,8.247920908581348994e-05
0.000000000000000000e+00,1.181801136010209277e-05,2.363602272020418554e-05,3.545403408030627492e-05,4.727204544040836430e-05,5.909005680051045368e-05,7.090806816061254983e-05,8.272607952071464599e-05
0.000000000000000000e+00,1.164291483551674820e-05,2.328582967103349640e-05,3.492874450655024290e-05,4.657165934206698602e-05,5.821457417758372913e-05,6.985748901310047225e-05,8.150040384861721536e-05
0.000000000000000000e+00,1.178274415511481452e-05,2.356548831022962904e-05,3.534823246534444694e-05,4.713097662045926485e-05,5.891372077557408275e-05,7.069646493068889388e-05,8.247920908580370501e-05
0.000000000000000000e+00,1.227432437838795006e-05,2.454864875677590012e-05,3.682297313516384848e-05,4.909729751355179346e-05,6.137162189193973844e-05,7.364594627032768342e-05,8.592027064871562839e-05
0.000000000000000000e+00,1.204116204959849896e-05,2.408232409919699792e-05,3.612348614879549519e-05,4.816464819839398907e-05,6.020581024799248295e-05,7.224697229759097683e-05,8.428813434718947749e-05
0.000000000000000000e+00,1.224441774104845188e-05,2.448883548209690377e-05,3.673325322314535565e-05,4.897767096419380754e-05,6.122208870524225265e-05,7.346650644629069775e-05,8.571092418733914286e-05
0.000000000000000000e+00,1.227432437838678962e-05,2.454864875677357925e-05,3.682297313516036548e-05,4.909729751354715172e-05,6.137162189193393796e-05,7.364594627032073097e-05,8.592027064870752398e-05
0.000000000000000000e+00,1.204116204959707764e-05,2.408232409919415528e-05,3.612348614879123292e-05,4.816464819838831056e-05,6.020581024798538820e-05,7.224697229758246585e-05,8.428813434717954349e-05
0.000000000000000000e+00,1.224441774104728976e-05,2.448883548209457951e-05,3.673325322314186588e-05,4.897767096418915224e-05,6.122208870523643861e-05,7.346650644628373176e-05,8.571092418733102490e-05
0.000000000000000000e+00,1.285756512627937630e-05,2.571513025255875261e-05,3.857269537883812553e-05,5.143026050511749844e-05,6.428782563139687136e-05,7.714539075767625105e-05,9.000295588395563074e-05
0.000000000000000000e+00,1.256300886390483564e-05,2.512601772780967128e-05,3.768902659171450523e-05,5.025203545561933579e-05,6.281504431952416635e-05,7.537805318342899691e-05,8.794106204733382747e-05
0.000000000000000000e+00,1.283532256454676725e-05,2.567064512909353449e-05,3.850596769364030513e-05,5.134129025818707576e-05,6.417661282273384640e-05,7.701193538728061025e-05,8.984725795182737411e-05
0.000000000000000000e+00,1.285756512627827008e-05,2.571513025255654016e-05,3.857269537883481193e-05,5.143026050511308709e-05,6.428782563139135548e-05,7.714539075766962386e-05,9.000295588394789225e-05
0.000000000000000000e+00,1.256300886390362269e-05,2.512601772780724538e-05,3.768902659171086638e-05,5.025203545561448399e-05,6.281504431951810837e-05,7.537805318342173275e-05,8.794106204732535714e-05
0.000000000000000000e+00,1.283532256454585076e-05,2.567064512909170151e-05,3.850596769363755396e-05,5.134129025818340980e-05,6.417661282272926564e-05,7.701193538727512148e-05,8.984725795182097732e-05
0.000000000000000000e+00,7.767794092753147541e-06,1.553558818550629508e-05,2.330338227825944262e-05,3.107117637101259016e-05,3.883897046376574109e-05,4.660676455651889202e-05,5.437455864927204295e-05
0.000000000000000000e+00,7.886282497618124542e-06,1.577256499523624908e-05,2.365884749285437363e-05,3.154512999047249817e-05,3.943141248809062271e-05,4.731769498570874725e-05,5.520397748332687179e-05
0.000000000000000000e+00,7.895343291559416183e-06,1.579068658311883237e-05,2.368602987467824855e-05,3.158137316623766473e-05,3.947671645779708092e-05,4.737205974935649710e-05,5.526740304091591328e-05
0.000000000000000000e+00,7.813161058647578695e-06,1.562632211729515739e-05,2.343948317594273439e-05,3.125264423459030801e-05,3.906580529323788162e-05,4.687896635188545523e-05,5.469212741053302884e-05
0.000000000000000000e+00,7.516667879527696884e-06,1.503333575905539377e-05,2.255000363858308980e-05,3.006667151811078415e-05,3.758333939763847510e-05,4.510000727716616606e-05,5.261667515669385701e-05
0.000000000000000000e+00,7.457824657880763453e-06,1.491564931576152691e-05,2.237347397364229036e-05,2.983129863152305381e-05,3.728912328940382065e-05,4.474694794728458749e-05,5.220477260516535433e-05
0.000000000000000000e+00,7.893584376943903213e-06,1.578716875388780643e-05,2.368075313083170964e-05,3.157433750777561285e-05,3.946792188471951607e-05,4.736150626166341928e-05,5.525509063860732249e-05
0.000000000000000000e+00,7.521431323201850400e-06,1.504286264640370080e-05,2.256429396960555120e-05,3.008572529280740160e-05,3.760715661600925200e-05,4.512858793921110240e-05,5.265001926241295280e-05
0.000000000000000000e+00,7.767794092753528706e-06,1.553558818550705741e-05,2.330338227826058442e-05,3.107117637101410805e-05,3.883897046376763167e-05,4.660676455652115529e-05,5.437455864927467892e-05
0.000000000000000000e+00,7.886282497618493848e-06,1.577256499523698770e-05,2.365884749285548154e-05,3.154512999047397539e-05,3.943141248809246585e-05,4.731769498571095631e-05,5.520397748332944677e-05
0.000000000000000000e+00,7.893584376944079396e-06,1.578716875388815879e-05,2.368075313083223819e-05,3.157433750777631758e-05,3.946792188472039698e-05,4.736150626166447638e-05,5.525509063860855577e-05
0.000000000000000000e+00,7.813161058647946308e-06,1.562632211729589262e-05,2.343948317594383892e-05,3.125264423459178523e-05,3.906580529323973154e-05,4.687896635188767785e-05,5.469212741053562415e-05
0.000000000000000000e+00,7.516667879528175458e-06,1.503333575905635092e-05,2.255000363858452637e-05,3.006667151811270183e-05,3.758333939764087390e-05,4.510000727716904597e-05,5.261667515669721804e-05
0.000000000000000000e+00,7.457824657881300472e-06,1.491564931576260094e-05,2.237347397364389972e-05,2.983129863152519850e-05,3.728912328940649728e-05,4.474694794728779944e-05,5.220477260516910161e-05
0.000000000000000000e+00,7.727828743563316423e-06,1.545565748712663285e-05,2.318348623068994927e-05,3.091131497425326569e-05,3.863914371781658550e-05,4.636697246137990531e-05,5.409480120494322513e-05
0.000000000000000000e+00,7.738608508290327170e-06,1.547721701658065434e-05,2.321582552487098320e-05,3.095443403316131545e-05,3.869304254145164771e-05,4.643165104974197996e-05,5.417025955803231221e-05
0.000000000000000000e+00,7.435147604174405427e-06,1.487029520834881085e-05,2.230544281252321544e-05,2.974059041669761832e-05,3.717573802087201782e-05,4.461088562504641732e-05,5.204603322922081682e-05
0.000000000000000000e+00,7.727828743563589168e-06,1.545565748712717834e-05,2.318348623069076581e-05,3.091131497425434989e-05,3.863914371781793398e-05,4.636697246138151807e-05,5.409480120494510215e-05
0.000000000000000000e+00,7.738608508290655818e-06,1.547721701658131164e-05,2.321582552487196576e-05,3.095443403316261650e-05,3.869304254145326723e-05,4.643165104974391797e-05,5.417025955803456871e-05
0.000000000000000000e+00,7.435147604174872143e-06,1.487029520834974429e-05,2.230544281252461473e-05,2.974059041669948518e-05,3.717573802087435563e-05,4.461088562504922947e-05,5.204603322922410330e-05
0.000000000000000000e+00,7.743964286264033017e-06,1.548792857252806603e-05,2.323189285879209736e-05,3.097585714505612529e-05,3.871982143132015323e-05,4.646378571758418116e-05,5.420775000384820910e-05
0.000000000000000000e+00,7.730144123495151718e-06,1.546028824699030344e-05,2.319043237048545685e-05,3.092057649398061365e-05,3.865072061747577045e-05,4.638086474097092725e-05,5.411100886446608405e-05
0.000000000000000000e+00,7.441370141340954925e-06,1.488274028268190985e-05,2.232411042402286308e-05,2.976548056536381631e-05,3.720685070670476954e-05,4.464822084804572616e-05,5.208959098938668278e-05
0.000000000000000000e+00,7.743964286264261716e-06,1.548792857252852343e-05,2.323189285879278515e-05,3.097585714505704687e-05,3.871982143132131197e-05,4.646378571758557707e-05,5.420775000384984218e-05
0.000000000000000000e+00,7.730144123495415992e-06,1.546028824699083198e-05,2.319043237048624967e-05,3.092057649398167074e-05,3.865072061747709182e-05,4.638086474097251289e-05,5.411100886446793397e-05
0.000000000000000000e+00,7.441370141341403006e-06,1.488274028268280601e-05,2.232411042402420817e-05,2.976548056536560863e-05,3.720685070670700571e-05,4.464822084804840279e-05,5.208959098938979986e-05
0.000000000000000000e+00,7.802877635917737062e-06,1.560575527183547412e-05,2.340863290775321119e-05,3.121151054367094825e-05,3.901438817958868192e-05,4.681726581550641560e-05,5.462014345142414927e-05
0.000000000000000000e+00,7.770014697207987660e-06,1.554002939441597532e-05,2.331004409162396298e-05,3.108005878883195064e-05,3.885007348603993491e-05,4.662008818324791918e-05,5.439010288045590346e-05
0.000000000000000000e+00,7.469675460311424531e-06,1.493935092062284906e-05,2.240902638093427359e-05,2.987870184124569813e-05,3.734837730155712604e-05,4.481805276186855396e-05,5.228772822217998188e-05
0.000000000000000000e+00,7.802877635917945432e-06,1.560575527183589086e-05,2.340863290775383799e-05,3.121151054367178850e-05,3.901438817958973902e-05,4.681726581550768953e-05,5.462014345142564005e-05
0.000000000000000000e+00,7.770014697208172313e-06,1.554002939441634463e-05,2.331004409162451525e-05,3.108005878883268248e-05,3.885007348604084971e-05,4.662008818324901694e-05,5.439010288045718417e-05
0.000000000000000000e+00,7.469675460311827719e-06,1.493935092062365544e-05,2.240902638093548316e-05,2.987870184124731088e-05,3.734837730155913859e-05,4.481805276187096631e-05,5.228772822218279403e-05
0.000000000000000000e+00,7.895295335931096887e-06,1.579059067186219377e-05,2.368588600779329066e-05,3.158118134372438755e-05,3.947647667965548443e-05,4.737177201558658132e-05,5.526706735151767821e-05
0.000000000000000000e+00,7.847488404061115659e-06,1.569497680812223132e-05,2.354246521218334698e-05,3.138995361624446264e-05,3.923744202030557491e-05,4.708493042436668718e-05,5.493241882842779945e-05
0.000000000000000000e+00,7.515381993993495404e-06,1.503076398798699081e-05,2.254614598198048536e-05,3.006152797597397823e-05,3.757690996996746770e-05,4.509229196396095717e-05,5.260767395795444665e-05
0.000000000000000000e+00,7.895295335931393348e-06,1.579059067186278670e-05,2.368588600779417835e-05,3.158118134372556662e-05,3.947647667965695488e-05,4.737177201558834315e-05,5.526706735151973142e-05
0.000000000000000000e+00,7.847488404061259655e-06,1.569497680812251931e-05,2.354246521218377727e-05,3.138995361624503184e-05,3.923744202030628642e-05,4.708493042436754099e-05,5.493241882842879556e-05
0.000000000000000000e+00,7.515381993993895203e-06,1.503076398798779041e-05,2.254614598198168476e-05,3.006152797597557742e-05,3.757690996996947347e-05,4.509229196396336952e-05,5.260767395795726557e-05
0.000000000000000000e+00,8.012121048845508318e-06,1.602424209769101664e-05,2.403636314653652495e-05,3.204848419538203327e-05,4.006060524422754498e-05,4.807272629307305669e-05,5.608484734191856839e-05
0.000000000000000000e+00,7.954138415415421288e-06,1.590827683083084258e-05,2.386241524624626556e-05,3.181655366166169193e-05,3.977069207707711830e-05,4.772483049249254467e-05,5.567896890790797104e-05
0.000000000000000000e+00,7.573646728230994244e-06,1.514729345646198849e-05,2.272094018469298358e-05,3.029458691292398037e-05,3.786823364115497715e-05,4.544188036938597394e-05,5.301552709761697072e-05
0.000000000000000000e+00,8.012121048845374487e-06,1.602424209769074897e-05,2.403636314653612177e-05,3.204848419538149117e-05,4.006060524422686058e-05,4.807272629307222998e-05,5.608484734191759939e-05
0.000000000000000000e+00,7.954138415415446699e-06,1.590827683083089340e-05,2.386241524624634010e-05,3.181655366166178680e-05,3.977069207707723350e-05,4.772483049249268020e-05,5.567896890790812690e-05
0.000000000000000000e+00,7.573646728231289012e-06,1.514729345646257802e-05,2.272094018469386788e-05,3.029458691292515943e-05,3.786823364115645438e-05,4.544188036938774932e-05,5.301552709761904426e-05
0.000000000000000000e+00,8.133427187482172201e-06,1.626685437496434440e-05,2.440028156244651830e-05,3.253370874992869558e-05,4.066713593741087286e-05,4.880056312489305015e-05,5.693399031237522743e-05
0.000000000000000000e+00,8.077585364368773815e-06,1.615517072873754763e-05,2.423275609310632144e-05,3.231034145747509526e-05,4.038792682184387246e-05,4.846551218621264966e-05,5.654309755058142687e-05
0.000000000000000000e+00,7.634191043436373920e-06,1.526838208687274784e-05,2.290257313030912007e-05,3.053676417374548890e-05,3.817095521718185774e-05,4.580514626061822658e-05,5.343933730405459542e-05
0.000000000000000000e+00,8.133427187481757155e-06,1.626685437496351431e-05,2.440028156244527147e-05,3.253370874992702862e-05,4.066713593740878578e-05,4.880056312489054293e-05,5.693399031237230009e-05
0.000000000000000000e+00,8.077585364368556974e-06,1.615517072873711395e-05,2.423275609310567092e-05,3.231034145747422790e-05,4.038792682184278826e-05,4.846551218621134862e-05,5.654309755057990898e-05
0.000000000000000000e+00,7.634191043436553491e-06,1.526838208687310698e-05,2.290257313030966217e-05,3.053676417374622074e-05,3.817095521718277931e-05,4.580514626061933789e-05,5.343933730405589646e-05
0.000000000000000000e+00,8.193699760040623679e-06,1.638739952008124736e-05,2.458109928012187104e-05,3.277479904016249472e-05,4.096849880020311840e-05,4.916219856024374208e-05,5.735589832028436575e-05
0.000000000000000000e+00,8.193071001761774536e-06,1.638614200352354907e-05,2.457921300528532191e-05,3.277228400704709137e-05,4.096535500880886082e-05,4.915842601057063028e-05,5.735149701233239973e-05
0.000000000000000000e+00,8.183197831735332305e-06,1.636639566347066461e-05,2.454959349520599522e-05,3.273279132694132244e-05,4.091598915867664967e-05,4.909918699041197689e-05,5.728238482214730411e-05
0.000000000000000000e+00,7.656300986009183370e-06,1.531260197201836674e-05,2.296890295802755011e-05,3.062520394403673348e-05,3.828150493004591685e-05,4.593780591605510022e-05,5.359410690206428359e-05
0.000000000000000000e+00,8.193196832660839979e-06,1.638639366532167996e-05,2.457959049798251824e-05,3.277278733064335314e-05,4.096598416330418804e-05,4.915918099596502293e-05,5.735237782862585783e-05
0.000000000000000000e+00,7.655878847822656895e-06,1.531175769564531379e-05,2.296763654346797238e-05,3.062351539129063436e-05,3.827939423911329634e-05,4.593527308693595831e-05,5.359115193475862029e-05
0.000000000000000000e+00,8.193699760039986710e-06,1.638739952007997342e-05,2.458109928011996013e-05,3.277479904015994684e-05,4.096849880019993355e-05,4.916219856023992026e-05,5.735589832027990697e-05
0.000000000000000000e+00,8.193196832660536741e-06,1.638639366532107348e-05,2.457959049798161022e-05,3.277278733064214696e-05,4.096598416330268370e-05,4.915918099596322045e-05,5.735237782862375719e-05
0.000000000000000000e+00,8.183197831734805451e-06,1.636639566346961090e-05,2.454959349520441635e-05,3.273279132693922180e-05,4.091598915867402725e-05,4.909918699040883270e-05,5.728238482214363815e-05
0.000000000000000000e+00,7.656300986009224028e-06,1.531260197201844806e-05,2.296890295802767208e-05,3.062520394403689611e-05,3.828150493004612014e-05,4.593780591605534417e-05,5.359410690206456820e-05
0.000000000000000000e+00,8.377714427722176253e-06,1.675542885544435251e-05,2.513314328316652876e-05,3.351085771088870501e-05,4.188857213861087788e-05,5.026628656633305074e-05,5.864400099405522361e-05
0.000000000000000000e+00,8.602156860241811165e-06,1.720431372048362233e-05,2.580647058072543180e-05,3.440862744096723788e-05,4.301078430120904396e-05,5.161294116145085005e-05,6.021509802169265613e-05
0.000000000000000000e+00,8.617306233114303406e-06,1.723461246622860681e-05,2.585191869934291191e-05,3.446922493245722040e-05,4.308653116557152889e-05,5.170383739868583738e-05,6.032114363180014587e-05
0.000000000000000000e+00,8.459518304243142050e-06,1.691903660848628410e-05,2.537855491272942784e-05,3.383807321697257498e-05,4.229759152121572211e-05,5.075710982545886924e-05,5.921662812970201637e-05
0.000000000000000000e+00,8.250347609953497186e-06,1.650069521990699437e-05,2.475104282986049156e-05,3.300139043981398874e-05,4.125173804976748932e-05,4.950208565972098989e-05,5.775243326967449047e-05
0.000000000000000000e+00,8.078662564329841813e-06,1.615732512865968363e-05,2.423598769298952374e-05,3.231465025731936047e-05,4.039331282164919720e-05,4.847197538597903393e-05,5.655063795030887066e-05
0.000000000000000000e+00,8.614364392936347975e-06,1.722872878587269595e-05,2.584309317880904562e-05,3.445745757174539868e-05,4.307182196468175173e-05,5.168618635761810479e-05,6.030055075055445785e-05
0.000000000000000000e+00,8.263064887307946374e-06,1.652612977461589275e-05,2.478919466192383743e-05,3.305225954923177872e-05,4.131532443653972001e-05,4.957838932384766131e-05,5.784145421115560260e-05
0.000000000000000000e+00,8.377714427722211829e-06,1.675542885544442366e-05,2.513314328316663379e-05,3.351085771088884054e-05,4.188857213861104728e-05,5.026628656633325403e-05,5.864400099405546078e-05
0.000000000000000000e+00,8.602156860241801000e-06,1.720431372048360200e-05,2.580647058072540469e-05,3.440862744096721078e-05,4.301078430120901686e-05,5.161294116145082294e-05,6.021509802169262902e-05
0.000000000000000000e+00,8.614364392936346281e-06,1.722872878587269256e-05,2.584309317880903884e-05,3.445745757174538512e-05,4.307182196468173140e-05,5.168618635761807769e-05,6.030055075055442397e-05
0.000000000000000000e+00,8.459518304243125110e-06,1.691903660848625022e-05,2.537855491272937363e-05,3.383807321697249366e-05,4.229759152121561369e-05,5.075710982545873372e-05,5.921662812970185374e-05
0.000000000000000000e+00,8.250347609953683533e-06,1.650069521990736707e-05,2.475104282986105060e-05,3.300139043981473413e-05,4.125173804976841767e-05,4.950208565972210120e-05,5.775243326967578473e-05
0.000000000000000000e+00,8.078662564330065429e-06,1.615732512866013086e-05,2.423598769299019459e-05,3.231465025732025494e-05,4.039331282165031529e-05,4.847197538598037563e-05,5.655063795031043598e-05
0.000000000000000000e+00,8.318588809092621172e-06,1.663717761818524234e-05,2.495576642727786521e-05,3.327435523637049147e-05,4.159294404546311772e-05,4.991153285455574397e-05,5.823012166364837023e-05
0.000000000000000000e+00,8.330306722164908977e-06,1.666061344432981795e-05,2.499092016649472693e-05,3.332122688865963591e-05,4.165153361082454489e-05,4.998184033298945386e-05,5.831214705515436284e-05
0.000000000000000000e+00,8.022865175538442190e-06,1.604573035107688438e-05,2.406859552661532657e-05,3.209146070215376876e-05,4.011432587769221095e-05,4.813719105323065314e-05,5.616005622876909533e-05
0.000000000000000000e+00,8.318588809092605926e-06,1.663717761818521185e-05,2.495576642727781778e-05,3.327435523637042370e-05,4.159294404546302963e-05,4.991153285455563555e-05,5.823012166364824148e-05
0.000000000000000000e+00,8.330306722164836132e-06,1.666061344432967226e-05,2.499092016649451009e-05,3.332122688865935131e-05,4.165153361082419252e-05,4.998184033298903373e-05,5.831214705515387495e-05
0.000000000000000000e+00,8.022865175538548916e-06,1.604573035107709783e-05,2.406859552661564505e-05,3.209146070215418889e-05,4.011432587769273272e-05,4.813719105323127656e-05,5.616005622876982039e-05
0.000000000000000000e+00,8.367763013247197392e-06,1.673552602649439478e-05,2.510328903974159048e-05,3.347105205298878279e-05,4.183881506623597510e-05,5.020657807948316741e-05,5.857434109273035972e-05
0.000000000000000000e+00,8.332940378806605777e-06,1.666588075761321155e-05,2.499882113641981903e-05,3.333176151522642989e-05,4.166470189403304075e-05,4.999764227283965161e-05,5.833058265164626246e-05
0.000000000000000000e+00,8.052305319253480001e-06,1.610461063850696000e-05,2.415691595776044170e-05,3.220922127701392678e-05,4.026152659626741186e-05,4.831383191552089695e-05,5.636613723477438203e-05
0.000000000000000000e+00,8.367763013246839944e-06,1.673552602649367989e-05,2.510328903974051983e-05,3.347105205298735978e-05,4.183881506623419972e-05,5.020657807948103967e-05,5.857434109272787961e-05
0.000000000000000000e+00,8.332940378806409266e-06,1.666588075761281853e-05,2.499882113641922949e-05,3.333176151522564384e-05,4.166470189403205819e-05,4.999764227283847254e-05,5.833058265164488688e-05
0.000000000000000000e+00,8.052305319253439344e-06,1.610461063850687869e-05,2.415691595776031973e-05,3.220922127701376415e-05,4.026152659626720858e-05,4.831383191552065300e-05,5.636613723477409743e-05
0.000000000000000000e+00,8.495634249012622976e-06,1.699126849802524595e-05,2.548690274703786893e-05,3.398253699605049191e-05,4.247817124506311488e-05,5.097380549407573786e-05,5.946943974308836083e-05
0.000000000000000000e+00,8.426041981517844620e-06,1.685208396303568924e-05,2.527812594455353386e-05,3.370416792607137848e-05,4.213020990758922649e-05,5.055625188910707450e-05,5.898229387062492251e-05
0.000000000000000000e+00,8.144200971462103183e-06,1.628840194292420637e-05,2.443260291438630955e-05,3.257680388584841273e-05,4.072100485731051592e-05,4.886520582877261910e-05,5.700940680023472228e-05
0.000000000000000000e+00,8.495634249012194378e-06,1.699126849802438876e-05,2.548690274703658144e-05,3.398253699604877073e-05,4.247817124506096003e-05,5.097380549407314932e-05,5.946943974308533862e-05
0.000000000000000000e+00,8.426041981517497337e-06,1.685208396303499467e-05,2.527812594455249370e-05,3.370416792606999612e-05,4.213020990758749854e-05,5.055625188910500096e-05,5.898229387062250338e-05
0.000000000000000000e+00,8.144200971461982905e-06,1.628840194292396581e-05,2.443260291438595041e-05,3.257680388584793839e-05,4.072100485730992638e-05,4.886520582877191437e-05,5.700940680023390235e-05
0.000000000000000000e+00,8.684585699881572981e-06,1.736917139976314596e-05,2.605375709964471894e-05,3.473834279952629192e-05,4.342292849940786490e-05,5.210751419928943788e-05,6.079209989917101086e-05
0.000000000000000000e+00,8.587669735574237484e-06,1.717533947114847497e-05,2.576300920672271245e-05,3.435067894229694994e-05,4.293834867787119081e-05,5.152601841344543168e-05,6.011368814901967255e-05
0.000000000000000000e+00,8.284621602034929587e-06,1.656924320406985917e-05,2.485386480610478707e-05,3.313848640813971157e-05,4.142310801017463608e-05,4.970772961220956058e-05,5.799235121424448509e-05
0.000000000000000000e+00,8.684585699880947870e-06,1.736917139976189574e-05,2.605375709964284192e-05,3.473834279952378470e-05,4.342292849940472749e-05,5.210751419928567028e-05,6.079209989916661307e-05
0.000000000000000000e+00,8.587669735573690301e-06,1.717533947114738060e-05,2.576300920672106921e-05,3.435067894229475443e-05,4.293834867786843965e-05,5.152601841344212486e-05,6.011368814901581008e-05
0.000000000000000000e+00,8.284621602034716135e-06,1.656924320406943227e-05,2.485386480610415010e-05,3.313848640813887132e-05,4.142310801017359253e-05,4.970772961220831375e-05,5.799235121424303497e-05
0.000000000000000000e+00,8.919526220558332498e-06,1.783905244111666500e-05,2.675857866167499749e-05,3.567810488223332999e-05,4.459763110279166249e-05,5.351715732334999499e-05,6.243668354390832071e-05
0.000000000000000000e+00,8.802888168022251865e-06,1.760577633604450373e-05,2.640866450406675729e-05,3.521155267208901424e-05,4.401444084011127118e-05,5.281732900813352813e-05,6.162021717615578508e-05
0.000000000000000000e+00,8.460710885455602654e-06,1.692142177091120531e-05,2.538213265636680966e-05,3.384284354182241739e-05,4.230355442727802513e-05,5.076426531273363287e-05,5.922497619818924060e-05
0.000000000000000000e+00,8.919526220557351634e-06,1.783905244111470327e-05,2.675857866167205660e-05,3.567810488222941331e-05,4.459763110278677003e-05,5.351715732334412674e-05,6.243668354390149024e-05
0.000000000000000000e+00,8.802888168021443796e-06,1.760577633604288759e-05,2.640866450406433139e-05,3.521155267208577518e-05,4.401444084010721898e-05,5.281732900812866277e-05,6.162021717615010657e-05
0.000000000000000000e+00,8.460710885455065635e-06,1.692142177091013127e-05,2.538213265636519691e-05,3.384284354182026254e-05,4.230355442727532818e-05,5.076426531273039381e-05,5.922497619818545945e-05
0.000000000000000000e+00,9.175234133810778126e-06,1.835046826762155625e-05,2.752570240143233438e-05,3.670093653524311250e-05,4.587617066905388724e-05,5.505140480286466198e-05,6.422663893667543672e-05
0.000000000000000000e+00,9.053281758023758744e-06,1.810656351604751749e-05,2.715984527407127623e-05,3.621312703209503497e-05,4.526640879011879033e-05,5.431969054814254569e-05,6.337297230616630104e-05
0.000000000000000000e+00,8.648274257424392266e-06,1.729654851484878453e-05,2.594482277227317849e-05,3.459309702969757584e-05,4.324137128712197319e-05,5.188964554454637054e-05,6.053791980197076788e-05
0.000000000000000000e+00,9.175234133809090836e-06,1.835046826761818167e-05,2.752570240142727251e-05,3.670093653523636334e-05,4.587617066904545757e-05,5.505140480285455179e-05,6.422663893666364602e-05
0.000000000000000000e+00,9.053281758022405185e-06,1.810656351604481037e-05,2.715984527406721386e-05,3.621312703208961396e-05,4.526640879011201407e-05,5.431969054813441417e-05,6.337297230615681427e-05
0.000000000000000000e+00,8.648274257423409708e-06,1.729654851484681942e-05,2.594482277227023082e-05,3.459309702969364561e-05,4.324137128711706040e-05,5.188964554454047519e-05,6.053791980196388998e-05
0.000000000000000000e+00,9.404987202490503763e-06,1.880997440498100753e-05,2.821496160747151129e-05,3.761994880996201505e-05,4.702493601245251882e-05,5.642992321494302258e-05,6.583491041743351957e-05
0.000000000000000000e+00,9.404588552993794643e-06,1.880917710598758929e-05,2.821376565898138224e-05,3.761835421197517180e-05,4.702294276496896136e-05,5.642753131796275092e-05,6.583211987095654726e-05
0.000000000000000000e+00,9.302117882616134007e-06,1.860423576523226801e-05,2.790635364784840202e-05,3.720847153046453603e-05,4.651058941308066665e-05,5.581270729569679726e-05,6.511482517831292788e-05
0.000000000000000000e+00,8.781112961858167606e-06,1.756222592371633521e-05,2.634333888557450451e-05,3.512445184743267720e-05,4.390556480929084989e-05,5.268667777114902258e-05,6.146779073300720204e-05
0.000000000000000000e+00,9.404681046457954286e-06,1.880936209291590857e-05,2.821404313937386286e-05,3.761872418583181714e-05,4.702340523228976804e-05,5.642808627874771894e-05,6.583276732520566984e-05
0.000000000000000000e+00,8.780455913261105206e-06,1.756091182652221041e-05,2.634136773978331731e-05,3.512182365304442760e-05,4.390227956630553789e-05,5.268273547956664818e-05,6.146319139282776524e-05
0.000000000000000000e+00,9.404987202488103272e-06,1.880997440497620654e-05,2.821496160746430812e-05,3.761994880995240631e-05,4.702493601244050450e-05,5.642992321492860269e-05,6.583491041741670088e-05
0.000000000000000000e+00,9.404681046456768440e-06,1.880936209291353688e-05,2.821404313937030532e-05,3.761872418582707376e-05,4.702340523228384559e-05,5.642808627874061741e-05,6.583276732519738924e-05
0.000000000000000000e+00,9.302117882614070635e-06,1.860423576522814127e-05,2.790635364784221190e-05,3.720847153045628254e-05,4.651058941307035317e-05,5.581270729568442381e-05,6.511482517829849444e-05
0.000000000000000000e+00,8.781112961856631089e-06,1.756222592371326218e-05,2.634333888556989327e-05,3.512445184742652435e-05,4.390556480928315883e-05,5.268667777113979331e-05,6.146779073299642778e-05
0.000000000000000000e+00,8.965026949680320728e-06,1.793005389936064146e-05,2.689508084904096219e-05,3.586010779872128291e-05,4.482513474840160364e-05,5.379016169808192437e-05,6.275518864776223832e-05
0.000000000000000000e+00,9.264217773071326266e-06,1.852843554614265253e-05,2.779265331921397880e-05,3.705687109228530506e-05,4.632108886535663472e-05,5.558530663842796437e-05,6.484952441149929403e-05
0.000000000000000000e+00,9.280146506211323098e-06,1.856029301242264620e-05,2.784043951863396930e-05,3.712058602484529239e-05,4.640073253105661549e-05,5.568087903726793859e-05,6.496102554347926846e-05
0.000000000000000000e+00,9.067454199878438798e-06,1.813490839975687760e-05,2.720236259963531639e-05,3.626981679951375519e-05,4.533727099939219399e-05,5.440472519927063279e-05,6.347217939914906481e-05
0.000000000000000000e+00,8.942551025880468991e-06,1.788510205176093798e-05,2.682765307764140697e-05,3.577020410352187596e-05,4.471275512940234157e-05,5.365530615528280717e-05,6.259785718116327277e-05
0.000000000000000000e+00,8.678261692729413891e-06,1.735652338545882778e-05,2.603478507818824167e-05,3.471304677091765557e-05,4.339130846364707284e-05,5.206957015637649012e-05,6.074783184910590740e-05
0.000000000000000000e+00,9.276990530973913004e-06,1.855398106194782601e-05,2.783097159292174071e-05,3.710796212389565879e-05,4.638495265486957688e-05,5.566194318584349497e-05,6.493893371681741305e-05
0.000000000000000000e+00,8.958863731143792037e-06,1.791772746228758407e-05,2.687659119343137611e-05,3.583545492457516815e-05,4.479431865571896357e-05,5.375318238686275900e-05,6.271204611800655442e-05
0.000000000000000000e+00,8.965026949679595668e-06,1.793005389935919134e-05,2.689508084903878700e-05,3.586010779871838267e-05,4.482513474839797834e-05,5.379016169807757401e-05,6.275518864775716968e-05
0.000000000000000000e+00,9.264217773070826517e-06,1.852843554614165303e-05,2.779265331921247786e-05,3.705687109228329929e-05,4.632108886535412073e-05,5.558530663842494216e-05,6.484952441149577037e-05
0.000000000000000000e+00,9.276990530973643648e-06,1.855398106194728730e-05,2.783097159292093094e-05,3.710796212389457459e-05,4.638495265486822163e-05,5.566194318584186866e-05,6.493893371681551570e-05
0.000000000000000000e+00,9.067454199877922108e-06,1.813490839975584422e-05,2.720236259963376463e-05,3.626981679951168166e-05,4.533727099938959868e-05,5.440472519926751571e-05,6.347217939914543273e-05
0.000000000000000000e+00,8.942551025880199635e-06,1.788510205176039927e-05,2.682765307764059721e-05,3.577020410352079176e-05,4.471275512940098631e-05,5.365530615528118087e-05,6.259785718116137542e-05
0.000000000000000000e+00,8.678261692729090325e-06,1.735652338545818065e-05,2.603478507818726928e-05,3.471304677091635452e-05,4.339130846364543977e-05,5.206957015637452501e-05,6.074783184910361025e-05
0.000000000000000000e+00,8.910549318182410273e-06,1.782109863636482055e-05,2.673164795454723082e-05,3.564219727272964109e-05,4.455274659091204798e-05,5.346329590909445486e-05,6.237384522727686174e-05
0.000000000000000000e+00,8.913529320655915982e-06,1.782705864131183196e-05,2.674058796196774625e-05,3.565411728262365715e-05,4.456764660327956805e-05,5.348117592393547895e-05,6.239470524459138985e-05
0.000000000000000000e+00,8.615561730055213021e-06,1.723112346011042604e-05,2.584668519016563906e-05,3.446224692022085208e-05,4.307780865027606172e-05,5.169337038033127135e-05,6.030893211038648098e-05
0.000000000000000000e+00,8.910549318181774998e-06,1.782109863636355000e-05,2.673164795454532330e-05,3.564219727272709322e-05,4.455274659090886313e-05,5.346329590909063305e-05,6.237384522727240296e-05
0.000000000000000000e+00,8.913529320655338306e-06,1.782705864131067661e-05,2.674058796196601492e-05,3.565411728262135322e-05,4.456764660327669492e-05,5.348117592393203661e-05,6.239470524458737830e-05
0.000000000000000000e+00,8.615561730054842020e-06,1.723112346010968404e-05,2.584668519016452437e-05,3.446224692021936130e-05,4.307780865027419824e-05,5.169337038032903518e-05,6.030893211038387212e-05
0.000000000000000000e+00,9.005072688303824370e-06,1.801014537660764874e-05,2.701521806491147311e-05,3.602029075321529748e-05,4.502536344151911846e-05,5.403043612982293944e-05,6.303550881812676043e-05
0.000000000000000000e+00,8.944887560509808257e-06,1.788977512101961651e-05,2.683466268152942308e-05,3.577955024203922625e-05,4.472443780254902943e-05,5.366932536305883260e-05,6.261421292356863578e-05
0.000000000000000000e+00,8.685902285053584846e-06,1.737180457010716969e-05,2.605770685516075284e-05,3.474360914021433261e-05,4.342951142526791237e-05,5.211541371032149214e-05,6.080131599537507190e-05
0.000000000000000000e+00,9.005072688303021383e-06,1.801014537660604277e-05,2.701521806490906415e-05,3.602029075321208553e-05,4.502536344151510691e-05,5.403043612981812830e-05,6.303550881812114968e-05
0.000000000000000000e+00,8.944887560509120466e-06,1.788977512101824093e-05,2.683466268152736309e-05,3.577955024203648864e-05,4.472443780254561419e-05,5.366932536305473974e-05,6.261421292356386529e-05
0.000000000000000000e+00,8.685902285053013946e-06,1.737180457010602789e-05,2.605770685515904184e-05,3.474360914021205578e-05,4.342951142526507312e-05,5.211541371031809045e-05,6.080131599537110779e-05
0.000000000000000000e+00,9.205650664441812790e-06,1.841130132888362558e-05,2.761695199332544007e-05,3.682260265776725794e-05,4.602825332220907581e-05,5.523390398665089368e-05,6.443955465109271156e-05
0.000000000000000000e+00,9.098455699825772977e-06,1.819691139965154595e-05,2.729536709947731724e-05,3.639382279930308513e-05,4.549227849912885303e-05,5.459073419895462092e-05,6.368918989878039560e-05
0.000000000000000000e+00,8.849999549669365168e-06,1.769999909933873034e-05,2.654999864900809550e-05,3.539999819867746067e-05,4.424999774834682245e-05,5.309999729801618423e-05,6.194999684768554601e-05
0.000000000000000000e+00,9.205650664440809903e-06,1.841130132888161981e-05,2.761695199332243140e-05,3.682260265776324639e-05,4.602825332220406138e-05,5.523390398664487636e-05,6.443955465108569135e-05
0.000000000000000000e+00,9.098455699824861570e-06,1.819691139964972314e-05,2.729536709947458640e-05,3.639382279929945306e-05,4.549227849912431971e-05,5.459073419894918636e-05,6.368918989877405301e-05
0.000000000000000000e+00,8.849999549668648578e-06,1.769999909933729716e-05,2.654999864900594404e-05,3.539999819867458754e-05,4.424999774834323103e-05,5.309999729801187453e-05,6.194999684768051802e-05
0.000000000000000000e+00,9.490652327168553630e-06,1.898130465433710726e-05,2.847195698150566259e-05,3.796260930867422130e-05,4.745326163584278001e-05,5.694391396301133872e-05,6.643456629017990421e-05
0.000000000000000000e+00,9.345182180561351665e-06,1.869036436112270333e-05,2.803554654168405330e-05,3.738072872224539988e-05,4.672591090280674646e-05,5.607109308336809305e-05,6.541627526392943285e-05
0.000000000000000000e+00,9.087398740588068400e-06,1.817479748117613680e-05,2.726219622176420351e-05,3.634959496235226682e-05,4.543699370294033014e-05,5.452439244352839346e-05,6.361179118411645678e-05
0.000000000000000000e+00,9.490652327167308492e-06,1.898130465433461698e-05,2.847195698150192548e-05,3.796260930866923397e-05,4.745326163583653907e-05,5.694391396300384418e-05,6.643456629017114928e-05
0.000000000000000000e+00,9.345182180560187841e-06,1.869036436112037568e-05,2.803554654168056352e-05,3.738072872224075137e-05,4.672591090280093921e-05,5.607109308336112705e-05,6.541627526392131489e-05
0.000000000000000000e+00,9.087398740587077371e-06,1.817479748117415474e-05,2.726219622176123211e-05,3.634959496234830948e-05,4.543699370293538347e-05,5.452439244352245745e-05,6.361179118410953143e-05
0.000000000000000000e+00,9.844725543403925412e-06,1.968945108680785082e-05,2.953417663021177793e-05,3.937890217361570842e-05,4.922362771701963892e-05,5.906835326042356941e-05,6.891307880382749990e-05
0.000000000000000000e+00,9.668255779247784276e-06,1.933651155849556855e-05,2.900476733774335283e-05,3.867302311699113710e-05,4.834127889623892477e-05,5.800953467548671243e-05,6.767779045473450009e-05
0.000000000000000000e+00,9.382136615772577770e-06,1.876427323154515554e-05,2.814640984731773331e-05,3.752854646309031108e-05,4.691068307886289224e-05,5.629281969463547340e-05,6.567495631040805456e-05
0.000000000000000000e+00,9.844725543401704491e-06,1.968945108680340898e-05,2.953417663020511347e-05,3.937890217360681796e-05,4.922362771700852584e-05,5.906835326041023372e-05,6.891307880381194160e-05
0.000000000000000000e+00,9.668255779246066493e-06,1.933651155849213299e-05,2.900476733773819948e-05,3.867302311698426597e-05,4.834127889623033246e-05,5.800953467547639896e-05,6.767779045472246545e-05
0.000000000000000000e+00,9.382136615770968408e-06,1.876427323154193682e-05,2.814640984731290522e-05,3.752854646308387363e-05,4.691068307885484204e-05,5.629281969462581045e-05,6.567495631039677885e-05
0.000000000000000000e+00,1.025279497151341375e-05,2.050558994302682751e-05,3.075838491454024296e-05,4.101117988605366179e-05,5.126397485756708063e-05,6.151676982908049947e-05,7.176956480059391830e-05
0.000000000000000000e+00,1.005216854419837968e-05,2.010433708839675935e-05,3.015650563259514072e-05,4.020867417679352548e-05,5.026084272099191024e-05,6.031301126519029499e-05,7.036517980938867298e-05
0.000000000000000000e+00,9.711561636587244206e-06,1.942312327317448841e-05,2.913468490976173431e-05,3.884624654634898360e-05,4.855780818293623289e-05,5.826936981952348217e-05,6.798093145611073824e-05
0.000000000000000000e+00,1.025279497151029498e-05,2.050558994302058996e-05,3.075838491453088494e-05,4.101117988604117992e-05,5.126397485755147489e-05,6.151676982906176987e-05,7.176956480057207163e-05
0.000000000000000000e+00,1.005216854419586060e-05,2.010433708839172120e-05,3.015650563258758180e-05,4.020867417678344240e-05,5.026084272097929961e-05,6.031301126517515682e-05,7.036517980937101403e-05
0.000000000000000000e+00,9.711561636584908089e-06,1.942312327316981618e-05,2.913468490975472427e-05,3.884624654633963235e-05,4.855780818292454383e-05,5.826936981950945531e-05,6.798093145609436679e-05
0.000000000000000000e+00,1.071816582900872588e-05,2.143633165801745176e-05,3.215449748702617426e-05,4.287266331603489675e-05,5.359082914504361924e-05,6.430899497405234851e-05,7.502716080306107778e-05
0.000000000000000000e+00,1.071824127541168940e-05,2.143648255082337880e-05,3.215472382623506481e-05,4.287296510164675083e-05,5.359120637705843684e-05,6.430944765247012963e-05,7.502768892788182241e-05
0.000000000000000000e+00,1.048496766345526295e-05,2.096993532691052590e-05,3.145490299036579054e-05,4.193987065382105857e-05,5.242483831727632660e-05,6.290980598073159463e-05,7.339477364418686266e-05
0.000000000000000000e+00,1.005577269172732651e-05,2.011154538345465303e-05,3.016731807518198123e-05,4.022309076690931283e-05,5.027886345863664442e-05,6.033463615036397602e-05,7.039040884209130761e-05
0.000000000000000000e+00,1.071819812249452653e-05,2.143639624498905306e-05,3.215459436748357958e-05,4.287279248997810611e-05,5.359099061247263264e-05,6.430918873496715917e-05,7.502738685746168569e-05
0.000000000000000000e+00,1.005567053168673033e-05,2.011134106337346067e-05,3.016701159506018931e-05,4.022268212674691456e-05,5.027835265843363981e-05,6.033402319012036506e-05,7.038969372180709709e-05
0.000000000000000000e+00,1.071816582900549022e-05,2.143633165801098043e-05,3.215449748701647065e-05,4.287266331602196086e-05,5.359082914502745108e-05,6.430899497403294129e-05,7.502716080303843151e-05
0.000000000000000000e+00,1.071819812249293411e-05,2.143639624498586821e-05,3.215459436747880232e-05,4.287279248997173642e-05,5.359099061246467053e-05,6.430918873495760464e-05,7.502738685745053196e-05
0.000000000000000000e+00,1.048496766345209335e-05,2.096993532690418670e-05,3.145490299035627667e-05,4.193987065380836663e-05,5.242483831726045659e-05,6.290980598071255333e-05,7.339477364416465007e-05
0.000000000000000000e+00,1.005577269172432463e-05,2.011154538344864926e-05,3.016731807517297558e-05,4.022309076689730529e-05,5.027886345862163500e-05,6.033463615034596471e-05,7.039040884207028764e-05
0.000000000000000000e+00,9.520470707761468526e-06,1.904094141552293705e-05,2.856141212328440558e-05,3.808188283104587410e-05,4.760235353880734263e-05,5.712282424656881115e-05,6.664329495433027968e-05
0.000000000000000000e+00,9.843988628237894224e-06,1.968797725647578845e-05,2.953196588471368098e-05,3.937595451295157012e-05,4.921994314118945926e-05,5.906393176942734840e-05,6.890792039766523755e-05
0.000000000000000000e+00,9.855226202858830494e-06,1.971045240571766099e-05,2.956567860857648979e-05,3.942090481143531520e-05,4.927613101429414061e-05,5.913135721715296602e-05,6.898658342001178466e-05
0.000000000000000000e+00,9.627949467873011180e-06,1.925589893574602236e-05,2.888384840361903354e-05,3.851179787149204472e-05,4.813974733936505590e-05,5.776769680723806708e-05,6.739564627511107826e-05
0.000000000000000000e+00,9.566222645381768628e-06,1.913244529076353726e-05,2.869866793614530588e-05,3.826489058152707451e-05,4.783111322690884314e-05,5.739733587229061177e-05,6.696355851767238040e-05
0.000000000000000000e+00,9.250252413705574463e-06,1.850050482741114893e-05,2.775075724111672508e-05,3.700100965482230463e-05,4.625126206852788418e-05,5.550151448223346372e-05,6.475176689593905004e-05
0.000000000000000000e+00,9.852988508924912300e-06,1.970597701784982460e-05,2.955896552677473690e-05,3.941195403569964920e-05,4.926494254462456489e-05,5.911793105354948058e-05,6.897091956247439627e-05
0.000000000000000000e+00,9.580383445858247431e-06,1.916076689171649486e-05,2.874115033757474060e-05,3.832153378343298295e-05,4.790191722929122530e-05,5.748230067514946764e-05,6.706268412100770322e-05
0.000000000000000000e+00,9.520470707760687561e-06,1.904094141552137512e-05,2.856141212328206099e-05,3.808188283104274347e-05,4.760235353880342595e-05,5.712282424656410843e-05,6.664329495432479091e-05
0.000000000000000000e+00,9.843988628237009922e-06,1.968797725647401984e-05,2.953196588471103146e-05,3.937595451294804646e-05,4.921994314118506147e-05,5.906393176942207647e-05,6.890792039765909825e-05
0.000000000000000000e+00,9.852988508924453209e-06,1.970597701784890642e-05,2.955896552677335793e-05,3.941195403569780606e-05,4.926494254462225418e-05,5.911793105354670231e-05,6.897091956247115721e-05
0.000000000000000000e+00,9.627949467872187864e-06,1.925589893574437573e-05,2.888384840361656359e-05,3.851179787148875145e-05,4.813974733936093593e-05,5.776769680723312041e-05,6.739564627510530488e-05
0.000000000000000000e+00,9.566222645381067285e-06,1.913244529076213457e-05,2.869866793614320185e-05,3.826489058152426914e-05,4.783111322690533304e-05,5.739733587228639693e-05,6.696355851766746083e-05
0.000000000000000000e+00,9.250252413704756230e-06,1.850050482740951246e-05,2.775075724111426869e-05,3.700100965481902492e-05,4.625126206852378454e-05,5.550151448222854415e-05,6.475176689593330377e-05
0.000000000000000000e+00,9.481427263622813881e-06,1.896285452724562776e-05,2.844428179086844164e-05,3.792570905449125552e-05,4.740713631811406602e-05,5.688856358173687651e-05,6.636999084535968700e-05
0.000000000000000000e+00,9.472156992124399042e-06,1.894431398424879808e-05,2.841647097637319712e-05,3.788862796849759617e-05,4.736078496062199521e-05,5.683294195274639425e-05,6.630509894487079329e-05
0.000000000000000000e+00,9.200198774437265111e-06,1.840039754887453022e-05,2.760059632331179533e-05,3.680079509774906044e-05,4.600099387218632555e-05,5.520119264662359066e-05,6.440139142106085578e-05
0.000000000000000000e+00,9.481427263621860122e-06,1.896285452724372024e-05,2.844428179086557867e-05,3.792570905448743371e-05,4.740713631810928875e-05,5.688856358173114379e-05,6.636999084535299205e-05
0.000000000000000000e+00,9.472156992123509657e-06,1.894431398424701931e-05,2.841647097637052728e-05,3.788862796849403185e-05,4.736078496061753643e-05,5.683294195274104100e-05,6.630509894486454558e-05
0.000000000000000000e+00,9.200198774436462124e-06,1.840039754887292425e-05,2.760059632330938637e-05,3.680079509774584849e-05,4.600099387218231401e-05,5.520119264661877952e-05,6.440139142105524503e-05
0.000000000000000000e+00,9.619683779068557273e-06,1.923936755813711455e-05,2.885905133720567182e-05,3.847873511627422909e-05,4.809841889534278297e-05,5.771810267441133686e-05,6.733778645347989074e-05
0.000000000000000000e+00,9.534617103280299344e-06,1.906923420656059869e-05,2.860385130984089634e-05,3.813846841312119060e-05,4.767308551640148486e-05,5.720770261968177912e-05,6.674231972296207338e-05
0.000000000000000000e+00,9.316461716370677827e-06,1.863292343274135565e-05,2.794938514911203179e-05,3.726584686548270453e-05,4.658230858185337728e-05,5.589877029822405002e-05,6.521523201459471599e-05
0.000000000000000000e+00,9.619683779067410390e-06,1.923936755813482078e-05,2.885905133720223286e-05,3.847873511626964834e-05,4.809841889533706381e-05,5.771810267440447928e-05,6.733778645347189475e-05
0.000000000000000000e+00,9.534617103279228694e-06,1.906923420655845739e-05,2.860385130983768439e-05,3.813846841311690800e-05,4.767308551639613161e-05,5.720770261967535522e-05,6.674231972295457884e-05
0.000000000000000000e+00,9.316461716369713904e-06,1.863292343273942781e-05,2.794938514910914171e-05,3.726584686547885562e-05,4.658230858184857291e-05,5.589877029821829020e-05,6.521523201458800749e-05
0.000000000000000000e+00,9.889213965971501745e-06,1.977842793194300349e-05,2.966764189791450693e-05,3.955685586388601376e-05,4.944606982985752058e-05,5.933528379582902741e-05,6.922449776180052746e-05
0.000000000000000000e+00,9.745405601264342250e-06,1.949081120252868450e-05,2.923621680379302675e-05,3.898162240505736900e-05,4.872702800632171125e-05,5.847243360758605350e-05,6.821783920885038897e-05
0.000000000000000000e+00,9.551719934655817862e-06,1.910343986931163572e-05,2.865515980396745189e-05,3.820687973862326467e-05,4.775859967327907745e-05,5.731031960793489023e-05,6.686203954259070301e-05
0.000000000000000000e+00,9.889213965969966921e-06,1.977842793193993384e-05,2.966764189790989907e-05,3.955685586387986091e-05,4.944606982984982275e-05,5.933528379581978459e-05,6.922449776178973965e-05
0.000000000000000000e+00,9.745405601262981915e-06,1.949081120252596383e-05,2.923621680378894744e-05,3.898162240505193444e-05,4.872702800631492143e-05,5.847243360757790843e-05,6.821783920884090220e-05
0.000000000000000000e+00,9.551719934654538842e-06,1.910343986930907768e-05,2.865515980396361653e-05,3.820687973861815537e-05,4.775859967327269421e-05,5.731031960792723305e-05,6.686203954258177189e-05
0.000000000000000000e+00,1.026901775341849419e-05,2.053803550683698837e-05,3.080705326025548425e-05,4.107607101367398352e-05,5.134508876709248279e-05,6.161410652051098205e-05,7.188312427392948810e-05
0.000000000000000000e+00,1.007450438229579732e-05,2.014900876459159464e-05,3.022351314688739366e-05,4.029801752918319606e-05,5.037252191147899847e-05,6.044702629377480087e-05,7.052153067607060328e-05
0.000000000000000000e+00,9.884148330947838053e-06,1.976829666189567611e-05,2.965244499284351416e-05,3.953659332379135221e-05,4.942074165473919365e-05,5.930488998568703510e-05,6.918903831663487654e-05
0.000000000000000000e+00,1.026901775341634103e-05,2.053803550683268206e-05,3.080705326024902647e-05,4.107607101366537089e-05,5.134508876708171530e-05,6.161410652049805294e-05,7.188312427391439058e-05
0.000000000000000000e+00,1.007450438229394063e-05,2.014900876458788125e-05,3.022351314688182357e-05,4.029801752917576928e-05,5.037252191146971499e-05,6.044702629376366070e-05,7.052153067605760640e-05
0.000000000000000000e+00,9.884148330946083001e-06,1.976829666189216600e-05,2.965244499283824900e-05,3.953659332378433200e-05,4.942074165473041162e-05,5.930488998567649123e-05,6.918903831662257084e-05
0.000000000000000000e+00,1.074859359926822236e-05,2.149718719853644473e-05,3.224578079780466709e-05,4.299437439707288946e-05,5.374296799634111182e-05,6.449156159560933419e-05,7.524015519487755655e-05
0.000000000000000000e+00,1.050740583023576119e-05,2.101481166047152238e-05,3.152221749070728188e-05,4.202962332094303799e-05,5.253702915117879410e-05,6.304443498141455021e-05,7.355184081165029955e-05
0.000000000000000000e+00,1.030013307513342853e-05,2.060026615026685706e-05,3.090039922540028898e-05,4.120053230053372090e-05,5.150066537566715282e-05,6.180079845080057796e-05,7.210093152593400310e-05
0.000000000000000000e+00,1.074859359926540513e-05,2.149718719853081027e-05,3.224578079779621709e-05,4.299437439706162731e-05,5.374296799632703752e-05,6.449156159559244774e-05,7.524015519485785118e-05
0.000000000000000000e+00,1.050740583023322009e-05,2.101481166046644019e-05,3.152221749069965859e-05,4.202962332093287360e-05,5.253702915116608861e-05,6.304443498139930362e-05,7.355184081163251863e-05
0.000000000000000000e+00,1.030013307513088235e-05,2.060026615026176470e-05,3.090039922539264535e-05,4.120053230052352262e-05,5.150066537565439989e-05,6.180079845078527716e-05,7.210093152591615442e-05
0.000000000000000000e+00,1.133033621938150190e-05,2.266067243876300380e-05,3.399100865814450739e-05,4.532134487752601437e-05,5.665168109690752135e-05,6.798201731628902833e-05,7.931235353567053531e-05
0.000000000000000000e+00,1.103888167572221757e-05,2.207776335144443514e-05,3.311664502716665440e-05,4.415552670288887705e-05,5.519440837861109970e-05,6.623329005433332235e-05,7.727217173005555178e-05
0.000000000000000000e+00,1.079173275967568272e-05,2.158346551935136544e-05,3.237519827902704815e-05,4.316693103870273087e-05,5.395866379837841359e-05,6.475039655805409631e-05,7.554212931772978580e-05
0.000000000000000000e+00,1.133033621937838821e-05,2.266067243875677641e-05,3.399100865813516292e-05,4.532134487751354605e-05,5.665168109689192917e-05,6.798201731627031229e-05,7.931235353564870219e-05
0.000000000000000000e+00,1.103888167571907677e-05,2.207776335143815354e-05,3.311664502715722862e-05,4.415552670287630030e-05,5.519440837859537199e-05,6.623329005431444368e-05,7.727217173003351537e-05
0.000000000000000000e+00,1.079173275967256225e-05,2.158346551934512450e-05,3.237519827901769013e-05,4.316693103869025577e-05,5.395866379836282141e-05,6.475039655803538027e-05,7.554212931770793913e-05
0.000000000000000000e+00,1.202496314498553828e-05,2.404992628997107656e-05,3.607488943495661485e-05,4.809985257994215313e-05,6.012481572492768463e-05,7.214977886991322969e-05,8.417474201489876797e-05
0.000000000000000000e+00,1.202352559263936232e-05,2.404705118527872463e-05,3.607057677791808864e-05,4.809410237055744927e-05,6.011762796319682344e-05,7.214115355583619084e-05,8.416467914847557857e-05
0.000000000000000000e+00,1.168006760080424040e-05,2.336013520160848080e-05,3.504020280241272459e-05,4.672027040321696838e-05,5.840033800402121217e-05,7.008040560482544919e-05,8.176047320562968620e-05
0.000000000000000000e+00,1.137354633465877328e-05,2.274709266931754657e-05,3.412063900397631816e-05,4.549418533863508636e-05,5.686773167329385457e-05,6.824127800795262277e-05,7.961482434261138419e-05
0.000000000000000000e+00,1.202436949023724513e-05,2.404873898047449026e-05,3.607310847071173369e-05,4.809747796094898052e-05,6.012184745118621379e-05,7.214621694142345383e-05,8.417058643166070743e-05
0.000000000000000000e+00,1.137369299064076881e-05,2.274738598128153762e-05,3.412107897192230473e-05,4.549477196256306846e-05,5.686846495320383219e-05,6.824215794384459592e-05,7.961585093448536642e-05
0.000000000000000000e+00,1.202496314498280575e-05,2.404992628996561151e-05,3.607488943494841557e-05,4.809985257993122301e-05,6.012481572491402368e-05,7.214977886989683113e-05,8.417474201487963180e-05
0.000000000000000000e+00,1.202436949023586616e-05,2.404873898047173232e-05,3.607310847070760017e-05,4.809747796094346464e-05,6.012184745117932910e-05,7.214621694141520034e-05,8.417058643165107159e-05
0.000000000000000000e+00,1.168006760080123343e-05,2.336013520160246687e-05,3.504020280240369861e-05,4.672027040320492696e-05,5.840033800400615531e-05,7.008040560480738367e-05,8.176047320560861202e-05
0.000000000000000000e+00,1.137354633465564943e-05,2.274709266931129885e-05,3.412063900396694659e-05,4.549418533862259093e-05,5.686773167327823528e-05,6.824127800793387962e-05,7.961482434258952397e-05
0.000000000000000000e+00,1.008338278393619227e-05,2.016676556787238455e-05,3.025014835180857682e-05,4.033353113574476910e-05,5.041691391968096137e-05,6.050029670361715365e-05,7.058367948755333915e-05
0.000000000000000000e+00,1.032351524259108113e-05,2.064703048518216227e-05,3.097054572777324340e-05,4.129406097036432454e-05,5.161757621295540567e-05,6.194109145554648681e-05,7.226460669813756794e-05
0.000000000000000000e+00,1.032578978321857112e-05,2.065157956643714224e-05,3.097736934965571675e-05,4.130315913287429126e-05,5.162894891609286576e-05,6.195473869931143350e-05,7.228052848253000123e-05
0.000000000000000000e+00,1.017631540919481226e-05,2.035263081838962451e-05,3.052894622758443508e-05,4.070526163677924225e-05,5.088157704597404943e-05,6.105789245516885660e-05,7.123420786436366378e-05
0.000000000000000000e+00,1.009894745700410862e-05,2.019789491400821724e-05,3.029684237101232586e-05,4.039578982801643448e-05,5.049473728502054649e-05,6.059368474202465849e-05,7.069263219902877050e-05
0.000000000000000000e+00,9.807939022173638402e-06,1.961587804434727680e-05,2.942381706652091351e-05,3.923175608869454683e-05,4.903969511086818015e-05,5.884763413304181347e-05,6.865557315521544001e-05
0.000000000000000000e+00,1.032547881728710456e-05,2.065095763457420913e-05,3.097643645186131539e-05,4.130191526914842504e-05,5.162739408643553468e-05,6.195287290372264433e-05,7.227835172100975398e-05
0.000000000000000000e+00,1.010598954460456095e-05,2.021197908920912190e-05,3.031796863381368284e-05,4.042395817841824379e-05,5.052994772302280474e-05,6.063593726762736569e-05,7.074192681223191986e-05
0.000000000000000000e+00,1.008338278393512671e-05,2.016676556787025341e-05,3.025014835180537843e-05,4.033353113574050005e-05,5.041691391967562168e-05,6.050029670361074330e-05,7.058367948754585815e-05
0.000000000000000000e+00,1.032351524258992917e-05,2.064703048517985834e-05,3.097054572776978751e-05,4.129406097035971668e-05,5.161757621294964585e-05,6.194109145553957502e-05,7.226460669812950419e-05
0.000000000000000000e+00,1.032547881728656924e-05,2.065095763457313848e-05,3.097643645185970941e-05,4.130191526914628374e-05,5.162739408643285806e-05,6.195287290371943238e-05,7.227835172100599993e-05
0.000000000000000000e+00,1.017631540919371450e-05,2.035263081838742900e-05,3.052894622758114181e-05,4.070526163677485123e-05,5.088157704596856065e-05,6.105789245516227007e-05,7.123420786435597949e-05
0.000000000000000000e+00,1.009894745700304983e-05,2.019789491400609966e-05,3.029684237100915118e-05,4.039578982801220609e-05,5.049473728501526100e-05,6.059368474201831591e-05,7.069263219902137082e-05
0.000000000000000000e+00,9.807939022172716830e-06,1.961587804434543366e-05,2.942381706651814880e-05,3.923175608869086054e-05,4.903969511086357229e-05,5.884763413303628404e-05,6.865557315520898901e-05
0.000000000000000000e+00,1.001454846252623726e-05,2.002909692505247451e-05,3.004364538757871007e-05,4.005819385010494225e-05,5.007274231263117442e-05,6.008729077515740659e-05,7.010183923768364554e-05
0.000000000000000000e+00,1.002813050412453192e-05,2.005626100824906385e-05,3.008439151237359577e-05,4.011252201649812769e-05,5.014065252062266300e-05,6.016878302474719831e-05,7.019691352887173362e-05
0.000000000000000000e+00,9.744022188431353037e-06,1.948804437686270607e-05,2.923206656529405911e-05,3.897608875372541215e-05,4.872011094215676858e-05,5.846413313058812500e-05,6.820815531901948143e-05
0.000000000000000000e+00,1.001454846252507004e-05,2.002909692505014009e-05,3.004364538757521013e-05,4.005819385010028018e-05,5.007274231262535361e-05,6.008729077515042704e-05,7.010183923767550047e-05
0.000000000000000000e+00,1.002813050412342231e-05,2.005626100824684462e-05,3.008439151237026523e-05,4.011252201649368246e-05,5.014065252061709969e-05,6.016878302474051692e-05,7.019691352886392737e-05
0.000000000000000000e+00,9.744022188430289164e-06,1.948804437686057833e-05,2.923206656529086749e-05,3.897608875372115666e-05,4.872011094215144243e-05,5.846413313058172821e-05,6.820815531901201398e-05
0.000000000000000000e+00,1.009024765611743735e-05,2.018049531223487471e-05,3.027074296835231376e-05,4.036099062446975620e-05,5.045123828058719863e-05,6.054148593670464107e-05,7.063173359282207673e-05
0.000000000000000000e+00,1.003726582019579645e-05,2.007453164039159289e-05,3.011179746058738934e-05,4.014906328078318579e-05,5.018632910097898224e-05,6.022359492117477868e-05,7.026086074137057513e-05
0.000000000000000000e+00,9.846636551455511464e-06,1.969327310291102293e-05,2.953990965436653439e-05,3.938654620582204586e-05,4.923318275727755393e-05,5.907981930873306201e-05,6.892645586018857008e-05
0.000000000000000000e+00,1.009024765611590931e-05,2.018049531223181862e-05,3.027074296834772623e-05,4.036099062446363045e-05,5.045123828057953468e-05,6.054148593669543890e-05,7.063173359281134313e-05
0.000000000000000000e+00,1.003726582019450218e-05,2.007453164038900436e-05,3.011179746058350654e-05,4.014906328077800872e-05,5.018632910097251091e-05,6.022359492116701309e-05,7.026086074136150849e-05
0.000000000000000000e+00,9.846636551454229056e-06,1.969327310290845811e-05,2.953990965436268886e-05,3.938654620581692300e-05,4.923318275727115714e-05,5.907981930872539128e-05,6.892645586017962542e-05
0.000000000000000000e+00,1.029405295906934190e-05,2.058810591813868381e-05,3.088215887720802740e-05,4.117621183627737439e-05,5.147026479534672137e-05,6.176431775441606836e-05,7.205837071348541534e-05
0.000000000000000000e+00,1.018141611841071089e-05,2.036283223682142177e-05,3.054424835523212927e-05,4.072566447364283677e-05,5.090708059205354427e-05,6.108849671046425855e-05,7.126991282887497282e-05
0.000000000000000000e+00,1.008215772033109306e-05,2.016431544066218611e-05,3.024647316099327748e-05,4.032863088132436545e-05,5.041078860165545343e-05,6.049294632198654140e-05,7.057510404231762938e-05
0.000000000000000000e+00,1.029405295906766647e-05,2.058810591813533294e-05,3.088215887720299941e-05,4.117621183627066589e-05,5.147026479533833236e-05,6.176431775440599883e-05,7.205837071347366530e-05
0.000000000000000000e+00,1.018141611840916929e-05,2.036283223681833857e-05,3.054424835522750786e-05,4.072566447363667715e-05,5.090708059204584644e-05,6.108849671045501572e-05,7.126991282886418501e-05
0.000000000000000000e+00,1.008215772032942948e-05,2.016431544065885897e-05,3.024647316098829015e-05,4.032863088131772471e-05,5.041078860164715928e-05,6.049294632197659385e-05,7.057510404230602841e-05
0.000000000000000000e+00,1.061749776763144150e-05,2.123499553526288301e-05,3.185249330289432112e-05,4.246999107052575924e-05,5.308748883815719735e-05,6.370498660578864224e-05,7.432248437342008714e-05
0.000000000000000000e+00,1.044836289718850144e-05,2.089672579437700287e-05,3.134508869156550431e-05,4.179345158875400574e-05,5.224181448594250718e-05,6.269017738313100861e-05,7.313854028031951005e-05
0.000000000000000000e+00,1.043497457307285926e-05,2.086994914614571852e-05,3.130492371921857778e-05,4.173989829229143704e-05,5.217487286536429629e-05,6.260984743843715555e-05,7.304482201151002159e-05
0.000000000000000000e+00,1.061749776762903593e-05,2.123499553525807186e-05,3.185249330288711118e-05,4.246999107051615050e-05,5.308748883814518981e-05,6.370498660577422236e-05,7.432248437340325490e-05
0.000000000000000000e+00,1.044836289718655326e-05,2.089672579437310652e-05,3.134508869155966317e-05,4.179345158874621982e-05,5.224181448593277646e-05,6.269017738311932634e-05,7.313854028030587621e-05
0.000000000000000000e+00,1.043497457307067391e-05,2.086994914614134783e-05,3.130492371921202513e-05,4.173989829228270243e-05,5.217487286535337973e-05,6.260984743842405026e-05,7.304482201149472078e-05
0.000000000000000000e+00,1.105924882464318007e-05,2.211849764928636015e-05,3.317774647392954192e-05,4.423699529857272707e-05,5.529624412321591223e-05,6.635549294785909739e-05,7.741474177250228254e-05
0.000000000000000000e+00,1.083330338686959484e-05,2.166660677373918967e-05,3.249991016060878790e-05,4.333321354747838612e-05,5.416651693434798435e-05,6.499982032121757580e-05,7.583312370808716724e-05
0.000000000000000000e+00,1.089924077873584726e-05,2.179848155747169452e-05,3.269772233620754008e-05,4.359696311494338226e-05,5.449620389367922443e-05,6.539544467241506661e-05,7.629468545115091556e-05
0.000000000000000000e+00,1.105924882464034760e-05,2.211849764928069519e-05,3.317774647392104448e-05,4.423699529856139716e-05,5.529624412320174984e-05,6.635549294784210252e-05,7.741474177248245520e-05
0.000000000000000000e+00,1.083330338686705713e-05,2.166660677373411425e-05,3.249991016060117138e-05,4.333321354746822850e-05,5.416651693433528563e-05,6.499982032120234276e-05,7.583312370806939988e-05
0.000000000000000000e+00,1.089924077873301817e-05,2.179848155746603634e-05,3.269772233619905620e-05,4.359696311493207945e-05,5.449620389366510270e-05,6.539544467239812595e-05,7.629468545113115598e-05
0.000000000000000000e+00,1.162629499743133917e-05,2.325258999486267834e-05,3.487888499229402090e-05,4.650517998972536346e-05,5.813147498715670602e-05,6.975776998458804181e-05,8.138406498201937759e-05
0.000000000000000000e+00,1.133876508940140347e-05,2.267753017880280695e-05,3.401629526820420873e-05,4.535506035760560712e-05,5.669382544700700551e-05,6.803259053640840391e-05,7.937135562580980230e-05
0.000000000000000000e+00,1.147951508806873127e-05,2.295903017613746253e-05,3.443854526420619380e-05,4.591806035227492507e-05,5.739757544034365634e-05,6.887709052841238760e-05,8.035660561648111887e-05
0.000000000000000000e+00,1.162629499742752075e-05,2.325258999485504150e-05,3.487888499228256224e-05,4.650517998971008299e-05,5.813147498713760374e-05,6.975776998456512449e-05,8.138406498199265201e-05
0.000000000000000000e+00,1.133876508939817120e-05,2.267753017879634239e-05,3.401629526819451190e-05,4.535506035759267801e-05,5.669382544699084412e-05,6.803259053638901024e-05,7.937135562578718313e-05
0.000000000000000000e+00,1.147951508806554473e-05,2.295903017613108946e-05,3.443854526419663249e-05,4.591806035226217214e-05,5.739757544032771179e-05,6.887709052839325143e-05,8.035660561645879786e-05
0.000000000000000000e+00,1.234789513172995626e-05,2.469579026345991251e-05,3.704368539518986707e-05,4.939158052691981825e-05,6.173947565864976942e-05,7.408737079037972060e-05,8.643526592210967177e-05
0.000000000000000000e+00,1.198115139255605132e-05,2.396230278511210263e-05,3.594345417766815564e-05,4.792460557022421204e-05,5.990575696278026843e-05,7.188690835533632483e-05,8.386805974789238801e-05
0.000000000000000000e+00,1.219486717223096370e-05,2.438973434446192740e-05,3.658460151669288771e-05,4.877946868892384802e-05,6.097433586115480833e-05,7.316920303338577541e-05,8.536407020561674250e-05
0.000000000000000000e+00,1.234789513172799792e-05,2.469579026345599583e-05,3.704368539518399205e-05,4.939158052691198489e-05,6.173947565863997095e-05,7.408737079036795700e-05,8.643526592209594306e-05
0.000000000000000000e+00,1.198115139255321375e-05,2.396230278510642751e-05,3.594345417765963788e-05,4.792460557021284824e-05,5.990575696276605861e-05,7.188690835531927575e-05,8.386805974787249290e-05
0.000000000000000000e+00,1.219486717222837855e-05,2.438973434445675711e-05,3.658460151668513566e-05,4.877946868891351422e-05,6.097433586114189277e-05,7.316920303337027132e-05,8.536407020559864988e-05
0.000000000000000000e+00,1.057030456748868167e-05,2.114060913497736334e-05,3.171091370246604331e-05,4.228121826995471990e-05,5.285152283744339648e-05,6.342182740493207307e-05,7.399213197242074966e-05
0.000000000000000000e+00,1.068169724019075085e-05,2.136339448038150171e-05,3.204509172057225426e-05,4.272678896076301019e-05,5.340848620095376613e-05,6.409018344114452207e-05,7.477188068133527800e-05
0.000000000000000000e+00,1.067438874887683927e-05,2.134877749775367854e-05,3.202316624663051781e-05,4.269755499550735708e-05,5.337194374438419635e-05,6.404633249326103562e-05,7.472072124213787489e-05
0.000000000000000000e+00,1.061922998274665407e-05,2.123845996549330814e-05,3.185768994823996221e-05,4.247691993098661628e-05,5.309614991373327034e-05,6.371537989647992441e-05,7.433460987922658526e-05
0.000000000000000000e+00,1.052026406019178050e-05,2.104052812038356099e-05,3.156079218057534488e-05,4.208105624076712877e-05,5.260132030095891265e-05,6.312158436115068976e-05,7.364184842134246687e-05
0.000000000000000000e+00,1.034324700818328668e-05,2.068649401636657337e-05,3.102974102454985836e-05,4.137298803273313996e-05,5.171623504091642156e-05,6.205948204909970316e-05,7.240272905728298476e-05
0.000000000000000000e+00,1.067610740068439404e-05,2.135221480136878809e-05,3.202832220205318383e-05,4.270442960273758296e-05,5.338053700342198208e-05,6.405664440410638121e-05,7.473275180479077356e-05
0.000000000000000000e+00,1.051767712301686297e-05,2.103535424603372595e-05,3.155303136905058723e-05,4.207070849206744512e-05,5.258838561508430301e-05,6.310606273810116091e-05,7.362373986111801880e-05
0.000000000000000000e+00,1.057030456748735691e-05,2.114060913497471382e-05,3.171091370246207242e-05,4.228121826994943441e-05,5.285152283743679640e-05,6.342182740492415839e-05,7.399213197241152039e-05
0.000000000000000000e+00,1.068169724018956840e-05,2.136339448037913679e-05,3.204509172056870349e-05,4.272678896075826681e-05,5.340848620094783012e-05,6.409018344113739344e-05,7.477188068132695675e-05
0.000000000000000000e+00,1.067610740068381806e-05,2.135221480136763612e-05,3.202832220205145588e-05,4.270442960273527903e-05,5.338053700341910217e-05,6.405664440410292532e-05,7.473275180478674846e-05
0.000000000000000000e+00,1.061922998274542248e-05,2.123845996549084497e-05,3.185768994823626914e-05,4.247691993098169671e-05,5.309614991372712427e-05,6.371537989647255184e-05,7.433460987921797940e-05
0.000000000000000000e+00,1.052026406019055230e-05,2.104052812038110460e-05,3.156079218057165859e-05,4.208105624076221598e-05,5.260132030095277336e-05,6.312158436114333074e-05,7.364184842133388812e-05
0.000000000000000000e+00,1.034324700818218046e-05,2.068649401636436092e-05,3.102974102454653799e-05,4.137298803272871506e-05,5.171623504091089213e-05,6.205948204909307597e-05,7.240272905727525982e-05
0.000000000000000000e+00,1.052607682422692913e-05,2.105215364845385825e-05,3.157823047268079077e-05,4.210430729690772328e-05,5.263038412113465580e-05,6.315646094536158154e-05,7.368253776958850728e-05
0.000000000000000000e+00,1.053696619828804760e-05,2.107393239657609520e-05,3.161089859486414450e-05,4.214786479315219719e-05,5.268483099144024987e-05,6.322179718972830256e-05,7.375876338801635524e-05
0.000000000000000000e+00,1.027824961422809824e-05,2.055649922845619647e-05,3.083474884268429641e-05,4.111299845691239972e-05,5.139124807114050304e-05,6.166949768536860636e-05,7.194774729959670968e-05
0.000000000000000000e+00,1.052607682422573820e-05,2.105215364845147640e-05,3.157823047267721290e-05,4.210430729690294602e-05,5.263038412112867913e-05,6.315646094535441225e-05,7.368253776958014537e-05
0.000000000000000000e+00,1.053696619828681263e-05,2.107393239657362526e-05,3.161089859486043789e-05,4.214786479314725051e-05,5.268483099143406314e-05,6.322179718972087577e-05,7.375876338800769517e-05
0.000000000000000000e+00,1.027824961422687173e-05,2.055649922845374347e-05,3.083474884268061689e-05,4.111299845690749371e-05,5.139124807113437053e-05,6.166949768536124734e-05,7.194774729958811738e-05
0.000000000000000000e+00,1.057589923833988788e-05,2.115179847667977576e-05,3.172769771501966025e-05,4.230359695335954474e-05,5.287949619169942923e-05,6.345539543003932050e-05,7.403129466837921177e-05
0.000000000000000000e+00,1.053939107647372062e-05,2.107878215294744123e-05,3.161817322942115846e-05,4.215756430589487569e-05,5.269695538236859292e-05,6.323634645884231693e-05,7.377573753531604093e-05
0.000000000000000000e+00,1.033480759796861527e-05,2.066961519593723054e-05,3.100442279390584581e-05,4.133923039187446108e-05,5.167403798984307635e-05,6.200884558781169162e-05,7.234365318578030689e-05
0.000000000000000000e+00,1.057589923833846486e-05,2.115179847667692973e-05,3.172769771501539120e-05,4.230359695335385268e-05,5.287949619169231416e-05,6.345539543003078241e-05,7.403129466836925066e-05
0.000000000000000000e+00,1.053939107647237553e-05,2.107878215294475106e-05,3.161817322941712659e-05,4.215756430588950211e-05,5.269695538236187764e-05,6.323634645883425317e-05,7.377573753530663548e-05
0.000000000000000000e+00,1.033480759796714651e-05,2.066961519593429303e-05,3.100442279390144124e-05,4.133923039186859283e-05,5.167403798983574443e-05,6.200884558780289603e-05,7.234365318577004763e-05
0.000000000000000000e+00,1.073243787453607180e-05,2.146487574907214360e-05,3.219731362360821371e-05,4.292975149814428043e-05,5.366218937268034714e-05,6.439462724721641386e-05,7.512706512175247381e-05
0.000000000000000000e+00,1.064384577546722950e-05,2.128769155093445899e-05,3.193153732640169188e-05,4.257538310186892476e-05,5.321922887733615765e-05,6.386307465280338376e-05,7.450692042827060987e-05
0.000000000000000000e+00,1.051112517926999853e-05,2.102225035853999706e-05,3.153337553780999390e-05,4.204450071707998735e-05,5.255562589634998080e-05,6.306675107561997425e-05,7.357787625488996770e-05
0.000000000000000000e+00,1.073243787453428287e-05,2.146487574906856573e-05,3.219731362360284691e-05,4.292975149813712469e-05,5.366218937267140248e-05,6.439462724720568026e-05,7.512706512173995127e-05
0.000000000000000000e+00,1.064384577546560997e-05,2.128769155093121994e-05,3.193153732639682652e-05,4.257538310186243310e-05,5.321922887732803969e-05,6.386307465279365304e-05,7.450692042825926640e-05
0.000000000000000000e+00,1.051112517926826042e-05,2.102225035853652084e-05,3.153337553780478296e-05,4.204450071707304846e-05,5.255562589634131396e-05,6.306675107560957947e-05,7.357787625487783819e-05
0.000000000000000000e+00,1.100252787307065091e-05,2.200505574614130183e-05,3.300758361921194936e-05,4.401011149228259688e-05,5.501263936535324441e-05,6.601516723842389871e-05,7.701769511149455301e-05
0.000000000000000000e+00,1.085893799887862421e-05,2.171787599775724841e-05,3.257681399663587093e-05,4.343575199551449005e-05,5.429468999439310918e-05,6.515362799327172830e-05,7.601256599215034065e-05
0.000000000000000000e+00,1.080631394489572967e-05,2.161262788979145935e-05,3.241894183468718564e-05,4.322525577958291192e-05,5.403156972447863821e-05,6.483788366937437127e-05,7.564419761427010433e-05
0.000000000000000000e+00,1.100252787306872137e-05,2.200505574613744275e-05,3.300758361920616243e-05,4.401011149227487872e-05,5.501263936534359501e-05,6.601516723841231130e-05,7.701769511148102759e-05
0.000000000000000000e+00,1.085893799887673532e-05,2.171787599775347065e-05,3.257681399663020597e-05,4.343575199550694130e-05,5.429468999438367662e-05,6.515362799326041194e-05,7.601256599213714049e-05
0.000000000000000000e+00,1.080631394489355788e-05,2.161262788978711576e-05,3.241894183468067365e-05,4.322525577957423153e-05,5.403156972446778941e-05,6.483788366936134729e-05,7.564419761425491195e-05
0.000000000000000000e+00,1.139296566591503474e-05,2.278593133183006949e-05,3.417889699774510762e-05,4.557186266366014576e-05,5.696482832957518389e-05,6.835779399549021525e-05,7.975075966140524660e-05
0.000000000000000000e+00,1.119096195627510163e-05,2.238192391255020326e-05,3.357288586882530658e-05,4.476384782510041329e-05,5.595480978137552000e-05,6.714577173765062671e-05,7.833673369392574019e-05
0.000000000000000000e+00,1.122290080659462423e-05,2.244580161318924846e-05,3.366870241978387439e-05,4.489160322637850370e-05,5.611450403297313301e-05,6.733740483956776233e-05,7.856030564616238486e-05
0.000000000000000000e+00,1.139296566591261901e-05,2.278593133182523801e-05,3.417889699773785702e-05,4.557186266365047603e-05,5.696482832956309503e-05,6.835779399547571404e-05,7.975075966138833305e-05
0.000000000000000000e+00,1.119096195627288410e-05,2.238192391254576819e-05,3.357288586881865229e-05,4.476384782509153638e-05,5.595480978136442048e-05,6.714577173763730457e-05,7.833673369391018189e-05
0.000000000000000000e+00,1.122290080659201029e-05,2.244580161318402057e-05,3.366870241977603425e-05,4.489160322636804793e-05,5.611450403296006160e-05,6.733740483955206850e-05,7.856030564614407540e-05
0.000000000000000000e+00,1.191393662535153451e-05,2.382787325070306902e-05,3.574180987605460184e-05,4.765574650140613126e-05,5.956968312675766069e-05,7.148361975210919012e-05,8.339755637746071955e-05
0.000000000000000000e+00,1.164791390020273810e-05,2.329582780040547621e-05,3.494374170060821262e-05,4.659165560081094564e-05,5.823956950101367866e-05,6.988748340121641168e-05,8.153539730141915148e-05
0.000000000000000000e+00,1.177013506790888797e-05,2.354027013581777594e-05,3.531040520372666391e-05,4.708054027163555188e-05,5.885067533954443984e-05,7.062081040745332781e-05,8.239094547536221578e-05
0.000000000000000000e+00,1.191393662534883078e-05,2.382787325069766156e-05,3.574180987604649065e-05,4.765574650139531635e-05,5.956968312674414205e-05,7.148361975209296774e-05,8.339755637744178667e-05
0.000000000000000000e+00,1.164791390020013263e-05,2.329582780040026526e-05,3.494374170060039959e-05,4.659165560080053730e-05,5.823956950100067501e-05,6.988748340120081272e-05,8.153539730140095044e-05
0.000000000000000000e+00,1.177013506790591488e-05,2.354027013581182977e-05,3.531040520371774634e-05,4.708054027162366631e-05,5.885067533952958627e-05,7.062081040743550624e-05,8.239094547534142620e-05
0.000000000000000000e+00,1.258470468921114026e-05,2.516940937842228053e-05,3.775411406763342248e-05,5.033881875684456783e-05,6.292352344605571318e-05,7.550822813526685852e-05,8.809293282447800387e-05
0.000000000000000000e+00,1.224385961047411866e-05,2.448771922094823732e-05,3.673157883142235259e-05,4.897543844189646787e-05,6.121929805237058314e-05,7.346315766284470519e-05,8.570701727331882724e-05
0.000000000000000000e+00,1.247048183465548516e-05,2.494096366931097033e-05,3.741144550396645211e-05,4.988192733862193388e-05,6.235240917327741566e-05,7.482289100793290421e-05,8.729337284258839277e-05
0.000000000000000000e+00,1.258470468920941909e-05,2.516940937841883819e-05,3.775411406762825897e-05,5.033881875683768315e-05,6.292352344604710732e-05,7.550822813525653150e-05,8.809293282446595567e-05
0.000000000000000000e+00,1.224385961047177746e-05,2.448771922094355492e-05,3.673157883141533239e-05,4.897543844188710985e-05,6.121929805235888731e-05,7.346315766283066477e-05,8.570701727330244223e-05
0.000000000000000000e+00,1.247048183465324561e-05,2.494096366930649122e-05,3.741144550395973683e-05,4.988192733861298244e-05,6.235240917326623483e-05,7.482289100791948721e-05,8.729337284257273960e-05
0.000000000000000000e+00,1.089962507195142192e-05,2.179925014390284385e-05,3.269887521585426238e-05,4.359850028780568092e-05,5.449812535975709945e-05,6.539775043170852477e-05,7.629737550365995008e-05
0.000000000000000000e+00,1.090233324662904425e-05,2.180466649325808851e-05,3.270699973988712937e-05,4.360933298651617024e-05,5.451166623314521111e-05,6.541399947977425875e-05,7.631633272640330639e-05
0.000000000000000000e+00,1.088824618963089464e-05,2.177649237926178929e-05,3.266473856889268732e-05,4.355298475852358535e-05,5.444123094815448338e-05,6.532947713778537464e-05,7.621772332741626589e-05
0.000000000000000000e+00,1.090461197251869881e-05,2.180922394503739763e-05,3.271383591755609813e-05,4.361844789007480203e-05,5.452305986259350592e-05,6.542767183511220982e-05,7.633228380763090693e-05
0.000000000000000000e+00,1.081074689073496556e-05,2.162149378146993112e-05,3.243224067220489329e-05,4.324298756293985547e-05,5.405373445367481764e-05,6.486448134440978659e-05,7.567522823514475554e-05
0.000000000000000000e+00,1.075955543085104679e-05,2.151911086170209359e-05,3.227866629255313869e-05,4.303822172340418040e-05,5.379777715425522212e-05,6.455733258510626383e-05,7.531688801595731232e-05
0.000000000000000000e+00,1.089136373169570401e-05,2.178272746339140803e-05,3.267409119508711204e-05,4.356545492678281606e-05,5.445681865847852007e-05,6.534818239017422409e-05,7.623954612186992132e-05
0.000000000000000000e+00,1.079955952004021503e-05,2.159911904008043006e-05,3.239867856012064679e-05,4.319823808016086690e-05,5.399779760020108701e-05,6.479735712024130713e-05,7.559691664028152724e-05
0.000000000000000000e+00,1.089962507195040210e-05,2.179925014390080419e-05,3.269887521585120629e-05,4.359850028780160838e-05,5.449812535975201048e-05,6.539775043170241258e-05,7.629737550365282145e-05
0.000000000000000000e+00,1.090233324662806847e-05,2.180466649325613694e-05,3.270699973988420203e-05,4.360933298651226711e-05,5.451166623314033220e-05,6.541399947976840406e-05,7.631633272639647592e-05
0.000000000000000000e+00,1.089136373169519918e-05,2.178272746339039837e-05,3.267409119508560094e-05,4.356545492678080351e-05,5.445681865847600608e-05,6.534818239017120187e-05,7.623954612186639767e-05
0.000000000000000000e+00,1.090461197251770440e-05,2.180922394503540879e-05,3.271383591755310980e-05,4.361844789007081081e-05,5.452305986258851182e-05,6.542767183510621960e-05,7.633228380762392738e-05
0.000000000000000000e+00,1.081074689073386272e-05,2.162149378146772545e-05,3.243224067220158648e-05,4.324298756293544412e-05,5.405373445366930176e-05,6.486448134440315940e-05,7.567522823513701704e-05
0.000000000000000000e+00,1.075955543084987450e-05,2.151911086169974900e-05,3.227866629254962181e-05,4.303822172339949123e-05,5.379777715424936065e-05,6.455733258509923007e-05,7.531688801594909949e-05
0.000000000000000000e+00,1.090458944381016043e-05,2.180917888762032086e-05,3.271376833143048468e-05,4.361835777524064849e-05,5.452294721905081231e-05,6.542753666286096935e-05,7.633212610667112639e-05
0.000000000000000000e+00,1.089842840140897178e-05,2.179685680281794356e-05,3.269528520422691873e-05,4.359371360563589389e-05,5.449214200704486906e-05,6.539057040845383745e-05,7.628899880986280584e-05
0.000000000000000000e+00,1.073826720305571348e-05,2.147653440611142696e-05,3.221480160916714044e-05,4.295306881222285393e-05,5.369133601527856741e-05,6.442960321833428089e-05,7.516787042139000115e-05
0.000000000000000000e+00,1.090458944380899830e-05,2.180917888761799660e-05,3.271376833142699490e-05,4.361835777523599320e-05,5.452294721904499150e-05,6.542753666285398980e-05,7.633212610666298133e-05
0.000000000000000000e+00,1.089842840140787402e-05,2.179685680281574805e-05,3.269528520422362546e-05,4.359371360563150287e-05,5.449214200703938029e-05,6.539057040844725092e-05,7.628899880985512156e-05
0.000000000000000000e+00,1.073826720305449714e-05,2.147653440610899428e-05,3.221480160916348804e-05,4.295306881221798179e-05,5.369133601527247555e-05,6.442960321832697608e-05,7.516787042138147661e-05
0.000000000000000000e+00,1.096261261110099511e-05,2.192522522220199022e-05,3.288783783330298532e-05,4.385045044440398043e-05,5.481306305550497554e-05,6.577567566660597065e-05,7.673828827770695898e-05
0.000000000000000000e+00,1.092652297842588863e-05,2.185304595685177726e-05,3.277956893527766589e-05,4.370609191370355452e-05,5.463261489212944315e-05,6.555913787055533178e-05,7.648566084898122041e-05
0.000000000000000000e+00,1.078876382015916637e-05,2.157752764031833274e-05,3.236629146047749912e-05,4.315505528063666549e-05,5.394381910079583186e-05,6.473258292095499823e-05,7.552134674111417138e-05
0.000000000000000000e+00,1.096261261109956362e-05,2.192522522219912724e-05,3.288783783329868917e-05,4.385045044439824771e-05,5.481306305549780625e-05,6.577567566659736479e-05,7.673828827769693011e-05
0.000000000000000000e+00,1.092652297842459775e-05,2.185304595684919550e-05,3.277956893527378987e-05,4.370609191369838423e-05,5.463261489212297860e-05,6.555913787054757974e-05,7.648566084897218088e-05
0.000000000000000000e+00,1.078876382015773997e-05,2.157752764031547994e-05,3.236629146047322329e-05,4.315505528063096665e-05,5.394381910078871001e-05,6.473258292094644659e-05,7.552134674110418317e-05
0.000000000000000000e+00,1.110184245579583966e-05,2.220368491159167932e-05,3.330552736738751898e-05,4.440736982318335864e-05,5.550921227897919830e-05,6.661105473477503796e-05,7.771289719057087762e-05
0.000000000000000000e+00,1.102412149998326994e-05,2.204824299996653987e-05,3.307236449994980642e-05,4.409648599993307296e-05,5.512060749991633951e-05,6.614472899989961283e-05,7.716885049988288616e-05
0.000000000000000000e+00,1.093279825782531724e-05,2.186559651565063447e-05,3.279839477347595340e-05,4.373119303130127572e-05,5.466399128912659803e-05,6.559678954695192035e-05,7.652958780477724945e-05
0.000000000000000000e+00,1.110184245579416931e-05,2.220368491158833862e-05,3.330552736738250454e-05,4.440736982317667047e-05,5.550921227897083639e-05,6.661105473476500909e-05,7.771289719055918179e-05
0.000000000000000000e+00,1.102412149998172834e-05,2.204824299996345667e-05,3.307236449994518501e-05,4.409648599992691334e-05,5.512060749990864168e-05,6.614472899989037001e-05,7.716885049987209835e-05
0.000000000000000000e+00,1.093279825782361470e-05,2.186559651564722940e-05,3.279839477347084410e-05,4.373119303129445880e-05,5.466399128911807350e-05,6.559678954694168819e-05,7.652958780476529612e-05
0.000000000000000000e+00,1.134023954504550013e-05,2.268047909009100025e-05,3.402071863513650207e-05,4.536095818018200728e-05,5.670119772522751249e-05,6.804143727027301769e-05,7.938167681531852968e-05
0.000000000000000000e+00,1.121321928542402811e-05,2.242643857084805623e-05,3.363965785627208264e-05,4.485287714169610568e-05,5.606609642712012871e-05,6.727931571254415174e-05,7.849253499796817477e-05
0.000000000000000000e+00,1.118380717671353818e-05,2.236761435342707636e-05,3.355142153014061793e-05,4.473522870685415950e-05,5.591903588356770107e-05,6.710284306028123586e-05,7.828665023699477065e-05
0.000000000000000000e+00,1.134023954504370442e-05,2.268047909008740883e-05,3.402071863513111494e-05,4.536095818017482444e-05,5.670119772521853394e-05,6.804143727026224343e-05,7.938167681530595293e-05
0.000000000000000000e+00,1.121321928542227137e-05,2.242643857084454273e-05,3.363965785626681071e-05,4.485287714168907869e-05,5.606609642711134667e-05,6.727931571253362142e-05,7.849253499795589618e-05
0.000000000000000000e+00,1.118380717671160017e-05,2.236761435342320034e-05,3.355142153013480389e-05,4.473522870684640745e-05,5.591903588355801101e-05,6.710284306026960779e-05,7.828665023698120457e-05
0.000000000000000000e+00,1.169113611714580932e-05,2.338227223429161864e-05,3.507340835143742965e-05,4.676454446858324405e-05,5.845568058572905845e-05,7.014681670287487285e-05,8.183795282002068725e-05
0.000000000000000000e+00,1.150889552804450048e-05,2.301779105608900097e-05,3.452668658413350145e-05,4.603558211217800194e-05,5.754447764022250242e-05,6.905337316826700290e-05,8.056226869631150339e-05
0.000000000000000000e+00,1.155214597702483768e-05,2.310429195404967536e-05,3.465643793107451643e-05,4.620858390809935750e-05,5.776072988512419857e-05,6.931287586214903286e-05,8.086502183917386715e-05
0.000000000000000000e+00,1.169113611714426772e-05,2.338227223428853544e-05,3.507340835143280146e-05,4.676454446857706410e-05,5.845568058572132673e-05,7.014681670286558937e-05,8.183795282000984523e-05
0.000000000000000000e+00,1.150889552804274713e-05,2.301779105608549425e-05,3.452668658412824307e-05,4.603558211217099528e-05,5.754447764021374749e-05,6.905337316825649969e-05,8.056226869629925190e-05
0.000000000000000000e+00,1.155214597702271163e-05,2.310429195404542326e-05,3.465643793106813319e-05,4.620858390809083973e-05,5.776072988511354628e-05,6.931287586213625283e-05,8.086502183915895937e-05
0.000000000000000000e+00,1.216577076447781201e-05,2.433154152895562403e-05,3.649731229343343604e-05,4.866308305791124805e-05,6.082885382238906007e-05,7.299462458686687208e-05,8.516039535134468409e-05
0.000000000000000000e+00,1.192312193258380366e-05,2.384624386516760733e-05,3.576936579775141269e-05,4.769248773033522143e-05,5.961560966291903018e-05,7.153873159550283892e-05,8.346185352808664767e-05
0.000000000000000000e+00,1.204858052762288126e-05,2.409716105524576253e-05,3.614574158286864040e-05,4.819432211049151828e-05,6.024290263811439615e-05,7.229148316573728080e-05,8.434006369336016545e-05
0.000000000000000000e+00,1.216577076447584351e-05,2.433154152895168702e-05,3.649731229342752714e-05,4.866308305790336726e-05,6.082885382237920738e-05,7.299462458685505428e-05,8.516039535133090117e-05
0.000000000000000000e+00,1.192312193258193850e-05,2.384624386516387699e-05,3.576936579774581549e-05,4.769248773032775399e-05,5.961560966290969249e-05,7.153873159549163098e-05,8.346185352807356948e-05
0.000000000000000000e+00,1.204858052762058750e-05,2.409716105524117500e-05,3.614574158286176249e-05,4.819432211048234999e-05,6.024290263810293749e-05,7.229148316572352499e-05,8.434006369334410571e-05
0.000000000000000000e+00,1.277450695144146993e-05,2.554901390288293986e-05,3.832352085432441148e-05,5.109802780576588649e-05,6.387253475720736150e-05,7.664704170864883651e-05,8.942154866009031152e-05
0.000000000000000000e+00,1.246647973471645727e-05,2.493295946943291453e-05,3.739943920414937349e-05,4.986591893886583584e-05,6.233239867358230497e-05,7.479887840829877409e-05,8.726535814301524321e-05
0.000000000000000000e+00,1.268769091721702643e-05,2.537538183443405286e-05,3.806307275165107589e-05,5.075076366886809893e-05,6.343845458608512197e-05,7.612614550330215179e-05,8.881383642051918160e-05
0.000000000000000000e+00,1.277450695143985209e-05,2.554901390287970419e-05,3.832352085431955967e-05,5.109802780575941516e-05,6.387253475719927064e-05,7.664704170863911935e-05,8.942154866007896805e-05
0.000000000000000000e+00,1.246647973471467850e-05,2.493295946942935699e-05,3.739943920414403380e-05,4.986591893885870721e-05,6.233239867357338740e-05,7.479887840828806759e-05,8.726535814300274778e-05
0.000000000000000000e+00,1.268769091721512907e-05,2.537538183443025815e-05,3.806307275164538383e-05,5.075076366886050952e-05,6.343845458607563520e-05,7.612614550329076767e-05,8.881383642050590013e-05
0.000000000000000000e+00,1.095875249563189097e-05,2.191750499126378195e-05,3.287625748689567123e-05,4.383500998252755712e-05,5.479376247815944301e-05,6.575251497379132890e-05,7.671126746942321479e-05
0.000000000000000000e+00,1.098618196318327152e-05,2.197236392636654304e-05,3.295854588954981625e-05,4.394472785273309285e-05,5.493090981591636945e-05,6.591709177909964605e-05,7.690327374228292942e-05
0.000000000000000000e+00,1.094275907152264638e-05,2.188551814304529275e-05,3.282827721456794252e-05,4.377103628609059228e-05,5.471379535761324204e-05,6.565655442913588503e-05,7.659931350065852802e-05
0.000000000000000000e+00,1.095875249563100667e-05,2.191750499126201334e-05,3.287625748689302171e-05,4.383500998252403346e-05,5.479376247815504521e-05,6.575251497378605697e-05,7.671126746941706195e-05
0.000000000000000000e+00,1.098618196318236180e-05,2.197236392636472361e-05,3.295854588954708541e-05,4.394472785272944722e-05,5.493090981591180902e-05,6.591709177909417083e-05,7.690327374227653263e-05
0.000000000000000000e+00,1.100815779301005979e-05,2.201631558602011959e-05,3.302447337903017600e-05,4.403263117204023240e-05,5.504078896505028881e-05,6.604894675806035199e-05,7.705710455107041518e-05
0.000000000000000000e+00,1.100815779300895188e-05,2.201631558601790375e-05,3.302447337902685563e-05,4.403263117203580750e-05,5.504078896504475938e-05,6.604894675805371125e-05,7.705710455106266313e-05
0.000000000000000000e+00,1.107249558800591394e-05,2.214499117601182788e-05,3.321748676401774182e-05,4.428998235202365576e-05,5.536247794002956970e-05,6.643497352803548364e-05,7.750746911604139758e-05
0.000000000000000000e+00,1.107249558800456038e-05,2.214499117600912076e-05,3.321748676401368284e-05,4.428998235201824830e-05,5.536247794002281377e-05,6.643497352802737923e-05,7.750746911603195147e-05
0.000000000000000000e+00,1.121006461946365072e-05,2.242012923892730143e-05,3.363019385839095045e-05,4.484025847785459609e-05,5.605032309731824172e-05,6.726038771678188736e-05,7.847045233624552621e-05
0.000000000000000000e+00,1.121006461946211250e-05,2.242012923892422501e-05,3.363019385838633582e-05,4.484025847784844324e-05,5.605032309731055066e-05,6.726038771677265808e-05,7.847045233623476551e-05
0.000000000000000000e+00,1.144178296072384757e-05,2.288356592144769514e-05,3.432534888217154609e-05,4.576713184289539705e-05,5.720891480361924800e-05,6.865069776434309218e-05,8.009248072506693636e-05
0.000000000000000000e+00,1.144178296072211115e-05,2.288356592144422230e-05,3.432534888216633514e-05,4.576713184288845138e-05,5.720891480361056761e-05,6.865069776433268384e-05,8.009248072505479330e-05
0.000000000000000000e+00,1.178274415513511451e-05,2.356548831027022902e-05,3.534823246540534522e-05,4.713097662054046481e-05,5.891372077567558441e-05,7.069646493081070400e-05,8.247920908594581681e-05
0.000000000000000000e+00,1.178274415513335099e-05,2.356548831026670197e-05,3.534823246540005296e-05,4.713097662053340395e-05,5.891372077566675493e-05,7.069646493080010592e-05,8.247920908593345691e-05
0.000000000000000000e+00,1.224441774109784407e-05,2.448883548219568814e-05,3.673325322329353221e-05,4.897767096439137628e-05,6.122208870548922035e-05,7.346650644658706442e-05,8.571092418768490849e-05
0.000000000000000000e+00,1.224441774109620252e-05,2.448883548219240504e-05,3.673325322328860587e-05,4.897767096438480330e-05,6.122208870548099396e-05,7.346650644657718463e-05,8.571092418767337529e-05
0.000000000000000000e+00,1.283532256454701966e-05,2.567064512909403932e-05,3.850596769364105729e-05,5.134129025818807187e-05,6.417661282273509323e-05,7.701193538728211458e-05,8.984725795182913594e-05
0.000000000000000000e+00,1.283532256454557971e-05,2.567064512909115941e-05,3.850596769363674081e-05,5.134129025818232560e-05,6.417661282272791039e-05,7.701193538727349518e-05,8.984725795181907997e-05
0.000000000000000000e+00,1.335216122927159064e-05,2.670432245854318127e-05,4.005648368781477360e-05,5.340864491708636932e-05,6.676080614635796504e-05,8.011296737562956076e-05,9.346512860490115648e-05
0.000000000000000000e+00,1.306105323184745185e-05,2.612210646369490371e-05,3.918315969554235387e-05,5.224421292738980064e-05,6.530526615923724063e-05,7.836631939108468063e-05,9.142737262293212062e-05
0.000000000000000000e+00,1.305064185331655498e-05,2.610128370663310996e-05,3.915192555994966494e-05,5.220256741326621992e-05,6.525320926658277490e-05,7.830385111989932988e-05,9.135449297321588486e-05
0.000000000000000000e+00,1.285396041968278371e-05,2.570792083936556741e-05,3.856188125904835281e-05,5.141584167873114160e-05,6.426980209841393716e-05,7.712376251809673273e-05,8.997772293777952829e-05
0.000000000000000000e+00,1.326532526348268651e-05,2.653065052696537303e-05,3.979597579044805785e-05,5.306130105393073928e-05,6.632662631741342071e-05,7.959195158089610214e-05,9.285727684437878357e-05
0.000000000000000000e+00,1.253311228927466178e-05,2.506622457854932356e-05,3.759933686782398365e-05,5.013244915709864035e-05,6.266556144637330382e-05,7.519867373564796730e-05,8.773178602492263077e-05
0.000000000000000000e+00,1.305548667789772748e-05,2.611097335579545497e-05,3.916646003369318415e-05,5.222194671159091672e-05,6.527743338948864928e-05,7.833292006738638185e-05,9.138840674528411442e-05
0.000000000000000000e+00,1.253481596670640889e-05,2.506963193341281779e-05,3.760444790011923007e-05,5.013926386682564235e-05,6.267407983353205463e-05,7.520889580023846013e-05,8.774371176694486564e-05
0.000000000000000000e+00,1.335216122927140429e-05,2.670432245854280858e-05,4.005648368781421117e-05,5.340864491708561038e-05,6.676080614635701636e-05,8.011296737562842234e-05,9.346512860489982833e-05
0.000000000000000000e+00,1.306105323184711643e-05,2.612210646369423286e-05,3.918315969554135098e-05,5.224421292738847249e-05,6.530526615923558723e-05,7.836631939108270196e-05,9.142737262292981669e-05
0.000000000000000000e+00,1.305548667789755808e-05,2.611097335579511616e-05,3.916646003369267593e-05,5.222194671159023909e-05,6.527743338948779547e-05,7.833292006738535186e-05,9.138840674528290824e-05
0.000000000000000000e+00,1.285396041968272272e-05,2.570792083936544544e-05,3.856188125904816985e-05,5.141584167873089765e-05,6.426980209841362545e-05,7.712376251809635326e-05,8.997772293777908106e-05
0.000000000000000000e+00,1.326532526348249170e-05,2.653065052696498339e-05,3.979597579044747509e-05,5.306130105392996678e-05,6.632662631741245848e-05,7.959195158089495017e-05,9.285727684437744187e-05
0.000000000000000000e+00,1.253311228927489217e-05,2.506622457854978435e-05,3.759933686782467483e-05,5.013244915709956192e-05,6.266556144637444223e-05,7.519867373564932255e-05,8.773178602492420286e-05
0.000000000000000000e+00,1.428571428571428712e-05,2.857142857142857425e-05,4.285714285714286307e-05,5.714285714285714850e-05,7.142857142857143393e-05,8.571428571428572614e-05,1.000000000000000048e-04
0.000000000000000000e+00,1.428571428571428712e-05,2.857142857142857425e-05,4.285714285714286307e-05,5.714285714285714850e-05,7.142857142857143393e-05,8.571428571428572614e-05,1.000000000000000048e-04
0.000000000000000000e+00,1.428571428571428712e-05,2.857142857142857425e-05,4.285714285714286307e-05,5.714285714285714850e-05,7.142857142857143393e-05,8.571428571428572614e-05,1.000000000000000048e-04
0.000000000000000000e+00,1.428571428571428712e-05,2.857142857142857425e-05,4.285714285714286307e-05,5.714285714285714850e-05,7.142857142857143393e-05,8.571428571428572614e-05,1.000000000000000048e-04
0.000000000000000000e+00,1.385473880940444569e-05,2.770947761880889138e-05,4.156421642821333368e-05,5.541895523761777598e-05,6.927369404702221828e-05,8.312843285642666736e-05,9.698317166583111644e-05
0.000000000000000000e+00,1.428571428571428712e-05,2.857142857142857425e-05,4.285714285714286307e-05,5.714285714285714850e-05,7.142857142857143393e-05,8.571428571428572614e-05,1.000000000000000048e-04
0.000000000000000000e+00,1.366630384120281249e-05,2.733260768240562498e-05,4.099891152360844086e-05,5.466521536481125674e-05,6.833151920601407262e-05,8.199782304721688173e-05,9.566412688841969083e-05
0.000000000000000000e+00,1.428571428571428712e-05,2.857142857142857425e-05,4.285714285714286307e-05,5.714285714285714850e-05,7.142857142857143393e-05,8.571428571428572614e-05,1.000000000000000048e-04
0.000000000000000000e+00,1.428571428571428712e-05,2.857142857142857425e-05,4.285714285714286307e-05,5.714285714285714850e-05,7.142857142857143393e-05,8.571428571428572614e-05,1.000000000000000048e-04
0.000000000000000000e+00,1.428571428571428712e-05,2.857142857142857425e-05,4.285714285714286307e-05,5.714285714285714850e-05,7.142857142857143393e-05,8.571428571428572614e-05,1.000000000000000048e-04
0.000000000000000000e+00,1.367281157597313830e-05,2.734562315194627661e-05,4.101843472791941322e-05,5.469124630389254644e-05,6.836405787986567966e-05,8.203686945583881288e-05,9.570968103181194610e-05
0.000000000000000000e+00,1.428571428571428712e-05,2.857142857142857425e-05,4.285714285714286307e-05,5.714285714285714850e-05,7.142857142857143393e-05,8.571428571428572614e-05,1.000000000000000048e-04
0.000000000000000000e+00,1.428571428571428712e-05,2.857142857142857425e-05,4.285714285714286307e-05,5.714285714285714850e-05,7.142857142857143393e-05,8.571428571428572614e-05,1.000000000000000048e-04
0.000000000000000000e+00,1.428571428571428712e-05,2.857142857142857425e-05,4.285714285714286307e-05,5.714285714285714850e-05,7.142857142857143393e-05,8.571428571428572614e-05,1.000000000000000048e-04
0.000000000000000000e+00,1.428571428571428712e-05,2.857142857142857425e-05,4.285714285714286307e-05,5.714285714285714850e-05,7.142857142857143393e-05,8.571428571428572614e-05,1.000000000000000048e-04
0.000000000000000000e+00,1.385473880940428475e-05,2.770947761880856951e-05,4.156421642821285257e-05,5.541895523761713224e-05,6.927369404702141869e-05,8.312843285642570513e-05,9.698317166582999158e-05
0.000000000000000000e+00,1.428571428571428712e-05,2.857142857142857425e-05,4.285714285714286307e-05,5.714285714285714850e-05,7.142857142857143393e-05,8.571428571428572614e-05,1.000000000000000048e-04
0.000000000000000000e+00,1.366630384120251772e-05,2.733260768240503545e-05,4.099891152360755317e-05,5.466521536481007090e-05,6.833151920601258185e-05,8.199782304721509279e-05,9.566412688841760374e-05
0.000000000000000000e+00,1.347633697354045214e-05,2.695267394708090428e-05,4.042901092062135642e-05,5.390534789416180856e-05,6.738168486770226070e-05,8.085802184124271283e-05,9.433435881478316497e-05
0.000000000000000000e+00,1.303684845055352804e-05,2.607369690110705607e-05,3.911054535166058241e-05,5.214739380221410537e-05,6.518424225276762832e-05,7.822109070332115127e-05,9.125793915387467423e-05
0.000000000000000000e+00,1.342563690661264759e-05,2.685127381322529517e-05,4.027691071983794107e-05,5.370254762645058357e-05,6.712818453306322608e-05,8.055382143967586858e-05,9.397945834628851109e-05
0.000000000000000000e+00,1.347633697354034033e-05,2.695267394708068066e-05,4.042901092062101760e-05,5.390534789416135455e-05,6.738168486770169149e-05,8.085802184124203521e-05,9.433435881478237893e-05
0.000000000000000000e+00,1.303684845055322141e-05,2.607369690110644282e-05,3.911054535165966084e-05,5.214739380221287886e-05,6.518424225276609689e-05,7.822109070331932168e-05,9.125793915387254648e-05
0.000000000000000000e+00,1.342563690661247479e-05,2.685127381322494959e-05,4.027691071983742607e-05,5.370254762644990595e-05,6.712818453306238582e-05,8.055382143967486570e-05,9.397945834628734557e-05
0.000000000000000000e+00,1.428571428571428712e-05,2.857142857142857425e-05,4.285714285714286307e-05,5.714285714285714850e-05,7.142857142857143393e-05,8.571428571428572614e-05,1.000000000000000048e-04
0.000000000000000000e+00,1.428571428571428712e-05,2.857142857142857425e-05,4.285714285714286307e-05,5.714285714285714850e-05,7.142857142857143393e-05,8.571428571428572614e-05,1.000000000000000048e-04
0.000000000000000000e+00,1.389857569851693399e-05,2.779715139703386797e-05,4.169572709555080027e-05,5.559430279406772917e-05,6.949287849258465807e-05,8.339145419110158698e-05,9.729002988961851588e-05
0.000000000000000000e+00,1.428571428571428712e-05,2.857142857142857425e-05,4.285714285714286307e-05,5.714285714285714850e-05,7.142857142857143393e-05,8.571428571428572614e-05,1.000000000000000048e-04
0.000000000000000000e+00,1.428571428571428712e-05,2.857142857142857425e-05,4.285714285714286307e-05,5.714285714285714850e-05,7.142857142857143393e-05,8.571428571428572614e-05,1.000000000000000048e-04
0.000000000000000000e+00,1.428571428571428712e-05,2.857142857142857425e-05,4.285714285714286307e-05,5.714285714285714850e-05,7.142857142857143393e-05,8.571428571428572614e-05,1.000000000000000048e-04
0.000000000000000000e+00,1.428571428571428712e-05,2.857142857142857425e-05,4.285714285714286307e-05,5.714285714285714850e-05,7.142857142857143393e-05,8.571428571428572614e-05,1.000000000000000048e-04
0.000000000000000000e+00,1.428571428571428712e-05,2.857142857142857425e-05,4.285714285714286307e-05,5.714285714285714850e-05,7.142857142857143393e-05,8.571428571428572614e-05,1.000000000000000048e-04
0.000000000000000000e+00,1.389857569851682387e-05,2.779715139703364774e-05,4.169572709555047500e-05,5.559430279406730226e-05,6.949287849258412952e-05,8.339145419110095001e-05,9.729002988961777049e-05
0.000000000000000000e+00,1.428571428571428712e-05,2.857142857142857425e-05,4.285714285714286307e-05,5.714285714285714850e-05,7.142857142857143393e-05,8.571428571428572614e-05,1.000000000000000048e-04
0.000000000000000000e+00,1.355371348006506665e-05,2.710742696013013331e-05,4.066114044019520165e-05,5.421485392026027339e-05,6.776856740032535190e-05,8.132228088039043042e-05,9.487599436045550893e-05
0.000000000000000000e+00,1.316664551005100619e-05,2.633329102010201238e-05,3.949993653015301858e-05,5.266658204020402477e-05,6.583322755025503774e-05,7.899987306030605070e-05,9.216651857035706367e-05
0.000000000000000000e+00,1.351902619423177152e-05,2.703805238846354304e-05,4.055707858269531457e-05,5.407610477692708609e-05,6.759513097115885084e-05,8.111415716539061558e-05,9.463318335962238033e-05
0.000000000000000000e+00,1.355371348006471598e-05,2.710742696012943196e-05,4.066114044019415133e-05,5.421485392025887070e-05,6.776856740032359007e-05,8.132228088038830267e-05,9.487599436045301526e-05
0.000000000000000000e+00,1.316664551005046579e-05,2.633329102010093157e-05,3.949993653015139905e-05,5.266658204020186992e-05,6.583322755025234078e-05,7.899987306030281165e-05,9.216651857035328252e-05
0.000000000000000000e+00,1.351902619423148523e-05,2.703805238846297045e-05,4.055707858269445398e-05,5.407610477692593412e-05,6.759513097115741427e-05,8.111415716538889441e-05,9.463318335962037455e-05
0.000000000000000000e+00,1.428571428571428712e-05,2.857142857142857425e-05,4.285714285714286307e-05,5.714285714285714850e-05,7.142857142857143393e-05,8.571428571428572614e-05,1.000000000000000048e-04
0.000000000000000000e+00,1.428571428571428712e-05,2.857142857142857425e-05,4.285714285714286307e-05,5.714285714285714850e-05,7.142857142857143393e-05,8.571428571428572614e-05,1.000000000000000048e-04
0.000000000000000000e+00,1.393397364717923189e-05,2.786794729435846377e-05,4.180192094153769905e-05,5.573589458871693432e-05,6.966986823589616960e-05,8.360384188307539810e-05,9.753781553025462660e-05
0.000000000000000000e+00,1.428571428571428712e-05,2.857142857142857425e-05,4.285714285714286307e-05,5.714285714285714850e-05,7.142857142857143393e-05,8.571428571428572614e-05,1.000000000000000048e-04
0.000000000000000000e+00,1.428571428571428712e-05,2.857142857142857425e-05,4.285714285714286307e-05,5.714285714285714850e-05,7.142857142857143393e-05,8.571428571428572614e-05,1.000000000000000048e-04
0.000000000000000000e+00,1.428571428571428712e-05,2.857142857142857425e-05,4.285714285714286307e-05,5.714285714285714850e-05,7.142857142857143393e-05,8.571428571428572614e-05,1.000000000000000048e-04
0.000000000000000000e+00,1.428571428571428712e-05,2.857142857142857425e-05,4.285714285714286307e-05,5.714285714285714850e-05,7.142857142857143393e-05,8.571428571428572614e-05,1.000000000000000048e-04
0.000000000000000000e+00,1.428571428571428712e-05,2.857142857142857425e-05,4.285714285714286307e-05,5.714285714285714850e-05,7.142857142857143393e-05,8.571428571428572614e-05,1.000000000000000048e-04
0.000000000000000000e+00,1.393397364717903029e-05,2.786794729435806059e-05,4.180192094153708919e-05,5.573589458871611440e-05,6.966986823589513961e-05,8.360384188307416482e-05,9.753781553025319003e-05
0.000000000000000000e+00,1.428571428571428712e-05,2.857142857142857425e-05,4.285714285714286307e-05,5.714285714285714850e-05,7.142857142857143393e-05,8.571428571428572614e-05,1.000000000000000048e-04
0.000000000000000000e+00,1.358535701468191119e-05,2.717071402936382238e-05,4.075607104404573526e-05,5.434142805872765154e-05,6.792678507340957459e-05,8.151214208809149763e-05,9.509749910277342068e-05
0.000000000000000000e+00,1.322046008726624410e-05,2.644092017453248821e-05,3.966138026179873231e-05,5.288184034906497641e-05,6.610230043633122052e-05,7.932276052359746462e-05,9.254322061086370872e-05
0.000000000000000000e+00,1.357692966476727930e-05,2.715385932953455860e-05,4.073078899430183621e-05,5.430771865906911043e-05,6.788464832383639142e-05,8.146157798860367242e-05,9.503850765337095341e-05
0.000000000000000000e+00,1.358535701468128777e-05,2.717071402936257555e-05,4.075607104404386502e-05,5.434142805872515787e-05,6.792678507340645750e-05,8.151214208808775714e-05,9.509749910276905677e-05
0.000000000000000000e+00,1.322046008726533778e-05,2.644092017453067556e-05,3.966138026179601503e-05,5.288184034906135789e-05,6.610230043632670752e-05,7.932276052359205716e-05,9.254322061085740680e-05
0.000000000000000000e+00,1.357692966476674567e-05,2.715385932953349134e-05,4.073078899430023701e-05,5.430771865906698268e-05,6.788464832383373513e-05,8.146157798860048757e-05,9.503850765336724002e-05
0.000000000000000000e+00,1.428571428571428712e-05,2.857142857142857425e-05,4.285714285714286307e-05,5.714285714285714850e-05,7.142857142857143393e-05,8.571428571428572614e-05,1.000000000000000048e-04
0.000000000000000000e+00,1.428571428571428712e-05,2.857142857142857425e-05,4.285714285714286307e-05,5.714285714285714850e-05,7.142857142857143393e-05,8.571428571428572614e-05,1.000000000000000048e-04
0.000000000000000000e+00,1.394661828666137779e-05,2.789323657332275558e-05,4.183985485998413506e-05,5.578647314664551794e-05,6.973309143330690759e-05,8.367970971996829723e-05,9.762632800662968688e-05
0.000000000000000000e+00,1.428571428571428712e-05,2.857142857142857425e-05,4.285714285714286307e-05,5.714285714285714850e-05,7.142857142857143393e-05,8.571428571428572614e-05,1.000000000000000048e-04
0.000000000000000000e+00,1.428571428571428712e-05,2.857142857142857425e-05,4.285714285714286307e-05,5.714285714285714850e-05,7.142857142857143393e-05,8.571428571428572614e-05,1.000000000000000048e-04
0.000000000000000000e+00,1.428571428571428712e-05,2.857142857142857425e-05,4.285714285714286307e-05,5.714285714285714850e-05,7.142857142857143393e-05,8.571428571428572614e-05,1.000000000000000048e-04
0.000000000000000000e+00,1.428571428571428712e-05,2.857142857142857425e-05,4.285714285714286307e-05,5.714285714285714850e-05,7.142857142857143393e-05,8.571428571428572614e-05,1.000000000000000048e-04
0.000000000000000000e+00,1.428571428571428712e-05,2.857142857142857425e-05,4.285714285714286307e-05,5.714285714285714850e-05,7.142857142857143393e-05,8.571428571428572614e-05,1.000000000000000048e-04
0.000000000000000000e+00,1.394661828666097968e-05,2.789323657332195937e-05,4.183985485998293567e-05,5.578647314664391196e-05,6.973309143330488826e-05,8.367970971996587133e-05,9.762632800662685440e-05
0.000000000000000000e+00,1.428571428571428712e-05,2.857142857142857425e-05,4.285714285714286307e-05,5.714285714285714850e-05,7.142857142857143393e-05,8.571428571428572614e-05,1.000000000000000048e-04
0.000000000000000000e+00,1.355371348006498364e-05,2.710742696012996729e-05,4.066114044019495093e-05,5.421485392025993458e-05,6.776856740032491822e-05,8.132228088038990187e-05,9.487599436045488551e-05
0.000000000000000000e+00,1.316664551005127724e-05,2.633329102010255449e-05,3.949993653015383173e-05,5.266658204020510897e-05,6.583322755025639299e-05,7.899987306030767701e-05,9.216651857035896103e-05
0.000000000000000000e+00,1.357692966476731488e-05,2.715385932953462975e-05,4.073078899430194463e-05,5.430771865906925950e-05,6.788464832383658116e-05,8.146157798860390281e-05,9.503850765337122446e-05
0.000000000000000000e+00,1.355371348006409087e-05,2.710742696012818174e-05,4.066114044019227431e-05,5.421485392025637026e-05,6.776856740032047299e-05,8.132228088038457572e-05,9.487599436044867845e-05
0.000000000000000000e+00,1.316664551004996942e-05,2.633329102009993885e-05,3.949993653014990827e-05,5.266658204019987769e-05,6.583322755024984712e-05,7.899987306029981654e-05,9.216651857034978597e-05
0.000000000000000000e+00,1.357692966476646446e-05,2.715385932953292891e-05,4.073078899429938998e-05,5.430771865906585104e-05,6.788464832383231211e-05,8.146157798859877995e-05,9.503850765336524780e-05
0.000000000000000000e+00,1.428571428571428712e-05,2.857142857142857425e-05,4.285714285714286307e-05,5.714285714285714850e-05,7.142857142857143393e-05,8.571428571428572614e-05,1.000000000000000048e-04
0.000000000000000000e+00,1.428571428571428712e-05,2.857142857142857425e-05,4.285714285714286307e-05,5.714285714285714850e-05,7.142857142857143393e-05,8.571428571428572614e-05,1.000000000000000048e-04
0.000000000000000000e+00,1.393397364717921833e-05,2.786794729435843667e-05,4.180192094153765839e-05,5.573589458871688011e-05,6.966986823589610184e-05,8.360384188307531678e-05,9.753781553025453173e-05
0.000000000000000000e+00,1.428571428571428712e-05,2.857142857142857425e-05,4.285714285714286307e-05,5.714285714285714850e-05,7.142857142857143393e-05,8.571428571428572614e-05,1.000000000000000048e-04
0.000000000000000000e+00,1.428571428571428712e-05,2.857142857142857425e-05,4.285714285714286307e-05,5.714285714285714850e-05,7.142857142857143393e-05,8.571428571428572614e-05,1.000000000000000048e-04
0.000000000000000000e+00,1.428571428571428712e-05,2.857142857142857425e-05,4.285714285714286307e-05,5.714285714285714850e-05,7.142857142857143393e-05,8.571428571428572614e-05,1.000000000000000048e-04
0.000000000000000000e+00,1.428571428571428712e-05,2.857142857142857425e-05,4.285714285714286307e-05,5.714285714285714850e-05,7.142857142857143393e-05,8.571428571428572614e-05,1.000000000000000048e-04
0.000000000000000000e+00,1.428571428571428712e-05,2.857142857142857425e-05,4.285714285714286307e-05,5.714285714285714850e-05,7.142857142857143393e-05,8.571428571428572614e-05,1.000000000000000048e-04
0.000000000000000000e+00,1.393397364717865590e-05,2.786794729435731181e-05,4.180192094153596433e-05,5.573589458871461684e-05,6.966986823589326936e-05,8.360384188307192865e-05,9.753781553025058794e-05
0.000000000000000000e+00,1.428571428571428712e-05,2.857142857142857425e-05,4.285714285714286307e-05,5.714285714285714850e-05,7.142857142857143393e-05,8.571428571428572614e-05,1.000000000000000048e-04
0.000000000000000000e+00,1.347633697354090107e-05,2.695267394708180213e-05,4.042901092062270489e-05,5.390534789416361104e-05,6.738168486770452397e-05,8.085802184124543689e-05,9.433435881478634982e-05
0.000000000000000000e+00,1.303684845055406167e-05,2.607369690110812333e-05,3.911054535166218161e-05,5.214739380221623989e-05,6.518424225277029817e-05,7.822109070332436322e-05,9.125793915387842828e-05
0.000000000000000000e+00,1.351902619423227127e-05,2.703805238846454254e-05,4.055707858269681212e-05,5.407610477692907831e-05,6.759513097116134450e-05,8.111415716539361069e-05,9.463318335962587688e-05
0.000000000000000000e+00,1.347633697353954751e-05,2.695267394707909502e-05,4.042901092061864591e-05,5.390534789415819681e-05,6.738168486769774770e-05,8.085802184123729182e-05,9.433435881477683594e-05
0.000000000000000000e+00,1.303684845055256750e-05,2.607369690110513500e-05,3.911054535165770250e-05,5.214739380221027000e-05,6.518424225276283073e-05,7.822109070331539145e-05,9.125793915386795217e-05
0.000000000000000000e+00,1.351902619423114641e-05,2.703805238846229282e-05,4.055707858269343754e-05,5.407610477692457887e-05,6.759513097115572020e-05,8.111415716538686153e-05,9.463318335961800286e-05
0.000000000000000000e+00,1.428571428571428712e-05,2.857142857142857425e-05,4.285714285714286307e-05,5.714285714285714850e-05,7.142857142857143393e-05,8.571428571428572614e-05,1.000000000000000048e-04
0.000000000000000000e+00,1.428571428571428712e-05,2.857142857142857425e-05,4.285714285714286307e-05,5.714285714285714850e-05,7.142857142857143393e-05,8.571428571428572614e-05,1.000000000000000048e-04
0.000000000000000000e+00,1.389857569851725247e-05,2.779715139703450494e-05,4.169572709555175572e-05,5.559430279406900311e-05,6.949287849258625727e-05,8.339145419110351144e-05,9.729002988962076560e-05
0.000000000000000000e+00,1.428571428571428712e-05,2.857142857142857425e-05,4.285714285714286307e-05,5.714285714285714850e-05,7.142857142857143393e-05,8.571428571428572614e-05,1.000000000000000048e-04
0.000000000000000000e+00,1.428571428571428712e-05,2.857142857142857425e-05,4.285714285714286307e-05,5.714285714285714850e-05,7.142857142857143393e-05,8.571428571428572614e-05,1.000000000000000048e-04
0.000000000000000000e+00,1.428571428571428712e-05,2.857142857142857425e-05,4.285714285714286307e-05,5.714285714285714850e-05,7.142857142857143393e-05,8.571428571428572614e-05,1.000000000000000048e-04
0.000000000000000000e+00,1.428571428571428712e-05,2.857142857142857425e-05,4.285714285714286307e-05,5.714285714285714850e-05,7.142857142857143393e-05,8.571428571428572614e-05,1.000000000000000048e-04
0.000000000000000000e+00,1.428571428571428712e-05,2.857142857142857425e-05,4.285714285714286307e-05,5.714285714285714850e-05,7.142857142857143393e-05,8.571428571428572614e-05,1.000000000000000048e-04
0.000000000000000000e+00,1.389857569851658331e-05,2.779715139703316663e-05,4.169572709554974994e-05,5.559430279406633326e-05,6.949287849258292335e-05,8.339145419109951344e-05,9.729002988961610353e-05
0.000000000000000000e+00,1.428571428571428712e-05,2.857142857142857425e-05,4.285714285714286307e-05,5.714285714285714850e-05,7.142857142857143393e-05,8.571428571428572614e-05,1.000000000000000048e-04
0.000000000000000000e+00,1.335216122927342362e-05,2.670432245854684723e-05,4.005648368782026915e-05,5.340864491709368769e-05,6.676080614636709944e-05,8.011296737564051120e-05,9.346512860491392296e-05
0.000000000000000000e+00,1.285396041968621250e-05,2.570792083937242499e-05,3.856188125905863918e-05,5.141584167874485676e-05,6.426980209843106756e-05,7.712376251811727836e-05,8.997772293780348916e-05
0.000000000000000000e+00,1.342563690661365386e-05,2.685127381322730772e-05,4.027691071984096328e-05,5.370254762645462223e-05,6.712818453306828117e-05,8.055382143968194012e-05,9.397945834629559906e-05
0.000000000000000000e+00,1.335216122927265112e-05,2.670432245854530224e-05,4.005648368781795167e-05,5.340864491709059771e-05,6.676080614636325052e-05,8.011296737563590334e-05,9.346512860490855615e-05
0.000000000000000000e+00,1.285396041968453368e-05,2.570792083936906735e-05,3.856188125905360442e-05,5.141584167873814148e-05,6.426980209842267854e-05,7.712376251810720883e-05,8.997772293779173912e-05
0.000000000000000000e+00,1.342563690661240534e-05,2.685127381322481067e-05,4.027691071983721601e-05,5.370254762644962134e-05,6.712818453306201990e-05,8.055382143967441846e-05,9.397945834628681702e-05
0.000000000000000000e+00,1.428571428571428712e-05,2.857142857142857425e-05,4.285714285714286307e-05,5.714285714285714850e-05,7.142857142857143393e-05,8.571428571428572614e-05,1.000000000000000048e-04
0.000000000000000000e+00,1.428571428571428712e-05,2.857142857142857425e-05,4.285714285714286307e-05,5.714285714285714850e-05,7.142857142857143393e-05,8.571428571428572614e-05,1.000000000000000048e-04
0.000000000000000000e+00,1.385473880940523682e-05,2.770947761881047364e-05,4.156421642821571215e-05,5.541895523762095405e-05,6.927369404702618918e-05,8.312843285643142430e-05,9.698317166583665942e-05
0.000000000000000000e+00,1.428571428571428712e-05,2.857142857142857425e-05,4.285714285714286307e-05,5.714285714285714850e-05,7.142857142857143393e-05,8.571428571428572614e-05,1.000000000000000048e-04
0.000000000000000000e+00,1.428571428571428712e-05,2.857142857142857425e-05,4.285714285714286307e-05,5.714285714285714850e-05,7.142857142857143393e-05,8.571428571428572614e-05,1.000000000000000048e-04
0.000000000000000000e+00,1.428571428571428712e-05,2.857142857142857425e-05,4.285714285714286307e-05,5.714285714285714850e-05,7.142857142857143393e-05,8.571428571428572614e-05,1.000000000000000048e-04
0.000000000000000000e+00,1.428571428571428712e-05,2.857142857142857425e-05,4.285714285714286307e-05,5.714285714285714850e-05,7.142857142857143393e-05,8.571428571428572614e-05,1.000000000000000048e-04
0.000000000000000000e+00,1.428571428571428712e-05,2.857142857142857425e-05,4.285714285714286307e-05,5.714285714285714850e-05,7.142857142857143393e-05,8.571428571428572614e-05,1.000000000000000048e-04
0.000000000000000000e+00,1.385473880940452023e-05,2.770947761880904046e-05,4.156421642821356407e-05,5.541895523761808769e-05,6.927369404702261131e-05,8.312843285642712815e-05,9.698317166583164499e-05
0.000000000000000000e+00,1.428571428571428712e-05,2.857142857142857425e-05,4.285714285714286307e-05,5.714285714285714850e-05,7.142857142857143393e-05,8.571428571428572614e-05,1.000000000000000048e-04
0.000000000000000000e+00,1.306105323184721130e-05,2.612210646369442259e-05,3.918315969554163558e-05,5.224421292738885196e-05,6.530526615923607512e-05,7.836631939108329827e-05,9.142737262293052143e-05
0.000000000000000000e+00,1.305064185331590107e-05,2.610128370663180214e-05,3.915192555994769983e-05,5.220256741326359751e-05,6.525320926657949519e-05,7.830385111989539965e-05,9.135449297321130411e-05
0.000000000000000000e+00,1.253311228927252556e-05,2.506622457854505113e-05,3.759933686781758008e-05,5.013244915709010903e-05,6.266556144636263798e-05,7.519867373563516016e-05,8.773178602490768233e-05
0.000000000000000000e+00,1.326532526348372498e-05,2.653065052696744995e-05,3.979597579045117493e-05,5.306130105393489990e-05,6.632662631741862488e-05,7.959195158090234985e-05,9.285727684438607483e-05
0.000000000000000000e+00,1.305548667789722774e-05,2.611097335579445547e-05,3.916646003369167982e-05,5.222194671158890417e-05,6.527743338948612851e-05,7.833292006738335964e-05,9.138840674528059076e-05
0.000000000000000000e+00,1.253481596670269889e-05,2.506963193340539778e-05,3.760444790010809667e-05,5.013926386681079555e-05,6.267407983351350122e-05,7.520889580021620688e-05,8.774371176691891255e-05
0.000000000000000000e+00,1.306105323184555958e-05,2.612210646369111916e-05,3.918315969553668213e-05,5.224421292738224510e-05,6.530526615922780807e-05,7.836631939107336427e-05,9.142737262291892046e-05
0.000000000000000000e+00,1.305548667789641289e-05,2.611097335579282578e-05,3.916646003368924036e-05,5.222194671158565833e-05,6.527743338948207631e-05,7.833292006737849428e-05,9.138840674527491225e-05
0.000000000000000000e+00,1.253311228927046897e-05,2.506622457854093794e-05,3.759933686781140690e-05,5.013244915708187587e-05,6.266556144635235161e-05,7.519867373562282736e-05,8.773178602489330310e-05
0.000000000000000000e+00,1.326532526348219523e-05,2.653065052696439047e-05,3.979597579044658740e-05,5.306130105392878771e-05,6.632662631741098125e-05,7.959195158089317479e-05,9.285727684437536833e-05
0.000000000000000000e+00,1.428571428571428712e-05,2.857142857142857425e-05,4.285714285714286307e-05,5.714285714285714850e-05,7.142857142857143393e-05,8.571428571428572614e-05,1.000000000000000048e-04
0.000000000000000000e+00,1.428571428571428712e-05,2.857142857142857425e-05,4.285714285714286307e-05,5.714285714285714850e-05,7.142857142857143393e-05,8.571428571428572614e-05,1.000000000000000048e-04
0.000000000000000000e+00,1.366630384120294632e-05,2.733260768240589265e-05,4.099891152360884066e-05,5.466521536481179207e-05,6.833151920601475025e-05,8.199782304721770843e-05,9.566412688842066661e-05
0.000000000000000000e+00,1.428571428571428712e-05,2.857142857142857425e-05,4.285714285714286307e-05,5.714285714285714850e-05,7.142857142857143393e-05,8.571428571428572614e-05,1.000000000000000048e-04
0.000000000000000000e+00,1.428571428571428712e-05,2.857142857142857425e-05,4.285714285714286307e-05,5.714285714285714850e-05,7.142857142857143393e-05,8.571428571428572614e-05,1.000000000000000048e-04
0.000000000000000000e+00,1.367281157597287742e-05,2.734562315194575483e-05,4.101843472791863395e-05,5.469124630389151644e-05,6.836405787986440572e-05,8.203686945583729500e-05,9.570968103181018427e-05
0.000000000000000000e+00,1.428571428571428712e-05,2.857142857142857425e-05,4.285714285714286307e-05,5.714285714285714850e-05,7.142857142857143393e-05,8.571428571428572614e-05,1.000000000000000048e-04
0.000000000000000000e+00,1.428571428571428712e-05,2.857142857142857425e-05,4.285714285714286307e-05,5.714285714285714850e-05,7.142857142857143393e-05,8.571428571428572614e-05,1.000000000000000048e-04
0.000000000000000000e+00,1.428571428571428712e-05,2.857142857142857425e-05,4.285714285714286307e-05,5.714285714285714850e-05,7.142857142857143393e-05,8.571428571428572614e-05,1.000000000000000048e-04
0.000000000000000000e+00,1.366630384120206033e-05,2.733260768240412065e-05,4.099891152360617759e-05,5.466521536480823453e-05,6.833151920601029147e-05,8.199782304721235518e-05,9.566412688841441890e-05
0.000000000000000000e+00,1.428571428571428712e-05,2.857142857142857425e-05,4.285714285714286307e-05,5.714285714285714850e-05,7.142857142857143393e-05,8.571428571428572614e-05,1.000000000000000048e-04
