0.000000000000000000e+00,0.000000000000000000e+00,0.000000000000000000e+00,0.000000000000000000e+00,0.000000000000000000e+00,0.000000000000000000e+00,0.000000000000000000e+00,0.000000000000000000e+00
0.000000000000000000e+00,0.000000000000000000e+00,0.000000000000000000e+00,0.000000000000000000e+00,0.000000000000000000e+00,0.000000000000000000e+00,0.000000000000000000e+00,0.000000000000000000e+00
0.000000000000000000e+00,3.249275462059256511e-07,6.498550924118513022e-07,9.747826386177770063e-07,1.299710184823702816e-06,1.624637731029628626e-06,1.949565277235554436e-06,2.274492823441480246e-06
0.000000000000000000e+00,6.535788945051530506e-07,1.307157789010306101e-06,1.960736683515459258e-06,2.614315578020612626e-06,3.267894472525765994e-06,3.921473367030919363e-06,4.575052261536072731e-06
0.000000000000000000e+00,0.000000000000000000e+00,0.000000000000000000e+00,0.000000000000000000e+00,0.000000000000000000e+00,0.000000000000000000e+00,0.000000000000000000e+00,0.000000000000000000e+00
0.000000000000000000e+00,0.000000000000000000e+00,0.000000000000000000e+00,0.000000000000000000e+00,0.000000000000000000e+00,0.000000000000000000e+00,0.000000000000000000e+00,0.000000000000000000e+00
0.000000000000000000e+00,6.531133228674526715e-07,1.306226645734905343e-06,1.959339968602357909e-06,2.612453291469810263e-06,3.265566614337262617e-06,3.918679937204714970e-06,4.571793260072167748e-06
0.000000000000000000e+00,0.000000000000000000e+00,0.000000000000000000e+00,0.000000000000000000e+00,0.000000000000000000e+00,0.000000000000000000e+00,0.000000000000000000e+00,0.000000000000000000e+00
0.000000000000000000e+00,1.475582266680640997e-07,2.951164533361281995e-07,4.426746800041922992e-07,5.902329066722563990e-07,7.377911333403205516e-07,8.853493600083847043e-07,1.032907586676448857e-06
0.000000000000000000e+00,4.545005348004042384e-07,9.090010696008084767e-07,1.363501604401212662e-06,1.818002139201616742e-06,2.272502674002021033e-06,2.727003208802425324e-06,3.181503743602829616e-06
0.000000000000000000e+00,3.910876385843941277e-07,7.821752771687882554e-07,1.173262915753182436e-06,1.564350554337576723e-06,1.955438192921971221e-06,2.346525831506365719e-06,2.737613470090760217e-06
0.000000000000000000e+00,0.000000000000000000e+00,0.000000000000000000e+00,0.000000000000000000e+00,0.000000000000000000e+00,0.000000000000000000e+00,0.000000000000000000e+00,0.000000000000000000e+00
0.000000000000000000e+00,0.000000000000000000e+00,0.000000000000000000e+00,0.000000000000000000e+00,0.000000000000000000e+00,0.000000000000000000e+00,0.000000000000000000e+00,0.000000000000000000e+00
0.000000000000000000e+00,6.533511137781535760e-07,1.306702227556307152e-06,1.960053341334460834e-06,2.613404455112614727e-06,3.266755568890768621e-06,3.920106682668922515e-06,4.573457796447075985e-06
0.000000000000000000e+00,0.000000000000000000e+00,0.000000000000000000e+00,0.000000000000000000e+00,0.000000000000000000e+00,0.000000000000000000e+00,0.000000000000000000e+00,0.000000000000000000e+00
0.000000000000000000e+00,3.928270724915598189e-07,7.856541449831196378e-07,1.178481217474679563e-06,1.571308289966239487e-06,1.964135362457799412e-06,2.356962434949359125e-06,2.749789507440918838e-06
0.000000000000000000e+00,0.000000000000000000e+00,0.000000000000000000e+00,0.000000000000000000e+00,0.000000000000000000e+00,0.000000000000000000e+00,0.000000000000000000e+00,0.000000000000000000e+00
0.000000000000000000e+00,0.000000000000000000e+00,0.000000000000000000e+00,0.000000000000000000e+00,0.000000000000000000e+00,0.000000000000000000e+00,0.000000000000000000e+00,0.000000000000000000e+00
0.000000000000000000e+00,3.249275462060456122e-07,6.498550924120912243e-07,9.747826386181367836e-07,1.299710184824182237e-06,1.624637731030227690e-06,1.949565277236273144e-06,2.274492823442318809e-06
0.000000000000000000e+00,6.535788945052900582e-07,1.307157789010580116e-06,1.960736683515870069e-06,2.614315578021159809e-06,3.267894472526449550e-06,3.921473367031739291e-06,4.575052261537029031e-06
0.000000000000000000e+00,0.000000000000000000e+00,0.000000000000000000e+00,0.000000000000000000e+00,0.000000000000000000e+00,0.000000000000000000e+00,0.000000000000000000e+00,0.000000000000000000e+00
0.000000000000000000e+00,0.000000000000000000e+00,0.000000000000000000e+00,0.000000000000000000e+00,0.000000000000000000e+00,0.000000000000000000e+00,0.000000000000000000e+00,0.000000000000000000e+00
0.000000000000000000e+00,6.533511137782229268e-07,1.306702227556445854e-06,1.960053341334668780e-06,2.613404455112891707e-06,3.266755568891114634e-06,3.920106682669337561e-06,4.573457796447560488e-06
0.000000000000000000e+00,0.000000000000000000e+00,0.000000000000000000e+00,0.000000000000000000e+00,0.000000000000000000e+00,0.000000000000000000e+00,0.000000000000000000e+00,0.000000000000000000e+00
0.000000000000000000e+00,1.475582266681068220e-07,2.951164533362136439e-07,4.426746800043204659e-07,5.902329066724272879e-07,7.377911333405341098e-07,8.853493600086409318e-07,1.032907586676747648e-06
0.000000000000000000e+00,4.545005348005360579e-07,9.090010696010721157e-07,1.363501604401608227e-06,1.818002139202144443e-06,2.272502674002680872e-06,2.727003208803217300e-06,3.181503743603753729e-06
0.000000000000000000e+00,3.910876385844445262e-07,7.821752771688890523e-07,1.173262915753333631e-06,1.564350554337778316e-06,1.955438192922222790e-06,2.346525831506667263e-06,2.737613470091111736e-06
0.000000000000000000e+00,5.991854289623647341e-07,1.198370857924729468e-06,1.797556286887094202e-06,2.396741715849458936e-06,2.995927144811823670e-06,3.595112573774188404e-06,4.194298002736552715e-06
0.000000000000000000e+00,9.794433129302800711e-07,1.958886625860560142e-06,2.938329938790840213e-06,3.917773251721120285e-06,4.897216564651400356e-06,5.876659877581680427e-06,6.856103190511961345e-06
0.000000000000000000e+00,9.786345779339876577e-07,1.957269155867975315e-06,2.935903733801963608e-06,3.914538311735950631e-06,4.893172889669938924e-06,5.871807467603927217e-06,6.850442045537913816e-06
0.000000000000000000e+00,4.683217371273246710e-07,9.366434742546493421e-07,1.404965211381973960e-06,1.873286948509298472e-06,2.341608685636622985e-06,2.809930422763947497e-06,3.278252159891272009e-06
0.000000000000000000e+00,7.886153697979946229e-07,1.577230739595989246e-06,2.365846109393983975e-06,3.154461479191978915e-06,3.943076848989973432e-06,4.731692218787967949e-06,5.520307588585962466e-06
0.000000000000000000e+00,8.390846235094758733e-07,1.678169247018951747e-06,2.517253870528427620e-06,3.356338494037903493e-06,4.195423117547379366e-06,5.034507741056855240e-06,5.873592364566331113e-06
0.000000000000000000e+00,9.788174009403281912e-07,1.957634801880656382e-06,2.936452202820984362e-06,3.915269603761313612e-06,4.894087004701642438e-06,5.872904405641971265e-06,6.851721806582300091e-06
0.000000000000000000e+00,8.381754467535811285e-07,1.676350893507162257e-06,2.514526340260743491e-06,3.352701787014324937e-06,4.190877233767906383e-06,5.029052680521487830e-06,5.867228127275069276e-06
0.000000000000000000e+00,5.991854289627407108e-07,1.198370857925481422e-06,1.797556286888222027e-06,2.396741715850962420e-06,2.995927144813702813e-06,3.595112573776443206e-06,4.194298002739183599e-06
0.000000000000000000e+00,9.794433129306413307e-07,1.958886625861282661e-06,2.938329938791923992e-06,3.917773251722565323e-06,4.897216564653206230e-06,5.876659877583847984e-06,6.856103190514488891e-06
0.000000000000000000e+00,9.788174009405077622e-07,1.957634801881015524e-06,2.936452202821523075e-06,3.915269603762031896e-06,4.894087004702540293e-06,5.872904405643048691e-06,6.851721806583557088e-06
0.000000000000000000e+00,4.683217371275517817e-07,9.366434742551035635e-07,1.404965211382655398e-06,1.873286948510207339e-06,2.341608685637759279e-06,2.809930422765311220e-06,3.278252159892863160e-06
0.000000000000000000e+00,7.886153697983610706e-07,1.577230739596722141e-06,2.365846109395083000e-06,3.154461479193443859e-06,3.943076848991804718e-06,4.731692218790166000e-06,5.520307588588527282e-06
0.000000000000000000e+00,8.390846235097283950e-07,1.678169247019456790e-06,2.517253870529185291e-06,3.356338494038914003e-06,4.195423117548642292e-06,5.034507741058370582e-06,5.873592364568098871e-06
0.000000000000000000e+00,0.000000000000000000e+00,0.000000000000000000e+00,0.000000000000000000e+00,0.000000000000000000e+00,0.000000000000000000e+00,0.000000000000000000e+00,0.000000000000000000e+00
0.000000000000000000e+00,1.359599326404698805e-07,2.719198652809397610e-07,4.078797979214096679e-07,5.438397305618796278e-07,6.797996632023495877e-07,8.157595958428195476e-07,9.517195284832895075e-07
0.000000000000000000e+00,0.000000000000000000e+00,0.000000000000000000e+00,0.000000000000000000e+00,0.000000000000000000e+00,0.000000000000000000e+00,0.000000000000000000e+00,0.000000000000000000e+00
0.000000000000000000e+00,0.000000000000000000e+00,0.000000000000000000e+00,0.000000000000000000e+00,0.000000000000000000e+00,0.000000000000000000e+00,0.000000000000000000e+00,0.000000000000000000e+00
0.000000000000000000e+00,6.025043878713541028e-08,1.205008775742708206e-07,1.807513163614062308e-07,2.410017551485416411e-07,3.012521939356770514e-07,3.615026327228124617e-07,4.217530715099478719e-07
0.000000000000000000e+00,2.137303174822988997e-07,4.274606349645977995e-07,6.411909524468966992e-07,8.549212699291955989e-07,1.068651587411494393e-06,1.282381904893793187e-06,1.496112222376091980e-06
0.000000000000000000e+00,0.000000000000000000e+00,0.000000000000000000e+00,0.000000000000000000e+00,0.000000000000000000e+00,0.000000000000000000e+00,0.000000000000000000e+00,0.000000000000000000e+00
0.000000000000000000e+00,0.000000000000000000e+00,0.000000000000000000e+00,0.000000000000000000e+00,0.000000000000000000e+00,0.000000000000000000e+00,0.000000000000000000e+00,0.000000000000000000e+00
0.000000000000000000e+00,0.000000000000000000e+00,0.000000000000000000e+00,0.000000000000000000e+00,0.000000000000000000e+00,0.000000000000000000e+00,0.000000000000000000e+00,0.000000000000000000e+00
0.000000000000000000e+00,1.359599326405563043e-07,2.719198652811126086e-07,4.078797979216689129e-07,5.438397305622252173e-07,6.797996632027815745e-07,8.157595958433379318e-07,9.517195284838942890e-07
0.000000000000000000e+00,0.000000000000000000e+00,0.000000000000000000e+00,0.000000000000000000e+00,0.000000000000000000e+00,0.000000000000000000e+00,0.000000000000000000e+00,0.000000000000000000e+00
0.000000000000000000e+00,0.000000000000000000e+00,0.000000000000000000e+00,0.000000000000000000e+00,0.000000000000000000e+00,0.000000000000000000e+00,0.000000000000000000e+00,0.000000000000000000e+00
0.000000000000000000e+00,6.025043878716274032e-08,1.205008775743254806e-07,1.807513163614882342e-07,2.410017551486510142e-07,3.012521939358137943e-07,3.615026327229765743e-07,4.217530715101393543e-07
0.000000000000000000e+00,2.137303174824058641e-07,4.274606349648117282e-07,6.411909524472176188e-07,8.549212699296235623e-07,1.068651587412029506e-06,1.282381904894435449e-06,1.496112222376841393e-06
0.000000000000000000e+00,3.005694957351247727e-07,6.011389914702495454e-07,9.017084872053743181e-07,1.202277982940499091e-06,1.502847478675623863e-06,1.803416974410748636e-06,2.103986470145873409e-06
0.000000000000000000e+00,2.193421531130880359e-07,4.386843062261760719e-07,6.580264593392640548e-07,8.773686124523520378e-07,1.096710765565440021e-06,1.316052918678528110e-06,1.535395071791616199e-06
0.000000000000000000e+00,4.387224037220631178e-07,8.774448074441262356e-07,1.316167211166189301e-06,1.754889614888252260e-06,2.193612018610315007e-06,2.632334422332377754e-06,3.071056826054440501e-06
0.000000000000000000e+00,3.005694957354092699e-07,6.011389914708185398e-07,9.017084872062278097e-07,1.202277982941637080e-06,1.502847478677046455e-06,1.803416974412455831e-06,2.103986470147865207e-06
0.000000000000000000e+00,2.193421531132678187e-07,4.386843062265356373e-07,6.580264593398034031e-07,8.773686124530711688e-07,1.096710765566338935e-06,1.316052918679606806e-06,1.535395071792874678e-06
0.000000000000000000e+00,4.387224037223871079e-07,8.774448074447742158e-07,1.316167211167161271e-06,1.754889614889548220e-06,2.193612018611935381e-06,2.632334422334322542e-06,3.071056826056709702e-06
0.000000000000000000e+00,0.000000000000000000e+00,0.000000000000000000e+00,0.000000000000000000e+00,0.000000000000000000e+00,0.000000000000000000e+00,0.000000000000000000e+00,0.000000000000000000e+00
0.000000000000000000e+00,4.386116568903227960e-08,8.772233137806455920e-08,1.315834970670968388e-07,1.754446627561291184e-07,2.193058284451613980e-07,2.631669941341936776e-07,3.070281598232259837e-07
0.000000000000000000e+00,0.000000000000000000e+00,0.000000000000000000e+00,0.000000000000000000e+00,0.000000000000000000e+00,0.000000000000000000e+00,0.000000000000000000e+00,0.000000000000000000e+00
0.000000000000000000e+00,0.000000000000000000e+00,0.000000000000000000e+00,0.000000000000000000e+00,0.000000000000000000e+00,0.000000000000000000e+00,0.000000000000000000e+00,0.000000000000000000e+00
0.000000000000000000e+00,1.688105343236868040e-08,3.376210686473736080e-08,5.064316029710604120e-08,6.752421372947472159e-08,8.440526716184340199e-08,1.012863205942120824e-07,1.181673740265807628e-07
0.000000000000000000e+00,8.156733416638265438e-08,1.631346683327653088e-07,2.447020024991479632e-07,3.262693366655306175e-07,4.078366708319132719e-07,4.894040049982959263e-07,5.709713391646785807e-07
0.000000000000000000e+00,0.000000000000000000e+00,0.000000000000000000e+00,0.000000000000000000e+00,0.000000000000000000e+00,0.000000000000000000e+00,0.000000000000000000e+00,0.000000000000000000e+00
0.000000000000000000e+00,0.000000000000000000e+00,0.000000000000000000e+00,0.000000000000000000e+00,0.000000000000000000e+00,0.000000000000000000e+00,0.000000000000000000e+00,0.000000000000000000e+00
0.000000000000000000e+00,0.000000000000000000e+00,0.000000000000000000e+00,0.000000000000000000e+00,0.000000000000000000e+00,0.000000000000000000e+00,0.000000000000000000e+00,0.000000000000000000e+00
0.000000000000000000e+00,4.386116568910977650e-08,8.772233137821955299e-08,1.315834970673293229e-07,1.754446627564390795e-07,2.193058284455488362e-07,2.631669941346585928e-07,3.070281598237683494e-07
0.000000000000000000e+00,0.000000000000000000e+00,0.000000000000000000e+00,0.000000000000000000e+00,0.000000000000000000e+00,0.000000000000000000e+00,0.000000000000000000e+00,0.000000000000000000e+00
0.000000000000000000e+00,0.000000000000000000e+00,0.000000000000000000e+00,0.000000000000000000e+00,0.000000000000000000e+00,0.000000000000000000e+00,0.000000000000000000e+00,0.000000000000000000e+00
0.000000000000000000e+00,1.688105343239479284e-08,3.376210686478958567e-08,5.064316029718437851e-08,6.752421372957917134e-08,8.440526716197396418e-08,1.012863205943687570e-07,1.181673740267635499e-07
0.000000000000000000e+00,8.156733416645829178e-08,1.631346683329165836e-07,2.447020024993748621e-07,3.262693366658331142e-07,4.078366708322913663e-07,4.894040049987496183e-07,5.709713391652078704e-07
0.000000000000000000e+00,1.064095269568254231e-07,2.128190539136508462e-07,3.192285808704762428e-07,4.256381078273016395e-07,5.320476347841270361e-07,6.384571617409524857e-07,7.448666886977779353e-07
0.000000000000000000e+00,7.449757502647117254e-08,1.489951500529423451e-07,2.234927250794135044e-07,2.979903001058846372e-07,3.724878751323557701e-07,4.469854501588269029e-07,5.214830251852980357e-07
0.000000000000000000e+00,1.897517754785606402e-07,3.795035509571212803e-07,5.692553264356819205e-07,7.590071019142425606e-07,9.487588773928032008e-07,1.138510652871363841e-06,1.328262428349924481e-06
0.000000000000000000e+00,1.064095269571082262e-07,2.128190539142164525e-07,3.192285808713246522e-07,4.256381078284328520e-07,5.320476347855410517e-07,6.384571617426493044e-07,7.448666886997575571e-07
0.000000000000000000e+00,7.449757502663373669e-08,1.489951500532674734e-07,2.234927250799012101e-07,2.979903001065349468e-07,3.724878751331687099e-07,4.469854501598024731e-07,5.214830251864362363e-07
0.000000000000000000e+00,1.897517754788373817e-07,3.795035509576747634e-07,5.692553264365121186e-07,7.590071019153494209e-07,9.487588773941867232e-07,1.138510652873024025e-06,1.328262428351861434e-06
0.000000000000000000e+00,0.000000000000000000e+00,0.000000000000000000e+00,0.000000000000000000e+00,0.000000000000000000e+00,0.000000000000000000e+00,0.000000000000000000e+00,0.000000000000000000e+00
0.000000000000000000e+00,-1.696372085322987486e-19,-3.392744170645974973e-19,-5.089116255968962941e-19,-6.785488341291950908e-19,-8.481860426614938876e-19,-1.017823251193792588e-18,-1.187460459726091289e-18
0.000000000000000000e+00,0.000000000000000000e+00,0.000000000000000000e+00,0.000000000000000000e+00,0.000000000000000000e+00,0.000000000000000000e+00,0.000000000000000000e+00,0.000000000000000000e+00
0.000000000000000000e+00,0.000000000000000000e+00,0.000000000000000000e+00,0.000000000000000000e+00,0.000000000000000000e+00,0.000000000000000000e+00,0.000000000000000000e+00,0.000000000000000000e+00
0.000000000000000000e+00,-7.446078762545085419e-20,-1.489215752509017084e-19,-2.233823628763525505e-19,-2.978431505018033686e-19,-3.723039381272541867e-19,-4.467647257527050048e-19,-5.212255133781557747e-19
0.000000000000000000e+00,1.832664360675729614e-08,3.665328721351459227e-08,5.497993082027188510e-08,7.330657442702917131e-08,9.163321803378645752e-08,1.099598616405437437e-07,1.282865052473010299e-07
0.000000000000000000e+00,0.000000000000000000e+00,0.000000000000000000e+00,0.000000000000000000e+00,0.000000000000000000e+00,0.000000000000000000e+00,0.000000000000000000e+00,0.000000000000000000e+00
0.000000000000000000e+00,0.000000000000000000e+00,0.000000000000000000e+00,0.000000000000000000e+00,0.000000000000000000e+00,0.000000000000000000e+00,0.000000000000000000e+00,0.000000000000000000e+00
0.000000000000000000e+00,0.000000000000000000e+00,0.000000000000000000e+00,0.000000000000000000e+00,0.000000000000000000e+00,0.000000000000000000e+00,0.000000000000000000e+00,0.000000000000000000e+00
0.000000000000000000e+00,-9.149528070866229226e-20,-1.829905614173245845e-19,-2.744858421259868647e-19,-3.659811228346491209e-19,-4.574764035433114252e-19,-5.489716842519737295e-19,-6.404669649606360338e-19
0.000000000000000000e+00,0.000000000000000000e+00,0.000000000000000000e+00,0.000000000000000000e+00,0.000000000000000000e+00,0.000000000000000000e+00,0.000000000000000000e+00,0.000000000000000000e+00
0.000000000000000000e+00,0.000000000000000000e+00,0.000000000000000000e+00,0.000000000000000000e+00,0.000000000000000000e+00,0.000000000000000000e+00,0.000000000000000000e+00,0.000000000000000000e+00
0.000000000000000000e+00,-5.054555013385346236e-20,-1.010911002677069247e-19,-1.516366504015603811e-19,-2.021822005354138254e-19,-2.527277506692672456e-19,-3.032733008031206658e-19,-3.538188509369740860e-19
0.000000000000000000e+00,1.832664360683620917e-08,3.665328721367241833e-08,5.497993082050863081e-08,7.330657442734484990e-08,9.163321803418106899e-08,1.099598616410172881e-07,1.282865052478535072e-07
0.000000000000000000e+00,-2.084146988578747611e-19,-4.168293977157495223e-19,-6.252440965736243316e-19,-8.336587954314991409e-19,-1.042073494289373950e-18,-1.250488193147248663e-18,-1.458902892005123376e-18
0.000000000000000000e+00,-9.419650795249006303e-20,-1.883930159049801261e-19,-2.825895238574702011e-19,-3.767860318099603003e-19,-4.709825397624504475e-19,-5.651790477149405948e-19,-6.593755556674307421e-19
0.000000000000000000e+00,4.620664031627444859e-08,9.241328063254889719e-08,1.386199209488233392e-07,1.848265612650977679e-07,2.310332015813721967e-07,2.772398418976466254e-07,3.234464822139210277e-07
0.000000000000000000e+00,6.364548813521214931e-20,1.272909762704242986e-19,1.909364644056364359e-19,2.545819525408485491e-19,3.182274406760606623e-19,3.818729288112727755e-19,4.455184169464848887e-19
0.000000000000000000e+00,7.007154394293684803e-20,1.401430878858736961e-19,2.102146318288105441e-19,2.802861757717473921e-19,3.503577197146842161e-19,4.204292636576210400e-19,4.905008076005578640e-19
0.000000000000000000e+00,4.620664031655920387e-08,9.241328063311840773e-08,1.386199209496775984e-07,1.848265612662367890e-07,2.310332015827959796e-07,2.772398418993551967e-07,3.234464822159144138e-07
0.000000000000000000e+00,0.000000000000000000e+00,0.000000000000000000e+00,0.000000000000000000e+00,0.000000000000000000e+00,0.000000000000000000e+00,0.000000000000000000e+00,0.000000000000000000e+00
0.000000000000000000e+00,-4.386116568929048568e-08,-8.772233137858097136e-08,-1.315834970678714504e-07,-1.754446627571619163e-07,-2.193058284464523821e-07,-2.631669941357428479e-07,-3.070281598250333402e-07
0.000000000000000000e+00,0.000000000000000000e+00,0.000000000000000000e+00,0.000000000000000000e+00,0.000000000000000000e+00,0.000000000000000000e+00,0.000000000000000000e+00,0.000000000000000000e+00
0.000000000000000000e+00,0.000000000000000000e+00,0.000000000000000000e+00,0.000000000000000000e+00,0.000000000000000000e+00,0.000000000000000000e+00,0.000000000000000000e+00,0.000000000000000000e+00
0.000000000000000000e+00,-1.688105343246270767e-08,-3.376210686492541535e-08,-5.064316029738812302e-08,-6.752421372985083069e-08,-8.440526716231354498e-08,-1.012863205947762593e-07,-1.181673740272389736e-07
0.000000000000000000e+00,-1.832664360694623742e-08,-3.665328721389247484e-08,-5.497993082083870896e-08,-7.330657442778493645e-08,-9.163321803473116395e-08,-1.099598616416773914e-07,-1.282865052486236189e-07
0.000000000000000000e+00,0.000000000000000000e+00,0.000000000000000000e+00,0.000000000000000000e+00,0.000000000000000000e+00,0.000000000000000000e+00,0.000000000000000000e+00,0.000000000000000000e+00
0.000000000000000000e+00,0.000000000000000000e+00,0.000000000000000000e+00,0.000000000000000000e+00,0.000000000000000000e+00,0.000000000000000000e+00,0.000000000000000000e+00,0.000000000000000000e+00
0.000000000000000000e+00,0.000000000000000000e+00,0.000000000000000000e+00,0.000000000000000000e+00,0.000000000000000000e+00,0.000000000000000000e+00,0.000000000000000000e+00,0.000000000000000000e+00
0.000000000000000000e+00,-4.386116568923218599e-08,-8.772233137846437198e-08,-1.315834970676965646e-07,-1.754446627569287704e-07,-2.193058284461609763e-07,-2.631669941353931821e-07,-3.070281598246253880e-07
0.000000000000000000e+00,0.000000000000000000e+00,0.000000000000000000e+00,0.000000000000000000e+00,0.000000000000000000e+00,0.000000000000000000e+00,0.000000000000000000e+00,0.000000000000000000e+00
0.000000000000000000e+00,0.000000000000000000e+00,0.000000000000000000e+00,0.000000000000000000e+00,0.000000000000000000e+00,0.000000000000000000e+00,0.000000000000000000e+00,0.000000000000000000e+00
0.000000000000000000e+00,-1.688105343244531703e-08,-3.376210686489063406e-08,-5.064316029733595108e-08,-6.752421372978126811e-08,-8.440526716222659176e-08,-1.012863205946719154e-07,-1.181673740271172390e-07
0.000000000000000000e+00,-1.832664360687440837e-08,-3.665328721374881673e-08,-5.497993082062322510e-08,-7.330657442749763347e-08,-9.163321803437204845e-08,-1.099598616412464634e-07,-1.282865052481208784e-07
0.000000000000000000e+00,-1.064095269566147237e-07,-2.128190539132294473e-07,-3.192285808698441445e-07,-4.256381078264588417e-07,-5.320476347830735389e-07,-6.384571617396882890e-07,-7.448666886963030391e-07
0.000000000000000000e+00,-7.449757502669069966e-08,-1.489951500533813993e-07,-2.234927250800720990e-07,-2.979903001067627986e-07,-3.724878751334535248e-07,-4.469854501601442509e-07,-5.214830251868349770e-07
0.000000000000000000e+00,-4.620664031690350952e-08,-9.241328063380701905e-08,-1.386199209507105286e-07,-1.848265612676140381e-07,-2.310332015845175476e-07,-2.772398419014210571e-07,-3.234464822183245402e-07
0.000000000000000000e+00,-1.064095269563924172e-07,-2.128190539127848344e-07,-3.192285808691772649e-07,-4.256381078255697218e-07,-5.320476347819621258e-07,-6.384571617383545298e-07,-7.448666886947469337e-07
0.000000000000000000e+00,-7.449757502656165948e-08,-1.489951500531233190e-07,-2.234927250796849784e-07,-2.979903001062466379e-07,-3.724878751328082974e-07,-4.469854501593699569e-07,-5.214830251859316164e-07
0.000000000000000000e+00,-4.620664031665746631e-08,-9.241328063331493261e-08,-1.386199209499723923e-07,-1.848265612666298388e-07,-2.310332015832872852e-07,-2.772398418999447317e-07,-3.234464822166022046e-07
0.000000000000000000e+00,0.000000000000000000e+00,0.000000000000000000e+00,0.000000000000000000e+00,0.000000000000000000e+00,0.000000000000000000e+00,0.000000000000000000e+00,0.000000000000000000e+00
0.000000000000000000e+00,-1.359599326406432575e-07,-2.719198652812865151e-07,-4.078797979219297461e-07,-5.438397305625729243e-07,-6.797996632032161024e-07,-8.157595958438592805e-07,-9.517195284845024587e-07
0.000000000000000000e+00,0.000000000000000000e+00,0.000000000000000000e+00,0.000000000000000000e+00,0.000000000000000000e+00,0.000000000000000000e+00,0.000000000000000000e+00,0.000000000000000000e+00
0.000000000000000000e+00,0.000000000000000000e+00,0.000000000000000000e+00,0.000000000000000000e+00,0.000000000000000000e+00,0.000000000000000000e+00,0.000000000000000000e+00,0.000000000000000000e+00
0.000000000000000000e+00,-6.025043878734264218e-08,-1.205008775746852844e-07,-1.807513163620279265e-07,-2.410017551493705687e-07,-3.012521939367131844e-07,-3.615026327240558001e-07,-4.217530715113984159e-07
0.000000000000000000e+00,-8.156733416635321999e-08,-1.631346683327064400e-07,-2.447020024990596600e-07,-3.262693366654128800e-07,-4.078366708317660999e-07,-4.894040049981193199e-07,-5.709713391644725399e-07
0.000000000000000000e+00,0.000000000000000000e+00,0.000000000000000000e+00,0.000000000000000000e+00,0.000000000000000000e+00,0.000000000000000000e+00,0.000000000000000000e+00,0.000000000000000000e+00
0.000000000000000000e+00,0.000000000000000000e+00,0.000000000000000000e+00,0.000000000000000000e+00,0.000000000000000000e+00,0.000000000000000000e+00,0.000000000000000000e+00,0.000000000000000000e+00
0.000000000000000000e+00,0.000000000000000000e+00,0.000000000000000000e+00,0.000000000000000000e+00,0.000000000000000000e+00,0.000000000000000000e+00,0.000000000000000000e+00,0.000000000000000000e+00
0.000000000000000000e+00,-1.359599326405896033e-07,-2.719198652811792066e-07,-4.078797979217688099e-07,-5.438397305623584132e-07,-6.797996632029480165e-07,-8.157595958435376198e-07,-9.517195284841272231e-07
0.000000000000000000e+00,0.000000000000000000e+00,0.000000000000000000e+00,0.000000000000000000e+00,0.000000000000000000e+00,0.000000000000000000e+00,0.000000000000000000e+00,0.000000000000000000e+00
0.000000000000000000e+00,0.000000000000000000e+00,0.000000000000000000e+00,0.000000000000000000e+00,0.000000000000000000e+00,0.000000000000000000e+00,0.000000000000000000e+00,0.000000000000000000e+00
0.000000000000000000e+00,-6.025043878732537065e-08,-1.205008775746507413e-07,-1.807513163619761252e-07,-2.410017551493015355e-07,-3.012521939366269459e-07,-3.615026327239523562e-07,-4.217530715112777666e-07
0.000000000000000000e+00,-8.156733416630164362e-08,-1.631346683326032872e-07,-2.447020024989049176e-07,-3.262693366652065216e-07,-4.078366708315081255e-07,-4.894040049978097294e-07,-5.709713391641113862e-07
0.000000000000000000e+00,-3.005694957353799414e-07,-6.011389914707598827e-07,-9.017084872061398241e-07,-1.202277982941519765e-06,-1.502847478676899707e-06,-1.803416974412279648e-06,-2.103986470147659801e-06
0.000000000000000000e+00,-2.193421531132044765e-07,-4.386843062264089530e-07,-6.580264593396134559e-07,-8.773686124528180118e-07,-1.096710765566022568e-06,-1.316052918679227124e-06,-1.535395071792431680e-06
0.000000000000000000e+00,-1.897517754793946500e-07,-3.795035509587892999e-07,-5.692553264381839499e-07,-7.590071019175785999e-07,-9.487588773969732498e-07,-1.138510652876367900e-06,-1.328262428355762444e-06
0.000000000000000000e+00,-3.005694957351719418e-07,-6.011389914703438837e-07,-9.017084872055157726e-07,-1.202277982940687556e-06,-1.502847478675859339e-06,-1.803416974411031122e-06,-2.103986470146202905e-06
0.000000000000000000e+00,-2.193421531130842507e-07,-4.386843062261685015e-07,-6.580264593392527258e-07,-8.773686124523368971e-07,-1.096710765565421174e-06,-1.316052918678505452e-06,-1.535395071791589729e-06
0.000000000000000000e+00,-1.897517754791950149e-07,-3.795035509583900298e-07,-5.692553264375849917e-07,-7.590071019167799537e-07,-9.487588773959749156e-07,-1.138510652875169983e-06,-1.328262428354365051e-06
0.000000000000000000e+00,0.000000000000000000e+00,0.000000000000000000e+00,0.000000000000000000e+00,0.000000000000000000e+00,0.000000000000000000e+00,0.000000000000000000e+00,0.000000000000000000e+00
0.000000000000000000e+00,-3.249275462064931103e-07,-6.498550924129862205e-07,-9.747826386194793308e-07,-1.299710184825972441e-06,-1.624637731032465551e-06,-1.949565277238958662e-06,-2.274492823445451984e-06
0.000000000000000000e+00,0.000000000000000000e+00,0.000000000000000000e+00,0.000000000000000000e+00,0.000000000000000000e+00,0.000000000000000000e+00,0.000000000000000000e+00,0.000000000000000000e+00
0.000000000000000000e+00,0.000000000000000000e+00,0.000000000000000000e+00,0.000000000000000000e+00,0.000000000000000000e+00,0.000000000000000000e+00,0.000000000000000000e+00,0.000000000000000000e+00
0.000000000000000000e+00,-1.475582266682149775e-07,-2.951164533364299550e-07,-4.426746800046449324e-07,-5.902329066728599099e-07,-7.377911333410748345e-07,-8.853493600092897590e-07,-1.032907586677504684e-06
0.000000000000000000e+00,-2.137303174832439767e-07,-4.274606349664879535e-07,-6.411909524497319302e-07,-8.549212699329759070e-07,-1.068651587416219990e-06,-1.282381904899464072e-06,-1.496112222382708155e-06
0.000000000000000000e+00,0.000000000000000000e+00,0.000000000000000000e+00,0.000000000000000000e+00,0.000000000000000000e+00,0.000000000000000000e+00,0.000000000000000000e+00,0.000000000000000000e+00
0.000000000000000000e+00,0.000000000000000000e+00,0.000000000000000000e+00,0.000000000000000000e+00,0.000000000000000000e+00,0.000000000000000000e+00,0.000000000000000000e+00,0.000000000000000000e+00
0.000000000000000000e+00,0.000000000000000000e+00,0.000000000000000000e+00,0.000000000000000000e+00,0.000000000000000000e+00,0.000000000000000000e+00,0.000000000000000000e+00,0.000000000000000000e+00
0.000000000000000000e+00,-3.249275462064165067e-07,-6.498550924128330134e-07,-9.747826386192495731e-07,-1.299710184825666239e-06,-1.624637731032082904e-06,-1.949565277238499570e-06,-2.274492823444916235e-06
0.000000000000000000e+00,0.000000000000000000e+00,0.000000000000000000e+00,0.000000000000000000e+00,0.000000000000000000e+00,0.000000000000000000e+00,0.000000000000000000e+00,0.000000000000000000e+00
0.000000000000000000e+00,0.000000000000000000e+00,0.000000000000000000e+00,0.000000000000000000e+00,0.000000000000000000e+00,0.000000000000000000e+00,0.000000000000000000e+00,0.000000000000000000e+00
0.000000000000000000e+00,-1.475582266681847490e-07,-2.951164533363694980e-07,-4.426746800045542470e-07,-5.902329066727389960e-07,-7.377911333409237450e-07,-8.853493600091084940e-07,-1.032907586677293137e-06
0.000000000000000000e+00,-2.137303174831726672e-07,-4.274606349663453343e-07,-6.411909524495179485e-07,-8.549212699326905627e-07,-1.068651587415863177e-06,-1.282381904899035897e-06,-1.496112222382208617e-06
0.000000000000000000e+00,-5.991854289640189894e-07,-1.198370857928037979e-06,-1.797556286892056968e-06,-2.396741715856075958e-06,-2.995927144820094947e-06,-3.595112573784113936e-06,-4.194298002748133349e-06
0.000000000000000000e+00,-4.683217371286766944e-07,-9.366434742573533889e-07,-1.404965211386029977e-06,-1.873286948514706566e-06,-2.341608685643383155e-06,-2.809930422772059955e-06,-3.278252159900736755e-06
0.000000000000000000e+00,-4.387224037212813593e-07,-8.774448074425627187e-07,-1.316167211163844078e-06,-1.754889614885125437e-06,-2.193612018606406797e-06,-2.632334422327688156e-06,-3.071056826048969515e-06
0.000000000000000000e+00,-5.991854289637554563e-07,-1.198370857927510913e-06,-1.797556286891266263e-06,-2.396741715855021402e-06,-2.995927144818776540e-06,-3.595112573782531679e-06,-4.194298002746286818e-06
0.000000000000000000e+00,-4.683217371285244403e-07,-9.366434742570488805e-07,-1.404965211385573427e-06,-1.873286948514097973e-06,-2.341608685642622519e-06,-2.809930422771146853e-06,-3.278252159899671188e-06
0.000000000000000000e+00,-4.387224037210510193e-07,-8.774448074421020386e-07,-1.316167211163153111e-06,-1.754889614884204289e-06,-2.193612018605255679e-06,-2.632334422326307069e-06,-3.071056826047358459e-06
0.000000000000000000e+00,0.000000000000000000e+00,0.000000000000000000e+00,0.000000000000000000e+00,0.000000000000000000e+00,0.000000000000000000e+00,0.000000000000000000e+00,0.000000000000000000e+00
0.000000000000000000e+00,-6.535788945053611031e-07,-1.307157789010722206e-06,-1.960736683516083521e-06,-2.614315578021444836e-06,-3.267894472526806151e-06,-3.921473367032167042e-06,-4.575052261537527934e-06
0.000000000000000000e+00,0.000000000000000000e+00,0.000000000000000000e+00,0.000000000000000000e+00,0.000000000000000000e+00,0.000000000000000000e+00,0.000000000000000000e+00,0.000000000000000000e+00
0.000000000000000000e+00,-6.531133228678499300e-07,-1.306226645735699860e-06,-1.959339968603549684e-06,-2.612453291471399296e-06,-3.265566614339248909e-06,-3.918679937207098521e-06,-4.571793260074947710e-06
0.000000000000000000e+00,0.000000000000000000e+00,0.000000000000000000e+00,0.000000000000000000e+00,0.000000000000000000e+00,0.000000000000000000e+00,0.000000000000000000e+00,0.000000000000000000e+00
0.000000000000000000e+00,-3.910876385841869752e-07,-7.821752771683739504e-07,-1.173262915752560926e-06,-1.564350554336747901e-06,-1.955438192920934876e-06,-2.346525831505121851e-06,-2.737613470089308826e-06
0.000000000000000000e+00,-4.545005347999533521e-07,-9.090010695999067043e-07,-1.363501604399860162e-06,-1.818002139199813620e-06,-2.272502673999767078e-06,-2.727003208799720325e-06,-3.181503743599673571e-06
0.000000000000000000e+00,0.000000000000000000e+00,0.000000000000000000e+00,0.000000000000000000e+00,0.000000000000000000e+00,0.000000000000000000e+00,0.000000000000000000e+00,0.000000000000000000e+00
0.000000000000000000e+00,-6.533511137785710573e-07,-1.306702227557142115e-06,-1.960053341335713172e-06,-2.613404455114284229e-06,-3.266755568892855287e-06,-3.920106682671426344e-06,-4.573457796449997401e-06
0.000000000000000000e+00,0.000000000000000000e+00,0.000000000000000000e+00,0.000000000000000000e+00,0.000000000000000000e+00,0.000000000000000000e+00,0.000000000000000000e+00,0.000000000000000000e+00
0.000000000000000000e+00,-3.928270724915360490e-07,-7.856541449830720980e-07,-1.178481217474608200e-06,-1.571308289966144408e-06,-1.964135362457680404e-06,-2.356962434949216400e-06,-2.749789507440752396e-06
0.000000000000000000e+00,0.000000000000000000e+00,0.000000000000000000e+00,0.000000000000000000e+00,0.000000000000000000e+00,0.000000000000000000e+00,0.000000000000000000e+00,0.000000000000000000e+00
0.000000000000000000e+00,-6.535788945054954637e-07,-1.307157789010990927e-06,-1.960736683516486285e-06,-2.614315578021981431e-06,-3.267894472527476577e-06,-3.921473367032971723e-06,-4.575052261538466446e-06
0.000000000000000000e+00,0.000000000000000000e+00,0.000000000000000000e+00,0.000000000000000000e+00,0.000000000000000000e+00,0.000000000000000000e+00,0.000000000000000000e+00,0.000000000000000000e+00
0.000000000000000000e+00,-6.533511137786411493e-07,-1.306702227557282299e-06,-1.960053341335923236e-06,-2.613404455114564174e-06,-3.266755568893205111e-06,-3.920106682671846472e-06,-4.573457796450487833e-06
0.000000000000000000e+00,0.000000000000000000e+00,0.000000000000000000e+00,0.000000000000000000e+00,0.000000000000000000e+00,0.000000000000000000e+00,0.000000000000000000e+00,0.000000000000000000e+00
0.000000000000000000e+00,-3.910876385843041305e-07,-7.821752771686082609e-07,-1.173262915752912444e-06,-1.564350554337216734e-06,-1.955438192921521023e-06,-2.346525831505825312e-06,-2.737613470090129601e-06
0.000000000000000000e+00,-4.545005347999326528e-07,-9.090010695998653055e-07,-1.363501604399797905e-06,-1.818002139199730399e-06,-2.272502673999662893e-06,-2.727003208799595387e-06,-3.181503743599527881e-06
0.000000000000000000e+00,-9.794433129337637059e-07,-1.958886625867527412e-06,-2.938329938801290906e-06,-3.917773251735053977e-06,-4.897216564668817047e-06,-5.876659877602579271e-06,-6.856103190536343188e-06
0.000000000000000000e+00,-9.786345779354640361e-07,-1.957269155870928072e-06,-2.935903733806392320e-06,-3.914538311741857839e-06,-4.893172889677321663e-06,-5.871807467612785487e-06,-6.850442045548251853e-06
0.000000000000000000e+00,-8.390846235099016132e-07,-1.678169247019803226e-06,-2.517253870529704945e-06,-3.356338494039606876e-06,-4.195423117549508807e-06,-5.034507741059410738e-06,-5.873592364569312669e-06
0.000000000000000000e+00,-7.886153698029468011e-07,-1.577230739605893602e-06,-2.365846109408840509e-06,-3.154461479211787628e-06,-3.943076849014734747e-06,-4.731692218817681865e-06,-5.520307588620628984e-06
0.000000000000000000e+00,-9.788174009424309505e-07,-1.957634801884861901e-06,-2.936452202827292640e-06,-3.915269603769722955e-06,-4.894087004712153270e-06,-5.872904405654584432e-06,-6.851721806597013054e-06
0.000000000000000000e+00,-8.381754467536669964e-07,-1.676350893507333993e-06,-2.514526340261000989e-06,-3.352701787014667986e-06,-4.190877233768334982e-06,-5.029052680522001979e-06,-5.867228127275668975e-06
0.000000000000000000e+00,-9.794433129335693118e-07,-1.958886625867138624e-06,-2.938329938800708147e-06,-3.917773251734278094e-06,-4.897216564667848041e-06,-5.876659877601418836e-06,-6.856103190534987936e-06
0.000000000000000000e+00,-9.788174009423348122e-07,-1.957634801884669624e-06,-2.936452202827004649e-06,-3.915269603769340096e-06,-4.894087004711675544e-06,-5.872904405654010144e-06,-6.851721806596347286e-06
0.000000000000000000e+00,-8.390846235099109306e-07,-1.678169247019821861e-06,-2.517253870529732898e-06,-3.356338494039644146e-06,-4.195423117549555394e-06,-5.034507741059466642e-06,-5.873592364569377890e-06
0.000000000000000000e+00,-7.886153698027181022e-07,-1.577230739605436204e-06,-2.365846109408154412e-06,-3.154461479210872832e-06,-3.943076849013591252e-06,-4.731692218816309672e-06,-5.520307588619028092e-06
0.000000000000000000e+00,1.502115068341738205e-06,3.004230136683476410e-06,4.506345205025214403e-06,6.008460273366951973e-06,7.510575341708689542e-06,9.012690410050427112e-06,1.051480547839216383e-05
0.000000000000000000e+00,1.412266412160174288e-06,2.824532824320348577e-06,4.236799236480522653e-06,5.649065648640696306e-06,7.061332060800869959e-06,8.473598472961043612e-06,9.885864885121218112e-06
0.000000000000000000e+00,1.443889079520348580e-06,2.887778159040697161e-06,4.331667238561045318e-06,5.775556318081393474e-06,7.219445397601741631e-06,8.663334477122090635e-06,1.010722355664243964e-05
0.000000000000000000e+00,1.571981119078946390e-06,3.143962238157892780e-06,4.715943357236839382e-06,6.287924476315786407e-06,7.859905595394733432e-06,9.431886714473680457e-06,1.100386783355262748e-05
0.000000000000000000e+00,1.397430988680610797e-06,2.794861977361221593e-06,4.192292966041832178e-06,5.589723954722442339e-06,6.987154943403052501e-06,8.384585932083662662e-06,9.782016920764272823e-06
0.000000000000000000e+00,1.426379431394608978e-06,2.852758862789217957e-06,4.279138294183826935e-06,5.705517725578435913e-06,7.131897156973044891e-06,8.558276588367653870e-06,9.984656019762263695e-06
0.000000000000000000e+00,1.471022601541078835e-06,2.942045203082157669e-06,4.413067804623236504e-06,5.884090406164315339e-06,7.355113007705394174e-06,8.826135609246473008e-06,1.029715821078755269e-05
0.000000000000000000e+00,1.436681152077172928e-06,2.873362304154345856e-06,4.310043456231518996e-06,5.746724608308692559e-06,7.183405760385866122e-06,8.620086912463039686e-06,1.005676806454021325e-05
0.000000000000000000e+00,1.524043942058093424e-06,3.048087884116186847e-06,4.572131826174280271e-06,6.096175768232373694e-06,7.620219710290467118e-06,9.144263652348560541e-06,1.066830759440665481e-05
0.000000000000000000e+00,1.553034603646371106e-06,3.106069207292742211e-06,4.659103810939113105e-06,6.212138414585483576e-06,7.765173018231853199e-06,9.318207621878222822e-06,1.087124222552459245e-05
0.000000000000000000e+00,1.400682966136284880e-06,2.801365932272569761e-06,4.202048898408854217e-06,5.602731864545138674e-06,7.003414830681423131e-06,8.404097796817708435e-06,9.804780762953993738e-06
0.000000000000000000e+00,1.430182482041965046e-06,2.860364964083930092e-06,4.290547446125894714e-06,5.720729928167859336e-06,7.150912410209823959e-06,8.581094892251789428e-06,1.001127737429375490e-05
0.000000000000000000e+00,1.419697647758849805e-06,2.839395295517699609e-06,4.259092943276549414e-06,5.678790591035399218e-06,7.098488238794249023e-06,8.518185886553098827e-06,9.937883534311949479e-06
0.000000000000000000e+00,1.502115068343444341e-06,3.004230136686888682e-06,4.506345205030333023e-06,6.008460273373777364e-06,7.510575341717221705e-06,9.012690410060666046e-06,1.051480547840411039e-05
0.000000000000000000e+00,1.412266412161889954e-06,2.824532824323779907e-06,4.236799236485670072e-06,5.649065648647560661e-06,7.061332060809451250e-06,8.473598472971341839e-06,9.885864885133232427e-06
0.000000000000000000e+00,1.443889079522094739e-06,2.887778159044189478e-06,4.331667238566284216e-06,5.775556318088378955e-06,7.219445397610473694e-06,8.663334477132568433e-06,1.010722355665466402e-05
0.000000000000000000e+00,1.571981119080693819e-06,3.143962238161387638e-06,4.715943357242081669e-06,6.287924476322776123e-06,7.859905595403469730e-06,9.431886714484163337e-06,1.100386783356485694e-05
0.000000000000000000e+00,1.400682966137142713e-06,2.801365932274285426e-06,4.202048898411428350e-06,5.602731864548571699e-06,7.003414830685715047e-06,8.404097796822858395e-06,9.804780762960000896e-06
0.000000000000000000e+00,1.430182482042841725e-06,2.860364964085683450e-06,4.290547446128525598e-06,5.720729928171367747e-06,7.150912410214209895e-06,8.581094892257051197e-06,1.001127737429989250e-05
0.000000000000000000e+00,1.471022601542786877e-06,2.942045203085573753e-06,4.413067804628360207e-06,5.884090406171146660e-06,7.355113007713933113e-06,8.826135609256720413e-06,1.029715821079950771e-05
0.000000000000000000e+00,1.436681152078893675e-06,2.873362304157787351e-06,4.310043456236680815e-06,5.746724608315573855e-06,7.183405760394466895e-06,8.620086912473359935e-06,1.005676806455225298e-05
0.000000000000000000e+00,1.524043942059845511e-06,3.048087884119691022e-06,4.572131826179536110e-06,6.096175768239381198e-06,7.620219710299226286e-06,9.144263652359072220e-06,1.066830759441891816e-05
0.000000000000000000e+00,1.553034603648103076e-06,3.106069207296206153e-06,4.659103810944309652e-06,6.212138414592413152e-06,7.765173018240516652e-06,9.318207621888619305e-06,1.087124222553672196e-05
0.000000000000000000e+00,1.533091685343795423e-06,3.066183370687590847e-06,4.599275056031386270e-06,6.132366741375181693e-06,7.665458426718977964e-06,9.198550112062774234e-06,1.073164179740657050e-05
0.000000000000000000e+00,1.627477403624070968e-06,3.254954807248141935e-06,4.882432210872213326e-06,6.509909614496284717e-06,8.137387018120356108e-06,9.764864421744426652e-06,1.139234182536849720e-05
0.000000000000000000e+00,1.522711927222330488e-06,3.045423854444660977e-06,4.568135781666991465e-06,6.090847708889321954e-06,7.613559636111652442e-06,9.136271563333982931e-06,1.065898349055631342e-05
0.000000000000000000e+00,1.607018953002568058e-06,3.214037906005136117e-06,4.821056859007704387e-06,6.428075812010273081e-06,8.035094765012841775e-06,9.642113718015410468e-06,1.124913267101797916e-05
0.000000000000000000e+00,1.602497240981756347e-06,3.204994481963512693e-06,4.807491722945268828e-06,6.409988963927024539e-06,8.012486204908779403e-06,9.614983445890534268e-06,1.121748068687228913e-05
0.000000000000000000e+00,1.533091685345472125e-06,3.066183370690944250e-06,4.599275056036416799e-06,6.132366741381889347e-06,7.665458426727361896e-06,9.198550112072833597e-06,1.073164179741830530e-05
0.000000000000000000e+00,1.627477403625796797e-06,3.254954807251593594e-06,4.882432210877390392e-06,6.509909614503187189e-06,8.137387018128983986e-06,9.764864421754780783e-06,1.139234182538057758e-05
0.000000000000000000e+00,1.522711927224023707e-06,3.045423854448047415e-06,4.568135781672071122e-06,6.090847708896094829e-06,7.613559636120118537e-06,9.136271563344142244e-06,1.065898349056816510e-05
0.000000000000000000e+00,1.607018953004310617e-06,3.214037906008621234e-06,4.821056859012932274e-06,6.428075812017243315e-06,8.035094765021554356e-06,9.642113718025864549e-06,1.124913267103017474e-05
0.000000000000000000e+00,1.602497240983464177e-06,3.204994481966928353e-06,4.807491722950392530e-06,6.409988963933856707e-06,8.012486204917320884e-06,9.614983445900785060e-06,1.121748068688424924e-05
0.000000000000000000e+00,1.551431766242236299e-06,3.102863532484472598e-06,4.654295298726708685e-06,6.205727064968944348e-06,7.757158831211180859e-06,9.308590597453417369e-06,1.086002236369565388e-05
0.000000000000000000e+00,1.659116870423668435e-06,3.318233740847336869e-06,4.977350611271005304e-06,6.636467481694673738e-06,8.295584352118342173e-06,9.954701222542010607e-06,1.161381809296567904e-05
0.000000000000000000e+00,1.542475445625625760e-06,3.084950891251251521e-06,4.627426336876877070e-06,6.169901782502502195e-06,7.712377228128127320e-06,9.254852673753752445e-06,1.079732811937937757e-05
0.000000000000000000e+00,1.645051894453960656e-06,3.290103788907921312e-06,4.935155683361882180e-06,6.580207577815843471e-06,8.225259472269804762e-06,9.870311366723766053e-06,1.151536326117772734e-05
0.000000000000000000e+00,1.630596142401860472e-06,3.261192284803720945e-06,4.891788427205581629e-06,6.522384569607442737e-06,8.152980712009303844e-06,9.783576854411164952e-06,1.141417299681302606e-05
0.000000000000000000e+00,1.551431766243839732e-06,3.102863532487679464e-06,4.654295298731518985e-06,6.205727064975358082e-06,7.757158831219197178e-06,9.308590597463036275e-06,1.086002236370687537e-05
0.000000000000000000e+00,1.659116870425360595e-06,3.318233740850721189e-06,4.977350611276081572e-06,6.636467481701441531e-06,8.295584352126800644e-06,9.954701222552159756e-06,1.161381809297751887e-05
0.000000000000000000e+00,1.542475445627268369e-06,3.084950891254536738e-06,4.627426336881805107e-06,6.169901782509073476e-06,7.712377228136341846e-06,9.254852673763610215e-06,1.079732811939087858e-05
0.000000000000000000e+00,1.645051894455669333e-06,3.290103788911338666e-06,4.935155683367008423e-06,6.580207577822678180e-06,8.225259472278347936e-06,9.870311366734016846e-06,1.151536326118968576e-05
0.000000000000000000e+00,1.630596142403518116e-06,3.261192284807036232e-06,4.891788427210554559e-06,6.522384569614073311e-06,8.152980712017592909e-06,9.783576854421112507e-06,1.141417299682463211e-05
0.000000000000000000e+00,1.584500961365062332e-06,3.169001922730124664e-06,4.753502884095187208e-06,6.338003845460250175e-06,7.922504806825313143e-06,9.507005768190376110e-06,1.109150672955543908e-05
0.000000000000000000e+00,1.698368791476818446e-06,3.396737582953636892e-06,5.095106374430455550e-06,6.793475165907274631e-06,8.491843957384094559e-06,1.019021274886091449e-05,1.188858154033773442e-05
0.000000000000000000e+00,1.565828674073234621e-06,3.131657348146469242e-06,4.697486022219704075e-06,6.263314696292939332e-06,7.829143370366174588e-06,9.394972044439409844e-06,1.096080071851264510e-05
0.000000000000000000e+00,1.677423880087490285e-06,3.354847760174980571e-06,5.032271640262470644e-06,6.709695520349960295e-06,8.387119400437449945e-06,1.006454328052493959e-05,1.174196716061242925e-05
0.000000000000000000e+00,1.667833163072606035e-06,3.335666326145212070e-06,5.003499489217818529e-06,6.671332652290424987e-06,8.339165815363031446e-06,1.000699897843563706e-05,1.167483214150824267e-05
0.000000000000000000e+00,1.584500961366594615e-06,3.169001922733189229e-06,4.753502884099784056e-06,6.338003845466379306e-06,7.922504806832975403e-06,9.507005768199571500e-06,1.109150672956616760e-05
0.000000000000000000e+00,1.698368791478484560e-06,3.396737582956969120e-06,5.095106374435453891e-06,6.793475165913939086e-06,8.491843957392424281e-06,1.019021274887090948e-05,1.188858154034939467e-05
0.000000000000000000e+00,1.565828674074800362e-06,3.131657348149600723e-06,4.697486022224400873e-06,6.263314696299200599e-06,7.829143370373999478e-06,9.394972044448798358e-06,1.096080071852359724e-05
0.000000000000000000e+00,1.677423880089169740e-06,3.354847760178339480e-06,5.032271640267508796e-06,6.709695520356678113e-06,8.387119400445847429e-06,1.006454328053501759e-05,1.174196716062418776e-05
0.000000000000000000e+00,1.667833163074165635e-06,3.335666326148331269e-06,5.003499489222496692e-06,6.671332652296661691e-06,8.339165815370825843e-06,1.000699897844499000e-05,1.167483214151915415e-05
0.000000000000000000e+00,1.647904916892974715e-06,3.295809833785949430e-06,4.943714750678924146e-06,6.591619667571898861e-06,8.239524584464873576e-06,9.887429501357848291e-06,1.153533441825082301e-05
0.000000000000000000e+00,1.765734384363334879e-06,3.531468768726669759e-06,5.297203153090004638e-06,7.062937537453339517e-06,8.828671921816674397e-06,1.059440630618000928e-05,1.236014069054334416e-05
0.000000000000000000e+00,1.613177474136582467e-06,3.226354948273164933e-06,4.839532422409747188e-06,6.452709896546329020e-06,8.065887370682910004e-06,9.679064844819490989e-06,1.129224231895607197e-05
0.000000000000000000e+00,1.729100568968711812e-06,3.458201137937423623e-06,5.187301706906135012e-06,6.916402275874846400e-06,8.645502844843557788e-06,1.037460341381227002e-05,1.210370398278098226e-05
0.000000000000000000e+00,1.733861614299614950e-06,3.467723228599229900e-06,5.201584842898844427e-06,6.935446457198458953e-06,8.669308071498073480e-06,1.040316968579768885e-05,1.213703130009730423e-05
0.000000000000000000e+00,1.647904916894383543e-06,3.295809833788767086e-06,4.943714750683150840e-06,6.591619667577535018e-06,8.239524584471919196e-06,9.887429501366303374e-06,1.153533441826068755e-05
0.000000000000000000e+00,1.765734384364780976e-06,3.531468768729561953e-06,5.297203153094343141e-06,7.062937537459124752e-06,8.828671921823906364e-06,1.059440630618868798e-05,1.236014069055346959e-05
0.000000000000000000e+00,1.613177474138044657e-06,3.226354948276089315e-06,4.839532422414133972e-06,6.452709896552178629e-06,8.065887370690223287e-06,9.679064844828267944e-06,1.129224231896631260e-05
0.000000000000000000e+00,1.729100568970259129e-06,3.458201137940518258e-06,5.187301706910777599e-06,6.916402275881037364e-06,8.645502844851297975e-06,1.037460341382155859e-05,1.210370398279181920e-05
0.000000000000000000e+00,1.733861614301041142e-06,3.467723228602082284e-06,5.201584842903123637e-06,6.935446457204165414e-06,8.669308071505207191e-06,1.040316968580624897e-05,1.213703130010729075e-05
0.000000000000000000e+00,1.750275602712602685e-06,3.500551205425205370e-06,5.250826808137807632e-06,7.001102410850409894e-06,8.751378013563012155e-06,1.050165361627561526e-05,1.225192921898821837e-05
0.000000000000000000e+00,1.875802548803020090e-06,3.751605097606040179e-06,5.627407646409060692e-06,7.503210195212081206e-06,9.379012744015101719e-06,1.125481529281812138e-05,1.313061784162114105e-05
0.000000000000000000e+00,1.696214958065401113e-06,3.392429916130802226e-06,5.088644874196203127e-06,6.784859832261603605e-06,8.481074790327003236e-06,1.017728974839240287e-05,1.187350470645780250e-05
0.000000000000000000e+00,1.817112383365067665e-06,3.634224766730135331e-06,5.451337150095203208e-06,7.268449533460271509e-06,9.085561916825339810e-06,1.090267430019040811e-05,1.271978668355547641e-05
0.000000000000000000e+00,1.841791158847182868e-06,3.683582317694365735e-06,5.525373476541548391e-06,7.367164635388730623e-06,9.208955794235912856e-06,1.105074695308309509e-05,1.289253811193027732e-05
0.000000000000000000e+00,1.750275602713870905e-06,3.500551205427741811e-06,5.250826808141612504e-06,7.001102410855482774e-06,8.751378013569353044e-06,1.050165361628322331e-05,1.225192921899709358e-05
0.000000000000000000e+00,1.875802548804352261e-06,3.751605097608704521e-06,5.627407646413056994e-06,7.503210195217409890e-06,9.379012744021762786e-06,1.125481529282611568e-05,1.313061784163046858e-05
0.000000000000000000e+00,1.696214958066737731e-06,3.392429916133475462e-06,5.088644874200212981e-06,6.784859832266950077e-06,8.481074790333688020e-06,1.017728974840042596e-05,1.187350470646716391e-05
0.000000000000000000e+00,1.817112383366446212e-06,3.634224766732892423e-06,5.451337150099338423e-06,7.268449533465783999e-06,9.085561916832229576e-06,1.090267430019867515e-05,1.271978668356512073e-05
0.000000000000000000e+00,1.841791158848522027e-06,3.683582317697044053e-06,5.525373476545565868e-06,7.367164635394087260e-06,9.208955794242607804e-06,1.105074695309112835e-05,1.289253811193964889e-05
0.000000000000000000e+00,1.892867096990364881e-06,3.785734193980729761e-06,5.678601290971094853e-06,7.571468387961460369e-06,9.464335484951826732e-06,1.135720258194219310e-05,1.325006967893255946e-05
0.000000000000000000e+00,2.038603202838993571e-06,4.077206405677987142e-06,6.115809608516980713e-06,8.154412811355974284e-06,1.019301601419496701e-05,1.223161921703395973e-05,1.427022241987295246e-05
0.000000000000000000e+00,1.820109980730115869e-06,3.640219961460231738e-06,5.460329942190347395e-06,7.280439922920462628e-06,9.100549903650577015e-06,1.092065988438069140e-05,1.274076986511080579e-05
0.000000000000000000e+00,1.953819633363640774e-06,3.907639266727281547e-06,5.861458900090922321e-06,7.815278533454563095e-06,9.769098166818204716e-06,1.172291780018184634e-05,1.367673743354548796e-05
0.000000000000000000e+00,1.998716700637758251e-06,3.997433401275516502e-06,5.996150101913274753e-06,7.994866802551033004e-06,9.993583503188791255e-06,1.199230020382654951e-05,1.399101690446430776e-05
0.000000000000000000e+00,1.892867096991667405e-06,3.785734193983334811e-06,5.678601290975002216e-06,7.571468387966669622e-06,9.464335484958337027e-06,1.135720258195000443e-05,1.325006967894167184e-05
0.000000000000000000e+00,2.038603202840331036e-06,4.077206405680662072e-06,6.115809608520993108e-06,8.154412811361324144e-06,1.019301601420165518e-05,1.223161921704198622e-05,1.427022241988231725e-05
0.000000000000000000e+00,1.820109980731391289e-06,3.640219961462782577e-06,5.460329942194173443e-06,7.280439922925564308e-06,9.100549903656955173e-06,1.092065988438834689e-05,1.274076986511973860e-05
0.000000000000000000e+00,1.953819633364978239e-06,3.907639266729956478e-06,5.861458900094934716e-06,7.815278533459912955e-06,9.769098166824891194e-06,1.172291780018986943e-05,1.367673743355484767e-05
0.000000000000000000e+00,1.998716700639072846e-06,3.997433401278145692e-06,5.996150101917218538e-06,7.994866802556291384e-06,9.993583503195364230e-06,1.199230020383443708e-05,1.399101690447350992e-05
0.000000000000000000e+00,2.063233106334375597e-06,4.126466212668751194e-06,6.189699319003126368e-06,8.252932425337500694e-06,1.031616553167187502e-05,1.237939863800624935e-05,1.444263174434062367e-05
0.000000000000000000e+00,2.246487589296309261e-06,4.492975178592618522e-06,6.739462767888927783e-06,8.985950357185237044e-06,1.123243794648154630e-05,1.347892553577785557e-05,1.572541312507416483e-05
0.000000000000000000e+00,2.062298509873053087e-06,4.124597019746106173e-06,6.186895529619159260e-06,8.249194039492212347e-06,1.031149254936526543e-05,1.237379105923831852e-05,1.443608956911137161e-05
0.000000000000000000e+00,2.244614003471458269e-06,4.489228006942916539e-06,6.733842010414374808e-06,8.978456013885833078e-06,1.122307001735729135e-05,1.346768402082874962e-05,1.571229802430020619e-05
0.000000000000000000e+00,1.979806480320526036e-06,3.959612960641052073e-06,5.939419440961577685e-06,7.919225921282102451e-06,9.899032401602627217e-06,1.187883888192315198e-05,1.385864536224367675e-05
0.000000000000000000e+00,2.143630524281103005e-06,4.287261048562206009e-06,6.430891572843308590e-06,8.574522097124410324e-06,1.071815262140551206e-05,1.286178314568661379e-05,1.500541366996771553e-05
0.000000000000000000e+00,2.197882719259271122e-06,4.395765438518542243e-06,6.593648157777813365e-06,8.791530877037084487e-06,1.098941359629635561e-05,1.318729631555562673e-05,1.538517903481489616e-05
0.000000000000000000e+00,2.062541292951772403e-06,4.125082585903544805e-06,6.187623878855317208e-06,8.250165171807089610e-06,1.031270646475886201e-05,1.237524775771063442e-05,1.443778905066240682e-05
0.000000000000000000e+00,2.245089660453734036e-06,4.490179320907468072e-06,6.735268981361202531e-06,8.980358641814937837e-06,1.122544830226867314e-05,1.347053796272240845e-05,1.571562762317614206e-05
0.000000000000000000e+00,2.196423244433494825e-06,4.392846488866989649e-06,6.589269733300484898e-06,8.785692977733980993e-06,1.098211622216747709e-05,1.317853946660097318e-05,1.537496271103446928e-05
0.000000000000000000e+00,2.063233106335527562e-06,4.126466212671055124e-06,6.189699319006582262e-06,8.252932425342108554e-06,1.031616553167763485e-05,1.237939863801316114e-05,1.444263174434868743e-05
0.000000000000000000e+00,2.246487589297681878e-06,4.492975178595363756e-06,6.739462767893046057e-06,8.985950357190729206e-06,1.123243794648841235e-05,1.347892553578609550e-05,1.572541312508378034e-05
0.000000000000000000e+00,2.062541292952347961e-06,4.125082585904695923e-06,6.187623878857043461e-06,8.250165171809390152e-06,1.031270646476173684e-05,1.237524775771408353e-05,1.443778905066643022e-05
0.000000000000000000e+00,2.245089660454425638e-06,4.490179320908851276e-06,6.735268981363276915e-06,8.980358641817702553e-06,1.122544830227212734e-05,1.347053796272655214e-05,1.571562762318097693e-05
0.000000000000000000e+00,1.979806480321747881e-06,3.959612960643495763e-06,5.939419440965243644e-06,7.919225921286991525e-06,9.899032401608739407e-06,1.187883888193048729e-05,1.385864536225223517e-05
0.000000000000000000e+00,2.143630524282451905e-06,4.287261048564903809e-06,6.430891572847355714e-06,8.574522097129807618e-06,1.071815262141225952e-05,1.286178314569471143e-05,1.500541366997716333e-05
0.000000000000000000e+00,2.197882719260570470e-06,4.395765438521140941e-06,6.593648157781711411e-06,8.791530877042281881e-06,1.098941359630285235e-05,1.318729631556342282e-05,1.538517903482399329e-05
0.000000000000000000e+00,1.306875369575175231e-06,2.613750739150350462e-06,3.920626108725525693e-06,5.227501478300700924e-06,6.534376847875876155e-06,7.841252217451051386e-06,9.148127587026226617e-06
0.000000000000000000e+00,1.319723842526207282e-06,2.639447685052414565e-06,3.959171527578621635e-06,5.278895370104828283e-06,6.598619212631034930e-06,7.918343055157241577e-06,9.238066897683448224e-06
0.000000000000000000e+00,1.312122616547873602e-06,2.624245233095747204e-06,3.936367849643621230e-06,5.248490466191495255e-06,6.560613082739369281e-06,7.872735699287242459e-06,9.184858315835115638e-06
0.000000000000000000e+00,1.318091754373577611e-06,2.636183508747155221e-06,3.954275263120732832e-06,5.272367017494310442e-06,6.590458771867888053e-06,7.908550526241465663e-06,9.226642280615043274e-06
0.000000000000000000e+00,1.374175085353473465e-06,2.748350170706946930e-06,4.122525256060420607e-06,5.496700341413894708e-06,6.870875426767368808e-06,8.245050512120842909e-06,9.619225597474316162e-06
0.000000000000000000e+00,1.417800348194347470e-06,2.835600696388694940e-06,4.253401044583042198e-06,5.671201392777389032e-06,7.089001740971735867e-06,8.506802089166082701e-06,9.924602437360429536e-06
0.000000000000000000e+00,1.313905100349412635e-06,2.627810200698825271e-06,3.941715301048237906e-06,5.255620401397650542e-06,6.569525501747063177e-06,7.883430602096475813e-06,9.197335702445888448e-06
0.000000000000000000e+00,1.362409143772903055e-06,2.724818287545806111e-06,4.087227431318709378e-06,5.449636575091613069e-06,6.812045718864516760e-06,8.174454862637420450e-06,9.536864006410323294e-06
0.000000000000000000e+00,1.306875369576847486e-06,2.613750739153694972e-06,3.920626108730542669e-06,5.227501478307390790e-06,6.534376847884238911e-06,7.841252217461087032e-06,9.148127587037934306e-06
0.000000000000000000e+00,1.319723842527839727e-06,2.639447685055679453e-06,3.959171527583519180e-06,5.278895370111358907e-06,6.598619212639198633e-06,7.918343055167038360e-06,9.238066897694878086e-06
0.000000000000000000e+00,1.313905100350236163e-06,2.627810200700472327e-06,3.941715301050708702e-06,5.255620401400945500e-06,6.569525501751182299e-06,7.883430602101419097e-06,9.197335702451656743e-06
0.000000000000000000e+00,1.318091754375229960e-06,2.636183508750459920e-06,3.954275263125689669e-06,5.272367017500918993e-06,6.590458771876148318e-06,7.908550526251377643e-06,9.226642280626606968e-06
0.000000000000000000e+00,1.374175085355162872e-06,2.748350170710325745e-06,4.122525256065488405e-06,5.496700341420650643e-06,6.870875426775812880e-06,8.245050512130975117e-06,9.619225597486137354e-06
0.000000000000000000e+00,1.417800348196030736e-06,2.835600696392061472e-06,4.253401044588092208e-06,5.671201392784122944e-06,7.089001740980153680e-06,8.506802089176184416e-06,9.924602437372215152e-06
0.000000000000000000e+00,1.284888255152074849e-06,2.569776510304149698e-06,3.854664765456224335e-06,5.139553020608298548e-06,6.424441275760372762e-06,7.709329530912446975e-06,8.994217786064521189e-06
0.000000000000000000e+00,1.294584044511450347e-06,2.589168089022900693e-06,3.883752133534351463e-06,5.178336178045802233e-06,6.472920222557253004e-06,7.767504267068702927e-06,9.062088311580152850e-06
0.000000000000000000e+00,1.422948573220907971e-06,2.845897146441815942e-06,4.268845719662723701e-06,5.691794292883631037e-06,7.114742866104538373e-06,8.537691439325445709e-06,9.960640012546353891e-06
0.000000000000000000e+00,1.284888255153680188e-06,2.569776510307360376e-06,3.854664765461040564e-06,5.139553020614720752e-06,6.424441275768400940e-06,7.709329530922081128e-06,8.994217786075761316e-06
0.000000000000000000e+00,1.294584044513094226e-06,2.589168089026188452e-06,3.883752133539282889e-06,5.178336178052377750e-06,6.472920222565472611e-06,7.767504267078567472e-06,9.062088311591662333e-06
0.000000000000000000e+00,1.422948573222548886e-06,2.845897146445097771e-06,4.268845719667646657e-06,5.691794292890195542e-06,7.114742866112744428e-06,8.537691439335293314e-06,9.960640012557843046e-06
0.000000000000000000e+00,1.281961869966729108e-06,2.563923739933458216e-06,3.845885609900187325e-06,5.127847479866916433e-06,6.409809349833645541e-06,7.691771219800374649e-06,8.973733089767103757e-06
0.000000000000000000e+00,1.280013475597404811e-06,2.560026951194809623e-06,3.840040426792214222e-06,5.120053902389618399e-06,6.400067377987022575e-06,7.680080853584426751e-06,8.960094329181830927e-06
0.000000000000000000e+00,1.429454411764482749e-06,2.858908823528965498e-06,4.288363235293448671e-06,5.717817647057931844e-06,7.147272058822415016e-06,8.576726470586897342e-06,1.000618088235137967e-05
0.000000000000000000e+00,1.281961869968249744e-06,2.563923739936499488e-06,3.845885609904749444e-06,5.127847479872999823e-06,6.409809349841250203e-06,7.691771219809500582e-06,8.973733089777750961e-06
0.000000000000000000e+00,1.280013475598960599e-06,2.560026951197921198e-06,3.840040426796881374e-06,5.120053902395841550e-06,6.400067377994801725e-06,7.680080853593762748e-06,8.960094329192723771e-06
0.000000000000000000e+00,1.429454411766050395e-06,2.858908823532100791e-06,4.288363235298151398e-06,5.717817647064202429e-06,7.147272058830253459e-06,8.576726470596304490e-06,1.000618088236235552e-05
0.000000000000000000e+00,1.309679415796014360e-06,2.619358831592028721e-06,3.929038247388043081e-06,5.238717663184057441e-06,6.548397078980071802e-06,7.858076494776086162e-06,9.167755910572101370e-06
0.000000000000000000e+00,1.292305195335184698e-06,2.584610390670369396e-06,3.876915586005554517e-06,5.169220781340739638e-06,6.461525976675924760e-06,7.753831172011109034e-06,9.046136367346293308e-06
0.000000000000000000e+00,1.458227304786802568e-06,2.916454609573605136e-06,4.374681914360407493e-06,5.832909219147209426e-06,7.291136523934011359e-06,8.749363828720813291e-06,1.020759113350761438e-05
0.000000000000000000e+00,1.309679415797425517e-06,2.619358831594851035e-06,3.929038247392276552e-06,5.238717663189702069e-06,6.548397078987127586e-06,7.858076494784553104e-06,9.167755910581977774e-06
0.000000000000000000e+00,1.292305195336646677e-06,2.584610390673293353e-06,3.876915586009940454e-06,5.169220781346587554e-06,6.461525976683234654e-06,7.753831172019880907e-06,9.046136367356527160e-06
0.000000000000000000e+00,1.458227304788276617e-06,2.916454609576553235e-06,4.374681914364829852e-06,5.832909219153106469e-06,7.291136523941383086e-06,8.749363828729659704e-06,1.020759113351793632e-05
0.000000000000000000e+00,1.369818504316624932e-06,2.739637008633249864e-06,4.109455512949875219e-06,5.479274017266500575e-06,6.849092521583125930e-06,8.218911025899750439e-06,9.588729530216374947e-06
0.000000000000000000e+00,1.337148245701680895e-06,2.674296491403361789e-06,4.011444737105042472e-06,5.348592982806722732e-06,6.685741228508402991e-06,8.022889474210083251e-06,9.360037719911763510e-06
0.000000000000000000e+00,1.519094232417664143e-06,3.038188464835328285e-06,4.557282697252992428e-06,6.076376929670656570e-06,7.595471162088320713e-06,9.114565394505984855e-06,1.063365962692364900e-05
0.000000000000000000e+00,1.369818504317896328e-06,2.739637008635792657e-06,4.109455512953688562e-06,5.479274017271584467e-06,6.849092521589480372e-06,8.218911025907377123e-06,9.588729530225273875e-06
0.000000000000000000e+00,1.337148245703016242e-06,2.674296491406032484e-06,4.011444737109048938e-06,5.348592982812065816e-06,6.685741228515082693e-06,8.022889474218099570e-06,9.360037719921116448e-06
0.000000000000000000e+00,1.519094232419000337e-06,3.038188464838000674e-06,4.557282697257000588e-06,6.076376929676000501e-06,7.595471162095000415e-06,9.114565394514001175e-06,1.063365962693300194e-05
0.000000000000000000e+00,1.457754657737448476e-06,2.915509315474896952e-06,4.373263973212345004e-06,5.831018630949793057e-06,7.288773288687241109e-06,8.746527946424690009e-06,1.020428260416213891e-05
0.000000000000000000e+00,1.412879174883532131e-06,2.825758349767064262e-06,4.238637524650596392e-06,5.651516699534128523e-06,7.064395874417660654e-06,8.477275049301192785e-06,9.890154224184724915e-06
0.000000000000000000e+00,1.614245010630239255e-06,3.228490021260478510e-06,4.842735031890717765e-06,6.456980042520957019e-06,8.071225053151195427e-06,9.685470063781433835e-06,1.129971507441167224e-05
0.000000000000000000e+00,1.457754657738584771e-06,2.915509315477169541e-06,4.373263973215754312e-06,5.831018630954339083e-06,7.288773288692923853e-06,8.746527946431508624e-06,1.020428260417009255e-05
0.000000000000000000e+00,1.412879174884727718e-06,2.825758349769455436e-06,4.238637524654182730e-06,5.651516699538910024e-06,7.064395874423637318e-06,8.477275049308365460e-06,9.890154224193093601e-06
0.000000000000000000e+00,1.614245010631454535e-06,3.228490021262909071e-06,4.842735031894363394e-06,6.456980042525817294e-06,8.071225053157270348e-06,9.685470063788723401e-06,1.129971507442017645e-05
0.000000000000000000e+00,1.562124846534105695e-06,3.124249693068211390e-06,4.686374539602317297e-06,6.248499386136423627e-06,7.810624232670529957e-06,9.372749079204636288e-06,1.093487392573874262e-05
0.000000000000000000e+00,1.511287388948818597e-06,3.022574777897637194e-06,4.533862166846456214e-06,6.045149555795275235e-06,7.556436944744094255e-06,9.067724333692912429e-06,1.057901172264173060e-05
0.000000000000000000e+00,1.737870353327097913e-06,3.475740706654195825e-06,5.213611059981293526e-06,6.951481413308390804e-06,8.689351766635488081e-06,1.042722211996258536e-05,1.216509247328968264e-05
0.000000000000000000e+00,1.562124846535169357e-06,3.124249693070338713e-06,4.686374539605508070e-06,6.248499386140677427e-06,7.810624232675845936e-06,9.372749079211014446e-06,1.093487392574618296e-05
0.000000000000000000e+00,1.511287388949916140e-06,3.022574777899832280e-06,4.533862166849748631e-06,6.045149555799665407e-06,7.556436944749582182e-06,9.067724333699498957e-06,1.057901172264941658e-05
0.000000000000000000e+00,1.737870353328254536e-06,3.475740706656509072e-06,5.213611059984763820e-06,6.951481413313018992e-06,8.689351766641275010e-06,1.042722211996953103e-05,1.216509247329778705e-05
0.000000000000000000e+00,1.676342024178788880e-06,3.352684048357577760e-06,5.029026072536366852e-06,6.705368096715156367e-06,8.381710120893945035e-06,1.005805214507273370e-05,1.173439416925152237e-05
0.000000000000000000e+00,1.676693803815679009e-06,3.353387607631358018e-06,5.030081411447036816e-06,6.706775215262715189e-06,8.383469019078394410e-06,1.006016282289407363e-05,1.173685662670975285e-05
0.000000000000000000e+00,1.619548118772818854e-06,3.239096237545637709e-06,4.858644356318456351e-06,6.478192475091274570e-06,8.097740593864092789e-06,9.717288712636911008e-06,1.133683683140972923e-05
0.000000000000000000e+00,1.878013288141902777e-06,3.756026576283805554e-06,5.634039864425708119e-06,7.512053152567610260e-06,9.390066440709511554e-06,1.126807972885141285e-05,1.314609301699331414e-05
0.000000000000000000e+00,1.676594013120763557e-06,3.353188026241527115e-06,5.029782039362290672e-06,6.706376052483054229e-06,8.382970065603818633e-06,1.005956407872458304e-05,1.173615809184534744e-05
0.000000000000000000e+00,1.877742847714927501e-06,3.755485695429855001e-06,5.633228543144782078e-06,7.510971390859709155e-06,9.388714238574636232e-06,1.126645708628956416e-05,1.314419993400449208e-05
0.000000000000000000e+00,1.676342024179701134e-06,3.352684048359402269e-06,5.029026072539103615e-06,6.705368096718805385e-06,8.381710120898507155e-06,1.005805214507820892e-05,1.173439416925791069e-05
0.000000000000000000e+00,1.676594013121218626e-06,3.353188026242437251e-06,5.029782039363656089e-06,6.706376052484875350e-06,8.382970065606095458e-06,1.005956407872731557e-05,1.173615809184853567e-05
0.000000000000000000e+00,1.619548118773811153e-06,3.239096237547622307e-06,4.858644356321433672e-06,6.478192475095245461e-06,8.097740593869058096e-06,9.717288712642870732e-06,1.133683683141668337e-05
0.000000000000000000e+00,1.878013288142950980e-06,3.756026576285901960e-06,5.634039864428853152e-06,7.512053152571804767e-06,9.390066440714756383e-06,1.126807972885770800e-05,1.314609301700065961e-05
0.000000000000000000e+00,1.029358240088154288e-06,2.058716480176308575e-06,3.088074720264463075e-06,4.117432960352617998e-06,5.146791200440772921e-06,6.176149440528927844e-06,7.205507680617082767e-06
0.000000000000000000e+00,1.172902308806922055e-06,2.345804617613844110e-06,3.518706926420765953e-06,4.691609235227687372e-06,5.864511544034608792e-06,7.037413852841530211e-06,8.210316161648450783e-06
0.000000000000000000e+00,1.175098759390054892e-06,2.350197518780109785e-06,3.525296278170164889e-06,4.700395037560220417e-06,5.875493796950275945e-06,7.050592556340331472e-06,8.225691315730386153e-06
0.000000000000000000e+00,1.087406045742099932e-06,2.174812091484199865e-06,3.262218137226300009e-06,4.349624182968400577e-06,5.437030228710501144e-06,6.524436274452601712e-06,7.611842320194702280e-06
0.000000000000000000e+00,1.253724858407708429e-06,2.507449716815416859e-06,3.761174575223125288e-06,5.014899433630833718e-06,6.268624292038542571e-06,7.522349150446251424e-06,8.776074008853960277e-06
0.000000000000000000e+00,1.175605512701114054e-06,2.351211025402228108e-06,3.526816538103342162e-06,4.702422050804456216e-06,5.878027563505570694e-06,7.053633076206685171e-06,8.229238588907799649e-06
0.000000000000000000e+00,1.174826441730573169e-06,2.349652883461146338e-06,3.524479325191719295e-06,4.699305766922291829e-06,5.874132208652864363e-06,7.048958650383436897e-06,8.223785092114009430e-06
0.000000000000000000e+00,1.250956491045911094e-06,2.501912982091822189e-06,3.752869473137733283e-06,5.003825964183644377e-06,6.254782455229555472e-06,7.505738946275466566e-06,8.756695437321377660e-06
0.000000000000000000e+00,1.029358240089810237e-06,2.058716480179620474e-06,3.088074720269430923e-06,4.117432960359241795e-06,5.146791200449052668e-06,6.176149440538863540e-06,7.205507680628674412e-06
0.000000000000000000e+00,1.172902308808610827e-06,2.345804617617221653e-06,3.518706926425832480e-06,4.691609235234443307e-06,5.864511544043054557e-06,7.037413852851665807e-06,8.210316161660277057e-06
0.000000000000000000e+00,1.174826441731407496e-06,2.349652883462814993e-06,3.524479325194222278e-06,4.699305766925629139e-06,5.874132208657036000e-06,7.048958650388442861e-06,8.223785092119850569e-06
0.000000000000000000e+00,1.087406045743784681e-06,2.174812091487569362e-06,3.262218137231354255e-06,4.349624182975139571e-06,5.437030228718924887e-06,6.524436274462710203e-06,7.611842320206495519e-06
0.000000000000000000e+00,1.253724858409381531e-06,2.507449716818763063e-06,3.761174575228144382e-06,5.014899433637525278e-06,6.268624292046906174e-06,7.522349150456287070e-06,8.776074008865667966e-06
0.000000000000000000e+00,1.175605512702772968e-06,2.351211025405545936e-06,3.526816538108318904e-06,4.702422050811091872e-06,5.878027563513864840e-06,7.053633076216637808e-06,8.229238588919410776e-06
0.000000000000000000e+00,9.670157993115277533e-07,1.934031598623055507e-06,2.901047397934583260e-06,3.868063197246111013e-06,4.835078996557639190e-06,5.802094795869167367e-06,6.769110595180695544e-06
0.000000000000000000e+00,9.885150331868227996e-07,1.977030066373645599e-06,2.965545099560468187e-06,3.954060132747290351e-06,4.942575165934112515e-06,5.931090199120934680e-06,6.919605232307756844e-06
0.000000000000000000e+00,1.128343527719658343e-06,2.256687055439316686e-06,3.385030583158974817e-06,4.513374110878632525e-06,5.641717638598290233e-06,6.770061166317947941e-06,7.898404694037605648e-06
0.000000000000000000e+00,9.670157993130831176e-07,1.934031598626166235e-06,2.901047397939249141e-06,3.868063197252331623e-06,4.835078996565414106e-06,5.802094795878496588e-06,6.769110595191579070e-06
0.000000000000000000e+00,9.885150331884334327e-07,1.977030066376866865e-06,2.965545099565300510e-06,3.954060132753734578e-06,4.942575165942168646e-06,5.931090199130602714e-06,6.919605232319036782e-06
0.000000000000000000e+00,1.128343527721249071e-06,2.256687055442498142e-06,3.385030583163747001e-06,4.513374110884995437e-06,5.641717638606243872e-06,6.770061166327492308e-06,7.898404694048740744e-06
0.000000000000000000e+00,9.631752214132446654e-07,1.926350442826489331e-06,2.889525664239733996e-06,3.852700885652978662e-06,4.815876107066223327e-06,5.779051328479467992e-06,6.742226549892712658e-06
0.000000000000000000e+00,9.588452496952973287e-07,1.917690499390594657e-06,2.876535749085891986e-06,3.835380998781189315e-06,4.794226248476486643e-06,5.753071498171783972e-06,6.711916747867081301e-06
0.000000000000000000e+00,1.121246232375609509e-06,2.242492464751219018e-06,3.363738697126828528e-06,4.484984929502438037e-06,5.606231161878047546e-06,6.727477394253657055e-06,7.848723626629266565e-06
0.000000000000000000e+00,9.631752214146534929e-07,1.926350442829306986e-06,2.889525664243960691e-06,3.852700885658614819e-06,4.815876107073268947e-06,5.779051328487923075e-06,6.742226549902577203e-06
0.000000000000000000e+00,9.588452496967760364e-07,1.917690499393552073e-06,2.876535749090327898e-06,3.835380998787103299e-06,4.794226248483878700e-06,5.753071498180654101e-06,6.711916747877429502e-06
0.000000000000000000e+00,1.121246232377081441e-06,2.242492464754162881e-06,3.363738697131244110e-06,4.484984929508324916e-06,5.606231161885405721e-06,6.727477394262486527e-06,7.848723626639566485e-06
0.000000000000000000e+00,1.001149056133077669e-06,2.002298112266155338e-06,3.003447168399232795e-06,4.004596224532309829e-06,5.005745280665386862e-06,6.006894336798463896e-06,7.008043392931540929e-06
0.000000000000000000e+00,9.787399573619825384e-07,1.957479914723965077e-06,2.936219872085947615e-06,3.914959829447930154e-06,4.893699786809912692e-06,5.872439744171895231e-06,6.851179701533877769e-06
0.000000000000000000e+00,1.152027543982073300e-06,2.304055087964146600e-06,3.456082631946219688e-06,4.608110175928292353e-06,5.760137719910365017e-06,6.912165263892437682e-06,8.064192807874510346e-06
0.000000000000000000e+00,1.001149056134341230e-06,2.002298112268682461e-06,3.003447168403023691e-06,4.004596224537364921e-06,5.005745280671705728e-06,6.006894336806046535e-06,7.008043392940387342e-06
0.000000000000000000e+00,9.787399573633161918e-07,1.957479914726632384e-06,2.936219872089948575e-06,3.914959829453264767e-06,4.893699786816581383e-06,5.872439744179897998e-06,6.851179701543214613e-06
0.000000000000000000e+00,1.152027543983424529e-06,2.304055087966849058e-06,3.456082631950273588e-06,4.608110175933698117e-06,5.760137719917122646e-06,6.912165263900547175e-06,8.064192807883971704e-06
0.000000000000000000e+00,1.065967547381488768e-06,2.131935094762977536e-06,3.197902642144466092e-06,4.263870189525954224e-06,5.329837736907442357e-06,6.395805284288930489e-06,7.461772831670418622e-06
0.000000000000000000e+00,1.032619281574707438e-06,2.065238563149414876e-06,3.097857844724122102e-06,4.130477126298828905e-06,5.163096407873535708e-06,6.195715689448242510e-06,7.228334971022949313e-06
0.000000000000000000e+00,1.213875906872266045e-06,2.427751813744532091e-06,3.641627720616798136e-06,4.855503627489064181e-06,6.069379534361330226e-06,7.283255441233596272e-06,8.497131348105862317e-06
0.000000000000000000e+00,1.065967547382590546e-06,2.131935094765181092e-06,3.197902642147771638e-06,4.263870189530362184e-06,5.329837736912952306e-06,6.395805284295542429e-06,7.461772831678132551e-06
0.000000000000000000e+00,1.032619281575884179e-06,2.065238563151768357e-06,3.097857844727652536e-06,4.130477126303536714e-06,5.163096407879420893e-06,6.195715689455305071e-06,7.228334971031189250e-06
0.000000000000000000e+00,1.213875906873474761e-06,2.427751813746949523e-06,3.641627720620424284e-06,4.855503627493899045e-06,6.069379534367373806e-06,7.283255441240848568e-06,8.497131348114324176e-06
0.000000000000000000e+00,1.142514748920780290e-06,2.285029497841560581e-06,3.427544246762341083e-06,4.570058995683122009e-06,5.712573744603902935e-06,6.855088493524683860e-06,7.997603242445465633e-06
0.000000000000000000e+00,1.105480591094905009e-06,2.210961182189810018e-06,3.316441773284714815e-06,4.421922364379619189e-06,5.527402955474523562e-06,6.632883546569427936e-06,7.738364137664333157e-06
0.000000000000000000e+00,1.295947579877217668e-06,2.591895159754435336e-06,3.887842739631653215e-06,5.183790319508871518e-06,6.479737899386089821e-06,7.775685479263308125e-06,9.071633059140526428e-06
0.000000000000000000e+00,1.142514748921774284e-06,2.285029497843548567e-06,3.427544246765322639e-06,4.570058995687096288e-06,5.712573744608869936e-06,6.855088493530643584e-06,7.997603242452418080e-06
0.000000000000000000e+00,1.105480591095948977e-06,2.210961182191897954e-06,3.316441773287847143e-06,4.421922364383796755e-06,5.527402955479746367e-06,6.632883546575695980e-06,7.738364137671644745e-06
0.000000000000000000e+00,1.295947579878291282e-06,2.591895159756582564e-06,3.887842739634873635e-06,5.183790319513164281e-06,6.479737899391454928e-06,7.775685479269745575e-06,9.071633059148036222e-06
0.000000000000000000e+00,1.219742154511816661e-06,2.439484309023633322e-06,3.659226463535449772e-06,4.878968618047265797e-06,6.098710772559081823e-06,7.318452927070897849e-06,8.538195081582713875e-06
0.000000000000000000e+00,1.182816768239193821e-06,2.365633536478387642e-06,3.548450304717581463e-06,4.731267072956775284e-06,5.914083841195968681e-06,7.096900609435162079e-06,8.279717377674355476e-06
0.000000000000000000e+00,1.385184455572768689e-06,2.770368911145537378e-06,4.155553366718306067e-06,5.540737822291074755e-06,6.925922277863843444e-06,8.311106733436612133e-06,9.696291189009380822e-06
0.000000000000000000e+00,1.219742154512650989e-06,2.439484309025301977e-06,3.659226463537952754e-06,4.878968618050603107e-06,6.098710772563253461e-06,7.318452927075903814e-06,8.538195081588553320e-06
0.000000000000000000e+00,1.182816768240114758e-06,2.365633536480229515e-06,3.548450304720344061e-06,4.731267072960458183e-06,5.914083841200572305e-06,7.096900609440686428e-06,8.279717377680801397e-06
0.000000000000000000e+00,1.385184455573728165e-06,2.770368911147456331e-06,4.155553366721184284e-06,5.540737822294911815e-06,6.925922277868639345e-06,8.311106733442366875e-06,9.696291189016094405e-06
0.000000000000000000e+00,1.308153235207071292e-06,2.616306470414142585e-06,3.924459705621214089e-06,5.232612940828286016e-06,6.540766176035357944e-06,7.848919411242429871e-06,9.157072646449501799e-06
0.000000000000000000e+00,1.308500007372332784e-06,2.617000014744665567e-06,3.925500022116998351e-06,5.234000029489331134e-06,6.542500036861663918e-06,7.851000044233996702e-06,9.159500051606328638e-06
0.000000000000000000e+00,1.262579234086575073e-06,2.525158468173150147e-06,3.787737702259725220e-06,5.050316936346300293e-06,6.312896170432875790e-06,7.575475404519451287e-06,8.838054638606026783e-06
0.000000000000000000e+00,1.483365839278159394e-06,2.966731678556318788e-06,4.450097517834478394e-06,5.933463357112638424e-06,7.416829196390798453e-06,8.900195035668958483e-06,1.038356087494711851e-05
0.000000000000000000e+00,1.308453795966295235e-06,2.616907591932590470e-06,3.925361387898885281e-06,5.233815183865180093e-06,6.542268979831474904e-06,7.850722775797770562e-06,9.159176571764066221e-06
0.000000000000000000e+00,1.483760828143859737e-06,2.967521656287719475e-06,4.451282484431579000e-06,5.935043312575438102e-06,7.418804140719297204e-06,8.902564968863156306e-06,1.038632579700701626e-05
0.000000000000000000e+00,1.308153235207805458e-06,2.616306470415610916e-06,3.924459705623416374e-06,5.232612940831221832e-06,6.540766176039027291e-06,7.848919411246832749e-06,9.157072646454638207e-06
0.000000000000000000e+00,1.308453795966664541e-06,2.616907591933329083e-06,3.925361387899993200e-06,5.233815183866657318e-06,6.542268979833321436e-06,7.850722775799986401e-06,9.159176571766651365e-06
0.000000000000000000e+00,1.262579234087351379e-06,2.525158468174702758e-06,3.787737702262054137e-06,5.050316936349405516e-06,6.312896170436756895e-06,7.575475404524108274e-06,8.838054638611459653e-06
0.000000000000000000e+00,1.483365839278973605e-06,2.966731678557947209e-06,4.450097517836921237e-06,5.933463357115895265e-06,7.416829196394869294e-06,8.900195035673842475e-06,1.038356087495281566e-05
0.000000000000000000e+00,7.322736409981575490e-07,1.464547281996315098e-06,2.196820922994472753e-06,2.929094563992630619e-06,3.661368204990788486e-06,4.393641845988946353e-06,5.125915486987104219e-06
0.000000000000000000e+00,9.831195097006096411e-07,1.966239019401219282e-06,2.949358529101828923e-06,3.932478038802438564e-06,4.915597548503048629e-06,5.898717058203658693e-06,6.881836567904268758e-06
0.000000000000000000e+00,9.941947006339257973e-07,1.988389401267851595e-06,2.982584101901777392e-06,3.976778802535703189e-06,4.970973503169628986e-06,5.965168203803554784e-06,6.959362904437480581e-06
0.000000000000000000e+00,8.181639981104579793e-07,1.636327996220915959e-06,2.454491994331374044e-06,3.272655992441832341e-06,4.090819990552290638e-06,4.908983988662748934e-06,5.727147986773207231e-06
0.000000000000000000e+00,1.083802889327574853e-06,2.167605778655149706e-06,3.251408667982724348e-06,4.335211557310298565e-06,5.419014446637872783e-06,6.502817335965447001e-06,7.586620225293021219e-06
0.000000000000000000e+00,8.808880052668147543e-07,1.761776010533629509e-06,2.642664015800444157e-06,3.523552021067258594e-06,4.404440026334073030e-06,5.285328031600887467e-06,6.166216036867701903e-06
0.000000000000000000e+00,9.920092460889817291e-07,1.984018492177963458e-06,2.976027738266945399e-06,3.968036984355927764e-06,4.960046230444910128e-06,5.952055476533892492e-06,6.944064722622874857e-06
0.000000000000000000e+00,1.090758878988134568e-06,2.181517757976269137e-06,3.272276636964403705e-06,4.363035515952538274e-06,5.453794394940672419e-06,6.544553273928806563e-06,7.635312152916940708e-06
0.000000000000000000e+00,7.322736409997860757e-07,1.464547281999572151e-06,2.196820922999358439e-06,2.929094563999144726e-06,3.661368204998931014e-06,4.393641845998716878e-06,5.125915486998502742e-06
0.000000000000000000e+00,9.831195097023153537e-07,1.966239019404630707e-06,2.949358529106946273e-06,3.932478038809262262e-06,4.915597548511578251e-06,5.898717058213894240e-06,6.881836567916210228e-06
0.000000000000000000e+00,9.920092460898249504e-07,1.984018492179649901e-06,2.976027738269474640e-06,3.968036984359298955e-06,4.960046230449123270e-06,5.952055476538947585e-06,6.944064722628771900e-06
0.000000000000000000e+00,8.181639981121459042e-07,1.636327996224291808e-06,2.454491994336437607e-06,3.272655992448583193e-06,4.090819990560728780e-06,4.908983988672874366e-06,5.727147986785019953e-06
0.000000000000000000e+00,1.083802889329278660e-06,2.167605778658557320e-06,3.251408667987836191e-06,4.335211557317115487e-06,5.419014446646394782e-06,6.502817335975674077e-06,7.586620225304953372e-06
0.000000000000000000e+00,8.808880052684595864e-07,1.761776010536919173e-06,2.642664015805378971e-06,3.523552021073838769e-06,4.404440026342298567e-06,5.285328031610757942e-06,6.166216036879217316e-06
0.000000000000000000e+00,6.653882439217913707e-07,1.330776487843582741e-06,1.996164731765374006e-06,2.661552975687165059e-06,3.326941219608956112e-06,3.992329463530747165e-06,4.657717707452538642e-06
0.000000000000000000e+00,6.814052068573916164e-07,1.362810413714783233e-06,2.044215620572174743e-06,2.725620827429566042e-06,3.407026034286957341e-06,4.088431241144348640e-06,4.769836448001739515e-06
0.000000000000000000e+00,8.099953808535804558e-07,1.619990761707160912e-06,2.429986142560741261e-06,3.239981523414321399e-06,4.049976904267901538e-06,4.859972285121481676e-06,5.669967665975061814e-06
0.000000000000000000e+00,6.653882439232636198e-07,1.330776487846527240e-06,1.996164731769790860e-06,2.661552975693054479e-06,3.326941219616318099e-06,3.992329463539581719e-06,4.657717707462845339e-06
0.000000000000000000e+00,6.814052068589386162e-07,1.362810413717877232e-06,2.044215620576816060e-06,2.725620827435754888e-06,3.407026034294693716e-06,4.088431241153632121e-06,4.769836448012570525e-06
0.000000000000000000e+00,8.099953808550982329e-07,1.619990761710196466e-06,2.429986142565294910e-06,3.239981523420393355e-06,4.049976904275491800e-06,4.859972285130589821e-06,5.669967665985687842e-06
0.000000000000000000e+00,6.836671619678883543e-07,1.367334323935776709e-06,2.051001485903665275e-06,2.734668647871553841e-06,3.418335809839442407e-06,4.102002971807330550e-06,4.785670133775218692e-06
0.000000000000000000e+00,6.672998624526748173e-07,1.334599724905349635e-06,2.001899587358024452e-06,2.669199449810699269e-06,3.336499312263374087e-06,4.003799174716048904e-06,4.671099037168723721e-06
0.000000000000000000e+00,8.148290463807435646e-07,1.629658092761487129e-06,2.444487139142230482e-06,3.259316185522973835e-06,4.074145231903717188e-06,4.888974278284460964e-06,5.703803324665204741e-06
0.000000000000000000e+00,6.836671619691921498e-07,1.367334323938384300e-06,2.051001485907576449e-06,2.734668647876768599e-06,3.418335809845960749e-06,4.102002971815152899e-06,4.785670133784344625e-06
0.000000000000000000e+00,6.672998624540595044e-07,1.334599724908119009e-06,2.001899587362178302e-06,2.669199449816237594e-06,3.336499312270296887e-06,4.003799174724356603e-06,4.671099037178416319e-06
0.000000000000000000e+00,8.148290463821017820e-07,1.629658092764203564e-06,2.444487139146305558e-06,3.259316185528407551e-06,4.074145231910509545e-06,4.888974278292611115e-06,5.703803324674712685e-06
0.000000000000000000e+00,7.413883354732547169e-07,1.482776670946509434e-06,2.224165006419764257e-06,2.965553341893019291e-06,3.706941677366274326e-06,4.448330012839529360e-06,5.189718348312784395e-06
0.000000000000000000e+00,7.104966568443006925e-07,1.420993313688601385e-06,2.131489970532901972e-06,2.841986627377202347e-06,3.552483284221502721e-06,4.262979941065803096e-06,4.973476597910103471e-06
0.000000000000000000e+00,8.623922104363580272e-07,1.724784420872716054e-06,2.587176631309073870e-06,3.449568841745431685e-06,4.311961052181789501e-06,5.174353262618147740e-06,6.036745473054505979e-06
0.000000000000000000e+00,7.413883354743717416e-07,1.482776670948743483e-06,2.224165006423115119e-06,2.965553341897486543e-06,3.706941677371857967e-06,4.448330012846229391e-06,5.189718348320600815e-06
0.000000000000000000e+00,7.104966568455071851e-07,1.420993313691014370e-06,2.131489970536521343e-06,2.841986627382028317e-06,3.552483284227535290e-06,4.262979941073042687e-06,4.973476597918550084e-06
0.000000000000000000e+00,8.623922104375539319e-07,1.724784420875107864e-06,2.587176631312661901e-06,3.449568841750216151e-06,4.311961052187770400e-06,5.174353262625324650e-06,6.036745473062878899e-06
0.000000000000000000e+00,8.117969975908032727e-07,1.623593995181606545e-06,2.435390992772409712e-06,3.247187990363212667e-06,4.058984987954016046e-06,4.870781985544819425e-06,5.682578983135622803e-06
0.000000000000000000e+00,7.777520480925248008e-07,1.555504096185049602e-06,2.333256144277574296e-06,3.111008192370098780e-06,3.888760240462622839e-06,4.666512288555146899e-06,5.444264336647670958e-06
0.000000000000000000e+00,9.307042226925971408e-07,1.861408445385194282e-06,2.792112668077791211e-06,3.722816890770388140e-06,4.653521113462985069e-06,5.584225336155582421e-06,6.514929558848179774e-06
0.000000000000000000e+00,8.117969975917449616e-07,1.623593995183489923e-06,2.435390992775234991e-06,3.247187990366980270e-06,4.058984987958725549e-06,4.870781985550470828e-06,5.682578983142216108e-06
0.000000000000000000e+00,7.777520480935511929e-07,1.555504096187102386e-06,2.333256144280653685e-06,3.111008192374205195e-06,3.888760240467756706e-06,4.666512288561308216e-06,5.444264336654859727e-06
0.000000000000000000e+00,9.307042226936383561e-07,1.861408445387276712e-06,2.792112668080915068e-06,3.722816890774553424e-06,4.653521113468191780e-06,5.584225336161830136e-06,6.514929558855468493e-06
0.000000000000000000e+00,8.767093835549585753e-07,1.753418767109917151e-06,2.630128150664875832e-06,3.506837534219834725e-06,4.383546917774793194e-06,5.260256301329751663e-06,6.136965684884710133e-06
0.000000000000000000e+00,8.470866919234961046e-07,1.694173383846992209e-06,2.541260075770488102e-06,3.388346767693983995e-06,4.235433459617479888e-06,5.082520151540976204e-06,5.929606843464472521e-06
0.000000000000000000e+00,1.002278324288142034e-06,2.004556648576284068e-06,3.006834972864425891e-06,4.009113297152567290e-06,5.011391621440708689e-06,6.013669945728850088e-06,7.015948270016991487e-06
0.000000000000000000e+00,8.767093835557526687e-07,1.753418767111505337e-06,2.630128150667258112e-06,3.506837534223011098e-06,4.383546917778764084e-06,5.260256301334517071e-06,6.136965684890270057e-06
0.000000000000000000e+00,8.470866919243566901e-07,1.694173383848713380e-06,2.541260075773069859e-06,3.388346767697426337e-06,4.235433459621782815e-06,5.082520151546139717e-06,5.929606843470496619e-06
0.000000000000000000e+00,1.002278324289033325e-06,2.004556648578066649e-06,3.006834972867099974e-06,4.009113297156133299e-06,5.011391621445166623e-06,6.013669945734199948e-06,7.015948270023233273e-06
0.000000000000000000e+00,9.319710704123698545e-07,1.863942140824739709e-06,2.795913211237109458e-06,3.727884281649478995e-06,4.659855352061848532e-06,5.591826422474218069e-06,6.523797492886587605e-06
0.000000000000000000e+00,9.061775947354351250e-07,1.812355189470870250e-06,2.718532784206305269e-06,3.624710378941740076e-06,4.530887973677175307e-06,5.437065568412610538e-06,6.343243163148045769e-06
0.000000000000000000e+00,1.069741225488692104e-06,2.139482450977384209e-06,3.209223676466076101e-06,4.278964901954767570e-06,5.348706127443459039e-06,6.418447352932150508e-06,7.488188578420841977e-06
0.000000000000000000e+00,9.319710704129622482e-07,1.863942140825924496e-06,2.795913211238886533e-06,3.727884281651848569e-06,4.659855352064810606e-06,5.591826422477773066e-06,6.523797492890735526e-06
0.000000000000000000e+00,9.061775947361198453e-07,1.812355189472239691e-06,2.718532784208359748e-06,3.624710378944479805e-06,4.530887973680599862e-06,5.437065568416719495e-06,6.343243163152839129e-06
0.000000000000000000e+00,1.069741225489424153e-06,2.139482450978848305e-06,3.209223676468272458e-06,4.278964901957696610e-06,5.348706127447120763e-06,6.418447352936544915e-06,7.488188578425969068e-06
0.000000000000000000e+00,9.581058164450824726e-07,1.916211632890164945e-06,2.874317449335247418e-06,3.832423265780329891e-06,4.790529082225411940e-06,5.748634898670493989e-06,6.706740715115576038e-06
0.000000000000000000e+00,1.144203381152679883e-06,2.288406762305359767e-06,3.432610143458039862e-06,4.576813524610720381e-06,5.721016905763400900e-06,6.865220286916081418e-06,8.009423668068761090e-06
0.000000000000000000e+00,1.144273126611929132e-06,2.288546253223858263e-06,3.432819379835787395e-06,4.577092506447716526e-06,5.721365633059645658e-06,6.865638759671574789e-06,8.009911886283504768e-06
0.000000000000000000e+00,9.581058164455733282e-07,1.916211632891146656e-06,2.874317449336719985e-06,3.832423265782293313e-06,4.790529082227866641e-06,5.748634898673439969e-06,6.706740715119013298e-06
0.000000000000000000e+00,1.144203381153234055e-06,2.288406762306468110e-06,3.432610143459702164e-06,4.576813524612936219e-06,5.721016905766169850e-06,6.865220286919403482e-06,8.009423668072637113e-06
0.000000000000000000e+00,4.962206359694822599e-07,9.924412719389645198e-07,1.488661907908446886e-06,1.984882543877929463e-06,2.481103179847412041e-06,2.977323815816894618e-06,3.473544451786377196e-06
0.000000000000000000e+00,7.636990244965856080e-07,1.527398048993171216e-06,2.291097073489756824e-06,3.054796097986342432e-06,3.818495122482928040e-06,4.582194146979513648e-06,5.345893171476099256e-06
0.000000000000000000e+00,7.791528884153881134e-07,1.558305776830776227e-06,2.337458665246164234e-06,3.116611553661552030e-06,3.895764442076939826e-06,4.674917330492327622e-06,5.454070218907715418e-06
0.000000000000000000e+00,5.912370653038656977e-07,1.182474130607731395e-06,1.773711195911597093e-06,2.364948261215462791e-06,2.956185326519328700e-06,3.547422391823194610e-06,4.138659457127060519e-06
0.000000000000000000e+00,8.770224010979188901e-07,1.754044802195837780e-06,2.631067203293756776e-06,3.508089604391675984e-06,4.385112005489595192e-06,5.262134406587514399e-06,6.139156807685433607e-06
0.000000000000000000e+00,6.116623459452046967e-07,1.223324691890409393e-06,1.834987037835614196e-06,2.446649383780819210e-06,3.058311729726024225e-06,3.669974075671229239e-06,4.281636421616434677e-06
0.000000000000000000e+00,7.760663940645123940e-07,1.552132788129024788e-06,2.328199182193537076e-06,3.104265576258049152e-06,3.880331970322560805e-06,4.656398364387072458e-06,5.432464758451584111e-06
0.000000000000000000e+00,8.908528993354690340e-07,1.781705798670938068e-06,2.672558698006407314e-06,3.563411597341876560e-06,4.454264496677345805e-06,5.345117396012814628e-06,6.235970295348283450e-06
0.000000000000000000e+00,4.962206359711217980e-07,9.924412719422435961e-07,1.488661907913365394e-06,1.984882543884487192e-06,2.481103179855608778e-06,2.977323815826730365e-06,3.473544451797851951e-06
0.000000000000000000e+00,7.636990244983098494e-07,1.527398048996619699e-06,2.291097073494929654e-06,3.054796097993239821e-06,3.818495122491549988e-06,4.582194146989860155e-06,5.345893171488170323e-06
0.000000000000000000e+00,7.760663940653523330e-07,1.552132788130704666e-06,2.328199182196056999e-06,3.104265576261409332e-06,3.880331970326762089e-06,4.656398364392114845e-06,5.432464758457467602e-06
0.000000000000000000e+00,5.912370653055741632e-07,1.182474130611148326e-06,1.773711195916722490e-06,2.364948261222296653e-06,2.956185326527871028e-06,3.547422391833445403e-06,4.138659457139019778e-06
0.000000000000000000e+00,8.770224010996270379e-07,1.754044802199254076e-06,2.631067203298881326e-06,3.508089604398508575e-06,4.385112005498135825e-06,5.262134406597762651e-06,6.139156807697389477e-06
0.000000000000000000e+00,6.116623459468435996e-07,1.223324691893687199e-06,1.834987037840530799e-06,2.446649383787374398e-06,3.058311729734217998e-06,3.669974075681061598e-06,4.281636421627905197e-06
0.000000000000000000e+00,4.122196639038747506e-07,8.244393278077495013e-07,1.236658991711624305e-06,1.648878655615499214e-06,2.061098319519374335e-06,2.473317983423249457e-06,2.885537647327124578e-06
0.000000000000000000e+00,4.368975358797174139e-07,8.737950717594348278e-07,1.310692607639152189e-06,1.747590143518869444e-06,2.184487679398586487e-06,2.621385215278303531e-06,3.058282751158020574e-06
0.000000000000000000e+00,5.343041902859443128e-07,1.068608380571888626e-06,1.602912570857833044e-06,2.137216761143777675e-06,2.671520951429722305e-06,3.205825141715666935e-06,3.740129332001611566e-06
0.000000000000000000e+00,4.122196639053497526e-07,8.244393278106995053e-07,1.236658991716049205e-06,1.648878655621398799e-06,2.061098319526748604e-06,2.473317983432098410e-06,2.885537647337448215e-06
0.000000000000000000e+00,4.368975358812620844e-07,8.737950717625241687e-07,1.310692607643786306e-06,1.747590143525048549e-06,2.184487679406310581e-06,2.621385215287572612e-06,3.058282751168834643e-06
0.000000000000000000e+00,5.343041902874340319e-07,1.068608380574868064e-06,1.602912570862301990e-06,2.137216761149735704e-06,2.671520951437169419e-06,3.205825141724603133e-06,3.740129332012036847e-06
0.000000000000000000e+00,4.161307205849601320e-07,8.322614411699202640e-07,1.248392161754880449e-06,1.664522882339840740e-06,2.080653602924801030e-06,2.496784323509761321e-06,2.912915044094721612e-06
0.000000000000000000e+00,4.070109002644226414e-07,8.140218005288452827e-07,1.221032700793267818e-06,1.628043601057690354e-06,2.035054501322112889e-06,2.442065401586535636e-06,2.849076301850958384e-06
0.000000000000000000e+00,5.464440538028301091e-07,1.092888107605660218e-06,1.639332161408490327e-06,2.185776215211320436e-06,2.732220269014150546e-06,3.278664322816980655e-06,3.825108376619810340e-06
0.000000000000000000e+00,4.161307205862749389e-07,8.322614411725498777e-07,1.248392161758824870e-06,1.664522882345099967e-06,2.080653602931374853e-06,2.496784323517649739e-06,2.912915044103924625e-06
0.000000000000000000e+00,4.070109002658136283e-07,8.140218005316272566e-07,1.221032700797440938e-06,1.628043601063254725e-06,2.035054501329068300e-06,2.442065401594881876e-06,2.849076301860695451e-06
0.000000000000000000e+00,5.464440538041370810e-07,1.092888107608274162e-06,1.639332161412411243e-06,2.185776215216548324e-06,2.732220269020685405e-06,3.278664322824822486e-06,3.825108376628959990e-06
0.000000000000000000e+00,4.612568362869114994e-07,9.225136725738229988e-07,1.383770508860734498e-06,1.845027345147645998e-06,2.306284181434557497e-06,2.767541017721468996e-06,3.228797854008380496e-06
0.000000000000000000e+00,4.366886646329221284e-07,8.733773292658442568e-07,1.310065993898766491e-06,1.746754658531688725e-06,2.183443323164610960e-06,2.620131987797532982e-06,3.056820652430455005e-06
0.000000000000000000e+00,5.990362474391642302e-07,1.198072494878328460e-06,1.797108742317492796e-06,2.396144989756657344e-06,2.995181237195821892e-06,3.594217484634986440e-06,4.193253732074151411e-06
0.000000000000000000e+00,4.612568362880102599e-07,9.225136725760205199e-07,1.383770508864030727e-06,1.845027345152040828e-06,2.306284181440050929e-06,2.767541017728061030e-06,3.228797854016071131e-06
0.000000000000000000e+00,4.366886646341405853e-07,8.733773292682811706e-07,1.310065993902421862e-06,1.746754658536562553e-06,2.183443323170703244e-06,2.620131987804843724e-06,3.056820652438984203e-06
0.000000000000000000e+00,5.990362474402673847e-07,1.198072494880534769e-06,1.797108742320802154e-06,2.396144989761069539e-06,2.995181237201336923e-06,3.594217484641604308e-06,4.193253732081871269e-06
0.000000000000000000e+00,5.203301412122102181e-07,1.040660282424420436e-06,1.560990423636630654e-06,2.081320564848840872e-06,2.601650706061051302e-06,3.121980847273261732e-06,3.642310988485472162e-06
0.000000000000000000e+00,4.918135510767978552e-07,9.836271021535957104e-07,1.475440653230393671e-06,1.967254204307191844e-06,2.459067755383990017e-06,2.950881306460788190e-06,3.442694857537586363e-06
0.000000000000000000e+00,6.646827447992822537e-07,1.329365489598564507e-06,1.994048234397846867e-06,2.658730979197129438e-06,3.323413723996412009e-06,3.988096468795694581e-06,4.652779213594976729e-06
0.000000000000000000e+00,5.203301412131509541e-07,1.040660282426301908e-06,1.560990423639452756e-06,2.081320564852603393e-06,2.601650706065754029e-06,3.121980847278904666e-06,3.642310988492055302e-06
0.000000000000000000e+00,4.918135510778136595e-07,9.836271021556273189e-07,1.475440653233440873e-06,1.967254204311254214e-06,2.459067755389067556e-06,2.950881306466880898e-06,3.442694857544694240e-06
0.000000000000000000e+00,6.646827448002276483e-07,1.329365489600455297e-06,1.994048234400683157e-06,2.658730979200911017e-06,3.323413724001138877e-06,3.988096468801366313e-06,4.652779213601593750e-06
0.000000000000000000e+00,5.739341353527221707e-07,1.147868270705444341e-06,1.721802406058166406e-06,2.295736541410888259e-06,2.869670676763610112e-06,3.443604812116331965e-06,4.017538947469053818e-06
0.000000000000000000e+00,5.501650452277477650e-07,1.100330090455495530e-06,1.650495135683243401e-06,2.200660180910991483e-06,2.750825226138739566e-06,3.300990271366487649e-06,3.851155316594235731e-06
0.000000000000000000e+00,7.246182201891924730e-07,1.449236440378384946e-06,2.173854660567577207e-06,2.898472880756769468e-06,3.623091100945961730e-06,4.347709321135154414e-06,5.072327541324347099e-06
0.000000000000000000e+00,5.739341353534911707e-07,1.147868270706982341e-06,1.721802406060473512e-06,2.295736541413964683e-06,2.869670676767455642e-06,3.443604812120946601e-06,4.017538947474437560e-06
0.000000000000000000e+00,5.501650452285836806e-07,1.100330090457167361e-06,1.650495135685751042e-06,2.200660180914334722e-06,2.750825226142918403e-06,3.300990271371502084e-06,3.851155316600085341e-06
0.000000000000000000e+00,7.246182201899558614e-07,1.449236440379911723e-06,2.173854660569867584e-06,2.898472880759823446e-06,3.623091100949779307e-06,4.347709321139735169e-06,5.072327541329691030e-06
0.000000000000000000e+00,6.067141879512777743e-07,1.213428375902555549e-06,1.820142563853833429e-06,2.426856751805111521e-06,3.033570939756389613e-06,3.640285127707667705e-06,4.246999315658946220e-06
0.000000000000000000e+00,5.947970402655549555e-07,1.189594080531109911e-06,1.784391120796664761e-06,2.379188161062219398e-06,2.973985201327774036e-06,3.568782241593328674e-06,4.163579281858882888e-06
0.000000000000000000e+00,7.662710433124798413e-07,1.532542086624959683e-06,2.298813129937439736e-06,3.065084173249919789e-06,3.831355216562399842e-06,4.597626259874879471e-06,5.363897303187359101e-06
0.000000000000000000e+00,6.067141879518241105e-07,1.213428375903648221e-06,1.820142563855472437e-06,2.426856751807296866e-06,3.033570939759121294e-06,3.640285127710945722e-06,4.246999315662769727e-06
0.000000000000000000e+00,5.947970402661999711e-07,1.189594080532399942e-06,1.784391120798599807e-06,2.379188161064799461e-06,2.973985201330999114e-06,3.568782241597198768e-06,4.163579281863398421e-06
0.000000000000000000e+00,7.662710433130504239e-07,1.532542086626100848e-06,2.298813129939151166e-06,3.065084173252201272e-06,3.831355216565250955e-06,4.597626259878300637e-06,5.363897303191350320e-06
0.000000000000000000e+00,6.096414238248924311e-07,1.219282847649784862e-06,1.828924271474677293e-06,2.438565695299569724e-06,3.048207119124462155e-06,3.657848542949354586e-06,4.267489966774247017e-06
0.000000000000000000e+00,6.096414238253400880e-07,1.219282847650680176e-06,1.828924271476020264e-06,2.438565695301360352e-06,3.048207119126700440e-06,3.657848542952040528e-06,4.267489966777381039e-06
0.000000000000000000e+00,3.010533175297513734e-07,6.021066350595027467e-07,9.031599525892541201e-07,1.204213270119005493e-06,1.505266587648756761e-06,1.806319905178508028e-06,2.107373222708259296e-06
0.000000000000000000e+00,5.197026394892356614e-07,1.039405278978471323e-06,1.559107918467706984e-06,2.078810557956942645e-06,2.598513197446178095e-06,3.118215836935413545e-06,3.637918476424648994e-06
0.000000000000000000e+00,5.341754146102076936e-07,1.068350829220415387e-06,1.602526243830623081e-06,2.136701658440830774e-06,2.670877073051038256e-06,3.205052487661245738e-06,3.739227902271453220e-06
0.000000000000000000e+00,3.842455995170185742e-07,7.684911990340371485e-07,1.152736798551055776e-06,1.536982398068074509e-06,1.921227997585093242e-06,2.305473597102111975e-06,2.689719196619130708e-06
0.000000000000000000e+00,6.445635153852093438e-07,1.289127030770418688e-06,1.933690546155627926e-06,2.578254061540836952e-06,3.222817576926045978e-06,3.867381092311255004e-06,4.511944607696464030e-06
0.000000000000000000e+00,3.963713298668384819e-07,7.927426597336769638e-07,1.189113989600515446e-06,1.585485319467353928e-06,1.981856649334192409e-06,2.378227979201030891e-06,2.774599309067869373e-06
0.000000000000000000e+00,5.313266907869082632e-07,1.062653381573816526e-06,1.593980072360724684e-06,2.125306763147632629e-06,2.656633453934540575e-06,3.187960144721448520e-06,3.719286835508356466e-06
0.000000000000000000e+00,6.602398281045896161e-07,1.320479656209179232e-06,1.980719484313768848e-06,2.640959312418358465e-06,3.301199140522948081e-06,3.961438968627537697e-06,4.621678796732127736e-06
0.000000000000000000e+00,3.010533175313882645e-07,6.021066350627765291e-07,9.031599525941647936e-07,1.204213270125553058e-06,1.505266587656941217e-06,1.806319905188329375e-06,2.107373222719717534e-06
0.000000000000000000e+00,5.197026394909306802e-07,1.039405278981861360e-06,1.559107918472791935e-06,2.078810557963722297e-06,2.598513197454652660e-06,3.118215836945583022e-06,3.637918476436513385e-06
0.000000000000000000e+00,5.313266907877311557e-07,1.062653381575462311e-06,1.593980072363193361e-06,2.125306763150924199e-06,2.656633453938655037e-06,3.187960144726385875e-06,3.719286835514116713e-06
0.000000000000000000e+00,3.842455995187185164e-07,7.684911990374370328e-07,1.152736798556155549e-06,1.536982398074874066e-06,1.921227997593592370e-06,2.305473597112310675e-06,2.689719196631028980e-06
0.000000000000000000e+00,6.445635153869102919e-07,1.289127030773820584e-06,1.933690546160730876e-06,2.578254061547641168e-06,3.222817576934551459e-06,3.867381092321461751e-06,4.511944607708372467e-06
0.000000000000000000e+00,3.963713298684892962e-07,7.927426597369785923e-07,1.189113989605467836e-06,1.585485319473956973e-06,1.981856649342446322e-06,2.378227979210935671e-06,2.774599309079425020e-06
0.000000000000000000e+00,2.138208895335735427e-07,4.276417790671470854e-07,6.414626686007206546e-07,8.552835581342942768e-07,1.069104447667867899e-06,1.282925337201441521e-06,1.496746226735015143e-06
0.000000000000000000e+00,2.432130699873230779e-07,4.864261399746461557e-07,7.296392099619691806e-07,9.728522799492920997e-07,1.216065349936615019e-06,1.459278419923937938e-06,1.702491489911260857e-06
0.000000000000000000e+00,3.048834674609527270e-07,6.097669349219054540e-07,9.146504023828582339e-07,1.219533869843811120e-06,1.524417337304764006e-06,1.829300804765716891e-06,2.134184272226669777e-06
0.000000000000000000e+00,2.138208895350392274e-07,4.276417790700784547e-07,6.414626686051177085e-07,8.552835581401570153e-07,1.069104447675196428e-06,1.282925337210235841e-06,1.496746226745275253e-06
0.000000000000000000e+00,2.432130699888739422e-07,4.864261399777478845e-07,7.296392099666218267e-07,9.728522799554957690e-07,1.216065349944369817e-06,1.459278419933243865e-06,1.702491489922117913e-06
0.000000000000000000e+00,3.048834674624322289e-07,6.097669349248644577e-07,9.146504023872966866e-07,1.219533869849728915e-06,1.524417337312161144e-06,1.829300804774593373e-06,2.134184272237025602e-06
0.000000000000000000e+00,1.992687497723371071e-07,3.985374995446742143e-07,5.978062493170113214e-07,7.970749990893484285e-07,9.963437488616855357e-07,1.195612498634022643e-06,1.394881248406359750e-06
0.000000000000000000e+00,1.995541457003669802e-07,3.991082914007339604e-07,5.986624371011008876e-07,7.982165828014678149e-07,9.977707285018347421e-07,1.197324874202201775e-06,1.396879019902568808e-06
0.000000000000000000e+00,2.984829011392839785e-07,5.969658022785679570e-07,8.954487034178519356e-07,1.193931604557135914e-06,1.492414505696419787e-06,1.790897406835703659e-06,2.089380307974987532e-06
0.000000000000000000e+00,1.992687497736451378e-07,3.985374995472902755e-07,5.978062493209354133e-07,7.970749990945805510e-07,9.963437488682256888e-07,1.195612498641870827e-06,1.394881248415515964e-06
0.000000000000000000e+00,1.995541457017501850e-07,3.991082914035003700e-07,5.986624371052505020e-07,7.982165828070006341e-07,9.977707285087507661e-07,1.197324874210501004e-06,1.396879019912251242e-06
0.000000000000000000e+00,2.984829011405947620e-07,5.969658022811895240e-07,8.954487034217842860e-07,1.193931604562379048e-06,1.492414505702973704e-06,1.790897406843568360e-06,2.089380307984163016e-06
0.000000000000000000e+00,2.233131324497031440e-07,4.466262648994062881e-07,6.699393973491094056e-07,8.932525297988124702e-07,1.116565662248515429e-06,1.339878794698218388e-06,1.563191927147921346e-06
0.000000000000000000e+00,2.086116290176265105e-07,4.172232580352530210e-07,6.258348870528795579e-07,8.344465160705061478e-07,1.043058145088132844e-06,1.251669774105759539e-06,1.460281403123386235e-06
0.000000000000000000e+00,3.335157204847620613e-07,6.670314409695241226e-07,1.000547161454286078e-06,1.334062881939048033e-06,1.667578602423809989e-06,2.001094322908572156e-06,2.334610043393334323e-06
0.000000000000000000e+00,2.233131324508260715e-07,4.466262649016521430e-07,6.699393973524781615e-07,8.932525298033041801e-07,1.116565662254130199e-06,1.339878794704956323e-06,1.563191927155782447e-06
0.000000000000000000e+00,2.086116290188385088e-07,4.172232580376770175e-07,6.258348870565155527e-07,8.344465160753541409e-07,1.043058145094192729e-06,1.251669774113031317e-06,1.460281403131869905e-06
0.000000000000000000e+00,3.335157204858857564e-07,6.670314409717715128e-07,1.000547161457657269e-06,1.334062881943543026e-06,1.667578602429428782e-06,2.001094322915314538e-06,2.334610043401200295e-06
0.000000000000000000e+00,2.632149777454143921e-07,5.264299554908287842e-07,7.896449332362431763e-07,1.052859910981657568e-06,1.316074888727071855e-06,1.579289866472486141e-06,1.842504844217900427e-06
0.000000000000000000e+00,2.433473171345601572e-07,4.866946342691203145e-07,7.300419514036804717e-07,9.733892685382406290e-07,1.216736585672800786e-06,1.460083902807360943e-06,1.703431219941921101e-06
0.000000000000000000e+00,3.840030985220205413e-07,7.680061970440410827e-07,1.152009295566061624e-06,1.536012394088082165e-06,1.920015492610102707e-06,2.304018591132123248e-06,2.688021689654143789e-06
0.000000000000000000e+00,2.632149777463521105e-07,5.264299554927042210e-07,7.896449332390562786e-07,1.052859910985408230e-06,1.316074888731760182e-06,1.579289866478112134e-06,1.842504844224464085e-06
0.000000000000000000e+00,2.433473171355874494e-07,4.866946342711748988e-07,7.300419514067624011e-07,9.733892685423500093e-07,1.216736585677937618e-06,1.460083902813525226e-06,1.703431219949112834e-06
0.000000000000000000e+00,3.840030985229519070e-07,7.680061970459038140e-07,1.152009295568855774e-06,1.536012394091807840e-06,1.920015492614759694e-06,2.304018591137711548e-06,2.688021689660663402e-06
0.000000000000000000e+00,3.015143808155481614e-07,6.030287616310963228e-07,9.045431424466444842e-07,1.206057523262192646e-06,1.507571904077740807e-06,1.809086284893288968e-06,2.110600665708836918e-06
0.000000000000000000e+00,2.844843840793706250e-07,5.689687681587412499e-07,8.534531522381118220e-07,1.137937536317482288e-06,1.422421920396852754e-06,1.706906304476223220e-06,1.991390688555593687e-06
0.000000000000000000e+00,4.308582313627255246e-07,8.617164627254510491e-07,1.292574694088176574e-06,1.723432925450902098e-06,2.154291156813627623e-06,2.585149388176353147e-06,3.016007619539078672e-06
0.000000000000000000e+00,3.015143808162754451e-07,6.030287616325508901e-07,9.045431424488263352e-07,1.206057523265101780e-06,1.507571904081377331e-06,1.809086284897652882e-06,2.110600665713928433e-06
0.000000000000000000e+00,2.844843840802005055e-07,5.689687681604010110e-07,8.534531522406014636e-07,1.137937536320801810e-06,1.422421920401002157e-06,1.706906304481202504e-06,1.991390688561402639e-06
0.000000000000000000e+00,4.308582313634576787e-07,8.617164627269153573e-07,1.292574694090372930e-06,1.723432925453830503e-06,2.154291156817288076e-06,2.585149388180745860e-06,3.016007619544203645e-06
0.000000000000000000e+00,3.213413222212784855e-07,6.426826444425569710e-07,9.640239666638355095e-07,1.285365288885114154e-06,1.606706611106392798e-06,1.928047933327671442e-06,2.249389255548949875e-06
0.000000000000000000e+00,3.154941021727377372e-07,6.309882043454754743e-07,9.464823065182132115e-07,1.261976408690950949e-06,1.577470510863688686e-06,1.892964613036426423e-06,2.208458715209164160e-06
0.000000000000000000e+00,4.564741244966336165e-07,9.129482489932672330e-07,1.369422373489900902e-06,1.825896497986534678e-06,2.282370622483168665e-06,2.738844746979802652e-06,3.195318871476436639e-06
0.000000000000000000e+00,3.213413222217932698e-07,6.426826444435865396e-07,9.640239666653798623e-07,1.285365288887173291e-06,1.606706611108966720e-06,1.928047933330760148e-06,2.249389255552553577e-06
0.000000000000000000e+00,3.154941021733569712e-07,6.309882043467139423e-07,9.464823065200709665e-07,1.261976408693428096e-06,1.577470510866785226e-06,1.892964613040142356e-06,2.208458715213499275e-06
0.000000000000000000e+00,4.564741244971550712e-07,9.129482489943101423e-07,1.369422373491465161e-06,1.825896497988620073e-06,2.282370622485774985e-06,2.738844746982929898e-06,3.195318871480084810e-06
0.000000000000000000e+00,3.175396056400284377e-07,6.350792112800568754e-07,9.526188169200853661e-07,1.270158422560113963e-06,1.587698028200142559e-06,1.905237633840171156e-06,2.222777239480199752e-06
0.000000000000000000e+00,3.175396056404211963e-07,6.350792112808423926e-07,9.526188169212635889e-07,1.270158422561684785e-06,1.587698028202105982e-06,1.905237633842527178e-06,2.222777239482948374e-06
0.000000000000000000e+00,1.416394350994717426e-07,2.832788701989434852e-07,4.249183052984152278e-07,5.665577403978869704e-07,7.081971754973587660e-07,8.498366105968305615e-07,9.914760456963023571e-07
0.000000000000000000e+00,2.629448664297408622e-07,5.258897328594817243e-07,7.888345992892225865e-07,1.051779465718963449e-06,1.314724332148704311e-06,1.577669198578445173e-06,1.840614065008186035e-06
0.000000000000000000e+00,2.714835214321208002e-07,5.429670428642416004e-07,8.144505642963624535e-07,1.085934085728483413e-06,1.357417607160604372e-06,1.628901128592725331e-06,1.900384650024846290e-06
0.000000000000000000e+00,1.901510625041582782e-07,3.803021250083165564e-07,5.704531875124748346e-07,7.606042500166331128e-07,9.507553125207913910e-07,1.140906375024949669e-06,1.331057437529107947e-06
0.000000000000000000e+00,3.933889539149214381e-07,7.867779078298428763e-07,1.180166861744764420e-06,1.573555815659685964e-06,1.966944769574607508e-06,2.360333723489528841e-06,2.753722677404450173e-06
0.000000000000000000e+00,2.207613214436827403e-07,4.415226428873654806e-07,6.622839643310482738e-07,8.830452857747310671e-07,1.103806607218413860e-06,1.324567928662096548e-06,1.545329250105779235e-06
0.000000000000000000e+00,2.697931845679304477e-07,5.395863691358608954e-07,8.093795537037912902e-07,1.079172738271721579e-06,1.348965922839651868e-06,1.618759107407582157e-06,1.888552291975512446e-06
0.000000000000000000e+00,4.054236309763628866e-07,8.108472619527257731e-07,1.216270892929088607e-06,1.621694523905451335e-06,2.027118154881813851e-06,2.432541785858176367e-06,2.837965416834538882e-06
0.000000000000000000e+00,1.416394351010814758e-07,2.832788702021629516e-07,4.249183053032444274e-07,5.665577404043259031e-07,7.081971755054073789e-07,8.498366106064888547e-07,9.914760457075702246e-07
0.000000000000000000e+00,2.629448664314010997e-07,5.258897328628021994e-07,7.888345992942033520e-07,1.051779465725604610e-06,1.314724332157005869e-06,1.577669198588407127e-06,1.840614065019808386e-06
0.000000000000000000e+00,2.697931845687322173e-07,5.395863691374644347e-07,8.093795537061966520e-07,1.079172738274928869e-06,1.348965922843661087e-06,1.618759107412393304e-06,1.888552291981125521e-06
0.000000000000000000e+00,1.901510625058273566e-07,3.803021250116547133e-07,5.704531875174820699e-07,7.606042500233094265e-07,9.507553125291367831e-07,1.140906375034964140e-06,1.331057437540791496e-06
0.000000000000000000e+00,3.933889539165937988e-07,7.867779078331875976e-07,1.180166861749781396e-06,1.573555815666375195e-06,1.966944769582968994e-06,2.360333723499562793e-06,2.753722677416156592e-06
0.000000000000000000e+00,2.207613214453155551e-07,4.415226428906311103e-07,6.622839643359466654e-07,8.830452857812622205e-07,1.103806607226577776e-06,1.324567928671893331e-06,1.545329250117208886e-06
0.000000000000000000e+00,8.388667971698800758e-08,1.677733594339760152e-07,2.516600391509640360e-07,3.355467188679520833e-07,4.194333985849401305e-07,5.033200783019281778e-07,5.872067580189161722e-07
0.000000000000000000e+00,1.050451187957836057e-07,2.100902375915672115e-07,3.151353563873508040e-07,4.201804751831343701e-07,5.252255939789179361e-07,6.302707127747015021e-07,7.353158315704850682e-07
0.000000000000000000e+00,1.413649779070573463e-07,2.827299558141146927e-07,4.240949337211720390e-07,5.654599116282293853e-07,7.068248895352867317e-07,8.481898674423440780e-07,9.895548453494013185e-07
0.000000000000000000e+00,8.388667971843890884e-08,1.677733594368778177e-07,2.516600391553167265e-07,3.355467188737556354e-07,4.194333985921945442e-07,5.033200783106334531e-07,5.872067580290723090e-07
0.000000000000000000e+00,1.050451187973157163e-07,2.100902375946314326e-07,3.151353563919471224e-07,4.201804751892628123e-07,5.252255939865785021e-07,6.302707127838942448e-07,7.353158315812099876e-07
0.000000000000000000e+00,1.413649779085236662e-07,2.827299558170473325e-07,4.240949337255709987e-07,5.654599116340946650e-07,7.068248895426183312e-07,8.481898674511419975e-07,9.895548453596656637e-07
0.000000000000000000e+00,6.607387740895248698e-08,1.321477548179049740e-07,1.982216322268574742e-07,2.642955096358100009e-07,3.303693870447625276e-07,3.964432644537150542e-07,4.625171418626675809e-07
0.000000000000000000e+00,7.061189967228845030e-08,1.412237993445769006e-07,2.118356990168653641e-07,2.824475986891538541e-07,3.530594983614423441e-07,4.236713980337308341e-07,4.942832977060192712e-07
0.000000000000000000e+00,1.217015270532674055e-07,2.434030541065348111e-07,3.651045811598021901e-07,4.868061082130695163e-07,6.085076352663368424e-07,7.302091623196041685e-07,8.519106893728714947e-07
0.000000000000000000e+00,6.607387741023563602e-08,1.321477548204712720e-07,1.982216322307069213e-07,2.642955096409425970e-07,3.303693870511782727e-07,3.964432644614139485e-07,4.625171418716496242e-07
0.000000000000000000e+00,7.061189967365139248e-08,1.412237993473027850e-07,2.118356990209541775e-07,2.824475986946055699e-07,3.530594983682569889e-07,4.236713980419084078e-07,4.942832977155598268e-07
0.000000000000000000e+00,1.217015270545589984e-07,2.434030541091179969e-07,3.651045811636769953e-07,4.868061082182359937e-07,6.085076352727950451e-07,7.302091623273540965e-07,8.519106893819131479e-07
0.000000000000000000e+00,7.217370407158741957e-08,1.443474081431748391e-07,2.165211122147622587e-07,2.886948162863496783e-07,3.608685203579371243e-07,4.330422244295245703e-07,5.052159285011120164e-07
0.000000000000000000e+00,6.705770750629448884e-08,1.341154150125889777e-07,2.011731225188834798e-07,2.682308300251780083e-07,3.352885375314725369e-07,4.023462450377670654e-07,4.694039525440615939e-07
0.000000000000000000e+00,1.352878021598635555e-07,2.705756043197271111e-07,4.058634064795906666e-07,5.411512086394542222e-07,6.764390107993177248e-07,8.117268129591812274e-07,9.470146151190447300e-07
0.000000000000000000e+00,7.217370407269814446e-08,1.443474081453962889e-07,2.165211122180944334e-07,2.886948162907925778e-07,3.608685203634906958e-07,4.330422244361888138e-07,5.052159285088869318e-07
0.000000000000000000e+00,6.705770750748827590e-08,1.341154150149765518e-07,2.011731225224648409e-07,2.682308300299531565e-07,3.352885375374414722e-07,4.023462450449297878e-07,4.694039525524181034e-07
0.000000000000000000e+00,1.352878021609861654e-07,2.705756043219723307e-07,4.058634064829585226e-07,5.411512086439447673e-07,6.764390108049310121e-07,8.117268129659172569e-07,9.470146151269035017e-07
0.000000000000000000e+00,8.986634244439280696e-08,1.797326848887856139e-07,2.695990273331783944e-07,3.594653697775711749e-07,4.493317122219639554e-07,5.391980546663567888e-07,6.290643971107496222e-07
0.000000000000000000e+00,8.060610762802672063e-08,1.612122152560534413e-07,2.418183228840801884e-07,3.224244305121069355e-07,4.030305381401336826e-07,4.836366457681603767e-07,5.642427533961870709e-07
0.000000000000000000e+00,1.639155746360869224e-07,3.278311492721738448e-07,4.917467239082607937e-07,6.556622985443477956e-07,8.195778731804347974e-07,9.834934478165217992e-07,1.147409022452608801e-06
0.000000000000000000e+00,8.986634244531504055e-08,1.797326848906300811e-07,2.695990273359451216e-07,3.594653697812601622e-07,4.493317122265752027e-07,5.391980546718902433e-07,6.290643971172052838e-07
0.000000000000000000e+00,8.060610762904117493e-08,1.612122152580823499e-07,2.418183228871235248e-07,3.224244305161646997e-07,4.030305381452058747e-07,4.836366457742470496e-07,5.642427534032882775e-07
0.000000000000000000e+00,1.639155746370213586e-07,3.278311492740427172e-07,4.917467239110640493e-07,6.556622985480853284e-07,8.195778731851066076e-07,9.834934478221278868e-07,1.147409022459149166e-06
0.000000000000000000e+00,1.088510978058537863e-07,2.177021956117075726e-07,3.265532934175613589e-07,4.354043912234151452e-07,5.442554890292689315e-07,6.531065868351227178e-07,7.619576846409765041e-07
0.000000000000000000e+00,1.002535562894351646e-07,2.005071125788703292e-07,3.007606688683054806e-07,4.010142251577406055e-07,5.012677814471756775e-07,6.015213377366107495e-07,7.017748940260458215e-07
0.000000000000000000e+00,1.929358146091805518e-07,3.858716292183611036e-07,5.788074438275416289e-07,7.717432584367221013e-07,9.646790730459024678e-07,1.157614887655082834e-06,1.350550702264263201e-06
0.000000000000000000e+00,1.088510978065861125e-07,2.177021956131722249e-07,3.265532934197583506e-07,4.354043912263445027e-07,5.442554890329306549e-07,6.531065868395168071e-07,7.619576846461029592e-07
0.000000000000000000e+00,1.002535562902589439e-07,2.005071125805178877e-07,3.007606688707768581e-07,4.010142251610358284e-07,5.012677814512947987e-07,6.015213377415537161e-07,7.017748940318126335e-07
0.000000000000000000e+00,1.929358146099097942e-07,3.858716292198195884e-07,5.788074438297294091e-07,7.717432584396392828e-07,9.646790730495491564e-07,1.157614887659459030e-06,1.350550702269368904e-06
0.000000000000000000e+00,1.185127515161277281e-07,2.370255030322554561e-07,3.555382545483831974e-07,4.740510060645109651e-07,5.925637575806387329e-07,7.110765090967665007e-07,8.295892606128942684e-07
0.000000000000000000e+00,1.158140113948062596e-07,2.316280227896125192e-07,3.474420341844187789e-07,4.632560455792250385e-07,5.790700569740312452e-07,6.948840683688374518e-07,8.106980797636436585e-07
0.000000000000000000e+00,2.077470926590013245e-07,4.154941853180026489e-07,6.232412779770039469e-07,8.309883706360051919e-07,1.038735463295006437e-06,1.246482555954007682e-06,1.454229648613008927e-06
0.000000000000000000e+00,1.185127515166451328e-07,2.370255030332902657e-07,3.555382545499353853e-07,4.740510060665804784e-07,5.925637575832255715e-07,7.110765090998706647e-07,8.295892606165157578e-07
0.000000000000000000e+00,1.158140113954275186e-07,2.316280227908550372e-07,3.474420341862825690e-07,4.632560455817101273e-07,5.790700569771377385e-07,6.948840683725653497e-07,8.106980797679929609e-07
0.000000000000000000e+00,2.077470926595158970e-07,4.154941853190317939e-07,6.232412779785476644e-07,8.309883706380634820e-07,1.038735463297579300e-06,1.246482555957095117e-06,1.454229648616610935e-06
0.000000000000000000e+00,1.158049299911396594e-07,2.316098599822793187e-07,3.474147899734189649e-07,4.632197199645585846e-07,5.790246499556982042e-07,6.948295799468378239e-07,8.106345099379774436e-07
0.000000000000000000e+00,1.158049299915387178e-07,2.316098599830774355e-07,3.474147899746161401e-07,4.632197199661548181e-07,5.790246499576934962e-07,6.948295799492321743e-07,8.106345099407708523e-07
0.000000000000000000e+00,-9.113643813989493105e-19,-1.822728762797898621e-18,-2.734093144196848124e-18,-3.645457525595798012e-18,-4.556821906994747900e-18,-5.468186288393697789e-18,-6.379550669792647677e-18
0.000000000000000000e+00,-8.206499675894011112e-19,-1.641299935178802222e-18,-2.461949902768203237e-18,-3.282599870357604060e-18,-4.103249837947005267e-18,-4.923899805536406475e-18,-5.744549773125807682e-18
0.000000000000000000e+00,-2.902372730530415871e-20,-5.804745461060831742e-20,-8.707118191591248215e-20,-1.160949092212166589e-19,-1.451186365265208357e-19,-1.741423638318250124e-19,-2.031660911371291892e-19
0.000000000000000000e+00,-1.094356245705570759e-18,-2.188712491411141518e-18,-3.283068737116712084e-18,-4.377424982822282265e-18,-5.471781228527852446e-18,-6.566137474233422627e-18,-7.660493719938992808e-18
0.000000000000000000e+00,1.321938461420471304e-07,2.643876922840942608e-07,3.965815384261414176e-07,5.287753845681886274e-07,6.609692307102358372e-07,7.931630768522830470e-07,9.253569229943302568e-07
0.000000000000000000e+00,7.095621299417472477e-08,1.419124259883494495e-07,2.128686389825241875e-07,2.838248519766989520e-07,3.547810649708737165e-07,4.257372779650484809e-07,4.966934909592232454e-07
0.000000000000000000e+00,-4.121004385435099481e-19,-8.242008770870198962e-19,-1.236301315630529748e-18,-1.648401754174039600e-18,-2.060502192717549452e-18,-2.472602631261059496e-18,-2.884703069804569540e-18
0.000000000000000000e+00,1.366560103349998493e-07,2.733120206699996985e-07,4.099680310049995743e-07,5.466240413399995030e-07,6.832800516749994317e-07,8.199360620099993603e-07,9.565920723449993949e-07
0.000000000000000000e+00,6.293654968103584966e-19,1.258730993620716993e-18,1.888096490431075394e-18,2.517461987241433601e-18,3.146827484051791809e-18,3.776192980862150017e-18,4.405558477672507839e-18
0.000000000000000000e+00,7.486688945997119818e-19,1.497337789199423964e-18,2.246006683799136042e-18,2.994675578398848312e-18,3.743344472998560583e-18,4.492013367598272853e-18,5.240682262197985124e-18
0.000000000000000000e+00,3.543810813410963890e-19,7.087621626821927779e-19,1.063143244023289167e-18,1.417524325364385556e-18,1.771905406705481945e-18,2.126286488046578334e-18,2.480667569387674723e-18
0.000000000000000000e+00,4.861601487983369884e-19,9.723202975966739768e-19,1.458480446395010869e-18,1.944640595193347568e-18,2.430800743991684268e-18,2.916960892790020967e-18,3.403121041588357667e-18
0.000000000000000000e+00,1.321938461436630575e-07,2.643876922873261150e-07,3.965815384309891990e-07,5.287753845746523359e-07,6.609692307183154728e-07,7.931630768619786097e-07,9.253569230056417466e-07
0.000000000000000000e+00,7.095621299575249568e-08,1.419124259915049914e-07,2.128686389872574871e-07,2.838248519830099827e-07,3.547810649787624520e-07,4.257372779745149212e-07,4.966934909702673904e-07
0.000000000000000000e+00,-8.837833234944823451e-19,-1.767566646988964690e-18,-2.651349970483447035e-18,-3.535133293977929381e-18,-4.418916617472412111e-18,-5.302699940966894841e-18,-6.186483264461377571e-18
0.000000000000000000e+00,-9.471113227541670918e-19,-1.894222645508334184e-18,-2.841333968262501083e-18,-3.788445291016667597e-18,-4.735556613770834111e-18,-5.682667936525000625e-18,-6.629779259279167139e-18
0.000000000000000000e+00,3.902095811075278286e-08,7.804191622150556571e-08,1.170628743322583486e-07,1.560838324430111314e-07,1.951047905537639143e-07,2.341257486645166971e-07,2.731467067752694535e-07
0.000000000000000000e+00,5.242554016349791352e-19,1.048510803269958270e-18,1.572766204904937502e-18,2.097021606539916926e-18,2.621277008174896350e-18,3.145532409809875774e-18,3.669787811444854813e-18
0.000000000000000000e+00,5.278925911591162643e-19,1.055785182318232529e-18,1.583677773477348697e-18,2.111570364636464672e-18,2.639462955795580648e-18,3.167355546954696623e-18,3.695248138113812598e-18
0.000000000000000000e+00,3.902095811218565158e-08,7.804191622437130316e-08,1.170628743365569614e-07,1.560838324487426328e-07,1.951047905609283042e-07,2.341257486731139757e-07,2.731467067852996471e-07
0.000000000000000000e+00,-7.681272195427932023e-19,-1.536254439085586405e-18,-2.304381658628379799e-18,-3.072508878171173194e-18,-3.840636097713966589e-18,-4.608763317256759599e-18,-5.376890536799552609e-18
0.000000000000000000e+00,-8.118585732201809723e-19,-1.623717146440361945e-18,-2.435575719660543109e-18,-3.247434292880724274e-18,-4.059292866100905439e-18,-4.871151439321086219e-18,-5.683010012541266999e-18
0.000000000000000000e+00,2.803373390430697160e-08,5.606746780861394320e-08,8.410120171292091810e-08,1.121349356172278996e-07,1.401686695215348679e-07,1.682024034258418362e-07,1.962361373301488045e-07
0.000000000000000000e+00,4.864704655551532902e-19,9.729409311103065805e-19,1.459411396665459774e-18,1.945881862220612776e-18,2.432352327775765777e-18,2.918822793330918778e-18,3.405293258886071780e-18
0.000000000000000000e+00,5.174090220606318345e-19,1.034818044121263669e-18,1.552227066181895503e-18,2.069636088242527338e-18,2.587045110303159172e-18,3.104454132363791007e-18,3.621863154424422841e-18
0.000000000000000000e+00,2.803373390558129296e-08,5.606746781116258592e-08,8.410120171674388220e-08,1.121349356223251851e-07,1.401686695279064880e-07,1.682024034334877909e-07,1.962361373390690938e-07
0.000000000000000000e+00,-6.341490709590185485e-19,-1.268298141918037097e-18,-1.902447212877055549e-18,-2.536596283836073809e-18,-3.170745354795092069e-18,-3.804894425754110328e-18,-4.439043496713128203e-18
0.000000000000000000e+00,-6.501933872141229781e-19,-1.300386774428245956e-18,-1.950580161642368838e-18,-2.600773548856491527e-18,-3.250966936070614217e-18,-3.901160323284736906e-18,-4.551353710498859595e-18
0.000000000000000000e+00,2.981177630572900233e-08,5.962355261145800466e-08,8.943532891718700037e-08,1.192471052229159828e-07,1.490588815286449653e-07,1.788706578343739478e-07,2.086824341401029303e-07
0.000000000000000000e+00,4.641346983427588223e-19,9.282693966855176446e-19,1.392404095028276563e-18,1.856538793371035674e-18,2.320673491713794785e-18,2.784808190056553897e-18,3.248942888399313008e-18
0.000000000000000000e+00,5.228621463561868015e-19,1.045724292712373603e-18,1.568586439068560404e-18,2.091448585424747206e-18,2.614310731780934007e-18,3.137172878137120809e-18,3.660035024493307225e-18
0.000000000000000000e+00,2.981177630683386416e-08,5.962355261366772833e-08,8.943532892050159911e-08,1.192471052273354831e-07,1.490588815341693671e-07,1.788706578410032512e-07,2.086824341478371352e-07
0.000000000000000000e+00,-4.824516153031052383e-19,-9.649032306062104767e-19,-1.447354845909315811e-18,-1.929806461212421339e-18,-2.412258076515526866e-18,-2.894709691818632393e-18,-3.377161307121737920e-18
0.000000000000000000e+00,-4.945611653382296896e-19,-9.891223306764593793e-19,-1.483683496014688973e-18,-1.978244661352918373e-18,-2.472805826691147774e-18,-2.967366992029377175e-18,-3.461928157367606576e-18
0.000000000000000000e+00,3.809207206168005680e-08,7.618414412336011360e-08,1.142762161850401704e-07,1.523682882467202272e-07,1.904603603084002840e-07,2.285524323700803408e-07,2.666445044317604241e-07
0.000000000000000000e+00,4.424539549373472861e-19,8.849079098746945722e-19,1.327361864812041955e-18,1.769815819749389530e-18,2.212269774686737105e-18,2.654723729624084680e-18,3.097177684561432255e-18
0.000000000000000000e+00,5.154788437179402450e-19,1.030957687435880490e-18,1.546436531153820831e-18,2.061915374871761365e-18,2.577394218589701899e-18,3.092873062307642433e-18,3.608351906025582967e-18
0.000000000000000000e+00,3.809207206260011987e-08,7.618414412520023974e-08,1.142762161878003596e-07,1.523682882504004795e-07,1.904603603130005994e-07,2.285524323756007192e-07,2.666445044382008391e-07
0.000000000000000000e+00,-4.654106943798699504e-19,-9.308213887597399008e-19,-1.396232083139609755e-18,-1.861642777519479417e-18,-2.327053471899349078e-18,-2.792464166279218740e-18,-3.257874860659088401e-18
0.000000000000000000e+00,-4.064182233453989189e-19,-8.128364466907978378e-19,-1.219254670036196709e-18,-1.625672893381595483e-18,-2.032091116726994258e-18,-2.438509340072393032e-18,-2.844927563417791806e-18
0.000000000000000000e+00,4.744418570406358018e-08,9.488837140812716036e-08,1.423325571121907472e-07,1.897767428162543472e-07,2.372209285203179472e-07,2.846651142243815472e-07,3.321092999284451208e-07
0.000000000000000000e+00,2.600677802289549998e-19,5.201355604579099995e-19,7.802033406868649993e-19,1.040271120915819999e-18,1.300338901144774999e-18,1.560406681373729999e-18,1.820474461602685191e-18
0.000000000000000000e+00,4.175496245651717078e-19,8.350992491303434155e-19,1.252648873695515075e-18,1.670198498260686638e-18,2.087748122825858394e-18,2.505297747391030150e-18,2.922847371956201906e-18
0.000000000000000000e+00,4.744418570479380199e-08,9.488837140958760398e-08,1.423325571143814126e-07,1.897767428191752344e-07,2.372209285239690563e-07,2.846651142287628781e-07,3.321092999335566999e-07
0.000000000000000000e+00,3.929736781859401768e-19,7.859473563718803535e-19,1.178921034557820434e-18,1.571894712743760514e-18,1.964868390929700595e-18,2.357842069115640868e-18,2.750815747301581141e-18
0.000000000000000000e+00,-8.975273480676963158e-20,-1.795054696135392632e-19,-2.692582044203088827e-19,-3.590109392270784782e-19,-4.487636740338481218e-19,-5.385164088406177654e-19,-6.282691436473874090e-19
0.000000000000000000e+00,5.230289094448853466e-08,1.046057818889770693e-07,1.569086728334655908e-07,2.092115637779541122e-07,2.615144547224426336e-07,3.138173456669311815e-07,3.661202366114197294e-07
0.000000000000000000e+00,8.936778439741981713e-19,1.787355687948396343e-18,2.681033531922594321e-18,3.574711375896791915e-18,4.468389219870989508e-18,5.362067063845187102e-18,6.255744907819384696e-18
0.000000000000000000e+00,5.222842394571261932e-19,1.044568478914252386e-18,1.566852718371378580e-18,2.089136957828504773e-18,2.611421197285630966e-18,3.133705436742757159e-18,3.655989676199883353e-18
0.000000000000000000e+00,5.230289094500264396e-08,1.046057818900052879e-07,1.569086728350079319e-07,2.092115637800105758e-07,2.615144547250132198e-07,3.138173456700158637e-07,3.661202366150185077e-07
0.000000000000000000e+00,-1.278744169735425023e-19,-2.557488339470850046e-19,-3.836232509206274828e-19,-5.114976678941699129e-19,-6.393720848677123430e-19,-7.672465018412547731e-19,-8.951209188147972031e-19
0.000000000000000000e+00,2.478838843533248730e-19,4.957677687066497460e-19,7.436516530599746672e-19,9.915355374132996846e-19,1.239419421766624702e-18,1.487303306119949720e-18,1.735187190473274737e-18
0.000000000000000000e+00,-1.416394351103192436e-07,-2.832788702206384872e-07,-4.249183053309577572e-07,-5.665577404412770802e-07,-7.081971755515964032e-07,-8.498366106619157262e-07,-9.914760457722350491e-07
0.000000000000000000e+00,-2.629448664316897791e-07,-5.258897328633795582e-07,-7.888345992950693373e-07,-1.051779465726759116e-06,-1.314724332158449001e-06,-1.577669198590138886e-06,-1.840614065021828771e-06
0.000000000000000000e+00,-2.714835214325528929e-07,-5.429670428651057857e-07,-8.144505642976586257e-07,-1.085934085730211360e-06,-1.357417607162764094e-06,-1.628901128595316828e-06,-1.900384650027869562e-06
0.000000000000000000e+00,-1.901510625126905205e-07,-3.803021250253810410e-07,-5.704531875380715350e-07,-7.606042500507619761e-07,-9.507553125634524172e-07,-1.140906375076142858e-06,-1.331057437588833299e-06
0.000000000000000000e+00,-1.321938461444092141e-07,-2.643876922888184282e-07,-3.965815384332276423e-07,-5.287753845776368565e-07,-6.609692307220461235e-07,-7.931630768664553906e-07,-9.253569230108646576e-07
0.000000000000000000e+00,-7.095621300255818042e-08,-1.419124260051163608e-07,-2.128686390076745545e-07,-2.838248520102327746e-07,-3.547810650127909948e-07,-4.257372780153492149e-07,-4.966934910179073821e-07
0.000000000000000000e+00,-2.697931845691282582e-07,-5.395863691382565163e-07,-8.093795537073848275e-07,-1.079172738276513244e-06,-1.348965922845641661e-06,-1.618759107414770078e-06,-1.888552291983898495e-06
0.000000000000000000e+00,-1.366560103357812107e-07,-2.733120206715624214e-07,-4.099680310073436321e-07,-5.466240413431248428e-07,-6.832800516789060535e-07,-8.199360620146872642e-07,-9.565920723504684749e-07
0.000000000000000000e+00,-1.416394351088832316e-07,-2.832788702177664631e-07,-4.249183053266496947e-07,-5.665577404355329263e-07,-7.081971755444161049e-07,-8.498366106532992835e-07,-9.914760457621824621e-07
0.000000000000000000e+00,-2.629448664302141418e-07,-5.258897328604282837e-07,-7.888345992906424255e-07,-1.051779465720856567e-06,-1.314724332151070709e-06,-1.577669198581284851e-06,-1.840614065011498993e-06
0.000000000000000000e+00,-2.697931845684096566e-07,-5.395863691368193132e-07,-8.093795537052289168e-07,-1.079172738273638415e-06,-1.348965922842047912e-06,-1.618759107410457410e-06,-1.888552291978866908e-06
0.000000000000000000e+00,-1.901510625112135597e-07,-3.803021250224271195e-07,-5.704531875336407057e-07,-7.606042500448543448e-07,-9.507553125560679839e-07,-1.140906375067281623e-06,-1.331057437578495262e-06
0.000000000000000000e+00,-1.321938461428857195e-07,-2.643876922857714390e-07,-3.965815384286571584e-07,-5.287753845715428779e-07,-6.609692307144285445e-07,-7.931630768573142110e-07,-9.253569230001998775e-07
0.000000000000000000e+00,-7.095621300106615836e-08,-1.419124260021323167e-07,-2.128686390031984618e-07,-2.838248520042645805e-07,-3.547810650053306991e-07,-4.257372780063968178e-07,-4.966934910074629364e-07
0.000000000000000000e+00,-8.388667973399599241e-08,-1.677733594679919848e-07,-2.516600392019879772e-07,-3.355467189359839696e-07,-4.194333986699799620e-07,-5.033200784039759545e-07,-5.872067581379719469e-07
0.000000000000000000e+00,-1.050451188100203370e-07,-2.100902376200406740e-07,-3.151353564300610110e-07,-4.201804752400813480e-07,-5.252255940501017380e-07,-6.302707128601221279e-07,-7.353158316701425178e-07
0.000000000000000000e+00,-3.902095811978730906e-08,-7.804191623957461813e-08,-1.170628743593619206e-07,-1.560838324791492098e-07,-1.951047905989364990e-07,-2.341257487187237882e-07,-2.731467068385110509e-07
0.000000000000000000e+00,-8.388667973267317841e-08,-1.677733594653463568e-07,-2.516600391980195220e-07,-3.355467189306926607e-07,-4.194333986633657994e-07,-5.033200783960389381e-07,-5.872067581287120768e-07
0.000000000000000000e+00,-1.050451188086402821e-07,-2.100902376172805642e-07,-3.151353564259208728e-07,-4.201804752345611814e-07,-5.252255940432014899e-07,-6.302707128518417456e-07,-7.353158316604820012e-07
0.000000000000000000e+00,-3.902095811841088052e-08,-7.804191623682176105e-08,-1.170628743552326350e-07,-1.560838324736434956e-07,-1.951047905920543563e-07,-2.341257487104652170e-07,-2.731467068288760512e-07
0.000000000000000000e+00,-6.607387743608938444e-08,-1.321477548721787689e-07,-1.982216323082681401e-07,-2.642955097443574848e-07,-3.303693871804468296e-07,-3.964432646165361743e-07,-4.625171420526255190e-07
0.000000000000000000e+00,-7.061189969413484614e-08,-1.412237993882696923e-07,-2.118356990824045384e-07,-2.824475987765393846e-07,-3.530594984706742307e-07,-4.236713981648090768e-07,-4.942832978589438700e-07
0.000000000000000000e+00,-2.803373391479490708e-08,-5.606746782958981416e-08,-8.410120174438472455e-08,-1.121349356591796416e-07,-1.401686695739745718e-07,-1.682024034887695020e-07,-1.962361374035644323e-07
0.000000000000000000e+00,-6.607387743489190485e-08,-1.321477548697838097e-07,-1.982216323046757145e-07,-2.642955097395676194e-07,-3.303693871744595242e-07,-3.964432646093514291e-07,-4.625171420442433339e-07
0.000000000000000000e+00,-7.061189969287877569e-08,-1.412237993857575514e-07,-2.118356990786363271e-07,-2.824475987715151028e-07,-3.530594984643938520e-07,-4.236713981572726012e-07,-4.942832978501513504e-07
0.000000000000000000e+00,-2.803373391356216974e-08,-5.606746782712433948e-08,-8.410120174068651253e-08,-1.121349356542486922e-07,-1.401686695678108719e-07,-1.682024034813730515e-07,-1.962361373949352312e-07
0.000000000000000000e+00,-7.217370411486722975e-08,-1.443474082297344595e-07,-2.165211123446016893e-07,-2.886948164594689190e-07,-3.608685205743361488e-07,-4.330422246892033785e-07,-5.052159288040706083e-07
0.000000000000000000e+00,-6.705770754135871471e-08,-1.341154150827174294e-07,-2.011731226240761309e-07,-2.682308301654348059e-07,-3.352885377067934809e-07,-4.023462452481521559e-07,-4.694039527895108309e-07
0.000000000000000000e+00,-2.981177632081276653e-08,-5.962355264162553306e-08,-8.943532896243830621e-08,-1.192471052832510926e-07,-1.490588816040638790e-07,-1.788706579248766654e-07,-2.086824342456894517e-07
0.000000000000000000e+00,-7.217370411380625481e-08,-1.443474082276125096e-07,-2.165211123414187512e-07,-2.886948164552249663e-07,-3.608685205690311814e-07,-4.330422246828373965e-07,-5.052159287966436116e-07
0.000000000000000000e+00,-6.705770754022885217e-08,-1.341154150804577043e-07,-2.011731226206865697e-07,-2.682308301609154616e-07,-3.352885377011443535e-07,-4.023462452413732454e-07,-4.694039527816021372e-07
0.000000000000000000e+00,-2.981177631972794894e-08,-5.962355263945589787e-08,-8.943532895918384681e-08,-1.192471052789117957e-07,-1.490588815986397447e-07,-1.788706579183676936e-07,-2.086824342380956425e-07
0.000000000000000000e+00,-8.986634250842516258e-08,-1.797326850168503252e-07,-2.695990275252755142e-07,-3.594653700337007033e-07,-4.493317125421258923e-07,-5.391980550505510284e-07,-6.290643975589761645e-07
0.000000000000000000e+00,-8.060610768199309552e-08,-1.612122153639861910e-07,-2.418183230459793130e-07,-3.224244307279724350e-07,-4.030305384099655570e-07,-4.836366460919586261e-07,-5.642427537739516951e-07
0.000000000000000000e+00,-3.809207208463019613e-08,-7.618414416926039227e-08,-1.142762162538905818e-07,-1.523682883385207581e-07,-1.904603604231509343e-07,-2.285524325077811106e-07,-2.666445045924112869e-07
0.000000000000000000e+00,-8.986634250753618827e-08,-1.797326850150723765e-07,-2.695990275226085780e-07,-3.594653700301448060e-07,-4.493317125376810340e-07,-5.391980550452172619e-07,-6.290643975527535429e-07
0.000000000000000000e+00,-8.060610768101710181e-08,-1.612122153620342036e-07,-2.418183230430513319e-07,-3.224244307240684602e-07,-4.030305384050855885e-07,-4.836366460861026638e-07,-5.642427537671197391e-07
0.000000000000000000e+00,-3.809207208371025879e-08,-7.618414416742051759e-08,-1.142762162511307764e-07,-1.523682883348410352e-07,-1.904603604185512807e-07,-2.285524325022615263e-07,-2.666445045859717719e-07
0.000000000000000000e+00,-1.088510978913878615e-07,-2.177021957827757230e-07,-3.265532936741635846e-07,-4.354043915655514461e-07,-5.442554894569393605e-07,-6.531065873483272750e-07,-7.619576852397151895e-07
0.000000000000000000e+00,-1.002535563652462148e-07,-2.005071127304924296e-07,-3.007606690957386445e-07,-4.010142254609848593e-07,-5.012677818262310741e-07,-6.015213381914772889e-07,-7.017748945567235038e-07
0.000000000000000000e+00,-4.744418573621562075e-08,-9.488837147243124150e-08,-1.423325572086468623e-07,-1.897767429448624830e-07,-2.372209286810781038e-07,-2.846651144172937245e-07,-3.321093001535093453e-07
0.000000000000000000e+00,-1.088510978907104734e-07,-2.177021957814209468e-07,-3.265532936721313937e-07,-4.354043915628418406e-07,-5.442554894535522876e-07,-6.531065873442627874e-07,-7.619576852349732873e-07
0.000000000000000000e+00,-1.002535563644637020e-07,-2.005071127289274039e-07,-3.007606690933910927e-07,-4.010142254578547549e-07,-5.012677818223184172e-07,-6.015213381867820794e-07,-7.017748945512457417e-07
0.000000000000000000e+00,-4.744418573550432483e-08,-9.488837147100864967e-08,-1.423325572065129745e-07,-1.897767429420172993e-07,-2.372209286775216242e-07,-2.846651144130259490e-07,-3.321093001485302738e-07
0.000000000000000000e+00,-1.185127516160430066e-07,-2.370255032320860132e-07,-3.555382548481289933e-07,-4.740510064641719734e-07,-5.925637580802149535e-07,-7.110765096962579866e-07,-8.295892613123010197e-07
0.000000000000000000e+00,-1.158140114896802495e-07,-2.316280229793604990e-07,-3.474420344690407486e-07,-4.632560459587209981e-07,-5.790700574484012476e-07,-6.948840689380814971e-07,-8.106980804277617466e-07
0.000000000000000000e+00,-5.230289098439771620e-08,-1.046057819687954324e-07,-1.569086729531931420e-07,-2.092115639375908383e-07,-2.615144549219885612e-07,-3.138173459063862840e-07,-3.661202368907840068e-07
0.000000000000000000e+00,-1.185127516156082272e-07,-2.370255032312164545e-07,-3.555382548468246684e-07,-4.740510064624328560e-07,-5.925637580780410435e-07,-7.110765096936492310e-07,-8.295892613092574185e-07
0.000000000000000000e+00,-1.158140114891296781e-07,-2.316280229782593562e-07,-3.474420344673890343e-07,-4.632560459565187124e-07,-5.790700574456483905e-07,-6.948840689347780686e-07,-8.106980804239077467e-07
0.000000000000000000e+00,-5.230289098392757321e-08,-1.046057819678551464e-07,-1.569086729517827262e-07,-2.092115639357103193e-07,-2.615144549196379388e-07,-3.138173459035655584e-07,-3.661202368874931779e-07
0.000000000000000000e+00,-1.158049300336988695e-07,-2.316098600673977390e-07,-3.474147901010965821e-07,-4.632197201347954251e-07,-5.790246501684942682e-07,-6.948295802021931641e-07,-8.106345102358920601e-07
0.000000000000000000e+00,-1.158049300333798425e-07,-2.316098600667596850e-07,-3.474147901001395407e-07,-4.632197201335194229e-07,-5.790246501668993051e-07,-6.948295802002791873e-07,-8.106345102336590695e-07
0.000000000000000000e+00,-3.010533175389924499e-07,-6.021066350779848997e-07,-9.031599526169774026e-07,-1.204213270155970011e-06,-1.505266587694962620e-06,-1.806319905233955229e-06,-2.107373222772948049e-06
0.000000000000000000e+00,-5.197026394907367096e-07,-1.039405278981473419e-06,-1.559107918472210023e-06,-2.078810557962946415e-06,-2.598513197453682807e-06,-3.118215836944419199e-06,-3.637918476435155591e-06
0.000000000000000000e+00,-5.341754146106002934e-07,-1.068350829221200587e-06,-1.602526243831800880e-06,-2.136701658442401174e-06,-2.670877073053001679e-06,-3.205052487663602184e-06,-3.739227902274202689e-06
0.000000000000000000e+00,-3.842455995188342423e-07,-7.684911990376684846e-07,-1.152736798556502621e-06,-1.536982398075336757e-06,-1.921227997594170894e-06,-2.305473597113005242e-06,-2.689719196631839590e-06
0.000000000000000000e+00,-3.933889539174998064e-07,-7.867779078349996129e-07,-1.180166861752499525e-06,-1.573555815669999437e-06,-1.966944769587499350e-06,-2.360333723504999050e-06,-2.753722677422498751e-06
0.000000000000000000e+00,-2.207613214548255117e-07,-4.415226429096510233e-07,-6.622839643644765350e-07,-8.830452858193020466e-07,-1.103806607274127664e-06,-1.324567928728953282e-06,-1.545329250183778899e-06
0.000000000000000000e+00,-5.313266907879694896e-07,-1.062653381575938979e-06,-1.593980072363908469e-06,-2.125306763151877958e-06,-2.656633453939847660e-06,-3.187960144727817361e-06,-3.719286835515787062e-06
0.000000000000000000e+00,-4.054236309776681643e-07,-8.108472619553363287e-07,-1.216270892933004440e-06,-1.621694523910672446e-06,-2.027118154888340239e-06,-2.432541785866008033e-06,-2.837965416843675827e-06
0.000000000000000000e+00,-3.010533175376731431e-07,-6.021066350753462862e-07,-9.031599526130194294e-07,-1.204213270150692572e-06,-1.505266587688365716e-06,-1.806319905226038859e-06,-2.107373222763712002e-06
0.000000000000000000e+00,-5.197026394893870685e-07,-1.039405278978774137e-06,-1.559107918468161206e-06,-2.078810557957548274e-06,-2.598513197446935343e-06,-3.118215836936322411e-06,-3.637918476425709480e-06
0.000000000000000000e+00,-5.313266907873097568e-07,-1.062653381574619514e-06,-1.593980072361929165e-06,-2.125306763149238604e-06,-2.656633453936548043e-06,-3.187960144723857482e-06,-3.719286835511166921e-06
0.000000000000000000e+00,-3.842455995174798895e-07,-7.684911990349597791e-07,-1.152736798552439616e-06,-1.536982398069919346e-06,-1.921227997587398865e-06,-2.305473597104878384e-06,-2.689719196622357903e-06
0.000000000000000000e+00,-3.933889539160849967e-07,-7.867779078321699934e-07,-1.180166861748255043e-06,-1.573555815664340199e-06,-1.966944769580425354e-06,-2.360333723496510510e-06,-2.753722677412595665e-06
0.000000000000000000e+00,-2.207613214534430745e-07,-4.415226429068861490e-07,-6.622839643603292499e-07,-8.830452858137724038e-07,-1.103806607267215452e-06,-1.324567928720658500e-06,-1.545329250174101548e-06
0.000000000000000000e+00,-2.138208895776843187e-07,-4.276417791553686374e-07,-6.414626687330529296e-07,-8.552835583107371689e-07,-1.069104447888421302e-06,-1.282925337466105436e-06,-1.496746227043789569e-06
0.000000000000000000e+00,-2.432130700129622887e-07,-4.864261400259245774e-07,-7.296392100388868661e-07,-9.728522800518491549e-07,-1.216065350064811549e-06,-1.459278420077773944e-06,-1.702491490090736339e-06
0.000000000000000000e+00,-1.413649779350443208e-07,-2.827299558700886415e-07,-4.240949338051329623e-07,-5.654599117401772831e-07,-7.068248896752215509e-07,-8.481898676102658187e-07,-9.895548455453100865e-07
0.000000000000000000e+00,-2.138208895764545327e-07,-4.276417791529090655e-07,-6.414626687293635717e-07,-8.552835583058180251e-07,-1.069104447882272478e-06,-1.282925337458726932e-06,-1.496746227035181385e-06
0.000000000000000000e+00,-2.432130700116839572e-07,-4.864261400233679144e-07,-7.296392100350518186e-07,-9.728522800467356170e-07,-1.216065350058419415e-06,-1.459278420070103214e-06,-1.702491490081787012e-06
0.000000000000000000e+00,-1.413649779337620717e-07,-2.827299558675241434e-07,-4.240949338012862151e-07,-5.654599117350482868e-07,-7.068248896688103585e-07,-8.481898676025724302e-07,-9.895548455363345019e-07
0.000000000000000000e+00,-1.992687498661275037e-07,-3.985374997322550073e-07,-5.978062495983825375e-07,-7.970749994645101205e-07,-9.963437493306377036e-07,-1.195612499196765287e-06,-1.394881249062892870e-06
0.000000000000000000e+00,-1.995541457699082528e-07,-3.991082915398165056e-07,-5.986624373097247849e-07,-7.982165830796331171e-07,-9.977707288495415552e-07,-1.197324874619449993e-06,-1.396879020389358431e-06
0.000000000000000000e+00,-1.217015271082775103e-07,-2.434030542165550206e-07,-3.651045813248325309e-07,-4.868061084331100412e-07,-6.085076355413874986e-07,-7.302091626496649560e-07,-8.519106897579424134e-07
0.000000000000000000e+00,-1.992687498650246932e-07,-3.985374997300493865e-07,-5.978062495950740268e-07,-7.970749994600986671e-07,-9.963437493251233074e-07,-1.195612499190148054e-06,-1.394881249055172800e-06
0.000000000000000000e+00,-1.995541457687407502e-07,-3.991082915374815005e-07,-5.986624373062221978e-07,-7.982165830749628951e-07,-9.977707288437035924e-07,-1.197324874612444396e-06,-1.396879020381185199e-06
0.000000000000000000e+00,-1.217015271071235603e-07,-2.434030542142471205e-07,-3.651045813213706543e-07,-4.868061084284941352e-07,-6.085076355356176161e-07,-7.302091626427410969e-07,-8.519106897498645778e-07
0.000000000000000000e+00,-2.233131326002408305e-07,-4.466262652004816610e-07,-6.699393978007224915e-07,-8.932525304009633220e-07,-1.116565663001204152e-06,-1.339878795601444983e-06,-1.563191928201685813e-06
0.000000000000000000e+00,-2.086116291415132847e-07,-4.172232582830265693e-07,-6.258348874245398275e-07,-8.344465165660530327e-07,-1.043058145707566344e-06,-1.251669774849079655e-06,-1.460281403990592966e-06
0.000000000000000000e+00,-1.352878022497010346e-07,-2.705756044994020692e-07,-4.058634067491031038e-07,-5.411512089988041384e-07,-6.764390112485052259e-07,-8.117268134982063135e-07,-9.470146157479074010e-07
0.000000000000000000e+00,-2.233131325992760864e-07,-4.466262651985521729e-07,-6.699393977978282858e-07,-8.932525303971044516e-07,-1.116565662996380723e-06,-1.339878795595656995e-06,-1.563191928194933267e-06
0.000000000000000000e+00,-2.086116291404794015e-07,-4.172232582809588031e-07,-6.258348874214382046e-07,-8.344465165619176061e-07,-1.043058145702396902e-06,-1.251669774842876197e-06,-1.460281403983355493e-06
0.000000000000000000e+00,-1.352878022486924036e-07,-2.705756044973848073e-07,-4.058634067460772374e-07,-5.411512089947697205e-07,-6.764390112434622035e-07,-8.117268134921546866e-07,-9.470146157408471696e-07
0.000000000000000000e+00,-2.632149779531652631e-07,-5.264299559063305262e-07,-7.896449338594958422e-07,-1.052859911812661264e-06,-1.316074889765826686e-06,-1.579289867718992108e-06,-1.842504845672157530e-06
0.000000000000000000e+00,-2.433473173163343806e-07,-4.866946346326687613e-07,-7.300419519490031419e-07,-9.733892692653375226e-07,-1.216736586581672009e-06,-1.460083903898006496e-06,-1.703431221214340982e-06
0.000000000000000000e+00,-1.639155747644782972e-07,-3.278311495289565944e-07,-4.917467242934348387e-07,-6.556622990579130830e-07,-8.195778738223913272e-07,-9.834934485868696774e-07,-1.147409023351348028e-06
0.000000000000000000e+00,-2.632149779524027746e-07,-5.264299559048055492e-07,-7.896449338572083239e-07,-1.052859911809611098e-06,-1.316074889762013979e-06,-1.579289867714416860e-06,-1.842504845666819740e-06
0.000000000000000000e+00,-2.433473173154722599e-07,-4.866946346309445198e-07,-7.300419519464168327e-07,-9.733892692618892514e-07,-1.216736586577361670e-06,-1.460083903892834089e-06,-1.703431221208306508e-06
0.000000000000000000e+00,-1.639155747636408728e-07,-3.278311495272817456e-07,-4.917467242909226448e-07,-6.556622990545635970e-07,-8.195778738182045492e-07,-9.834934485818455014e-07,-1.147409023345486560e-06
0.000000000000000000e+00,-3.015143810733470329e-07,-6.030287621466940658e-07,-9.045431432200410457e-07,-1.206057524293387920e-06,-1.507571905366734794e-06,-1.809086286440081668e-06,-2.110600667513428754e-06
0.000000000000000000e+00,-2.844843843158726529e-07,-5.689687686317453059e-07,-8.534531529476179588e-07,-1.137937537263490612e-06,-1.422421921579363265e-06,-1.706906305895235918e-06,-1.991390690211108571e-06
0.000000000000000000e+00,-1.929358147737511919e-07,-3.858716295475023838e-07,-5.788074443212535228e-07,-7.717432590950046618e-07,-9.646790738687558008e-07,-1.157614888642507046e-06,-1.350550703416258291e-06
0.000000000000000000e+00,-3.015143810727927028e-07,-6.030287621455854055e-07,-9.045431432183781083e-07,-1.206057524291170811e-06,-1.507571905363963514e-06,-1.809086286436756217e-06,-2.110600667509548919e-06
0.000000000000000000e+00,-2.844843843152172612e-07,-5.689687686304345224e-07,-8.534531529456517836e-07,-1.137937537260869045e-06,-1.422421921576086306e-06,-1.706906305891303567e-06,-1.991390690206521040e-06
0.000000000000000000e+00,-1.929358147731336255e-07,-3.858716295462672510e-07,-5.788074443194008500e-07,-7.717432590925343961e-07,-9.646790738656679422e-07,-1.157614888638801488e-06,-1.350550703411935034e-06
0.000000000000000000e+00,-3.213413225135844734e-07,-6.426826450271689468e-07,-9.640239675407534732e-07,-1.285365290054338105e-06,-1.606706612567922738e-06,-1.928047935081507370e-06,-2.249389257595091790e-06
0.000000000000000000e+00,-3.154941024528448095e-07,-6.309882049056896190e-07,-9.464823073585344814e-07,-1.261976409811379450e-06,-1.577470512264224418e-06,-1.892964614717069386e-06,-2.208458717169914143e-06
0.000000000000000000e+00,-2.077470928462320282e-07,-4.154941856924640564e-07,-6.232412785386960582e-07,-8.309883713849280070e-07,-1.038735464231159956e-06,-1.246482557077391905e-06,-1.454229649923623853e-06
0.000000000000000000e+00,-3.213413225132275549e-07,-6.426826450264551098e-07,-9.640239675396826118e-07,-1.285365290052910008e-06,-1.606706612566137404e-06,-1.928047935079364800e-06,-2.249389257592592196e-06
0.000000000000000000e+00,-3.154941024523956173e-07,-6.309882049047912346e-07,-9.464823073571868520e-07,-1.261976409809582469e-06,-1.577470512261978087e-06,-1.892964614714373704e-06,-2.208458717166769110e-06
0.000000000000000000e+00,-2.077470928458291052e-07,-4.154941856916582105e-07,-6.232412785374873422e-07,-8.309883713833165268e-07,-1.038735464229145711e-06,-1.246482557074974896e-06,-1.454229649920804081e-06
0.000000000000000000e+00,-3.175396057648349308e-07,-6.350792115296698617e-07,-9.526188172945048455e-07,-1.270158423059339935e-06,-1.587698028824175025e-06,-1.905237634589010114e-06,-2.222777240353845204e-06
0.000000000000000000e+00,-3.175396057645657332e-07,-6.350792115291314664e-07,-9.526188172936971996e-07,-1.270158423058262933e-06,-1.587698028822828666e-06,-1.905237634587394399e-06,-2.222777240351960132e-06
0.000000000000000000e+00,-4.962206359779641302e-07,-9.924412719559282604e-07,-1.488661907933892391e-06,-1.984882543911856521e-06,-2.481103179889820439e-06,-2.977323815867784358e-06,-3.473544451845748276e-06
0.000000000000000000e+00,-7.636990244980736331e-07,-1.527398048996147266e-06,-2.291097073494220688e-06,-3.054796097992294109e-06,-3.818495122490367530e-06,-4.582194146988441375e-06,-5.345893171486515220e-06
0.000000000000000000e+00,-7.791528884159662134e-07,-1.558305776831932427e-06,-2.337458665247898534e-06,-3.116611553663864430e-06,-3.895764442079829902e-06,-4.674917330495795375e-06,-5.454070218911760847e-06
0.000000000000000000e+00,-5.912370652938829909e-07,-1.182474130587765982e-06,-1.773711195881648973e-06,-2.364948261175531964e-06,-2.956185326469414743e-06,-3.547422391763297522e-06,-4.138659457057180301e-06
0.000000000000000000e+00,-6.445635153872262352e-07,-1.289127030774452470e-06,-1.933690546161678706e-06,-2.578254061548904941e-06,-3.222817576936131176e-06,-3.867381092323357411e-06,-4.511944607710583223e-06
0.000000000000000000e+00,-3.963713298743683930e-07,-7.927426597487367860e-07,-1.189113989623105179e-06,-1.585485319497473572e-06,-1.981856649371841753e-06,-2.378227979246209935e-06,-2.774599309120578116e-06
0.000000000000000000e+00,-7.760663940655811378e-07,-1.552132788131162276e-06,-2.328199182196743519e-06,-3.104265576262324975e-06,-3.880331970327906430e-06,-4.656398364393487885e-06,-5.432464758459069341e-06
0.000000000000000000e+00,-6.602398281056442780e-07,-1.320479656211288556e-06,-1.980719484316932940e-06,-2.640959312422577536e-06,-3.301199140528222131e-06,-3.961438968633866727e-06,-4.621678796739511323e-06
0.000000000000000000e+00,-4.962206359767657903e-07,-9.924412719535315806e-07,-1.488661907930297371e-06,-1.984882543907063161e-06,-2.481103179883828952e-06,-2.977323815860594742e-06,-3.473544451837360532e-06
0.000000000000000000e+00,-7.636990244968594114e-07,-1.527398048993718823e-06,-2.291097073490578446e-06,-3.054796097987438069e-06,-3.818495122484297692e-06,-4.582194146981156892e-06,-5.345893171478016092e-06
0.000000000000000000e+00,-7.760663940649784738e-07,-1.552132788129956948e-06,-2.328199182194935527e-06,-3.104265576259914319e-06,-3.880331970324893534e-06,-4.656398364389872749e-06,-5.432464758454851964e-06
0.000000000000000000e+00,-5.912370652926633694e-07,-1.182474130585326739e-06,-1.773711195877990002e-06,-2.364948261170653054e-06,-2.956185326463316106e-06,-3.547422391755979157e-06,-4.138659457048642209e-06
0.000000000000000000e+00,-6.445635153859422391e-07,-1.289127030771884478e-06,-1.933690546157826823e-06,-2.578254061543769380e-06,-3.222817576929711937e-06,-3.867381092315654493e-06,-4.511944607701597050e-06
0.000000000000000000e+00,-3.963713298731098079e-07,-7.927426597462196159e-07,-1.189113989619329318e-06,-1.585485319492439020e-06,-1.981856649365548722e-06,-2.378227979238658636e-06,-2.774599309111768550e-06
0.000000000000000000e+00,-4.122196639885063652e-07,-8.244393279770127304e-07,-1.236658991965519043e-06,-1.648878655954025249e-06,-2.061098319942531667e-06,-2.473317983931038085e-06,-2.885537647919544503e-06
0.000000000000000000e+00,-4.368975359250708931e-07,-8.737950718501417862e-07,-1.310692607775212573e-06,-1.747590143700283361e-06,-2.184487679625354148e-06,-2.621385215550425147e-06,-3.058282751475496146e-06
0.000000000000000000e+00,-3.048834675243141267e-07,-6.097669350486282533e-07,-9.146504025729423800e-07,-1.219533870097256507e-06,-1.524417337621570633e-06,-1.829300805145884760e-06,-2.134184272670199098e-06
0.000000000000000000e+00,-4.122196639873773762e-07,-8.244393279747547523e-07,-1.236658991962132181e-06,-1.648878655949509716e-06,-2.061098319936887040e-06,-2.473317983924264363e-06,-2.885537647911641686e-06
0.000000000000000000e+00,-4.368975359239044228e-07,-8.737950718478088457e-07,-1.310692607771713269e-06,-1.747590143695617691e-06,-2.184487679619522326e-06,-2.621385215543426961e-06,-3.058282751467331595e-06
0.000000000000000000e+00,-3.048834675231374391e-07,-6.097669350462748781e-07,-9.146504025694123701e-07,-1.219533870092549968e-06,-1.524417337615687566e-06,-1.829300805138825164e-06,-2.134184272661962550e-06
0.000000000000000000e+00,-4.161307207631207011e-07,-8.322614415262414021e-07,-1.248392162289362050e-06,-1.664522883052482592e-06,-2.080653603815603135e-06,-2.496784324578723677e-06,-2.912915045341844219e-06
0.000000000000000000e+00,-4.070109003989684781e-07,-8.140218007979369563e-07,-1.221032701196905487e-06,-1.628043601595874124e-06,-2.035054501994842973e-06,-2.442065402393811822e-06,-2.849076302792780670e-06
0.000000000000000000e+00,-2.984829012766399530e-07,-5.969658025532799060e-07,-8.954487038299198060e-07,-1.193931605106559600e-06,-1.492414506383199394e-06,-1.790897407659839188e-06,-2.089380308936478771e-06
0.000000000000000000e+00,-4.161307207621156435e-07,-8.322614415242312871e-07,-1.248392162286347036e-06,-1.664522883048462786e-06,-2.080653603810578535e-06,-2.496784324572694073e-06,-2.912915045334809611e-06
0.000000000000000000e+00,-4.070109003978990990e-07,-8.140218007957981981e-07,-1.221032701193697350e-06,-1.628043601591596608e-06,-2.035054501989495654e-06,-2.442065402387394700e-06,-2.849076302785293746e-06
0.000000000000000000e+00,-2.984829012755898439e-07,-5.969658025511796878e-07,-8.954487038267694787e-07,-1.193931605102359164e-06,-1.492414506377948849e-06,-1.790897407653538534e-06,-2.089380308929128219e-06
0.000000000000000000e+00,-4.612568365581438370e-07,-9.225136731162876739e-07,-1.383770509674431617e-06,-1.845027346232575560e-06,-2.306284182790719502e-06,-2.767541019348863234e-06,-3.228797855907006965e-06
0.000000000000000000e+00,-4.366886648621504198e-07,-8.733773297243008395e-07,-1.310065994586451365e-06,-1.746754659448601891e-06,-2.183443324310752416e-06,-2.620131989172902730e-06,-3.056820654035053044e-06
0.000000000000000000e+00,-3.335157206996356323e-07,-6.670314413992712647e-07,-1.000547162098906950e-06,-1.334062882798542741e-06,-1.667578603498178532e-06,-2.001094324197814323e-06,-2.334610044897450115e-06
0.000000000000000000e+00,-4.612568365573148564e-07,-9.225136731146297128e-07,-1.383770509671944516e-06,-1.845027346229259214e-06,-2.306284182786574123e-06,-2.767541019343889033e-06,-3.228797855901203942e-06
0.000000000000000000e+00,-4.366886648612279479e-07,-8.733773297224558959e-07,-1.310065994583683897e-06,-1.746754659444912004e-06,-2.183443324306139899e-06,-2.620131989167367794e-06,-3.056820654028595689e-06
0.000000000000000000e+00,-3.335157206987484712e-07,-6.670314413974969424e-07,-1.000547162096245361e-06,-1.334062882794993673e-06,-1.667578603493741985e-06,-2.001094324192490298e-06,-2.334610044891238822e-06
0.000000000000000000e+00,-5.203301415682463297e-07,-1.040660283136492659e-06,-1.560990424704738989e-06,-2.081320566272985319e-06,-2.601650707841231648e-06,-3.121980849409477978e-06,-3.642310990977724308e-06
0.000000000000000000e+00,-4.918135513955601761e-07,-9.836271027911203521e-07,-1.475440654186680528e-06,-1.967254205582240704e-06,-2.459067756977800668e-06,-2.950881308373360633e-06,-3.442694859768920597e-06
0.000000000000000000e+00,-3.840030988102367365e-07,-7.680061976204734731e-07,-1.152009296430710315e-06,-1.536012395240947158e-06,-1.920015494051184000e-06,-2.304018592861420631e-06,-2.688021691671657262e-06
0.000000000000000000e+00,-5.203301415675791854e-07,-1.040660283135158371e-06,-1.560990424702737450e-06,-2.081320566270316318e-06,-2.601650707837895186e-06,-3.121980849405474053e-06,-3.642310990973052921e-06
0.000000000000000000e+00,-4.918135513948099166e-07,-9.836271027896198332e-07,-1.475440654184429750e-06,-1.967254205579239666e-06,-2.459067756974049583e-06,-2.950881308368859500e-06,-3.442694859763669416e-06
0.000000000000000000e+00,-3.840030988095351815e-07,-7.680061976190703630e-07,-1.152009296428605439e-06,-1.536012395238140514e-06,-1.920015494047675590e-06,-2.304018592857210877e-06,-2.688021691666746165e-06
0.000000000000000000e+00,-5.739341357811236951e-07,-1.147868271562247390e-06,-1.721802407343371191e-06,-2.295736543124495204e-06,-2.869670678905619216e-06,-3.443604814686743229e-06,-4.017538950467867242e-06
0.000000000000000000e+00,-5.501650456248673038e-07,-1.100330091249734608e-06,-1.650495136874602017e-06,-2.200660182499469639e-06,-2.750825228124337260e-06,-3.300990273749204882e-06,-3.851155319374072503e-06
0.000000000000000000e+00,-4.308582317135411074e-07,-8.617164634270822148e-07,-1.292574695140623269e-06,-1.723432926854164218e-06,-2.154291158567705378e-06,-2.585149390281246538e-06,-3.016007621994787699e-06
0.000000000000000000e+00,-5.739341357806497801e-07,-1.147868271561299560e-06,-1.721802407341949446e-06,-2.295736543122599544e-06,-2.869670678903249642e-06,-3.443604814683899740e-06,-4.017538950464549414e-06
0.000000000000000000e+00,-5.501650456242993682e-07,-1.100330091248598736e-06,-1.650495136872898211e-06,-2.200660182497197896e-06,-2.750825228121497582e-06,-3.300990273745797268e-06,-3.851155319370096531e-06
0.000000000000000000e+00,-4.308582317130337346e-07,-8.617164634260674693e-07,-1.292574695139101151e-06,-1.723432926852134727e-06,-2.154291158565168514e-06,-2.585149390278202302e-06,-3.016007621991236090e-06
0.000000000000000000e+00,-6.067141884441908103e-07,-1.213428376888381621e-06,-1.820142565332572537e-06,-2.426856753776763665e-06,-3.033570942220954792e-06,-3.640285130665145920e-06,-4.246999319109336625e-06
0.000000000000000000e+00,-5.947970407296062967e-07,-1.189594081459212593e-06,-1.784391122188818890e-06,-2.379188162918425187e-06,-2.973985203648031483e-06,-3.568782244377637780e-06,-4.163579285107244077e-06
0.000000000000000000e+00,-4.564741248921738095e-07,-9.129482497843476190e-07,-1.369422374676521429e-06,-1.825896499568695238e-06,-2.282370624460869048e-06,-2.738844749353042857e-06,-3.195318874245216667e-06
0.000000000000000000e+00,-6.067141884438179040e-07,-1.213428376887635808e-06,-1.820142565331453606e-06,-2.426856753775271192e-06,-3.033570942219088779e-06,-3.640285130662906365e-06,-4.246999319106724375e-06
0.000000000000000000e+00,-5.947970407291890271e-07,-1.189594081458378054e-06,-1.784391122187566975e-06,-2.379188162916755685e-06,-2.973985203645944394e-06,-3.568782244375133104e-06,-4.163579285104321813e-06
0.000000000000000000e+00,-4.564741248918256260e-07,-9.129482497836512520e-07,-1.369422374675476825e-06,-1.825896499567302292e-06,-2.282370624459127971e-06,-2.738844749350953650e-06,-3.195318874242779329e-06
0.000000000000000000e+00,-6.096414240486392546e-07,-1.219282848097278509e-06,-1.828924272145917870e-06,-2.438565696194557442e-06,-3.048207120243197014e-06,-3.657848544291836586e-06,-4.267489968340476158e-06
0.000000000000000000e+00,-6.096414240483167468e-07,-1.219282848096633494e-06,-1.828924272144950134e-06,-2.438565696193266564e-06,-3.048207120241582993e-06,-3.657848544289899422e-06,-4.267489968338215428e-06
0.000000000000000000e+00,-7.322736410120322663e-07,-1.464547282024064533e-06,-2.196820923036096799e-06,-2.929094564048129065e-06,-3.661368205060161331e-06,-4.393641846072193598e-06,-5.125915487084225864e-06
0.000000000000000000e+00,-9.831195097011623301e-07,-1.966239019402324660e-06,-2.949358529103486990e-06,-3.932478038804649320e-06,-4.915597548505811650e-06,-5.898717058206973980e-06,-6.881836567908136310e-06
0.000000000000000000e+00,-9.941947006334868224e-07,-1.988389401266973645e-06,-2.982584101900460256e-06,-3.976778802533946443e-06,-4.970973503167432630e-06,-5.965168203800918817e-06,-6.959362904434405004e-06
0.000000000000000000e+00,-8.181639980950594497e-07,-1.636327996190118899e-06,-2.454491994285178561e-06,-3.272655992380238222e-06,-4.090819990475297884e-06,-4.908983988570357122e-06,-5.727147986665416360e-06
0.000000000000000000e+00,-8.770224010982064578e-07,-1.754044802196412916e-06,-2.631067203294619479e-06,-3.508089604392826255e-06,-4.385112005491032607e-06,-5.262134406589238958e-06,-6.139156807687445310e-06
0.000000000000000000e+00,-6.116623459546438201e-07,-1.223324691909287640e-06,-1.834987037863931355e-06,-2.446649383818574857e-06,-3.058311729773218360e-06,-3.669974075727861862e-06,-4.281636421682504941e-06
0.000000000000000000e+00,-9.920092460889707177e-07,-1.984018492177941435e-06,-2.976027738266912365e-06,-3.968036984355883718e-06,-4.960046230444855071e-06,-5.952055476533826424e-06,-6.944064722622797777e-06
0.000000000000000000e+00,-8.908528993348100424e-07,-1.781705798669620085e-06,-2.672558698004430339e-06,-3.563411597339240593e-06,-4.454264496674050847e-06,-5.345117396008860678e-06,-6.235970295343670508e-06
0.000000000000000000e+00,-7.322736410109284765e-07,-1.464547282021856953e-06,-2.196820923032785324e-06,-2.929094564043713482e-06,-3.661368205054641641e-06,-4.393641846065569800e-06,-5.125915487076498382e-06
0.000000000000000000e+00,-9.831195097000563168e-07,-1.966239019400112634e-06,-2.949358529100169162e-06,-3.932478038800226114e-06,-4.915597548500283066e-06,-5.898717058200340018e-06,-6.881836567900396970e-06
0.000000000000000000e+00,-9.920092460884150641e-07,-1.984018492176830128e-06,-2.976027738265245404e-06,-3.968036984353661103e-06,-4.960046230442076803e-06,-5.952055476530492502e-06,-6.944064722618908202e-06
0.000000000000000000e+00,-8.181639980939435897e-07,-1.636327996187887179e-06,-2.454491994281830663e-06,-3.272655992375773935e-06,-4.090819990469716784e-06,-4.908983988563659632e-06,-5.727147986657602481e-06
0.000000000000000000e+00,-8.770224010970479285e-07,-1.754044802194095857e-06,-2.631067203291143680e-06,-3.508089604388191290e-06,-4.385112005485238901e-06,-5.262134406582286512e-06,-6.139156807679334123e-06
0.000000000000000000e+00,-6.116623459534934435e-07,-1.223324691906986887e-06,-1.834987037860480331e-06,-2.446649383813973774e-06,-3.058311729767467429e-06,-3.669974075720961085e-06,-4.281636421674454740e-06
0.000000000000000000e+00,-6.653882440370561436e-07,-1.330776488074112287e-06,-1.996164732111168431e-06,-2.661552976148224574e-06,-3.326941220185280718e-06,-3.992329464222336861e-06,-4.657717708259393428e-06
0.000000000000000000e+00,-6.814052069203634338e-07,-1.362810413840726868e-06,-2.044215620761090196e-06,-2.725620827681453312e-06,-3.407026034601816428e-06,-4.088431241522179544e-06,-4.769836448442542237e-06
0.000000000000000000e+00,-5.343041903886168821e-07,-1.068608380777233764e-06,-1.602912571165850646e-06,-2.137216761554467528e-06,-2.671520951943084410e-06,-3.205825142331701292e-06,-3.740129332720318174e-06
0.000000000000000000e+00,-6.653882440360102696e-07,-1.330776488072020539e-06,-1.996164732108030597e-06,-2.661552976144040655e-06,-3.326941220180050713e-06,-3.992329464216061194e-06,-4.657717708252071676e-06
0.000000000000000000e+00,-6.814052069192795493e-07,-1.362810413838559099e-06,-2.044215620757838860e-06,-2.725620827677118621e-06,-3.407026034596398382e-06,-4.088431241515677719e-06,-4.769836448434957057e-06
0.000000000000000000e+00,-5.343041903875389268e-07,-1.068608380775077854e-06,-1.602912571162616674e-06,-2.137216761550155283e-06,-2.671520951937693893e-06,-3.205825142325232502e-06,-3.740129332712771111e-06
0.000000000000000000e+00,-6.836671621984523108e-07,-1.367334324396904622e-06,-2.051001486595357038e-06,-2.734668648793809667e-06,-3.418335810992262295e-06,-4.102002973190714923e-06,-4.785670135389167128e-06
0.000000000000000000e+00,-6.672998626294626636e-07,-1.334599725258925327e-06,-2.001899587888388203e-06,-2.669199450517851078e-06,-3.336499313147313953e-06,-4.003799175776776405e-06,-4.671099038406238857e-06
0.000000000000000000e+00,-5.464440540134057821e-07,-1.092888108026811564e-06,-1.639332162040217240e-06,-2.185776216053622705e-06,-2.732220270067028169e-06,-3.278664324080433634e-06,-3.825108378093839098e-06
0.000000000000000000e+00,-6.836671621975322212e-07,-1.367334324395064442e-06,-2.051001486592596558e-06,-2.734668648790128461e-06,-3.418335810987660365e-06,-4.102002973185192269e-06,-4.785670135382724596e-06
0.000000000000000000e+00,-6.672998626284837053e-07,-1.334599725256967411e-06,-2.001899587885451116e-06,-2.669199450513934821e-06,-3.336499313142418526e-06,-4.003799175770902232e-06,-4.671099038399385514e-06
0.000000000000000000e+00,-5.464440540124437644e-07,-1.092888108024887529e-06,-1.639332162037331399e-06,-2.185776216049775481e-06,-2.732220270062219563e-06,-3.278664324074663645e-06,-3.825108378087107727e-06
0.000000000000000000e+00,-7.413883358142968630e-07,-1.482776671628593726e-06,-2.224165007442890695e-06,-2.965553343257187876e-06,-3.706941679071485056e-06,-4.448330014885782237e-06,-5.189718350700079841e-06
0.000000000000000000e+00,-7.104966571355198313e-07,-1.420993314271039663e-06,-2.131489971406559706e-06,-2.841986628542079749e-06,-3.552483285677599792e-06,-4.262979942813119411e-06,-4.973476599948639031e-06
0.000000000000000000e+00,-5.990362477535027097e-07,-1.198072495507005419e-06,-1.797108743260508129e-06,-2.396144991014010839e-06,-2.995181238767513548e-06,-3.594217486521016258e-06,-4.193253734274519391e-06
0.000000000000000000e+00,-7.413883358135020285e-07,-1.482776671627004057e-06,-2.224165007440505874e-06,-2.965553343254007690e-06,-3.706941679067509507e-06,-4.448330014881011747e-06,-5.189718350694513988e-06
0.000000000000000000e+00,-7.104966571346639045e-07,-1.420993314269327809e-06,-2.131489971403991502e-06,-2.841986628538655194e-06,-3.552483285673318887e-06,-4.262979942807983003e-06,-4.973476599942647119e-06
0.000000000000000000e+00,-5.990362477526967578e-07,-1.198072495505393516e-06,-1.797108743258090274e-06,-2.396144991010787031e-06,-2.995181238763483789e-06,-3.594217486516180547e-06,-4.193253734268877305e-06
0.000000000000000000e+00,-8.117969980295739627e-07,-1.623593996059147925e-06,-2.435390994088721782e-06,-3.247187992118295427e-06,-4.058984990147868649e-06,-4.870781988177441870e-06,-5.682578986207015092e-06
0.000000000000000000e+00,-7.777520484885833250e-07,-1.555504096977166650e-06,-2.333256145465750187e-06,-3.111008193954333723e-06,-3.888760242442917260e-06,-4.666512290931500373e-06,-5.444264339420083487e-06
0.000000000000000000e+00,-6.646827452062670794e-07,-1.329365490412534159e-06,-1.994048235618801238e-06,-2.658730980825068318e-06,-3.323413726031335397e-06,-3.988096471237602476e-06,-4.652779216443869556e-06
0.000000000000000000e+00,-8.117969980289221708e-07,-1.623593996057844342e-06,-2.435390994086766407e-06,-3.247187992115688260e-06,-4.058984990144610113e-06,-4.870781988173531966e-06,-5.682578986202453819e-06
0.000000000000000000e+00,-7.777520484878549825e-07,-1.555504096975709965e-06,-2.333256145463564842e-06,-3.111008193951419507e-06,-3.888760242439274172e-06,-4.666512290927128836e-06,-5.444264339414983501e-06
0.000000000000000000e+00,-6.646827452056276754e-07,-1.329365490411255351e-06,-1.994048235616883132e-06,-2.658730980822511125e-06,-3.323413726028139118e-06,-3.988096471233767111e-06,-4.652779216439394681e-06
0.000000000000000000e+00,-8.767093840843363796e-07,-1.753418768168672759e-06,-2.630128152253009245e-06,-3.506837536337345942e-06,-4.383546920421683063e-06,-5.260256304506020184e-06,-6.136965688590357304e-06
0.000000000000000000e+00,-8.470866924107903475e-07,-1.694173384821580695e-06,-2.541260077232371254e-06,-3.388346769643161814e-06,-4.235433462053952373e-06,-5.082520154464742509e-06,-5.929606846875532645e-06
0.000000000000000000e+00,-7.246182206774128405e-07,-1.449236441354825681e-06,-2.173854662032238627e-06,-2.898472882709651786e-06,-3.623091103387064944e-06,-4.347709324064478102e-06,-5.072327544741891260e-06
0.000000000000000000e+00,-8.767093840837858082e-07,-1.753418768167571616e-06,-2.630128152251357530e-06,-3.506837536335143656e-06,-4.383546920418930206e-06,-5.260256304502716755e-06,-6.136965688586503304e-06
0.000000000000000000e+00,-8.470866924102021890e-07,-1.694173384820404378e-06,-2.541260077230606461e-06,-3.388346769640808333e-06,-4.235433462051009781e-06,-5.082520154461211228e-06,-5.929606846871412676e-06
0.000000000000000000e+00,-7.246182206769108676e-07,-1.449236441353821735e-06,-2.173854662030732603e-06,-2.898472882707643471e-06,-3.623091103384554338e-06,-4.347709324061465206e-06,-5.072327544738376073e-06
0.000000000000000000e+00,-9.319710710690771455e-07,-1.863942142138154291e-06,-2.795913213207231437e-06,-3.727884284276308582e-06,-4.659855355345386151e-06,-5.591826426414463720e-06,-6.523797497483541289e-06
0.000000000000000000e+00,-9.061775953236178741e-07,-1.812355190647235748e-06,-2.718532785970853622e-06,-3.624710381294471496e-06,-4.530887976618088947e-06,-5.437065571941706397e-06,-6.343243167265323848e-06
0.000000000000000000e+00,-7.662710438934479872e-07,-1.532542087786895974e-06,-2.298813131680343856e-06,-3.065084175573791525e-06,-3.831355219467239195e-06,-4.597626263360686865e-06,-5.363897307254134534e-06
0.000000000000000000e+00,-9.319710710685909486e-07,-1.863942142137181897e-06,-2.795913213205772846e-06,-3.727884284274363794e-06,-4.659855355342955167e-06,-5.591826426411546539e-06,-6.523797497480137911e-06
0.000000000000000000e+00,-9.061775953230950430e-07,-1.812355190646190086e-06,-2.718532785969285341e-06,-3.624710381292380595e-06,-4.530887976615475850e-06,-5.437065571938570681e-06,-6.343243167261665513e-06
0.000000000000000000e+00,-7.662710438930187533e-07,-1.532542087786037507e-06,-2.298813131679056366e-06,-3.065084175572075437e-06,-3.831355219465094508e-06,-4.597626263358113578e-06,-5.363897307251132649e-06
0.000000000000000000e+00,-9.581058167668730422e-07,-1.916211633533746084e-06,-2.874317450300618915e-06,-3.832423267067491322e-06,-4.790529083834363728e-06,-5.748634900601236135e-06,-6.706740717368108542e-06
0.000000000000000000e+00,-9.581058167665033123e-07,-1.916211633533006625e-06,-2.874317450299510149e-06,-3.832423267066014096e-06,-4.790529083832518044e-06,-5.748634900599021991e-06,-6.706740717365525939e-06
0.000000000000000000e+00,-1.029358240105105111e-06,-2.058716480210210222e-06,-3.088074720315315545e-06,-4.117432960420421291e-06,-5.146791200525527037e-06,-6.176149440630632784e-06,-7.205507680735738530e-06
0.000000000000000000e+00,-1.172902308807803816e-06,-2.345804617615607632e-06,-3.518706926423411236e-06,-4.691609235231214417e-06,-5.864511544039017598e-06,-7.037413852846820779e-06,-8.210316161654623960e-06
0.000000000000000000e+00,-1.175098759389232423e-06,-2.350197518778464847e-06,-3.525296278167697482e-06,-4.700395037556930541e-06,-5.875493796946163600e-06,-7.050592556335396658e-06,-8.225691315724629717e-06
0.000000000000000000e+00,-1.087406045737522355e-06,-2.174812091475044709e-06,-3.262218137212567064e-06,-4.349624182950089418e-06,-5.437030228687611773e-06,-6.524436274425134127e-06,-7.611842320162656482e-06
0.000000000000000000e+00,-1.083802889327658921e-06,-2.167605778655317842e-06,-3.251408667982976763e-06,-4.335211557310635685e-06,-5.419014446638294606e-06,-6.502817335965953527e-06,-7.586620225293612448e-06
0.000000000000000000e+00,-8.808880052802259328e-07,-1.761776010560451866e-06,-2.642664015840677798e-06,-3.523552021120903731e-06,-4.404440026401130087e-06,-5.285328031681356444e-06,-6.166216036961582800e-06
0.000000000000000000e+00,-1.174826441730427056e-06,-2.349652883460854112e-06,-3.524479325191281379e-06,-4.699305766921709070e-06,-5.874132208652136761e-06,-7.048958650382564453e-06,-8.223785092112992991e-06
0.000000000000000000e+00,-1.090758878986926276e-06,-2.181517757973852552e-06,-3.272276636960778828e-06,-4.363035515947705104e-06,-5.453794394934631380e-06,-6.544553273921557655e-06,-7.635312152908483931e-06
0.000000000000000000e+00,-1.029358240104039120e-06,-2.058716480208078240e-06,-3.088074720312117148e-06,-4.117432960416155633e-06,-5.146791200520194118e-06,-6.176149440624232603e-06,-7.205507680728271087e-06
0.000000000000000000e+00,-1.172902308806738249e-06,-2.345804617613476497e-06,-3.518706926420214534e-06,-4.691609235226952147e-06,-5.864511544033689761e-06,-7.037413852840427374e-06,-8.210316161647164987e-06
0.000000000000000000e+00,-1.174826441729905072e-06,-2.349652883459810144e-06,-3.524479325189715215e-06,-4.699305766919620287e-06,-5.874132208649525359e-06,-7.048958650379430431e-06,-8.223785092109335502e-06
0.000000000000000000e+00,-1.087406045736457846e-06,-2.174812091472915692e-06,-3.262218137209373750e-06,-4.349624182945832231e-06,-5.437030228682290712e-06,-6.524436274418749193e-06,-7.611842320155207674e-06
0.000000000000000000e+00,-1.083802889326588483e-06,-2.167605778653176967e-06,-3.251408667979765662e-06,-4.335211557306354780e-06,-5.419014446632943899e-06,-6.502817335959533017e-06,-7.586620225286122136e-06
0.000000000000000000e+00,-8.808880052791406718e-07,-1.761776010558281344e-06,-2.642664015837422227e-06,-3.523552021116563111e-06,-4.404440026395703994e-06,-5.285328031674844454e-06,-6.166216036953984915e-06
0.000000000000000000e+00,-9.670157994181143560e-07,-1.934031598836228712e-06,-2.901047398254342856e-06,-3.868063197672456577e-06,-4.835078997090570298e-06,-5.802094796508684018e-06,-6.769110595926797739e-06
0.000000000000000000e+00,-9.885150332460791070e-07,-1.977030066492158214e-06,-2.965545099738237533e-06,-3.954060132984317275e-06,-4.942575166230397017e-06,-5.931090199476476759e-06,-6.919605232722556502e-06
0.000000000000000000e+00,-8.099953809663109060e-07,-1.619990761932621812e-06,-2.429986142898932718e-06,-3.239981523865243624e-06,-4.049976904831554530e-06,-4.859972285797865436e-06,-5.669967666764176342e-06
0.000000000000000000e+00,-9.670157994170746231e-07,-1.934031598834149246e-06,-2.901047398251224081e-06,-3.868063197668299339e-06,-4.835078997085374598e-06,-5.802094796502449856e-06,-6.769110595919525114e-06
0.000000000000000000e+00,-9.885150332450353506e-07,-1.977030066490070701e-06,-2.965545099735106052e-06,-3.954060132980141402e-06,-4.942575166225176753e-06,-5.931090199470212104e-06,-6.919605232715247454e-06
0.000000000000000000e+00,-8.099953809652652439e-07,-1.619990761930530488e-06,-2.429986142895795732e-06,-3.239981523861060975e-06,-4.049976904826326643e-06,-4.859972285791592310e-06,-5.669967666756857978e-06
0.000000000000000000e+00,-9.631752216405065698e-07,-1.926350443281013140e-06,-2.889525664921519709e-06,-3.852700886562026279e-06,-4.815876108202533272e-06,-5.779051329843040266e-06,-6.742226551483547259e-06
0.000000000000000000e+00,-9.588452498641560996e-07,-1.917690499728312199e-06,-2.876535749592468510e-06,-3.835380999456625245e-06,-4.794226249320781980e-06,-5.753071499184938715e-06,-6.711916749049095450e-06
0.000000000000000000e+00,-8.148290466148902587e-07,-1.629658093229780517e-06,-2.444487139844670670e-06,-3.259316186459560611e-06,-4.074145233074450552e-06,-4.888974279689340493e-06,-5.703803326304230434e-06
0.000000000000000000e+00,-9.631752216395379876e-07,-1.926350443279075975e-06,-2.889525664918613963e-06,-3.852700886558151950e-06,-4.815876108197689938e-06,-5.779051329837227926e-06,-6.742226551476765913e-06
0.000000000000000000e+00,-9.588452498631566007e-07,-1.917690499726313201e-06,-2.876535749589470014e-06,-3.835380999452627250e-06,-4.794226249315784486e-06,-5.753071499178941722e-06,-6.711916749042098958e-06
0.000000000000000000e+00,-8.148290466139484639e-07,-1.629658093227896928e-06,-2.444487139841845392e-06,-3.259316186455793856e-06,-4.074145233069741896e-06,-4.888974279683689936e-06,-5.703803326297637977e-06
0.000000000000000000e+00,-1.001149056495627676e-06,-2.002298112991255351e-06,-3.003447169486883239e-06,-4.004596225982511549e-06,-5.005745282478139860e-06,-6.006894338973768171e-06,-7.008043395469396482e-06
0.000000000000000000e+00,-9.787399576608854307e-07,-1.957479915321770861e-06,-2.936219872982656504e-06,-3.914959830643542570e-06,-4.893699788304428636e-06,-5.872439745965314702e-06,-6.851179703626200768e-06
0.000000000000000000e+00,-8.623922107954402810e-07,-1.724784421590880562e-06,-2.587176632386321055e-06,-3.449568843181761548e-06,-4.311961053977202040e-06,-5.174353264772642110e-06,-6.036745475568082179e-06
0.000000000000000000e+00,-1.001149056494744008e-06,-2.002298112989488017e-06,-3.003447169484232025e-06,-4.004596225978976034e-06,-5.005745282473720042e-06,-6.006894338968464051e-06,-7.008043395463208059e-06
0.000000000000000000e+00,-9.787399576599611060e-07,-1.957479915319922212e-06,-2.936219872979883318e-06,-3.914959830639844424e-06,-4.893699788299805530e-06,-5.872439745959766636e-06,-6.851179703619727742e-06
0.000000000000000000e+00,-8.623922107945975891e-07,-1.724784421589195178e-06,-2.587176632383792661e-06,-3.449568843178389933e-06,-4.311961053972987204e-06,-5.174353264767584476e-06,-6.036745475562181747e-06
0.000000000000000000e+00,-1.065967547884480225e-06,-2.131935095768960451e-06,-3.197902643653440888e-06,-4.263870191537921748e-06,-5.329837739422402609e-06,-6.395805287306883469e-06,-7.461772835191364330e-06
0.000000000000000000e+00,-1.032619282013131692e-06,-2.065238564026263383e-06,-3.097857846039394863e-06,-4.130477128052525919e-06,-5.163096410065656975e-06,-6.195715692078788031e-06,-7.228334974091919088e-06
0.000000000000000000e+00,-9.307042231709560332e-07,-1.861408446341912066e-06,-2.792112669512868311e-06,-3.722816892683824556e-06,-4.653521115854780801e-06,-5.584225339025736623e-06,-6.514929562196692444e-06
0.000000000000000000e+00,-1.065967547883659450e-06,-2.131935095767318901e-06,-3.197902643650978563e-06,-4.263870191534638649e-06,-5.329837739418298734e-06,-6.395805287301958820e-06,-7.461772835185618906e-06
0.000000000000000000e+00,-1.032619282012283388e-06,-2.065238564024566776e-06,-3.097857846036850376e-06,-4.130477128049134399e-06,-5.163096410061418422e-06,-6.195715692073702446e-06,-7.228334974085986469e-06
0.000000000000000000e+00,-9.307042231702208086e-07,-1.861408446340441617e-06,-2.792112669510662637e-06,-3.722816892680883658e-06,-4.653521115851104678e-06,-5.584225339021325275e-06,-6.514929562191545872e-06
0.000000000000000000e+00,-1.142514749557929908e-06,-2.285029499115859817e-06,-3.427544248673789513e-06,-4.570058998231718786e-06,-5.712573747789648059e-06,-6.855088497347577332e-06,-7.997603246905507453e-06
0.000000000000000000e+00,-1.105480591671585156e-06,-2.210961183343170313e-06,-3.316441775014755469e-06,-4.421922366686340626e-06,-5.527402958357926206e-06,-6.632883550029511786e-06,-7.738364141701097366e-06
0.000000000000000000e+00,-1.002278324876553376e-06,-2.004556649753106753e-06,-3.006834974629660341e-06,-4.009113299506214352e-06,-5.011391624382768364e-06,-6.013669949259322375e-06,-7.015948274135876387e-06
0.000000000000000000e+00,-1.142514749557217765e-06,-2.285029499114435531e-06,-3.427544248671653296e-06,-4.570058998228871062e-06,-5.712573747786088827e-06,-6.855088497343306592e-06,-7.997603246900523511e-06
0.000000000000000000e+00,-1.105480591670813721e-06,-2.210961183341627442e-06,-3.316441775012440952e-06,-4.421922366683254038e-06,-5.527402958354067124e-06,-6.632883550024880210e-06,-7.738364141695693295e-06
0.000000000000000000e+00,-1.002278324875889726e-06,-2.004556649751779452e-06,-3.006834974627668966e-06,-4.009113299503558057e-06,-5.011391624379447148e-06,-6.013669949255336238e-06,-7.015948274131225329e-06
0.000000000000000000e+00,-1.219742155297699335e-06,-2.439484310595398671e-06,-3.659226465893098218e-06,-4.878968621190798188e-06,-6.098710776488498159e-06,-7.318452931786198129e-06,-8.538195087083898100e-06
0.000000000000000000e+00,-1.182816768950000153e-06,-2.365633537900000307e-06,-3.548450306850000460e-06,-4.731267075800000614e-06,-5.914083844750000343e-06,-7.096900613700000073e-06,-8.279717382649999803e-06
0.000000000000000000e+00,-1.069741226217716845e-06,-2.139482452435433690e-06,-3.209223678653150746e-06,-4.278964904870868226e-06,-5.348706131088585707e-06,-6.418447357306303187e-06,-7.488188583524020667e-06
0.000000000000000000e+00,-1.219742155296935735e-06,-2.439484310593871470e-06,-3.659226465890806994e-06,-4.878968621187742093e-06,-6.098710776484677193e-06,-7.318452931781612293e-06,-8.538195087078546546e-06
0.000000000000000000e+00,-1.182816768949264505e-06,-2.365633537898529011e-06,-3.548450306847793516e-06,-4.731267075797058021e-06,-5.914083844746322526e-06,-7.096900613695587032e-06,-8.279717382644851537e-06
0.000000000000000000e+00,-1.069741226217090252e-06,-2.139482452434180504e-06,-3.209223678651270757e-06,-4.278964904868361009e-06,-5.348706131085451685e-06,-6.418447357302542360e-06,-7.488188583519633036e-06
0.000000000000000000e+00,-1.308153235207886985e-06,-2.616306470415773970e-06,-3.924459705623661167e-06,-5.232612940831548787e-06,-6.540766176039436408e-06,-7.848919411247324028e-06,-9.157072646455210801e-06
0.000000000000000000e+00,-1.308500007371708732e-06,-2.617000014743417464e-06,-3.925500022115126408e-06,-5.234000029486835775e-06,-6.542500036858545143e-06,-7.851000044230254510e-06,-9.159500051601964724e-06
0.000000000000000000e+00,-1.262579234466142184e-06,-2.525158468932284367e-06,-3.787737703398426763e-06,-5.050316937864569582e-06,-6.312896172330712400e-06,-7.575475406796855219e-06,-8.838054641262998038e-06
0.000000000000000000e+00,-1.144203381156849615e-06,-2.288406762313699230e-06,-3.432610143470548845e-06,-4.576813524627398460e-06,-5.721016905784248074e-06,-6.865220286941097689e-06,-8.009423668097946457e-06
0.000000000000000000e+00,-1.308453795966307517e-06,-2.616907591932615034e-06,-3.925361387898922551e-06,-5.233815183865230068e-06,-6.542268979831537584e-06,-7.850722775797845101e-06,-9.159176571764152618e-06
0.000000000000000000e+00,-1.144273126614275201e-06,-2.288546253228550402e-06,-3.432819379842825391e-06,-4.577092506457099957e-06,-5.721365633071374523e-06,-6.865638759685649089e-06,-8.009911886299923655e-06
0.000000000000000000e+00,-1.308153235207206818e-06,-2.616306470414413635e-06,-3.924459705621620665e-06,-5.232612940828828117e-06,-6.540766176036035570e-06,-7.848919411243243023e-06,-9.157072646450450476e-06
0.000000000000000000e+00,-1.308453795965960657e-06,-2.616907591931921314e-06,-3.925361387897882394e-06,-5.233815183863843475e-06,-6.542268979829804555e-06,-7.850722775795764788e-06,-9.159176571761725022e-06
0.000000000000000000e+00,-1.262579234465433217e-06,-2.525158468930866434e-06,-3.787737703396299863e-06,-5.050316937861733715e-06,-6.312896172327167568e-06,-7.575475406792601420e-06,-8.838054641258036119e-06
0.000000000000000000e+00,-1.144203381156408734e-06,-2.288406762312817468e-06,-3.432610143469226203e-06,-4.576813524625634937e-06,-5.721016905782043248e-06,-6.865220286938451558e-06,-8.009423668094859869e-06
0.000000000000000000e+00,-1.306875369604514335e-06,-2.613750739209028669e-06,-3.920626108813542580e-06,-5.227501478418056492e-06,-6.534376848022570403e-06,-7.841252217627085161e-06,-9.148127587231599919e-06
0.000000000000000000e+00,-1.319723842528969033e-06,-2.639447685057938067e-06,-3.959171527586907312e-06,-5.278895370115876980e-06,-6.598619212644846649e-06,-7.918343055173816317e-06,-9.238066897702785986e-06
0.000000000000000000e+00,-1.312122616547407099e-06,-2.624245233094814197e-06,-3.936367849642221084e-06,-5.248490466189627548e-06,-6.560613082737034011e-06,-7.872735699284440474e-06,-9.184858315831846091e-06
0.000000000000000000e+00,-1.318091754389559852e-06,-2.636183508779119703e-06,-3.954275263168679979e-06,-5.272367017558240254e-06,-6.590458771947800529e-06,-7.908550526337359957e-06,-9.226642280726919386e-06
0.000000000000000000e+00,-1.253724858409605571e-06,-2.507449716819211143e-06,-3.761174575228816926e-06,-5.014899433638423133e-06,-6.268624292048029340e-06,-7.522349150457635546e-06,-8.776074008867241753e-06
0.000000000000000000e+00,-1.175605512722467119e-06,-2.351211025444934239e-06,-3.526816538167401146e-06,-4.702422050889867630e-06,-5.878027563612334114e-06,-7.053633076334800598e-06,-8.229238589057267082e-06
0.000000000000000000e+00,-1.313905100350003441e-06,-2.627810200700006882e-06,-3.941715301050009899e-06,-5.255620401400012917e-06,-6.569525501750015934e-06,-7.883430602100019799e-06,-9.197335702450023663e-06
0.000000000000000000e+00,-1.250956491045384452e-06,-2.501912982090768903e-06,-3.752869473136153567e-06,-5.003825964181538653e-06,-6.254782455226923740e-06,-7.505738946272308827e-06,-8.756695437317693067e-06
0.000000000000000000e+00,-1.306875369603519494e-06,-2.613750739207038989e-06,-3.920626108810558483e-06,-5.227501478414077978e-06,-6.534376848017597472e-06,-7.841252217621116967e-06,-9.148127587224637308e-06
0.000000000000000000e+00,-1.319723842527994522e-06,-2.639447685055989044e-06,-3.959171527583983354e-06,-5.278895370111977241e-06,-6.598619212639971127e-06,-7.918343055167965014e-06,-9.238066897695958901e-06
0.000000000000000000e+00,-1.313905100349522114e-06,-2.627810200699044229e-06,-3.941715301048566555e-06,-5.255620401398089305e-06,-6.569525501747612055e-06,-7.883430602097134805e-06,-9.197335702446657554e-06
0.000000000000000000e+00,-1.318091754388574964e-06,-2.636183508777149928e-06,-3.954275263165724681e-06,-5.272367017554299010e-06,-6.590458771942873339e-06,-7.908550526331447667e-06,-9.226642280720022843e-06
0.000000000000000000e+00,-1.253724858408602684e-06,-2.507449716817205369e-06,-3.761174575225808265e-06,-5.014899433634411585e-06,-6.268624292043014905e-06,-7.522349150451618224e-06,-8.776074008860221544e-06
0.000000000000000000e+00,-1.175605512721430986e-06,-2.351211025442861973e-06,-3.526816538164292959e-06,-4.702422050885723945e-06,-5.878027563607155355e-06,-7.053633076328586765e-06,-8.229238589050018174e-06
0.000000000000000000e+00,-1.284888255236469400e-06,-2.569776510472938800e-06,-3.854664765709408412e-06,-5.139553020945878447e-06,-6.424441276182348482e-06,-7.709329531418818518e-06,-8.994217786655289400e-06
0.000000000000000000e+00,-1.294584044565757229e-06,-2.589168089131514457e-06,-3.883752133697271474e-06,-5.178336178263028068e-06,-6.472920222828784661e-06,-7.767504267394541255e-06,-9.062088311960297848e-06
0.000000000000000000e+00,-1.128343527816051963e-06,-2.256687055632103926e-06,-3.385030583448156101e-06,-4.513374111264208699e-06,-5.641717639080261297e-06,-6.770061166896313896e-06,-7.898404694712367341e-06
0.000000000000000000e+00,-1.284888255235461643e-06,-2.569776510470923285e-06,-3.854664765706385351e-06,-5.139553020941847417e-06,-6.424441276177309483e-06,-7.709329531412770702e-06,-8.994217786648231922e-06
0.000000000000000000e+00,-1.294584044564744389e-06,-2.589168089129488778e-06,-3.883752133694233167e-06,-5.178336178258977556e-06,-6.472920222823721945e-06,-7.767504267388466335e-06,-9.062088311953211571e-06
0.000000000000000000e+00,-1.128343527815031712e-06,-2.256687055630063424e-06,-3.385030583445094924e-06,-4.513374111260126000e-06,-5.641717639075157077e-06,-6.770061166890188153e-06,-7.898404694705218383e-06
0.000000000000000000e+00,-1.281961870145506847e-06,-2.563923740291013693e-06,-3.845885610436520116e-06,-5.127847480582026540e-06,-6.409809350727532963e-06,-7.691771220873040233e-06,-8.973733091018547503e-06
0.000000000000000000e+00,-1.280013475727208587e-06,-2.560026951454417174e-06,-3.840040427181625761e-06,-5.120053902908834349e-06,-6.400067378636042936e-06,-7.680080854363251523e-06,-8.960094330090460110e-06
0.000000000000000000e+00,-1.121246232584307204e-06,-2.242492465168614408e-06,-3.363738697752921401e-06,-4.484984930337227970e-06,-5.606231162921534539e-06,-6.727477395505841108e-06,-7.848723628090147677e-06
0.000000000000000000e+00,-1.281961870144539112e-06,-2.563923740289078223e-06,-3.845885610433617335e-06,-5.127847480578156446e-06,-6.409809350722695558e-06,-7.691771220867234669e-06,-8.973733091011774628e-06
0.000000000000000000e+00,-1.280013475726215229e-06,-2.560026951452430459e-06,-3.840040427178645900e-06,-5.120053902904861764e-06,-6.400067378631077629e-06,-7.680080854357293493e-06,-8.960094330083509358e-06
0.000000000000000000e+00,-1.121246232583355774e-06,-2.242492465166711549e-06,-3.363738697750067323e-06,-4.484984930333423098e-06,-5.606231162916779296e-06,-6.727477395500135494e-06,-7.848723628083491692e-06
0.000000000000000000e+00,-1.309679416109259214e-06,-2.619358832218518429e-06,-3.929038248327777855e-06,-5.238717664437037705e-06,-6.548397080546297555e-06,-7.858076496655557404e-06,-9.167755912764817254e-06
0.000000000000000000e+00,-1.292305195581025211e-06,-2.584610391162050422e-06,-3.876915586743075421e-06,-5.169220782324099997e-06,-6.461525977905124573e-06,-7.753831173486149149e-06,-9.046136369067172878e-06
0.000000000000000000e+00,-1.152027544330512373e-06,-2.304055088661024746e-06,-3.456082632991537119e-06,-4.608110177322049492e-06,-5.760137721652561865e-06,-6.912165265983074238e-06,-8.064192810313585764e-06
0.000000000000000000e+00,-1.309679416108342937e-06,-2.619358832216685873e-06,-3.929038248325028386e-06,-5.238717664433370899e-06,-6.548397080541713412e-06,-7.858076496650056772e-06,-9.167755912758400133e-06
0.000000000000000000e+00,-1.292305195580081193e-06,-2.584610391160162386e-06,-3.876915586740243790e-06,-5.169220782320325618e-06,-6.461525977900407447e-06,-7.753831173480489275e-06,-9.046136369060571103e-06
0.000000000000000000e+00,-1.152027544329608589e-06,-2.304055088659217178e-06,-3.456082632988825766e-06,-4.608110177318434355e-06,-5.760137721648042944e-06,-6.912165265977651533e-06,-8.064192810307260122e-06
0.000000000000000000e+00,-1.369818504800936137e-06,-2.739637009601872273e-06,-4.109455514402808622e-06,-5.479274019203745393e-06,-6.849092524004682165e-06,-8.218911028805618937e-06,-9.588729533606556556e-06
0.000000000000000000e+00,-1.337148246102493074e-06,-2.674296492204986147e-06,-4.011444738307479433e-06,-5.348592984409973142e-06,-6.685741230512466851e-06,-8.022889476614960560e-06,-9.360037722717455116e-06
0.000000000000000000e+00,-1.213875907379353542e-06,-2.427751814758707085e-06,-3.641627722138060839e-06,-4.855503629517415016e-06,-6.069379536896769194e-06,-7.283255444276123372e-06,-8.497131351655477549e-06
0.000000000000000000e+00,-1.369818504800005459e-06,-2.739637009600010918e-06,-4.109455514400015954e-06,-5.479274019200020990e-06,-6.849092524000026025e-06,-8.218911028800031908e-06,-9.588729533600037790e-06
0.000000000000000000e+00,-1.337148246101564726e-06,-2.674296492203129451e-06,-4.011444738304694388e-06,-5.348592984406259749e-06,-6.685741230507825110e-06,-8.022889476609390471e-06,-9.360037722710956679e-06
0.000000000000000000e+00,-1.213875907378480675e-06,-2.427751814756961350e-06,-3.641627722135441813e-06,-4.855503629513921852e-06,-6.069379536892401892e-06,-7.283255444270881932e-06,-8.497131351649361971e-06
0.000000000000000000e+00,-1.457754658414765667e-06,-2.915509316829531334e-06,-4.373263975244297424e-06,-5.831018633659063514e-06,-7.288773292073829604e-06,-8.746527950488594848e-06,-1.020428260890336009e-05
0.000000000000000000e+00,-1.412879175470163010e-06,-2.825758350940326019e-06,-4.238637526410488605e-06,-5.651516701880651191e-06,-7.064395877350813777e-06,-8.477275052820977210e-06,-9.890154228291140644e-06
0.000000000000000000e+00,-1.295947580548905054e-06,-2.591895161097810108e-06,-3.887842741646714951e-06,-5.183790322195619369e-06,-6.479737902744523788e-06,-7.775685483293428207e-06,-9.071633063842333473e-06
0.000000000000000000e+00,-1.457754658413904870e-06,-2.915509316827809739e-06,-4.373263975241714820e-06,-5.831018633655620325e-06,-7.288773292069525830e-06,-8.746527950483431335e-06,-1.020428260889733599e-05
0.000000000000000000e+00,-1.412879175469266002e-06,-2.825758350938532003e-06,-4.238637526407798429e-06,-5.651516701877064854e-06,-7.064395877346331279e-06,-8.477275052815596857e-06,-9.890154228284862435e-06
0.000000000000000000e+00,-1.295947580548081103e-06,-2.591895161096162206e-06,-3.887842741644243308e-06,-5.183790322192324411e-06,-6.479737902740405514e-06,-7.775685483288486617e-06,-9.071633063836566873e-06
0.000000000000000000e+00,-1.562124847412784005e-06,-3.124249694825568010e-06,-4.686374542238351591e-06,-6.248499389651135173e-06,-7.810624237063918754e-06,-9.372749084476703183e-06,-1.093487393188948761e-05
0.000000000000000000e+00,-1.511287389734365846e-06,-3.022574779468731692e-06,-4.533862169203097538e-06,-6.045149558937463384e-06,-7.556436948671829230e-06,-9.067724338406195076e-06,-1.057901172814056177e-05
0.000000000000000000e+00,-1.385184456407645866e-06,-2.770368912815291733e-06,-4.155553369222937599e-06,-5.540737825630583465e-06,-6.925922282038229331e-06,-8.311106738445875198e-06,-9.696291194853521911e-06
0.000000000000000000e+00,-1.562124847411968947e-06,-3.124249694823937895e-06,-4.686374542235907054e-06,-6.248499389647876637e-06,-7.810624237059846220e-06,-9.372749084471815803e-06,-1.093487393188378539e-05
0.000000000000000000e+00,-1.511287389733549730e-06,-3.022574779467099460e-06,-4.533862169200648766e-06,-6.045149558934198072e-06,-7.556436948667747379e-06,-9.067724338401297532e-06,-1.057901172813484769e-05
0.000000000000000000e+00,-1.385184456406865325e-06,-2.770368912813730651e-06,-4.155553369220595553e-06,-5.540737825627460455e-06,-6.925922282034325356e-06,-8.311106738441191105e-06,-9.696291194848056854e-06
0.000000000000000000e+00,-1.676342024173127947e-06,-3.352684048346255894e-06,-5.029026072519383841e-06,-6.705368096692511788e-06,-8.381710120865640582e-06,-1.005805214503876938e-05,-1.173439416921189817e-05
0.000000000000000000e+00,-1.676693803808815713e-06,-3.353387607617631426e-06,-5.030081411426447139e-06,-6.706775215235262852e-06,-8.383469019044079412e-06,-1.006016282285289597e-05,-1.173685662666171253e-05
0.000000000000000000e+00,-1.619548119192323356e-06,-3.239096238384646713e-06,-4.858644357576970281e-06,-6.478192476769294272e-06,-8.097740595961619111e-06,-9.717288715153943950e-06,-1.133683683434626879e-05
0.000000000000000000e+00,-1.483365839276551090e-06,-2.966731678553102181e-06,-4.450097517829653695e-06,-5.933463357106205209e-06,-7.416829196382756722e-06,-8.900195035659307389e-06,-1.038356087493585806e-05
0.000000000000000000e+00,-1.676594013114535112e-06,-3.353188026229070225e-06,-5.029782039343605125e-06,-6.706376052458139602e-06,-8.382970065572674926e-06,-1.005956407868721025e-05,-1.173615809180174557e-05
0.000000000000000000e+00,-1.483760828140867805e-06,-2.967521656281735610e-06,-4.451282484422602992e-06,-5.935043312563470374e-06,-7.418804140704337755e-06,-8.902564968845205984e-06,-1.038632579698607421e-05
0.000000000000000000e+00,-1.676342024172279644e-06,-3.352684048344559287e-06,-5.029026072516838507e-06,-6.705368096689117727e-06,-8.381710120861396947e-06,-1.005805214503367701e-05,-1.173439416920595708e-05
0.000000000000000000e+00,-1.676594013114113078e-06,-3.353188026228226156e-06,-5.029782039342338811e-06,-6.706376052456451465e-06,-8.382970065570564120e-06,-1.005956407868467762e-05,-1.173615809179879112e-05
0.000000000000000000e+00,-1.619548119191491994e-06,-3.239096238382983987e-06,-4.858644357574475769e-06,-6.478192476765967127e-06,-8.097740595957458485e-06,-9.717288715148949844e-06,-1.133683683434044120e-05
0.000000000000000000e+00,-1.483365839275790878e-06,-2.966731678551581757e-06,-4.450097517827372635e-06,-5.933463357103163513e-06,-7.416829196378954391e-06,-8.900195035654745270e-06,-1.038356087493053700e-05
0.000000000000000000e+00,-1.502115068389856029e-06,-3.004230136779712058e-06,-4.506345205169568299e-06,-6.008460273559424963e-06,-7.510575341949281628e-06,-9.012690410339138292e-06,-1.051480547872899496e-05
0.000000000000000000e+00,-1.412266412164423429e-06,-2.824532824328846858e-06,-4.236799236493270499e-06,-5.649065648657694563e-06,-7.061332060822118628e-06,-8.473598472986542692e-06,-9.885864885150965909e-06
0.000000000000000000e+00,-1.397430988680505976e-06,-2.794861977361011953e-06,-4.192292966041517929e-06,-5.589723954722023905e-06,-6.987154943402529881e-06,-8.384585932083035858e-06,-9.782016920763542681e-06
0.000000000000000000e+00,-1.471022601580486619e-06,-2.942045203160973238e-06,-4.413067804741459434e-06,-5.884090406321945629e-06,-7.355113007902431825e-06,-8.826135609482918868e-06,-1.029715821106340591e-05
0.000000000000000000e+00,-1.374175085357236621e-06,-2.748350170714473242e-06,-4.122525256071709862e-06,-5.496700341428946483e-06,-6.870875426786183104e-06,-8.245050512143419725e-06,-9.619225597500655499e-06
0.000000000000000000e+00,-1.417800348233493097e-06,-2.835600696466986195e-06,-4.253401044700479081e-06,-5.671201392933971543e-06,-7.089001741167464005e-06,-8.506802089400956467e-06,-9.924602437634448082e-06
0.000000000000000000e+00,-1.400682966137438116e-06,-2.801365932274876231e-06,-4.202048898412314347e-06,-5.602731864549752463e-06,-7.003414830687190578e-06,-8.404097796824628694e-06,-9.804780762962067656e-06
0.000000000000000000e+00,-1.362409143772815811e-06,-2.724818287545631622e-06,-4.087227431318447645e-06,-5.449636575091264091e-06,-6.812045718864080538e-06,-8.174454862636896984e-06,-9.536864006409713430e-06
0.000000000000000000e+00,-1.502115068388883635e-06,-3.004230136777767270e-06,-4.506345205166651117e-06,-6.008460273555535388e-06,-7.510575341944419658e-06,-9.012690410333303929e-06,-1.051480547872218820e-05
0.000000000000000000e+00,-1.412266412163490210e-06,-2.824532824326980421e-06,-4.236799236490471055e-06,-5.649065648653961689e-06,-7.061332060817452323e-06,-8.473598472980942110e-06,-9.885864885144431897e-06
0.000000000000000000e+00,-1.400682966136970765e-06,-2.801365932273941530e-06,-4.202048898410912507e-06,-5.602731864547883908e-06,-7.003414830684855308e-06,-8.404097796821826709e-06,-9.804780762958798109e-06
0.000000000000000000e+00,-1.471022601579527778e-06,-2.942045203159055556e-06,-4.413067804738582910e-06,-5.884090406318110264e-06,-7.355113007897637618e-06,-8.826135609477165820e-06,-1.029715821105669402e-05
0.000000000000000000e+00,-1.374175085356291756e-06,-2.748350170712583511e-06,-4.122525256068874843e-06,-5.496700341425166175e-06,-6.870875426781457507e-06,-8.245050512137749686e-06,-9.619225597494041865e-06
0.000000000000000000e+00,-1.417800348232514351e-06,-2.835600696465028702e-06,-4.253401044697543264e-06,-5.671201392930058251e-06,-7.089001741162573237e-06,-8.506802089395088223e-06,-9.924602437627604056e-06
0.000000000000000000e+00,-1.533091685405839316e-06,-3.066183370811678632e-06,-4.599275056217517525e-06,-6.132366741623356418e-06,-7.665458427029195310e-06,-9.198550112435035050e-06,-1.073164179784087479e-05
0.000000000000000000e+00,-1.522711927277900508e-06,-3.045423854555801017e-06,-4.568135781833701102e-06,-6.090847709111601187e-06,-7.613559636389501272e-06,-9.136271563667402204e-06,-1.065898349094530314e-05
0.000000000000000000e+00,-1.422948573293621091e-06,-2.845897146587242182e-06,-4.268845719880863484e-06,-5.691794293174485210e-06,-7.114742866468106937e-06,-8.537691439761728663e-06,-9.960640013055349542e-06
0.000000000000000000e+00,-1.533091685404827535e-06,-3.066183370809655071e-06,-4.599275056214482606e-06,-6.132366741619310141e-06,-7.665458427024136829e-06,-9.198550112428963518e-06,-1.073164179783379021e-05
0.000000000000000000e+00,-1.522711927276899527e-06,-3.045423854553799055e-06,-4.568135781830698370e-06,-6.090847709107597262e-06,-7.613559636384496154e-06,-9.136271563661395046e-06,-1.065898349093829479e-05
0.000000000000000000e+00,-1.422948573292614604e-06,-2.845897146585229208e-06,-4.268845719877843812e-06,-5.691794293170458416e-06,-7.114742866463073020e-06,-8.537691439755687624e-06,-9.960640013048302228e-06
0.000000000000000000e+00,-1.551431766347437367e-06,-3.102863532694874735e-06,-4.654295299042312314e-06,-6.205727065389750316e-06,-7.757158831737188319e-06,-9.308590598084626321e-06,-1.086002236443206432e-05
0.000000000000000000e+00,-1.542475445705086133e-06,-3.084950891410172266e-06,-4.627426337115258399e-06,-6.169901782820344532e-06,-7.712377228525431512e-06,-9.254852674230518492e-06,-1.079732811993560547e-05
0.000000000000000000e+00,-1.429454411906792119e-06,-2.858908823813584239e-06,-4.288363235720376146e-06,-5.717817647627167630e-06,-7.147272059533959114e-06,-8.576726471440750598e-06,-1.000618088334754124e-05
0.000000000000000000e+00,-1.551431766346447609e-06,-3.102863532692895219e-06,-4.654295299039342616e-06,-6.205727065385789590e-06,-7.757158831732236564e-06,-9.308590598078683538e-06,-1.086002236442513051e-05
0.000000000000000000e+00,-1.542475445704088116e-06,-3.084950891408176233e-06,-4.627426337112264138e-06,-6.169901782816351619e-06,-7.712377228520439100e-06,-9.254852674224526581e-06,-1.079732811992861406e-05
0.000000000000000000e+00,-1.429454411905812314e-06,-2.858908823811624628e-06,-4.288363235717436942e-06,-5.717817647623249256e-06,-7.147272059529061570e-06,-8.576726471434873884e-06,-1.000618088334068704e-05
0.000000000000000000e+00,-1.584500961570467822e-06,-3.169001923140935644e-06,-4.753502884711403677e-06,-6.338003846281872134e-06,-7.922504807852340591e-06,-9.507005769422809048e-06,-1.109150673099327751e-05
0.000000000000000000e+00,-1.565828674223422245e-06,-3.131657348446844490e-06,-4.697486022670266311e-06,-6.263314696893688132e-06,-7.829143371117109953e-06,-9.394972045340532622e-06,-1.096080071956395529e-05
0.000000000000000000e+00,-1.458227305049209564e-06,-2.916454610098419127e-06,-4.374681915147628903e-06,-5.832909220196839101e-06,-7.291136525246049300e-06,-8.749363830295259499e-06,-1.020759113534446970e-05
0.000000000000000000e+00,-1.584500961569477852e-06,-3.169001923138955704e-06,-4.753502884708433980e-06,-6.338003846277912255e-06,-7.922504807847390531e-06,-9.507005769416867959e-06,-1.109150673098634539e-05
0.000000000000000000e+00,-1.565828674222437992e-06,-3.131657348444875985e-06,-4.697486022667313554e-06,-6.263314696889751123e-06,-7.829143371112188692e-06,-9.394972045334627108e-06,-1.096080071955706552e-05
0.000000000000000000e+00,-1.458227305048252416e-06,-2.916454610096504833e-06,-4.374681915144757461e-06,-5.832909220193010512e-06,-7.291136525241263564e-06,-8.749363830289516616e-06,-1.020759113533776967e-05
0.000000000000000000e+00,-1.647904917269172117e-06,-3.295809834538344234e-06,-4.943714751807515927e-06,-6.591619669076687620e-06,-8.239524586345859313e-06,-9.887429503615031854e-06,-1.153533442088420439e-05
0.000000000000000000e+00,-1.613177474423193217e-06,-3.226354948846386434e-06,-4.839532423269579650e-06,-6.452709897692772867e-06,-8.065887372115966084e-06,-9.679064846539159301e-06,-1.129224232096235252e-05
0.000000000000000000e+00,-1.519094232854931137e-06,-3.038188465709862275e-06,-4.557282698564793200e-06,-6.076376931419723702e-06,-7.595471164274654204e-06,-9.114565397129584706e-06,-1.063365962998451606e-05
0.000000000000000000e+00,-1.647904917268171347e-06,-3.295809834536342695e-06,-4.943714751804514042e-06,-6.591619669072685389e-06,-8.239524586340856737e-06,-9.887429503609028084e-06,-1.153533442087719943e-05
0.000000000000000000e+00,-1.613177474422205788e-06,-3.226354948844411576e-06,-4.839532423266617576e-06,-6.452709897688824000e-06,-8.065887372111031270e-06,-9.679064846533238541e-06,-1.129224232095544581e-05
0.000000000000000000e+00,-1.519094232853977378e-06,-3.038188465707954756e-06,-4.557282698561931923e-06,-6.076376931415908666e-06,-7.595471164269885409e-06,-9.114565397123862152e-06,-1.063365962997783805e-05
0.000000000000000000e+00,-1.750275603334239530e-06,-3.500551206668479060e-06,-5.250826810002718378e-06,-7.001102413336957273e-06,-8.751378016671196167e-06,-1.050165362000543506e-05,-1.225192922333967396e-05
0.000000000000000000e+00,-1.696214958562951231e-06,-3.392429917125902462e-06,-5.088644875688853905e-06,-6.784859834251805771e-06,-8.481074792814757637e-06,-1.017728975137770950e-05,-1.187350470994066137e-05
0.000000000000000000e+00,-1.614245011291325389e-06,-3.228490022582650777e-06,-4.842735033873975954e-06,-6.456980045165300707e-06,-8.071225056456626307e-06,-9.685470067747951908e-06,-1.129971507903927751e-05
0.000000000000000000e+00,-1.750275603333336593e-06,-3.500551206666673186e-06,-5.250826810000009567e-06,-7.001102413333345524e-06,-8.751378016666681482e-06,-1.050165362000001744e-05,-1.225192922333335340e-05
0.000000000000000000e+00,-1.696214958561987943e-06,-3.392429917123975885e-06,-5.088644875685963828e-06,-6.784859834247951771e-06,-8.481074792809939713e-06,-1.017728975137192766e-05,-1.187350470993391560e-05
0.000000000000000000e+00,-1.614245011290406146e-06,-3.228490022580812292e-06,-4.842735033871218862e-06,-6.456980045161625431e-06,-8.071225056452032001e-06,-9.685470067742437723e-06,-1.129971507903284345e-05
0.000000000000000000e+00,-1.892867097911200020e-06,-3.785734195822400041e-06,-5.678601293733600484e-06,-7.571468391644800928e-06,-9.464335489556001372e-06,-1.135720258746720097e-05,-1.325006968537840057e-05
0.000000000000000000e+00,-1.820109981507944107e-06,-3.640219963015888213e-06,-5.460329944523832532e-06,-7.280439926031777274e-06,-9.100549907539722016e-06,-1.092065988904766676e-05,-1.274076987055561150e-05
0.000000000000000000e+00,-1.737870354230297826e-06,-3.475740708460595653e-06,-5.213611062690893479e-06,-6.951481416921191306e-06,-8.689351771151488285e-06,-1.042722212538178526e-05,-1.216509247961208224e-05
0.000000000000000000e+00,-1.892867097910261931e-06,-3.785734195820523863e-06,-5.678601293730785794e-06,-7.571468391641047725e-06,-9.464335489551310503e-06,-1.135720258746157328e-05,-1.325006968537183606e-05
0.000000000000000000e+00,-1.820109981507007076e-06,-3.640219963014014153e-06,-5.460329944521021229e-06,-7.280439926028028306e-06,-9.100549907535036230e-06,-1.092065988904204415e-05,-1.274076987054905208e-05
0.000000000000000000e+00,-1.737870354229405689e-06,-3.475740708458811378e-06,-5.213611062688216855e-06,-6.951481416917621909e-06,-8.689351771147026116e-06,-1.042722212537643032e-05,-1.216509247960583453e-05
0.000000000000000000e+00,-2.063233106334493335e-06,-4.126466212668986669e-06,-6.189699319003480428e-06,-8.252932425337975033e-06,-1.031616553167246964e-05,-1.237939863800696424e-05,-1.444263174434145885e-05
0.000000000000000000e+00,-2.062298509873053510e-06,-4.124597019746107020e-06,-6.186895529619160954e-06,-8.249194039492215735e-06,-1.031149254936527052e-05,-1.237379105923832530e-05,-1.443608956911138008e-05
0.000000000000000000e+00,-1.979806480775768552e-06,-3.959612961551537105e-06,-5.939419442327305657e-06,-7.919225923103074210e-06,-9.899032403878843609e-06,-1.187883888465461301e-05,-1.385864536543038241e-05
0.000000000000000000e+00,-1.878013288140390823e-06,-3.756026576280781646e-06,-5.634039864421172257e-06,-7.512053152561562445e-06,-9.390066440701952632e-06,-1.126807972884234282e-05,-1.314609301698273301e-05
0.000000000000000000e+00,-2.062541292952001949e-06,-4.125082585904003897e-06,-6.187623878856005846e-06,-8.250165171808007794e-06,-1.031270646476000890e-05,-1.237524775771201000e-05,-1.443778905066401110e-05
0.000000000000000000e+00,-1.877742847712937185e-06,-3.755485695425874370e-06,-5.633228543138811343e-06,-7.510971390851747893e-06,-9.388714238564683595e-06,-1.126645708627761930e-05,-1.314419993399055500e-05
0.000000000000000000e+00,-2.063233106333465037e-06,-4.126466212666930073e-06,-6.189699319000395534e-06,-8.252932425333861841e-06,-1.031616553166732815e-05,-1.237939863800079446e-05,-1.444263174433426076e-05
0.000000000000000000e+00,-2.062541292951485258e-06,-4.125082585902970517e-06,-6.187623878854455775e-06,-8.250165171805941034e-06,-1.031270646475742714e-05,-1.237524775770891324e-05,-1.443778905066039935e-05
0.000000000000000000e+00,-1.979806480774783030e-06,-3.959612961549566059e-06,-5.939419442324348665e-06,-7.919225923099130424e-06,-9.899032403873912184e-06,-1.187883888464869394e-05,-1.385864536542347570e-05
0.000000000000000000e+00,-1.878013288139452734e-06,-3.756026576278905468e-06,-5.634039864418358414e-06,-7.512053152557811783e-06,-9.390066440697265152e-06,-1.126807972883671852e-05,-1.314609301697617189e-05
0.000000000000000000e+00,-1.571981119139009708e-06,-3.143962238278019416e-06,-4.715943357417028700e-06,-6.287924476556037985e-06,-7.859905595695047269e-06,-9.431886714834057401e-06,-1.100386783397306753e-05
0.000000000000000000e+00,-1.443889079525225373e-06,-2.887778159050450745e-06,-4.331667238575676118e-06,-5.775556318100901490e-06,-7.219445397626126863e-06,-8.663334477151352235e-06,-1.010722355667657845e-05
0.000000000000000000e+00,-1.426379431394698764e-06,-2.852758862789397528e-06,-4.279138294184096291e-06,-5.705517725578795055e-06,-7.131897156973493819e-06,-8.558276588368192583e-06,-9.984656019762890499e-06
0.000000000000000000e+00,-1.524043942110101035e-06,-3.048087884220202070e-06,-4.572131826330302893e-06,-6.096175768440403292e-06,-7.620219710550503692e-06,-9.144263652660604091e-06,-1.066830759477070449e-05
0.000000000000000000e+00,-1.436681152081507407e-06,-2.873362304163014815e-06,-4.310043456244522646e-06,-5.746724608326030476e-06,-7.183405760407538307e-06,-8.620086912489045291e-06,-1.005676806457055227e-05
0.000000000000000000e+00,-1.553034603703570182e-06,-3.106069207407140364e-06,-4.659103811110710969e-06,-6.212138414814281574e-06,-7.765173018517852179e-06,-9.318207622221421938e-06,-1.087124222592499170e-05
0.000000000000000000e+00,-1.430182482043389120e-06,-2.860364964086778240e-06,-4.290547446130167148e-06,-5.720729928173555633e-06,-7.150912410216944117e-06,-8.581094892260332602e-06,-1.001127737430372109e-05
0.000000000000000000e+00,-1.419697647758576001e-06,-2.839395295517152002e-06,-4.259092943275727792e-06,-5.678790591034303157e-06,-7.098488238792878523e-06,-8.518185886551453889e-06,-9.937883534310028408e-06
0.000000000000000000e+00,-1.571981119138046632e-06,-3.143962238276093263e-06,-4.715943357414140318e-06,-6.287924476552187373e-06,-7.859905595690234428e-06,-9.431886714828280636e-06,-1.100386783396632684e-05
0.000000000000000000e+00,-1.443889079524275002e-06,-2.887778159048550003e-06,-4.331667238572825005e-06,-5.775556318097100006e-06,-7.219445397621375008e-06,-8.663334477145650010e-06,-1.010722355666992416e-05
0.000000000000000000e+00,-1.430182482042918805e-06,-2.860364964085837610e-06,-4.290547446128755991e-06,-5.720729928171674373e-06,-7.150912410214592754e-06,-8.581094892257511982e-06,-1.001127737430043121e-05
0.000000000000000000e+00,-1.524043942109137535e-06,-3.048087884218275070e-06,-4.572131826327412816e-06,-6.096175768436550986e-06,-7.620219710545689156e-06,-9.144263652654827326e-06,-1.066830759476396550e-05
0.000000000000000000e+00,-1.436681152080560425e-06,-2.873362304161120849e-06,-4.310043456241681697e-06,-5.746724608322242545e-06,-7.183405760402803393e-06,-8.620086912483363394e-06,-1.005676806456392340e-05
0.000000000000000000e+00,-1.553034603702602447e-06,-3.106069207405204893e-06,-4.659103811107807340e-06,-6.212138414810409787e-06,-7.765173018513012233e-06,-9.318207622215614680e-06,-1.087124222591821713e-05
0.000000000000000000e+00,-1.627477403678624336e-06,-3.254954807357248673e-06,-4.882432211035872797e-06,-6.509909614714496498e-06,-8.137387018393119352e-06,-9.764864422071742206e-06,-1.139234182575036506e-05
0.000000000000000000e+00,-1.607018953062596436e-06,-3.214037906125192873e-06,-4.821056859187789521e-06,-6.428075812250386593e-06,-8.035094765312984511e-06,-9.642113718375582430e-06,-1.124913267143818035e-05
0.000000000000000000e+00,-1.602497241038682890e-06,-3.204994482077365780e-06,-4.807491723116048458e-06,-6.409988964154730712e-06,-8.012486205193412967e-06,-9.614983446232095221e-06,-1.121748068727077748e-05
0.000000000000000000e+00,-1.627477403677631402e-06,-3.254954807355262804e-06,-4.882432211032893782e-06,-6.509909614710524761e-06,-8.137387018388155739e-06,-9.764864422065787564e-06,-1.139234182574341939e-05
0.000000000000000000e+00,-1.607018953061625525e-06,-3.214037906123251050e-06,-4.821056859184876575e-06,-6.428075812246502100e-06,-8.035094765308127624e-06,-9.642113718369753149e-06,-1.124913267143137867e-05
0.000000000000000000e+00,-1.602497241037681273e-06,-3.204994482075362547e-06,-4.807491723113044032e-06,-6.409988964150725941e-06,-8.012486205188408696e-06,-9.614983446226091452e-06,-1.121748068726377421e-05
0.000000000000000000e+00,-1.659116870492534966e-06,-3.318233740985069932e-06,-4.977350611477605110e-06,-6.636467481970140711e-06,-8.295584352462676312e-06,-9.954701222955211914e-06,-1.161381809344774751e-05
0.000000000000000000e+00,-1.645051894510850142e-06,-3.290103789021700283e-06,-4.935155683532550848e-06,-6.580207578043401413e-06,-8.225259472554251978e-06,-9.870311367065101696e-06,-1.151536326157595141e-05
0.000000000000000000e+00,-1.630596142480391015e-06,-3.261192284960782029e-06,-4.891788427441172832e-06,-6.522384569921563211e-06,-8.152980712401952743e-06,-9.783576854882342275e-06,-1.141417299736273181e-05
0.000000000000000000e+00,-1.659116870491546267e-06,-3.318233740983092534e-06,-4.977350611474638800e-06,-6.636467481966185067e-06,-8.295584352457731334e-06,-9.954701222949277601e-06,-1.161381809344082387e-05
0.000000000000000000e+00,-1.645051894509851913e-06,-3.290103789019703826e-06,-4.935155683529555740e-06,-6.580207578039407653e-06,-8.225259472549259566e-06,-9.870311367059111479e-06,-1.151536326156896339e-05
0.000000000000000000e+00,-1.630596142479394904e-06,-3.261192284958789808e-06,-4.891788427438184500e-06,-6.522384569917578768e-06,-8.152980712396972190e-06,-9.783576854876365611e-06,-1.141417299735575903e-05
0.000000000000000000e+00,-1.698368791622824480e-06,-3.396737583245648959e-06,-5.095106374868473227e-06,-6.793475166491297072e-06,-8.491843958114121763e-06,-1.019021274973694645e-05,-1.188858154135977115e-05
0.000000000000000000e+00,-1.677423880187343823e-06,-3.354847760374687646e-06,-5.032271640562031470e-06,-6.709695520749375293e-06,-8.387119400936718269e-06,-1.006454328112406125e-05,-1.174196716131140422e-05
0.000000000000000000e+00,-1.667833163233575118e-06,-3.335666326467150235e-06,-5.003499489700725565e-06,-6.671332652934301317e-06,-8.339165816167877070e-06,-1.000699897940145282e-05,-1.167483214263502858e-05
0.000000000000000000e+00,-1.698368791621838957e-06,-3.396737583243677914e-06,-5.095106374865517082e-06,-6.793475166487356675e-06,-8.491843958109195420e-06,-1.019021274973103416e-05,-1.188858154135287291e-05
0.000000000000000000e+00,-1.677423880186355124e-06,-3.354847760372710248e-06,-5.032271640559065160e-06,-6.709695520745419649e-06,-8.387119400931774985e-06,-1.006454328111813032e-05,-1.174196716130448566e-05
0.000000000000000000e+00,-1.667833163232585360e-06,-3.335666326465170719e-06,-5.003499489697755867e-06,-6.671332652930340591e-06,-8.339165816162925316e-06,-1.000699897939551004e-05,-1.167483214262809476e-05
0.000000000000000000e+00,-1.765734384674584971e-06,-3.531468769349169942e-06,-5.297203154023755124e-06,-7.062937538698340731e-06,-8.828671923372926337e-06,-1.059440630804751194e-05,-1.236014069272209755e-05
0.000000000000000000e+00,-1.729100569189459609e-06,-3.458201138378919218e-06,-5.187301707568379251e-06,-6.916402276757839284e-06,-8.645502845947299316e-06,-1.037460341513675850e-05,-1.210370398432621769e-05
0.000000000000000000e+00,-1.733861614625997709e-06,-3.467723229251995418e-06,-5.201584843877993338e-06,-6.935446458503991682e-06,-8.669308073129989179e-06,-1.040316968775598668e-05,-1.213703130238198417e-05
0.000000000000000000e+00,-1.765734384673565567e-06,-3.531468769347131133e-06,-5.297203154020696488e-06,-7.062937538694261420e-06,-8.828671923367827198e-06,-1.059440630804139298e-05,-1.236014069271495876e-05
0.000000000000000000e+00,-1.729100569188457781e-06,-3.458201138376915562e-06,-5.187301707565373131e-06,-6.916402276753830277e-06,-8.645502845942286575e-06,-1.037460341513074287e-05,-1.210370398431919917e-05
0.000000000000000000e+00,-1.733861614624997575e-06,-3.467723229249995149e-06,-5.201584843874992300e-06,-6.935446458499989451e-06,-8.669308073124986602e-06,-1.040316968774998460e-05,-1.213703130237498260e-05
0.000000000000000000e+00,-1.875802549386306671e-06,-3.751605098772613341e-06,-5.627407648158919800e-06,-7.503210197545225835e-06,-9.379012746931531024e-06,-1.125481529631783621e-05,-1.313061784570414140e-05
0.000000000000000000e+00,-1.817112383805846882e-06,-3.634224767611693765e-06,-5.451337151417540223e-06,-7.268449535223386682e-06,-9.085561919029233141e-06,-1.090267430283508045e-05,-1.271978668664092775e-05
0.000000000000000000e+00,-1.841791159433369266e-06,-3.683582318866738532e-06,-5.525373478300107374e-06,-7.367164637733476217e-06,-9.208955797166845059e-06,-1.105074695660021475e-05,-1.289253811603358444e-05
0.000000000000000000e+00,-1.875802549385251903e-06,-3.751605098770503806e-06,-5.627407648155756132e-06,-7.503210197541008458e-06,-9.379012746926260785e-06,-1.125481529631151226e-05,-1.313061784569676374e-05
0.000000000000000000e+00,-1.817112383804813079e-06,-3.634224767609626157e-06,-5.451337151414439236e-06,-7.268449535219252314e-06,-9.085561919024066240e-06,-1.090267430282888017e-05,-1.271978668663369409e-05
0.000000000000000000e+00,-1.841791159432355156e-06,-3.683582318864710311e-06,-5.525373478297065679e-06,-7.367164637729421470e-06,-9.208955797161778108e-06,-1.105074695659413475e-05,-1.289253811602649138e-05
0.000000000000000000e+00,-2.038603203786490131e-06,-4.077206407572980263e-06,-6.115809611359469971e-06,-8.154412815145958832e-06,-1.019301601893244769e-05,-1.223161922271893655e-05,-1.427022242650542541e-05
0.000000000000000000e+00,-1.953819634131062788e-06,-3.907639268262125577e-06,-5.861458902393188365e-06,-7.815278536524251153e-06,-9.769098170655314789e-06,-1.172291780478637842e-05,-1.367673743891744206e-05
0.000000000000000000e+00,-1.998716701568700400e-06,-3.997433403137400799e-06,-5.996150104706101622e-06,-7.994866806274803292e-06,-9.993583507843504962e-06,-1.199230020941220663e-05,-1.399101691098090830e-05
0.000000000000000000e+00,-2.038603203785411435e-06,-4.077206407570822870e-06,-6.115809611356234305e-06,-8.154412815141645740e-06,-1.019301601892705717e-05,-1.223161922271246861e-05,-1.427022242649788004e-05
0.000000000000000000e+00,-1.953819634130011197e-06,-3.907639268260022394e-06,-5.861458902390033167e-06,-7.815278536520043094e-06,-9.769098170650053020e-06,-1.172291780478006295e-05,-1.367673743891007287e-05
0.000000000000000000e+00,-1.998716701567661937e-06,-3.997433403135323874e-06,-5.996150104702986235e-06,-7.994866806270649443e-06,-9.993583507838312650e-06,-1.199230020940597586e-05,-1.399101691097363907e-05
0.000000000000000000e+00,-2.246487589306864562e-06,-4.492975178613729124e-06,-6.739462767920593263e-06,-8.985950357227456554e-06,-1.123243794653431985e-05,-1.347892553584118314e-05,-1.572541312514804643e-05
0.000000000000000000e+00,-2.244614003481887786e-06,-4.489228006963775572e-06,-6.733842010445663358e-06,-8.978456013927551144e-06,-1.122307001740943978e-05,-1.346768402089132841e-05,-1.571229802437321704e-05
0.000000000000000000e+00,-2.143630524767608236e-06,-4.287261049535216473e-06,-6.430891574302824285e-06,-8.574522099070431251e-06,-1.071815262383803822e-05,-1.286178314860564518e-05,-1.500541367337325215e-05
0.000000000000000000e+00,-2.197882719262796049e-06,-4.395765438525592099e-06,-6.593648157788387724e-06,-8.791530877051182503e-06,-1.098941359631397728e-05,-1.318729631557677206e-05,-1.538517903483956853e-05
0.000000000000000000e+00,-2.245089660464268585e-06,-4.490179320928537169e-06,-6.735268981392805330e-06,-8.980358641857072644e-06,-1.122544830232133996e-05,-1.347053796278560727e-05,-1.571562762324987459e-05
0.000000000000000000e+00,-2.196423244436848228e-06,-4.392846488873696456e-06,-6.589269733310544261e-06,-8.785692977747391218e-06,-1.098211622218423818e-05,-1.317853946662108513e-05,-1.537496271105793209e-05
0.000000000000000000e+00,-2.246487589305597824e-06,-4.492975178611195649e-06,-6.739462767916793473e-06,-8.985950357222391297e-06,-1.123243794652798912e-05,-1.347892553583358695e-05,-1.572541312513918308e-05
0.000000000000000000e+00,-2.245089660463634157e-06,-4.490179320927268314e-06,-6.735268981390902894e-06,-8.980358641854538322e-06,-1.122544830231817375e-05,-1.347053796278180918e-05,-1.571562762324544291e-05
0.000000000000000000e+00,-2.143630524766447801e-06,-4.287261049532895602e-06,-6.430891574299342980e-06,-8.574522099065789510e-06,-1.071815262383223604e-05,-1.286178314859868257e-05,-1.500541367336512910e-05
0.000000000000000000e+00,-2.197882719261644508e-06,-4.395765438523289016e-06,-6.593648157784933524e-06,-8.791530877046578032e-06,-1.098941359630822254e-05,-1.318729631556986705e-05,-1.538517903483151156e-05
0.000000000000000000e+00,1.412266412159318150e-06,2.824532824318636299e-06,4.236799236477954449e-06,5.649065648637272599e-06,7.061332060796590749e-06,8.473598472955908898e-06,9.885864885115227895e-06
0.000000000000000000e+00,1.502115068352454442e-06,3.004230136704908884e-06,4.506345205057363538e-06,6.008460273409818616e-06,7.510575341762273693e-06,9.012690410114728771e-06,1.051480547846718385e-05
0.000000000000000000e+00,1.397430988680375533e-06,2.794861977360751066e-06,4.192292966041126600e-06,5.589723954721502133e-06,6.987154943401877666e-06,8.384585932082253199e-06,9.782016920762627885e-06
0.000000000000000000e+00,1.436681152076639933e-06,2.873362304153279865e-06,4.310043456229919798e-06,5.746724608306559730e-06,7.183405760383199663e-06,8.620086912459839595e-06,1.005676806453647953e-05
0.000000000000000000e+00,1.471022601543634333e-06,2.942045203087268666e-06,4.413067804630902999e-06,5.884090406174537333e-06,7.355113007718171666e-06,8.826135609261805999e-06,1.029715821080544033e-05
0.000000000000000000e+00,1.553034603647902118e-06,3.106069207295804235e-06,4.659103810943706565e-06,6.212138414591609318e-06,7.765173018239512071e-06,9.318207621887414824e-06,1.087124222553531758e-05
0.000000000000000000e+00,1.400682966135905833e-06,2.801365932271811666e-06,4.202048898407717499e-06,5.602731864543623332e-06,7.003414830679529165e-06,8.404097796815434998e-06,9.804780762951340831e-06
0.000000000000000000e+00,1.419697647758667904e-06,2.839395295517335808e-06,4.259092943276003924e-06,5.678790591034672464e-06,7.098488238793341003e-06,8.518185886552009543e-06,9.937883534310678929e-06
0.000000000000000000e+00,1.412266412161162140e-06,2.824532824322324281e-06,4.236799236483486421e-06,5.649065648644648562e-06,7.061332060805810702e-06,8.473598472966972843e-06,9.885864885128134983e-06
0.000000000000000000e+00,1.502115068354312621e-06,3.004230136708625242e-06,4.506345205062937862e-06,6.008460273417250483e-06,7.510575341771563104e-06,9.012690410125875725e-06,1.051480547848018750e-05
0.000000000000000000e+00,1.400682966136825499e-06,2.801365932273650998e-06,4.202048898410476285e-06,5.602731864547301149e-06,7.003414830684126013e-06,8.404097796820950877e-06,9.804780762957774893e-06
0.000000000000000000e+00,1.436681152078435642e-06,2.873362304156871285e-06,4.310043456235306927e-06,5.746724608313742569e-06,7.183405760392178212e-06,8.620086912470613854e-06,1.005676806454904950e-05
0.000000000000000000e+00,1.471022601545489759e-06,2.942045203090979518e-06,4.413067804636469700e-06,5.884090406181959882e-06,7.355113007727450065e-06,8.826135609272939400e-06,1.029715821081842874e-05
0.000000000000000000e+00,1.553034603649703969e-06,3.106069207299407937e-06,4.659103810949112329e-06,6.212138414598816721e-06,7.765173018248521113e-06,9.318207621898224658e-06,1.087124222554792820e-05
0.000000000000000000e+00,1.533091685377607920e-06,3.066183370755215840e-06,4.599275056132823548e-06,6.132366741510430832e-06,7.665458426888038964e-06,9.198550112265647095e-06,1.073164179764325523e-05
0.000000000000000000e+00,1.522711927244881258e-06,3.045423854489762517e-06,4.568135781734643987e-06,6.090847708979525881e-06,7.613559636224407774e-06,9.136271563469289668e-06,1.065898349071417156e-05
0.000000000000000000e+00,1.602497240990302909e-06,3.204994481980605818e-06,4.807491722970908515e-06,6.409988963961210789e-06,8.012486204951513910e-06,9.614983445941817030e-06,1.121748068693212015e-05
0.000000000000000000e+00,1.533091685379427347e-06,3.066183370758854693e-06,4.599275056138281828e-06,6.132366741517708539e-06,7.665458426897136097e-06,9.198550112276563656e-06,1.073164179765599121e-05
0.000000000000000000e+00,1.522711927246726731e-06,3.045423854493453463e-06,4.568135781740180194e-06,6.090847708986906926e-06,7.613559636233633657e-06,9.136271563480360388e-06,1.065898349072708712e-05
0.000000000000000000e+00,1.602497240992082102e-06,3.204994481984164203e-06,4.807491722976246517e-06,6.409988963968329254e-06,8.012486204960411144e-06,9.614983445952493034e-06,1.121748068694457492e-05
0.000000000000000000e+00,1.551431766298013207e-06,3.102863532596026413e-06,4.654295298894039196e-06,6.205727065192051979e-06,7.757158831490064762e-06,9.308590597788078393e-06,1.086002236408609202e-05
0.000000000000000000e+00,1.542475445671784821e-06,3.084950891343569642e-06,4.627426337015354251e-06,6.169901782687138437e-06,7.712377228358921775e-06,9.254852674030705114e-06,1.079732811970248845e-05
0.000000000000000000e+00,1.630596142417029350e-06,3.261192284834058700e-06,4.891788427251087627e-06,6.522384569668116554e-06,8.152980712085145480e-06,9.783576854502175254e-06,1.141417299691920503e-05
0.000000000000000000e+00,1.551431766299779694e-06,3.102863532599559388e-06,4.654295298899339081e-06,6.205727065199118775e-06,7.757158831498897622e-06,9.308590597798676469e-06,1.086002236409845532e-05
0.000000000000000000e+00,1.542475445673582437e-06,3.084950891347164873e-06,4.627426337020747310e-06,6.169901782694329746e-06,7.712377228367912183e-06,9.254852674041494620e-06,1.079732811971507706e-05
0.000000000000000000e+00,1.630596142418763650e-06,3.261192284837527300e-06,4.891788427256290950e-06,6.522384569675054601e-06,8.152980712093819098e-06,9.783576854512583595e-06,1.141417299693134809e-05
0.000000000000000000e+00,1.584500961436681297e-06,3.169001922873362594e-06,4.753502884310043891e-06,6.338003845746725188e-06,7.922504807183406486e-06,9.507005768620087783e-06,1.109150673005676908e-05
0.000000000000000000e+00,1.565828674138464417e-06,3.131657348276928833e-06,4.697486022415393250e-06,6.263314696553857667e-06,7.829143370692321236e-06,9.394972044830784806e-06,1.096080071896924838e-05
0.000000000000000000e+00,1.667833163091799378e-06,3.335666326183598756e-06,5.003499489275398134e-06,6.671332652367197513e-06,8.339165815458996891e-06,1.000699897855079627e-05,1.167483214164259565e-05
0.000000000000000000e+00,1.584500961438369010e-06,3.169001922876738021e-06,4.753502884315107454e-06,6.338003845753476888e-06,7.922504807191846322e-06,9.507005768630214909e-06,1.109150673006858350e-05
0.000000000000000000e+00,1.565828674140203587e-06,3.131657348280407174e-06,4.697486022420610973e-06,6.263314696560815195e-06,7.829143370701018570e-06,9.394972044841221946e-06,1.096080071898142532e-05
0.000000000000000000e+00,1.667833163093448763e-06,3.335666326186897526e-06,5.003499489280346501e-06,6.671332652373795899e-06,8.339165815467245298e-06,1.000699897856069470e-05,1.167483214165414409e-05
0.000000000000000000e+00,1.647904916974995033e-06,3.295809833949990066e-06,4.943714750924985523e-06,6.591619667899980979e-06,8.239524584874976436e-06,9.887429501849971046e-06,1.153533441882496566e-05
0.000000000000000000e+00,1.613177474214512251e-06,3.226354948429024501e-06,4.839532422643536752e-06,6.452709896858049003e-06,8.065887371072562101e-06,9.679064845287075198e-06,1.129224231950158830e-05
0.000000000000000000e+00,1.733861614319837862e-06,3.467723228639675723e-06,5.201584842959514009e-06,6.935446457279352294e-06,8.669308071599190579e-06,1.040316968591902802e-05,1.213703130023886546e-05
0.000000000000000000e+00,1.647904916976497034e-06,3.295809833952994069e-06,4.943714750929490891e-06,6.591619667905987290e-06,8.239524584882484536e-06,9.887429501858981782e-06,1.153533441883547903e-05
0.000000000000000000e+00,1.613177474216104673e-06,3.226354948432209345e-06,4.839532422648314018e-06,6.452709896864418691e-06,8.065887371080524210e-06,9.679064845296629730e-06,1.129224231951273525e-05
0.000000000000000000e+00,1.733861614321326946e-06,3.467723228642653891e-06,5.201584842963981260e-06,6.935446457285308630e-06,8.669308071606635999e-06,1.040316968592796252e-05,1.213703130024928904e-05
0.000000000000000000e+00,1.750275602805002757e-06,3.500551205610005513e-06,5.250826808415008481e-06,7.001102411220011873e-06,8.751378014025014418e-06,1.050165361683001696e-05,1.225192921963501951e-05
0.000000000000000000e+00,1.696214958152669859e-06,3.392429916305339718e-06,5.088644874458010000e-06,6.784859832610680282e-06,8.481074790763350565e-06,1.017728974891602000e-05,1.187350470706868944e-05
0.000000000000000000e+00,1.841791158866760340e-06,3.683582317733520680e-06,5.525373476600280809e-06,7.367164635467040513e-06,9.208955794333799371e-06,1.105074695320055823e-05,1.289253811206731709e-05
0.000000000000000000e+00,1.750275602806327093e-06,3.500551205612654185e-06,5.250826808418981066e-06,7.001102411225307523e-06,8.751378014031634827e-06,1.050165361683796213e-05,1.225192921964428944e-05
0.000000000000000000e+00,1.696214958154073392e-06,3.392429916308146785e-06,5.088644874462219754e-06,6.784859832616292723e-06,8.481074790770365692e-06,1.017728974892443951e-05,1.187350470707851332e-05
0.000000000000000000e+00,1.841791158868116228e-06,3.683582317736232456e-06,5.525373476604349108e-06,7.367164635472465759e-06,9.208955794340582411e-06,1.105074695320869822e-05,1.289253811207681402e-05
0.000000000000000000e+00,1.892867097111339820e-06,3.785734194222679640e-06,5.678601291334019672e-06,7.571468388445360128e-06,9.464335485556699736e-06,1.135720258266803934e-05,1.325006967977937895e-05
0.000000000000000000e+00,1.820109980834524750e-06,3.640219961669049500e-06,5.460329942503574249e-06,7.280439923338098999e-06,9.100549904172623749e-06,1.092065988500714850e-05,1.274076986584167325e-05
0.000000000000000000e+00,1.998716700657745687e-06,3.997433401315491375e-06,5.996150101973237062e-06,7.994866802630982749e-06,9.993583503288727590e-06,1.199230020394647243e-05,1.399101690460421727e-05
0.000000000000000000e+00,1.892867097112645945e-06,3.785734194225291890e-06,5.678601291337938047e-06,7.571468388450584627e-06,9.464335485563232054e-06,1.135720258267587948e-05,1.325006967978852691e-05
0.000000000000000000e+00,1.820109980835826004e-06,3.640219961671652008e-06,5.460329942507478224e-06,7.280439923343304864e-06,9.100549904179132350e-06,1.092065988501495984e-05,1.274076986585078732e-05
0.000000000000000000e+00,1.998716700659070023e-06,3.997433401318140047e-06,5.996150101977210494e-06,7.994866802636281788e-06,9.993583503295353082e-06,1.199230020395442438e-05,1.399101690461349567e-05
0.000000000000000000e+00,2.063233106331836616e-06,4.126466212663673232e-06,6.189699318995509848e-06,8.252932425327346464e-06,1.031616553165918308e-05,1.237939863799101970e-05,1.444263174432285631e-05
0.000000000000000000e+00,2.062298509870538669e-06,4.124597019741077339e-06,6.186895529611615585e-06,8.249194039482152984e-06,1.031149254935269038e-05,1.237379105922322778e-05,1.443608956909376518e-05
0.000000000000000000e+00,1.979806480381775836e-06,3.959612960763551671e-06,5.939419441145327931e-06,7.919225921527105037e-06,9.899032401908882143e-06,1.187883888229065925e-05,1.385864536267243636e-05
0.000000000000000000e+00,2.197882719257649901e-06,4.395765438515299801e-06,6.593648157772949702e-06,8.791530877030599603e-06,1.098941359628824950e-05,1.318729631554589940e-05,1.538517903480354930e-05
0.000000000000000000e+00,2.062541292949263491e-06,4.125082585898526982e-06,6.187623878847790473e-06,8.250165171797053964e-06,1.031270646474631746e-05,1.237524775769558095e-05,1.443778905064484444e-05
0.000000000000000000e+00,2.196423244432166254e-06,4.392846488864332507e-06,6.589269733296498761e-06,8.785692977728665014e-06,1.098211622216083127e-05,1.317853946659299752e-05,1.537496271102516208e-05
0.000000000000000000e+00,2.063233106333229562e-06,4.126466212666459123e-06,6.189699318999689108e-06,8.252932425332919940e-06,1.031616553166615077e-05,1.237939863799938160e-05,1.444263174433261244e-05
0.000000000000000000e+00,2.062541292949955093e-06,4.125082585899910187e-06,6.187623878849865704e-06,8.250165171799822068e-06,1.031270646474977843e-05,1.237524775769973480e-05,1.443778905064969116e-05
0.000000000000000000e+00,1.979806480383113301e-06,3.959612960766226602e-06,5.939419441149339479e-06,7.919225921532451509e-06,9.899032401915563539e-06,1.187883888229867557e-05,1.385864536268178760e-05
0.000000000000000000e+00,2.197882719259052164e-06,4.395765438518104327e-06,6.593648157777156068e-06,8.791530877036206961e-06,1.098941359629525785e-05,1.318729631555430875e-05,1.538517903481335795e-05
0.000000000000000000e+00,1.319723842526058416e-06,2.639447685052116833e-06,3.959171527578175249e-06,5.278895370104233665e-06,6.598619212630292082e-06,7.918343055156350498e-06,9.238066897682409761e-06
0.000000000000000000e+00,1.306875369621636682e-06,2.613750739243273364e-06,3.920626108864910047e-06,5.227501478486546729e-06,6.534376848108183411e-06,7.841252217729820093e-06,9.148127587351456775e-06
0.000000000000000000e+00,1.312122616548896818e-06,2.624245233097793636e-06,3.936367849646690877e-06,5.248490466195588118e-06,6.560613082744485360e-06,7.872735699293381754e-06,9.184858315842278149e-06
0.000000000000000000e+00,1.374175085352884777e-06,2.748350170705769555e-06,4.122525256058654544e-06,5.496700341411539956e-06,6.870875426764425369e-06,8.245050512117310781e-06,9.619225597470196194e-06
0.000000000000000000e+00,1.318091754392896950e-06,2.636183508785793900e-06,3.954275263178691061e-06,5.272367017571588646e-06,6.590458771964486231e-06,7.908550526357383816e-06,9.226642280750282248e-06
0.000000000000000000e+00,1.417800348220450272e-06,2.835600696440900545e-06,4.253401044661350394e-06,5.671201392881800242e-06,7.089001741102250091e-06,8.506802089322700787e-06,9.924602437543151483e-06
0.000000000000000000e+00,1.313905100350129649e-06,2.627810200700259298e-06,3.941715301050389370e-06,5.255620401400519443e-06,6.569525501750649515e-06,7.883430602100778740e-06,9.197335702450907966e-06
0.000000000000000000e+00,1.362409143773217940e-06,2.724818287546435880e-06,4.087227431319653820e-06,5.449636575092871760e-06,6.812045718866089700e-06,8.174454862639307640e-06,9.536864006412525580e-06
0.000000000000000000e+00,1.319723842527997910e-06,2.639447685055995820e-06,3.959171527583993518e-06,5.278895370111990793e-06,6.598619212639988068e-06,7.918343055167985343e-06,9.238066897695982617e-06
0.000000000000000000e+00,1.306875369623623186e-06,2.613750739247246372e-06,3.920626108870869770e-06,5.227501478494493592e-06,6.534376848118117413e-06,7.841252217741741235e-06,9.148127587365365056e-06
0.000000000000000000e+00,1.313905100351093572e-06,2.627810200702187145e-06,3.941715301053281141e-06,5.255620401404375137e-06,6.569525501755469132e-06,7.883430602106562281e-06,9.197335702457655430e-06
0.000000000000000000e+00,1.374175085354781496e-06,2.748350170709562992e-06,4.122525256064344911e-06,5.496700341419126830e-06,6.870875426773908750e-06,8.245050512128689822e-06,9.619225597483470894e-06
0.000000000000000000e+00,1.318091754394863760e-06,2.636183508789727521e-06,3.954275263184591493e-06,5.272367017579455888e-06,6.590458771974320284e-06,7.908550526369184679e-06,9.226642280764048228e-06
0.000000000000000000e+00,1.417800348222358214e-06,2.835600696444716428e-06,4.253401044667074642e-06,5.671201392889432856e-06,7.089001741111791070e-06,8.506802089334149285e-06,9.924602437556507499e-06
0.000000000000000000e+00,1.284888255257578096e-06,2.569776510515156193e-06,3.854664765772734289e-06,5.139553021030312385e-06,6.424441276287890482e-06,7.709329531545468578e-06,8.994217786803045827e-06
0.000000000000000000e+00,1.294584044590317584e-06,2.589168089180635169e-06,3.883752133770953176e-06,5.178336178361271184e-06,6.472920222951589192e-06,7.767504267541906353e-06,9.062088312132223514e-06
0.000000000000000000e+00,1.422948573290690569e-06,2.845897146581381137e-06,4.268845719872072129e-06,5.691794293162763122e-06,7.114742866453454114e-06,8.537691439744144259e-06,9.960640013034834404e-06
0.000000000000000000e+00,1.284888255259482650e-06,2.569776510518965300e-06,3.854664765778447526e-06,5.139553021037929753e-06,6.424441276297411979e-06,7.709329531556895053e-06,8.994217786816378126e-06
0.000000000000000000e+00,1.294584044592264701e-06,2.589168089184529403e-06,3.883752133776794316e-06,5.178336178369059652e-06,6.472920222961324989e-06,7.767504267553590325e-06,9.062088312145855662e-06
0.000000000000000000e+00,1.422948573292565264e-06,2.845897146585130529e-06,4.268845719877695581e-06,5.691794293170260210e-06,7.114742866462824839e-06,8.537691439755389468e-06,9.960640013047953250e-06
0.000000000000000000e+00,1.281961870119591238e-06,2.563923740239182477e-06,3.845885610358773503e-06,5.127847480478364106e-06,6.409809350597954709e-06,7.691771220717545312e-06,8.973733090837136763e-06
0.000000000000000000e+00,1.280013475730959249e-06,2.560026951461918498e-06,3.840040427192877747e-06,5.120053902923836996e-06,6.400067378654796245e-06,7.680080854385755494e-06,8.960094330116714743e-06
0.000000000000000000e+00,1.429454411872709208e-06,2.858908823745418415e-06,4.288363235618127411e-06,5.717817647490835983e-06,7.147272059363544556e-06,8.576726471236253128e-06,1.000618088310896255e-05
0.000000000000000000e+00,1.281961870121398595e-06,2.563923740242797190e-06,3.845885610364195361e-06,5.127847480485593533e-06,6.409809350606991704e-06,7.691771220728390722e-06,8.973733090849789741e-06
0.000000000000000000e+00,1.280013475732813404e-06,2.560026951465626808e-06,3.840040427198440212e-06,5.120053902931253617e-06,6.400067378664067021e-06,7.680080854396880425e-06,8.960094330129694676e-06
0.000000000000000000e+00,1.429454411874511270e-06,2.858908823749022540e-06,4.288363235623534022e-06,5.717817647498045928e-06,7.147272059372557833e-06,8.576726471247069739e-06,1.000618088312158164e-05
0.000000000000000000e+00,1.309679415981906964e-06,2.619358831963813928e-06,3.929038247945721103e-06,5.238717663927628702e-06,6.548397079909536301e-06,7.858076495891443901e-06,9.167755911873350653e-06
0.000000000000000000e+00,1.292305195508052899e-06,2.584610391016105798e-06,3.876915586524158909e-06,5.169220782032212444e-06,6.461525977540265978e-06,7.753831173048319513e-06,9.046136368556373047e-06
0.000000000000000000e+00,1.458227304922630442e-06,2.916454609845260885e-06,4.374681914767891327e-06,5.832909219690521769e-06,7.291136524613152211e-06,8.749363829535782654e-06,1.020759113445841225e-05
0.000000000000000000e+00,1.309679415983630041e-06,2.619358831967260081e-06,3.929038247950890545e-06,5.238717663934521009e-06,6.548397079918151474e-06,7.858076495901781091e-06,9.167755911885410708e-06
0.000000000000000000e+00,1.292305195509823198e-06,2.584610391019646396e-06,3.876915586529469806e-06,5.169220782039293639e-06,6.461525977549117472e-06,7.753831173058941306e-06,9.046136368568765139e-06
0.000000000000000000e+00,1.458227304924310109e-06,2.916454609848620217e-06,4.374681914772930326e-06,5.832909219697240434e-06,7.291136524621550543e-06,8.749363829545860652e-06,1.020759113447017076e-05
0.000000000000000000e+00,1.369818504531035441e-06,2.739637009062070881e-06,4.109455513593106110e-06,5.479274018124140916e-06,6.849092522655175721e-06,8.218911027186210527e-06,9.588729531717246179e-06
0.000000000000000000e+00,1.337148245903219891e-06,2.674296491806439781e-06,4.011444737709659672e-06,5.348592983612879563e-06,6.685741229516099454e-06,8.022889475419319344e-06,9.360037721322539235e-06
0.000000000000000000e+00,1.519094232574495893e-06,3.038188465148991785e-06,4.557282697723487890e-06,6.076376930297984418e-06,7.595471162872480946e-06,9.114565395446977473e-06,1.063365962802147315e-05
0.000000000000000000e+00,1.369818504532519866e-06,2.739637009065039732e-06,4.109455513597559810e-06,5.479274018130080311e-06,6.849092522662600812e-06,8.218911027195121313e-06,9.588729531727640967e-06
0.000000000000000000e+00,1.337148245904822265e-06,2.674296491809644531e-06,4.011444737714466584e-06,5.348592983619288214e-06,6.685741229524109844e-06,8.022889475428931474e-06,9.360037721333752257e-06
0.000000000000000000e+00,1.519094232576014834e-06,3.038188465152029669e-06,4.557282697728044080e-06,6.076376930304058491e-06,7.595471162880072902e-06,9.114565395456088160e-06,1.063365962803210342e-05
0.000000000000000000e+00,1.457754657995076300e-06,2.915509315990152599e-06,4.373263973985228687e-06,5.831018631980304352e-06,7.288773289975380016e-06,8.746527947970455681e-06,1.020428260596553135e-05
0.000000000000000000e+00,1.412879175118100753e-06,2.825758350236201506e-06,4.238637525354302047e-06,5.651516700472402165e-06,7.064395875590502283e-06,8.477275050708602401e-06,9.890154225826701672e-06
0.000000000000000000e+00,1.614245010814468921e-06,3.228490021628937842e-06,4.842735032443406763e-06,6.456980043257875684e-06,8.071225054072343757e-06,9.685470064886811831e-06,1.129971507570127991e-05
0.000000000000000000e+00,1.457754657996354684e-06,2.915509315992709368e-06,4.373263973989064053e-06,5.831018631985418737e-06,7.288773289981773421e-06,8.746527947978128105e-06,1.020428260597448279e-05
0.000000000000000000e+00,1.412879175119477817e-06,2.825758350238955634e-06,4.238637525358433027e-06,5.651516700477910421e-06,7.064395875597387814e-06,8.477275050716866054e-06,9.890154225836344295e-06
0.000000000000000000e+00,1.614245010815798127e-06,3.228490021631596255e-06,4.842735032447394594e-06,6.456980043263193356e-06,8.071225054078991272e-06,9.685470064894789188e-06,1.129971507571058710e-05
0.000000000000000000e+00,1.562124846871955162e-06,3.124249693743910324e-06,4.686374540615865063e-06,6.248499387487819802e-06,7.810624234359774540e-06,9.372749081231730126e-06,1.093487392810368571e-05
0.000000000000000000e+00,1.511287389244054260e-06,3.022574778488108520e-06,4.533862167732162992e-06,6.045149556976217887e-06,7.556436946220272783e-06,9.067724335464327678e-06,1.057901172470838257e-05
0.000000000000000000e+00,1.737870353565211368e-06,3.475740707130422736e-06,5.213611060695633680e-06,6.951481414260844625e-06,8.689351767826055569e-06,1.042722212139126736e-05,1.216509247495647915e-05
0.000000000000000000e+00,1.562124846873208559e-06,3.124249693746417118e-06,4.686374540619625889e-06,6.248499387492835084e-06,7.810624234366044278e-06,9.372749081239253473e-06,1.093487392811246267e-05
0.000000000000000000e+00,1.511287389245307657e-06,3.022574778490615314e-06,4.533862167735922971e-06,6.045149556981230628e-06,7.556436946226538285e-06,9.067724335471845942e-06,1.057901172471715275e-05
0.000000000000000000e+00,1.737870353566479800e-06,3.475740707132959599e-06,5.213611060699439399e-06,6.951481414265919199e-06,8.689351767832399846e-06,1.042722212139888049e-05,1.216509247496536114e-05
0.000000000000000000e+00,1.676342024181436705e-06,3.352684048362873410e-06,5.029026072544310327e-06,6.705368096725747667e-06,8.381710120907185854e-06,1.005805214508862404e-05,1.173439416927006223e-05
0.000000000000000000e+00,1.676693803818558074e-06,3.353387607637116148e-06,5.030081411455674011e-06,6.706775215274231449e-06,8.383469019092788888e-06,1.006016282291134633e-05,1.173685662672990377e-05
0.000000000000000000e+00,1.619548118937329593e-06,3.239096237874659187e-06,4.858644356811988568e-06,6.478192475749317526e-06,8.097740594686646484e-06,9.717288713623975442e-06,1.133683683256130440e-05
0.000000000000000000e+00,1.878013288141359405e-06,3.756026576282718810e-06,5.634039864424078427e-06,7.512053152565438468e-06,9.390066440706797661e-06,1.126807972884815685e-05,1.314609301698951605e-05
0.000000000000000000e+00,1.676594013123513026e-06,3.353188026247026052e-06,5.029782039370539079e-06,6.706376052494052105e-06,8.382970065617564284e-06,1.005956407874107646e-05,1.173615809186458864e-05
0.000000000000000000e+00,1.877742847714524948e-06,3.755485695429049896e-06,5.633228543143575056e-06,7.510971390858100640e-06,9.388714238572625376e-06,1.126645708628715011e-05,1.314419993400167485e-05
0.000000000000000000e+00,1.676342024182549495e-06,3.352684048365098989e-06,5.029026072547648484e-06,6.705368096730197978e-06,8.381710120912747473e-06,1.005805214509529697e-05,1.173439416927784646e-05
0.000000000000000000e+00,1.676594013124069315e-06,3.353188026248138630e-06,5.029782039372207734e-06,6.706376052496276413e-06,8.382970065620345940e-06,1.005956407874441547e-05,1.173615809186848499e-05
0.000000000000000000e+00,1.619548118938504428e-06,3.239096237877008856e-06,4.858644356815513072e-06,6.478192475754016865e-06,8.097740594692519811e-06,9.717288713631022756e-06,1.133683683256952570e-05
0.000000000000000000e+00,1.878013288142648378e-06,3.756026576285296755e-06,5.634039864427945133e-06,7.512053152570593510e-06,9.390066440713241888e-06,1.126807972885589027e-05,1.314609301699853864e-05
0.000000000000000000e+00,1.172902308808129077e-06,2.345804617616258153e-06,3.518706926424387018e-06,4.691609235232515460e-06,5.864511544040643901e-06,7.037413852848772343e-06,8.210316161656900784e-06
0.000000000000000000e+00,1.029358240175582699e-06,2.058716480351165398e-06,3.088074720526748097e-06,4.117432960702330797e-06,5.146791200877913919e-06,6.176149441053497042e-06,7.205507681229080165e-06
0.000000000000000000e+00,1.175098759392240449e-06,2.350197518784480898e-06,3.525296278176721348e-06,4.700395037568961797e-06,5.875493796961201823e-06,7.050592556353441848e-06,8.225691315745681874e-06
0.000000000000000000e+00,1.253724858407512130e-06,2.507449716815024259e-06,3.761174575222536177e-06,5.014899433630047671e-06,6.268624292037559165e-06,7.522349150445070660e-06,8.776074008852583001e-06
0.000000000000000000e+00,1.087406045790320883e-06,2.174812091580641766e-06,3.262218137370962648e-06,4.349624183161283531e-06,5.437030228951603990e-06,6.524436274741924450e-06,7.611842320532244909e-06
0.000000000000000000e+00,1.175605512769237949e-06,2.351211025538475899e-06,3.526816538307713848e-06,4.702422051076951797e-06,5.878027563846189747e-06,7.053633076615427696e-06,8.229238589384665645e-06
0.000000000000000000e+00,1.174826441732506522e-06,2.349652883465013043e-06,3.524479325197519777e-06,4.699305766930026934e-06,5.874132208662534091e-06,7.048958650395041248e-06,8.223785092127548405e-06
0.000000000000000000e+00,1.250956491046735469e-06,2.501912982093470938e-06,3.752869473140206619e-06,5.003825964186942724e-06,6.254782455233678828e-06,7.505738946280414932e-06,8.756695437327151037e-06
0.000000000000000000e+00,1.172902308810164709e-06,2.345804617620329417e-06,3.518706926430494126e-06,4.691609235240658835e-06,5.864511544050823543e-06,7.037413852860988252e-06,8.210316161671152961e-06
0.000000000000000000e+00,1.029358240177604143e-06,2.058716480355208287e-06,3.088074720532812430e-06,4.117432960710416573e-06,5.146791200888020716e-06,6.176149441065624860e-06,7.205507681243229003e-06
0.000000000000000000e+00,1.174826441733515973e-06,2.349652883467031946e-06,3.524479325200547920e-06,4.699305766934063893e-06,5.874132208667579866e-06,7.048958650401095839e-06,8.223785092134612660e-06
0.000000000000000000e+00,1.253724858409503504e-06,2.507449716819007008e-06,3.761174575228510300e-06,5.014899433638013169e-06,6.268624292047516038e-06,7.522349150457018906e-06,8.776074008866521775e-06
0.000000000000000000e+00,1.087406045792343597e-06,2.174812091584687195e-06,3.262218137377030792e-06,4.349624183169374390e-06,5.437030228961717564e-06,6.524436274754060738e-06,7.611842320546403912e-06
0.000000000000000000e+00,1.175605512771252829e-06,2.351211025542505658e-06,3.526816538313758275e-06,4.702422051085010469e-06,5.878027563856262662e-06,7.053633076627514856e-06,8.229238589398767050e-06
0.000000000000000000e+00,9.670157994603209490e-07,1.934031598920641898e-06,2.901047398380962847e-06,3.868063197841283796e-06,4.835078997301605168e-06,5.802094796761926541e-06,6.769110596222247913e-06
0.000000000000000000e+00,9.885150333114584038e-07,1.977030066622916808e-06,2.965545099934375211e-06,3.954060133245833615e-06,4.942575166557291595e-06,5.931090199868749576e-06,6.919605233180207556e-06
0.000000000000000000e+00,1.128343527854460884e-06,2.256687055708921767e-06,3.385030583563382651e-06,4.513374111417843535e-06,5.641717639272304842e-06,6.770061167126766150e-06,7.898404694981227457e-06
0.000000000000000000e+00,9.670157994622687012e-07,1.934031598924537402e-06,2.901047398386806104e-06,3.868063197849074805e-06,4.835078997311343506e-06,5.802094796773612207e-06,6.769110596235880909e-06
0.000000000000000000e+00,9.885150333134197086e-07,1.977030066626839417e-06,2.965545099940259126e-06,3.954060133253678834e-06,4.942575166567098543e-06,5.931090199880518252e-06,6.919605233193937960e-06
0.000000000000000000e+00,1.128343527856415836e-06,2.256687055712831672e-06,3.385030583569247507e-06,4.513374111425663343e-06,5.641717639282079602e-06,6.770061167138495862e-06,7.898404694994912121e-06
0.000000000000000000e+00,9.631752215975054599e-07,1.926350443195010920e-06,2.889525664792516168e-06,3.852700886390020993e-06,4.815876107987525817e-06,5.779051329585030642e-06,6.742226551182535466e-06
0.000000000000000000e+00,9.588452498667039747e-07,1.917690499733407949e-06,2.876535749600112136e-06,3.835380999466816746e-06,4.794226249333521356e-06,5.753071499200225966e-06,6.711916749066930576e-06
0.000000000000000000e+00,1.121246232556406151e-06,2.242492465112812301e-06,3.363738697669218452e-06,4.484984930225624603e-06,5.606231162782030754e-06,6.727477395338436904e-06,7.848723627894842208e-06
0.000000000000000000e+00,9.631752215993373804e-07,1.926350443198674761e-06,2.889525664798012141e-06,3.852700886397349522e-06,4.815876107996687325e-06,5.779051329596025129e-06,6.742226551195362933e-06
0.000000000000000000e+00,9.588452498685697765e-07,1.917690499737139553e-06,2.876535749605709329e-06,3.835380999474279106e-06,4.794226249342848882e-06,5.753071499211418659e-06,6.711916749079988435e-06
0.000000000000000000e+00,1.121246232558247177e-06,2.242492465116494354e-06,3.363738697674741530e-06,4.484984930232988707e-06,5.606231162791235461e-06,6.727477395349482214e-06,7.848723627907728967e-06
0.000000000000000000e+00,1.001149056341338295e-06,2.002298112682676590e-06,3.003447169024014885e-06,4.004596225365353180e-06,5.005745281706691898e-06,6.006894338048030617e-06,7.008043394389369335e-06
0.000000000000000000e+00,9.787399575603297026e-07,1.957479915120659405e-06,2.936219872680989108e-06,3.914959830241318810e-06,4.893699787801648513e-06,5.872439745361978216e-06,6.851179702922307918e-06
0.000000000000000000e+00,1.152027544193394679e-06,2.304055088386789359e-06,3.456082632580184038e-06,4.608110176773578718e-06,5.760137720966973397e-06,6.912165265160368077e-06,8.064192809353761909e-06
0.000000000000000000e+00,1.001149056342936646e-06,2.002298112685873292e-06,3.003447169028809938e-06,4.004596225371746584e-06,5.005745281714682807e-06,6.006894338057619030e-06,7.008043394400555252e-06
0.000000000000000000e+00,9.787399575620517206e-07,1.957479915124103441e-06,2.936219872686155162e-06,3.914959830248206882e-06,4.893699787810258603e-06,5.872439745372310324e-06,6.851179702934362044e-06
0.000000000000000000e+00,1.152027544195032206e-06,2.304055088390064412e-06,3.456082632585096830e-06,4.608110176780129671e-06,5.760137720975162512e-06,6.912165265170195353e-06,8.064192809365227347e-06
0.000000000000000000e+00,1.065967547623212277e-06,2.131935095246424555e-06,3.197902642869636832e-06,4.263870190492849110e-06,5.329837738116060964e-06,6.395805285739272818e-06,7.461772833362484672e-06
0.000000000000000000e+00,1.032619281798949882e-06,2.065238563597899763e-06,3.097857845396849645e-06,4.130477127195799527e-06,5.163096408994749832e-06,6.195715690793700137e-06,7.228334972592650442e-06
0.000000000000000000e+00,1.213875907114944373e-06,2.427751814229888746e-06,3.641627721344833118e-06,4.855503628459777491e-06,6.069379535574721864e-06,7.283255442689666237e-06,8.497131349804610610e-06
0.000000000000000000e+00,1.065967547624618352e-06,2.131935095249236704e-06,3.197902642873855056e-06,4.263870190498473409e-06,5.329837738123091337e-06,6.395805285747709266e-06,7.461772833372327195e-06
0.000000000000000000e+00,1.032619281800447012e-06,2.065238563600894025e-06,3.097857845401341037e-06,4.130477127201788050e-06,5.163096409002235062e-06,6.195715690802682074e-06,7.228334972603129087e-06
0.000000000000000000e+00,1.213875907116408257e-06,2.427751814232816515e-06,3.641627721349224984e-06,4.855503628465633877e-06,6.069379535582042770e-06,7.283255442698451662e-06,8.497131349814861402e-06
0.000000000000000000e+00,1.142514749227045805e-06,2.285029498454091610e-06,3.427544247681137203e-06,4.570058996908182372e-06,5.712573746135227542e-06,6.855088495362272712e-06,7.997603244589317881e-06
0.000000000000000000e+00,1.105480591366855313e-06,2.210961182733710626e-06,3.316441774100565938e-06,4.421922365467421251e-06,5.527402956834276564e-06,6.632883548201131877e-06,7.738364139567987190e-06
0.000000000000000000e+00,1.295947580174396213e-06,2.591895160348792426e-06,3.887842740523188427e-06,5.183790320697584004e-06,6.479737900871979581e-06,7.775685481046375159e-06,9.071633061220769889e-06
0.000000000000000000e+00,1.142514749228152242e-06,2.285029498456304483e-06,3.427544247684456725e-06,4.570058996912608967e-06,5.712573746140761208e-06,6.855088495368913450e-06,7.997603244597064845e-06
0.000000000000000000e+00,1.105480591368107016e-06,2.210961182736214031e-06,3.316441774104320835e-06,4.421922365472427216e-06,5.527402956840533596e-06,6.632883548208639977e-06,7.738364139576747204e-06
0.000000000000000000e+00,1.295947580175659139e-06,2.591895160351318278e-06,3.887842740526977205e-06,5.183790320702635708e-06,6.479737900878294212e-06,7.775685481053952716e-06,9.071633061229611219e-06
0.000000000000000000e+00,1.219742154908831803e-06,2.439484309817663606e-06,3.659226464726495409e-06,4.878968619635327213e-06,6.098710774544159439e-06,7.318452929452991666e-06,8.538195084361823893e-06
0.000000000000000000e+00,1.182816768594217305e-06,2.365633537188434609e-06,3.548450305782652126e-06,4.731267074376870066e-06,5.914083842971088006e-06,7.096900611565305945e-06,8.279717380159524732e-06
0.000000000000000000e+00,1.385184455957918170e-06,2.770368911915836340e-06,4.155553367873754721e-06,5.540737823831673526e-06,6.925922279789592332e-06,8.311106735747511137e-06,9.696291191705429095e-06
0.000000000000000000e+00,1.219742154909839772e-06,2.439484309819679545e-06,3.659226464729519317e-06,4.878968619639359089e-06,6.098710774549199285e-06,7.318452929459039481e-06,8.538195084368879677e-06
0.000000000000000000e+00,1.182816768595275249e-06,2.365633537190550498e-06,3.548450305785825958e-06,4.731267074381101842e-06,5.914083842976377726e-06,7.096900611571653610e-06,8.279717380166929494e-06
0.000000000000000000e+00,1.385184455958982467e-06,2.770368911917964933e-06,4.155553367876947188e-06,5.540737823835929020e-06,6.925922279794910851e-06,8.311106735753892683e-06,9.696291191712874514e-06
0.000000000000000000e+00,1.308153235209955228e-06,2.616306470419910455e-06,3.924459705629865683e-06,5.232612940839820911e-06,6.540766176049776139e-06,7.848919411259731366e-06,9.157072646469686594e-06
0.000000000000000000e+00,1.308500007375011314e-06,2.617000014750022627e-06,3.925500022125034152e-06,5.234000029500046101e-06,6.542500036875058050e-06,7.851000044250069999e-06,9.159500051625081948e-06
0.000000000000000000e+00,1.262579234273849823e-06,2.525158468547699645e-06,3.787737702821549468e-06,5.050316937095399291e-06,6.312896171369248690e-06,7.575475405643098089e-06,8.838054639916947489e-06
0.000000000000000000e+00,1.483365839282345855e-06,2.966731678564691709e-06,4.450097517847037352e-06,5.933463357129382571e-06,7.416829196411727790e-06,8.900195035694073010e-06,1.038356087497641908e-05
0.000000000000000000e+00,1.308453795969062703e-06,2.616907591938125407e-06,3.925361387907187898e-06,5.233815183876249966e-06,6.542268979845312034e-06,7.850722775814374102e-06,9.159176571783436170e-06
0.000000000000000000e+00,1.483760828147908555e-06,2.967521656295817110e-06,4.451282484443725453e-06,5.935043312591633372e-06,7.418804140739541292e-06,8.902564968887449211e-06,1.038632579703535798e-05
0.000000000000000000e+00,1.308153235210351004e-06,2.616306470420702008e-06,3.924459705631053223e-06,5.232612940841404863e-06,6.540766176051756502e-06,7.848919411262108141e-06,9.157072646472459780e-06
0.000000000000000000e+00,1.308453795969261968e-06,2.616907591938523936e-06,3.925361387907785903e-06,5.233815183877047871e-06,6.542268979846309839e-06,7.850722775815571807e-06,9.159176571784833775e-06
0.000000000000000000e+00,1.262579234274572554e-06,2.525158468549145107e-06,3.787737702823717449e-06,5.050316937098289367e-06,6.312896171372861286e-06,7.575475405647433204e-06,8.838054639922004275e-06
0.000000000000000000e+00,1.483365839283186958e-06,2.966731678566373916e-06,4.450097517849560663e-06,5.933463357132746986e-06,7.416829196415933309e-06,8.900195035699119632e-06,1.038356087498230595e-05
0.000000000000000000e+00,9.831195097027843981e-07,1.966239019405568796e-06,2.949358529108353194e-06,3.932478038811137593e-06,4.915597548513921991e-06,5.898717058216706389e-06,6.881836567919490787e-06
0.000000000000000000e+00,7.322736411052861468e-07,1.464547282210572294e-06,2.196820923315858229e-06,2.929094564421144164e-06,3.661368205526430099e-06,4.393641846631716458e-06,5.125915487737002816e-06
0.000000000000000000e+00,9.941947006364861661e-07,1.988389401272972332e-06,2.982584101909458287e-06,3.976778802545943817e-06,4.970973503182429348e-06,5.965168203818914879e-06,6.959362904455400410e-06
0.000000000000000000e+00,1.083802889328498331e-06,2.167605778656996662e-06,3.251408667985494992e-06,4.335211557313993323e-06,5.419014446642491654e-06,6.502817335970989985e-06,7.586620225299488316e-06
0.000000000000000000e+00,8.181639981865139146e-07,1.636327996373027829e-06,2.454491994559541850e-06,3.272655992746056082e-06,4.090819990932570314e-06,4.908983989119084547e-06,5.727147987305598779e-06
0.000000000000000000e+00,8.808880053688283319e-07,1.761776010737656664e-06,2.642664016106484784e-06,3.523552021475312904e-06,4.404440026844141024e-06,5.285328032212969568e-06,6.166216037581798112e-06
0.000000000000000000e+00,9.920092460915300278e-07,1.984018492183060056e-06,2.976027738274589872e-06,3.968036984366119264e-06,4.960046230457648656e-06,5.952055476549178049e-06,6.944064722640707441e-06
0.000000000000000000e+00,1.090758878989672145e-06,2.181517757979344290e-06,3.272276636969016223e-06,4.363035515958687733e-06,5.453794394948359243e-06,6.544553273938030752e-06,7.635312152927703109e-06
0.000000000000000000e+00,9.831195097048922396e-07,1.966239019409784479e-06,2.949358529114676719e-06,3.932478038819568959e-06,4.915597548524461622e-06,5.898717058229354285e-06,6.881836567934246948e-06
0.000000000000000000e+00,7.322736411073172260e-07,1.464547282214634452e-06,2.196820923321951784e-06,2.929094564429269327e-06,3.661368205536586871e-06,4.393641846643904415e-06,5.125915487751221958e-06
0.000000000000000000e+00,9.920092460925665843e-07,1.984018492185133169e-06,2.976027738277699753e-06,3.968036984370266337e-06,4.960046230462832498e-06,5.952055476555398659e-06,6.944064722647964820e-06
0.000000000000000000e+00,1.083802889330559797e-06,2.167605778661119594e-06,3.251408667991679180e-06,4.335211557322238342e-06,5.419014446652797504e-06,6.502817335983356666e-06,7.586620225313915828e-06
0.000000000000000000e+00,8.181639981886088389e-07,1.636327996377217678e-06,2.454491994565826411e-06,3.272655992754434932e-06,4.090819990943043877e-06,4.908983989131652822e-06,5.727147987320261766e-06
0.000000000000000000e+00,8.808880053709034568e-07,1.761776010741806914e-06,2.642664016112710476e-06,3.523552021483614251e-06,4.404440026854518025e-06,5.285328032225421799e-06,6.166216037596325574e-06
0.000000000000000000e+00,6.653882440545860198e-07,1.330776488109172040e-06,1.996164732163758165e-06,2.661552976218344503e-06,3.326941220272930840e-06,3.992329464327517178e-06,4.657717708382103092e-06
0.000000000000000000e+00,6.814052069856468042e-07,1.362810413971293608e-06,2.044215620956940307e-06,2.725620827942586793e-06,3.407026034928233280e-06,4.088431241913879766e-06,4.769836448899526676e-06
0.000000000000000000e+00,8.099953810023288645e-07,1.619990762004657729e-06,2.429986143006986594e-06,3.239981524009315458e-06,4.049976905011643899e-06,4.859972286013972340e-06,5.669967667016300781e-06
0.000000000000000000e+00,6.653882440564896205e-07,1.330776488112979241e-06,1.996164732169468861e-06,2.661552976225958482e-06,3.326941220282448102e-06,3.992329464338937723e-06,4.657717708395426920e-06
0.000000000000000000e+00,6.814052069876045091e-07,1.362810413975209018e-06,2.044215620962813633e-06,2.725620827950418460e-06,3.407026034938023287e-06,4.088431241925628113e-06,4.769836448913233364e-06
0.000000000000000000e+00,8.099953810042806402e-07,1.619990762008561280e-06,2.429986143012841709e-06,3.239981524017122137e-06,4.049976905021402566e-06,4.859972286025683418e-06,5.669967667029964270e-06
0.000000000000000000e+00,6.836671621038537654e-07,1.367334324207707531e-06,2.051001486311561190e-06,2.734668648415414638e-06,3.418335810519268086e-06,4.102002972623121534e-06,4.785670134726975405e-06
0.000000000000000000e+00,6.672998625893577712e-07,1.334599725178715542e-06,2.001899587768073102e-06,2.669199450357430661e-06,3.336499312946788220e-06,4.003799175536146203e-06,4.671099038125504186e-06
0.000000000000000000e+00,8.148290465487797606e-07,1.629658093097559521e-06,2.444487139646339176e-06,3.259316186195118619e-06,4.074145232743898486e-06,4.888974279292678352e-06,5.703803325841458219e-06
0.000000000000000000e+00,6.836671621055433844e-07,1.367334324211086769e-06,2.051001486316630259e-06,2.734668648422173961e-06,3.418335810527717663e-06,4.102002972633261365e-06,4.785670134738805067e-06
0.000000000000000000e+00,6.672998625911456459e-07,1.334599725182291292e-06,2.001899587773436938e-06,2.669199450364582584e-06,3.336499312955728230e-06,4.003799175546873876e-06,4.671099038138019945e-06
0.000000000000000000e+00,8.148290465505625532e-07,1.629658093101125106e-06,2.444487139651687766e-06,3.259316186202250636e-06,4.074145232752813507e-06,4.888974279303376378e-06,5.703803325853939249e-06
0.000000000000000000e+00,7.413883356202335680e-07,1.482776671240467136e-06,2.224165006860700810e-06,2.965553342480934695e-06,3.706941678101168581e-06,4.448330013721402467e-06,5.189718349341636352e-06
0.000000000000000000e+00,7.104966569845268910e-07,1.420993313969053782e-06,2.131489970953580885e-06,2.841986627938107988e-06,3.552483284922635091e-06,4.262979941907161770e-06,4.973476598891688449e-06
0.000000000000000000e+00,8.623922106202569269e-07,1.724784421240513854e-06,2.587176631860770992e-06,3.449568842481028131e-06,4.311961053101285270e-06,5.174353263721541985e-06,6.036745474341798700e-06
0.000000000000000000e+00,7.413883356216867589e-07,1.482776671243373518e-06,2.224165006865060488e-06,2.965553342486747459e-06,3.706941678108434430e-06,4.448330013730120977e-06,5.189718349351807524e-06
0.000000000000000000e+00,7.104966569860828906e-07,1.420993313972165781e-06,2.131489970958248883e-06,2.841986627944331986e-06,3.552483284930415088e-06,4.262979941916497767e-06,4.973476598902580446e-06
0.000000000000000000e+00,8.623922106217811627e-07,1.724784421243562325e-06,2.587176631865343276e-06,3.449568842487124227e-06,4.311961053108905178e-06,5.174353263730686552e-06,6.036745474352467927e-06
0.000000000000000000e+00,8.117969977807825984e-07,1.623593995561565197e-06,2.435390993342347689e-06,3.247187991123129970e-06,4.058984988903912674e-06,4.870781986684695379e-06,5.682578984465478083e-06
0.000000000000000000e+00,7.777520482575086077e-07,1.555504096515017215e-06,2.333256144772525717e-06,3.111008193030034007e-06,3.888760241287542297e-06,4.666512289545050587e-06,5.444264337802558877e-06
0.000000000000000000e+00,9.307042229127911905e-07,1.861408445825582381e-06,2.792112668738373572e-06,3.722816891651164762e-06,4.653521114563955953e-06,5.584225337476747143e-06,6.514929560389538334e-06
0.000000000000000000e+00,8.117969977820106903e-07,1.623593995564021381e-06,2.435390993346031859e-06,3.247187991128042338e-06,4.058984988910052816e-06,4.870781986692063718e-06,5.682578984474074620e-06
0.000000000000000000e+00,7.777520482588500961e-07,1.555504096517700192e-06,2.333256144776550394e-06,3.111008193035400808e-06,3.888760241294251645e-06,4.666512289553102483e-06,5.444264337811953320e-06
0.000000000000000000e+00,9.307042229141008093e-07,1.861408445828201619e-06,2.792112668742302534e-06,3.722816891656403661e-06,4.653521114570504364e-06,5.584225337484605068e-06,6.514929560398705771e-06
0.000000000000000000e+00,8.767093838300692650e-07,1.753418767660138530e-06,2.630128151490207795e-06,3.506837535320277060e-06,4.383546919150345901e-06,5.260256302980414743e-06,6.136965686810483584e-06
0.000000000000000000e+00,8.470866921542238561e-07,1.694173384308447712e-06,2.541260076462671568e-06,3.388346768616895424e-06,4.235433460771119280e-06,5.082520152925343136e-06,5.929606845079566992e-06
0.000000000000000000e+00,1.002278324582204133e-06,2.004556649164408266e-06,3.006834973746612400e-06,4.009113298328816533e-06,5.011391622911020666e-06,6.013669947493224799e-06,7.015948272075428932e-06
0.000000000000000000e+00,8.767093838309776019e-07,1.753418767661955204e-06,2.630128151492932700e-06,3.506837535323909984e-06,4.383546919154887692e-06,5.260256302985865400e-06,6.136965686816843107e-06
0.000000000000000000e+00,8.470866921552839178e-07,1.694173384310567836e-06,2.541260076465851753e-06,3.388346768621135671e-06,4.235433460776420012e-06,5.082520152931704354e-06,5.929606845086988695e-06
0.000000000000000000e+00,1.002278324583300194e-06,2.004556649166600388e-06,3.006834973749900581e-06,4.009113298333200775e-06,5.011391622916500969e-06,6.013669947499801163e-06,7.015948272083101357e-06
0.000000000000000000e+00,9.319710708093501624e-07,1.863942141618700325e-06,2.795913212428050487e-06,3.727884283237400649e-06,4.659855354046750812e-06,5.591826424856100974e-06,6.523797495665451137e-06
0.000000000000000000e+00,9.061775950717238281e-07,1.812355190143447656e-06,2.718532785215171484e-06,3.624710380286895312e-06,4.530887975358618717e-06,5.437065570430342121e-06,6.343243165502065526e-06
0.000000000000000000e+00,1.069741225877342584e-06,2.139482451754685168e-06,3.209223677632027964e-06,4.278964903509371184e-06,5.348706129386714403e-06,6.418447355264057623e-06,7.488188581141400843e-06
0.000000000000000000e+00,9.319710708099754844e-07,1.863942141619950969e-06,2.795913212429926665e-06,3.727884283239902361e-06,4.659855354049878057e-06,5.591826424859853330e-06,6.523797495669828603e-06
0.000000000000000000e+00,9.061775950724859460e-07,1.812355190144971892e-06,2.718532785217458050e-06,3.624710380289944207e-06,4.530887975362430365e-06,5.437065570434916099e-06,6.343243165507401834e-06
0.000000000000000000e+00,1.069741225878094538e-06,2.139482451756189075e-06,3.209223677634283613e-06,4.278964903512378151e-06,5.348706129390472689e-06,6.418447355268567226e-06,7.488188581146661764e-06
0.000000000000000000e+00,9.794433129326168233e-07,1.958886625865233647e-06,2.938329938797850258e-06,3.917773251730466446e-06,4.897216564663082634e-06,5.876659877595699669e-06,6.856103190528314163e-06
0.000000000000000000e+00,9.786345779375147029e-07,1.957269155875029406e-06,2.935903733812544744e-06,3.914538311750058812e-06,4.893172889687574997e-06,5.871807467625090335e-06,6.850442045562605673e-06
0.000000000000000000e+00,9.581058166487665796e-07,1.916211633297533159e-06,2.874317449946299951e-06,3.832423266595067166e-06,4.790529083243834381e-06,5.748634899892601595e-06,6.706740716541368810e-06
0.000000000000000000e+00,1.144203381145779318e-06,2.288406762291558636e-06,3.432610143437337953e-06,4.576813524583117271e-06,5.721016905728897012e-06,6.865220286874676754e-06,8.009423668020456495e-06
0.000000000000000000e+00,9.788174009435939267e-07,1.957634801887187853e-06,2.936452202830781992e-06,3.915269603774374860e-06,4.894087004717968151e-06,5.872904405661561443e-06,6.851721806605154734e-06
0.000000000000000000e+00,1.144273126605449118e-06,2.288546253210898236e-06,3.432819379816347142e-06,4.577092506421795624e-06,5.721365633027244107e-06,6.865638759632692589e-06,8.009911886238141071e-06
0.000000000000000000e+00,9.794433129326382109e-07,1.958886625865276422e-06,2.938329938797914633e-06,3.917773251730552843e-06,4.897216564663191054e-06,5.876659877595829265e-06,6.856103190528468323e-06
0.000000000000000000e+00,9.788174009436051499e-07,1.957634801887210300e-06,2.936452202830815873e-06,3.915269603774420600e-06,4.894087004718025750e-06,5.872904405661631747e-06,6.851721806605236049e-06
0.000000000000000000e+00,9.581058166490729938e-07,1.916211633298145988e-06,2.874317449947218981e-06,3.832423266596291975e-06,4.790529083245364969e-06,5.748634899894437963e-06,6.706740716543510957e-06
0.000000000000000000e+00,1.144203381146098861e-06,2.288406762292197722e-06,3.432610143438296371e-06,4.576813524584394597e-06,5.721016905730492823e-06,6.865220286876591048e-06,8.009423668022689274e-06
0.000000000000000000e+00,7.636990244968241536e-07,1.527398048993648307e-06,2.291097073490472567e-06,3.054796097987297038e-06,3.818495122484121509e-06,4.582194146980945981e-06,5.345893171477770452e-06
0.000000000000000000e+00,4.962206360852604406e-07,9.924412721705208812e-07,1.488661908255781216e-06,1.984882544341041339e-06,2.481103180426301462e-06,2.977323816511561585e-06,3.473544452596821708e-06
0.000000000000000000e+00,7.791528884153987013e-07,1.558305776830797403e-06,2.337458665246195998e-06,3.116611553661594382e-06,3.895764442076992342e-06,4.674917330492390302e-06,5.454070218907788262e-06
0.000000000000000000e+00,8.770224010996786011e-07,1.754044802199357202e-06,2.631067203299035909e-06,3.508089604398714828e-06,4.385112005498393323e-06,5.262134406598071818e-06,6.139156807697750313e-06
0.000000000000000000e+00,5.912370653910439169e-07,1.182474130782087834e-06,1.773711196173131856e-06,2.364948261564176091e-06,2.956185326955220325e-06,3.547422392346264560e-06,4.138659457737308794e-06
0.000000000000000000e+00,6.116623460598173601e-07,1.223324692119634720e-06,1.834987038179451974e-06,2.446649384239269017e-06,3.058311730299086059e-06,3.669974076358903102e-06,4.281636422418720568e-06
0.000000000000000000e+00,7.760663940647300814e-07,1.552132788129460163e-06,2.328199182194190138e-06,3.104265576258919902e-06,3.880331970323650089e-06,4.656398364388380277e-06,5.432464758453110464e-06
0.000000000000000000e+00,8.908528993373400239e-07,1.781705798674680048e-06,2.672558698012020178e-06,3.563411597349360519e-06,4.454264496686700437e-06,5.345117396024040355e-06,6.235970295361380273e-06
0.000000000000000000e+00,7.636990244989265953e-07,1.527398048997853191e-06,2.291097073496779574e-06,3.054796097995705958e-06,3.818495122494632341e-06,4.582194146993559148e-06,5.345893171492485955e-06
0.000000000000000000e+00,4.962206360873103662e-07,9.924412721746207324e-07,1.488661908261931099e-06,1.984882544349241465e-06,2.481103180436551831e-06,2.977323816523862197e-06,3.473544452611172563e-06
0.000000000000000000e+00,7.760663940657639910e-07,1.552132788131527982e-06,2.328199182197291973e-06,3.104265576263055964e-06,3.880331970328820379e-06,4.656398364394584793e-06,5.432464758460349208e-06
0.000000000000000000e+00,8.770224011017900424e-07,1.754044802203580085e-06,2.631067203305370021e-06,3.508089604407159746e-06,4.385112005508949047e-06,5.262134406610738349e-06,6.139156807712527650e-06
0.000000000000000000e+00,5.912370653931544053e-07,1.182474130786308811e-06,1.773711196179463216e-06,2.364948261572617621e-06,2.956185326965771815e-06,3.547422392358926008e-06,4.138659457752080202e-06
0.000000000000000000e+00,6.116623460618442041e-07,1.223324692123688408e-06,1.834987038185532612e-06,2.446649384247376816e-06,3.058311730309221232e-06,3.669974076371065648e-06,4.281636422432910064e-06
0.000000000000000000e+00,4.122196640293943396e-07,8.244393280587886792e-07,1.236658992088182966e-06,1.648878656117577147e-06,2.061098320146971539e-06,2.473317984176365932e-06,2.885537648205760324e-06
0.000000000000000000e+00,4.368975360084187763e-07,8.737950720168375526e-07,1.310692608025256276e-06,1.747590144033674893e-06,2.184487680042093511e-06,2.621385216050512128e-06,3.058282752058930746e-06
0.000000000000000000e+00,5.343041904175376574e-07,1.068608380835075315e-06,1.602912571252613078e-06,2.137216761670151053e-06,2.671520952087689028e-06,3.205825142505227003e-06,3.740129332922764978e-06
0.000000000000000000e+00,4.122196640312589768e-07,8.244393280625179535e-07,1.236658992093776983e-06,1.648878656125036119e-06,2.061098320156295254e-06,2.473317984187554390e-06,2.885537648218813526e-06
0.000000000000000000e+00,4.368975360103969159e-07,8.737950720207938317e-07,1.310692608031190800e-06,1.747590144041587875e-06,2.184487680051985162e-06,2.621385216062382448e-06,3.058282752072779734e-06
0.000000000000000000e+00,5.343041904194275996e-07,1.068608380838855199e-06,1.602912571258282693e-06,2.137216761677709975e-06,2.671520952097137257e-06,3.205825142516564539e-06,3.740129332935991821e-06
0.000000000000000000e+00,4.161307206975903147e-07,8.322614413951806295e-07,1.248392162092770997e-06,1.664522882790361471e-06,2.080653603487951732e-06,2.496784324185541994e-06,2.912915044883132256e-06
0.000000000000000000e+00,4.070109003843520247e-07,8.140218007687040493e-07,1.221032701153056074e-06,1.628043601537408099e-06,2.035054501921760123e-06,2.442065402306112148e-06,2.849076302690464173e-06
0.000000000000000000e+00,5.464440539306938618e-07,1.092888107861387724e-06,1.639332161792081480e-06,2.185776215722775024e-06,2.732220269653468568e-06,3.278664323584162112e-06,3.825108377514855656e-06
0.000000000000000000e+00,4.161307206992776044e-07,8.322614413985552087e-07,1.248392162097832866e-06,1.664522882797110629e-06,2.080653603496388181e-06,2.496784324195665732e-06,2.912915044894943284e-06
0.000000000000000000e+00,4.070109003861370937e-07,8.140218007722741873e-07,1.221032701158411228e-06,1.628043601544548163e-06,2.035054501930685309e-06,2.442065402316822456e-06,2.849076302702959603e-06
0.000000000000000000e+00,5.464440539323817867e-07,1.092888107864763573e-06,1.639332161797145466e-06,2.185776215729527570e-06,2.732220269661909675e-06,3.278664323594291779e-06,3.825108377526674307e-06
0.000000000000000000e+00,4.612568363985591239e-07,9.225136727971182479e-07,1.383770509195677372e-06,1.845027345594236496e-06,2.306284181992795831e-06,2.767541018391355167e-06,3.228797854789914503e-06
0.000000000000000000e+00,4.366886647428838927e-07,8.733773294857677854e-07,1.310065994228651731e-06,1.746754658971535782e-06,2.183443323714419622e-06,2.620131988457303462e-06,3.056820653200187302e-06
0.000000000000000000e+00,5.990362475735452661e-07,1.198072495147090532e-06,1.797108742720635798e-06,2.396144990294181064e-06,2.995181237867726119e-06,3.594217485441271173e-06,4.193253733014816227e-06
0.000000000000000000e+00,4.612568363999604870e-07,9.225136727999209740e-07,1.383770509199881408e-06,1.845027345599841736e-06,2.306284181999802064e-06,2.767541018399762393e-06,3.228797854799722721e-06
0.000000000000000000e+00,4.366886647444258103e-07,8.733773294888516206e-07,1.310065994233277378e-06,1.746754658977703029e-06,2.183443323722128469e-06,2.620131988466553909e-06,3.056820653210979349e-06
0.000000000000000000e+00,5.990362475750110566e-07,1.198072495150022113e-06,1.797108742725033170e-06,2.396144990300044226e-06,2.995181237875055495e-06,3.594217485450066763e-06,4.193253733025078031e-06
0.000000000000000000e+00,5.203301413569901717e-07,1.040660282713980343e-06,1.560990424070970515e-06,2.081320565427960687e-06,2.601650706784951070e-06,3.121980848141941453e-06,3.642310989498931837e-06
0.000000000000000000e+00,4.918135512008966523e-07,9.836271024017933046e-07,1.475440653602690063e-06,1.967254204803587033e-06,2.459067756004484003e-06,2.950881307205380973e-06,3.442694858406277943e-06
0.000000000000000000e+00,6.646827449731464599e-07,1.329365489946292920e-06,1.994048234919439168e-06,2.658730979892585416e-06,3.323413724865731664e-06,3.988096469838878336e-06,4.652779214812025007e-06
0.000000000000000000e+00,5.203301413581564301e-07,1.040660282716312860e-06,1.560990424074469396e-06,2.081320565432626144e-06,2.601650706790782892e-06,3.121980848148939640e-06,3.642310989507096387e-06
0.000000000000000000e+00,4.918135512021627548e-07,9.836271024043255096e-07,1.475440653606488159e-06,1.967254204808650596e-06,2.459067756010813033e-06,2.950881307212975470e-06,3.442694858415137907e-06
0.000000000000000000e+00,6.646827449743660814e-07,1.329365489948732163e-06,1.994048234923098350e-06,2.658730979897464749e-06,3.323413724871831148e-06,3.988096469846197547e-06,4.652779214820563947e-06
0.000000000000000000e+00,5.739341355862593186e-07,1.147868271172518637e-06,1.721802406758777850e-06,2.295736542345036851e-06,2.869670677931295852e-06,3.443604813517554853e-06,4.017538949103813854e-06
0.000000000000000000e+00,5.501650454111928667e-07,1.100330090822385733e-06,1.650495136233578494e-06,2.200660181644771043e-06,2.750825227055963593e-06,3.300990272467156142e-06,3.851155317878348691e-06
0.000000000000000000e+00,7.246182204533822610e-07,1.449236440906764522e-06,2.173854661360146783e-06,2.898472881813529044e-06,3.623091102266911305e-06,4.347709322720293566e-06,5.072327543173675827e-06
0.000000000000000000e+00,5.739341355871309155e-07,1.147868271174261831e-06,1.721802406761392641e-06,2.295736542348523239e-06,2.869670677935653836e-06,3.443604813522784434e-06,4.017538949109915032e-06
0.000000000000000000e+00,5.501650454122184119e-07,1.100330090824436824e-06,1.650495136236655342e-06,2.200660181648874071e-06,2.750825227061092801e-06,3.300990272473311530e-06,3.851155317885530683e-06
0.000000000000000000e+00,7.246182204542773631e-07,1.449236440908554726e-06,2.173854661362831877e-06,2.898472881817109029e-06,3.623091102271386180e-06,4.347709322725663755e-06,5.072327543179941330e-06
0.000000000000000000e+00,6.067141883576608890e-07,1.213428376715321778e-06,1.820142565072982773e-06,2.426856753430643979e-06,3.033570941788305186e-06,3.640285130145966393e-06,4.246999318503627599e-06
0.000000000000000000e+00,5.947970405767604719e-07,1.189594081153520944e-06,1.784391121730281416e-06,2.379188162307041888e-06,2.973985202883802359e-06,3.568782243460562831e-06,4.163579284037322880e-06
0.000000000000000000e+00,7.662710437304354377e-07,1.532542087460870875e-06,2.298813131191306419e-06,3.065084174921742174e-06,3.831355218652177506e-06,4.597626262382612838e-06,5.363897306113048170e-06
0.000000000000000000e+00,6.067141883581864729e-07,1.213428376716372946e-06,1.820142565074559525e-06,2.426856753432746315e-06,3.033570941790933106e-06,3.640285130149119896e-06,4.246999318507306263e-06
0.000000000000000000e+00,5.947970405774583211e-07,1.189594081154916642e-06,1.784391121732374858e-06,2.379188162309832861e-06,2.973985202887290865e-06,3.568782243464748868e-06,4.163579284042206872e-06
0.000000000000000000e+00,7.662710437310069732e-07,1.532542087462013946e-06,2.298813131193020814e-06,3.065084174924027469e-06,3.831355218655033701e-06,4.597626262386039933e-06,5.363897306117046166e-06
0.000000000000000000e+00,5.991854289626975121e-07,1.198370857925395024e-06,1.797556286888092431e-06,2.396741715850789625e-06,2.995927144813486819e-06,3.595112573776184014e-06,4.194298002738881208e-06
0.000000000000000000e+00,6.096414240644515598e-07,1.219282848128903120e-06,1.828924272193354679e-06,2.438565696257806239e-06,3.048207120322257799e-06,3.657848544386709359e-06,4.267489968451160495e-06
0.000000000000000000e+00,7.886153697942364436e-07,1.577230739588472887e-06,2.365846109382709543e-06,3.154461479176946198e-06,3.943076848971182853e-06,4.731692218765419085e-06,5.520307588559655317e-06
0.000000000000000000e+00,5.991854289628322962e-07,1.198370857925664592e-06,1.797556286888496889e-06,2.396741715851329185e-06,2.995927144814161481e-06,3.595112573776993777e-06,4.194298002739825650e-06
0.000000000000000000e+00,6.096414240647976786e-07,1.219282848129595357e-06,1.828924272194393142e-06,2.438565696259191138e-06,3.048207120323989134e-06,3.657848544388787130e-06,4.267489968453584703e-06
0.000000000000000000e+00,7.886153697943739806e-07,1.577230739588747961e-06,2.365846109383122048e-06,3.154461479177496346e-06,3.943076848971870644e-06,4.731692218766244942e-06,5.520307588560619241e-06
0.000000000000000000e+00,5.197026394892011448e-07,1.039405278978402290e-06,1.559107918467603434e-06,2.078810557956804579e-06,2.598513197446005724e-06,3.118215836935206869e-06,3.637918476424408013e-06
0.000000000000000000e+00,3.010533176373908380e-07,6.021066352747816760e-07,9.031599529121725140e-07,1.204213270549563352e-06,1.505266588186954296e-06,1.806319905824345240e-06,2.107373223461736184e-06
0.000000000000000000e+00,5.341754146095160912e-07,1.068350829219032182e-06,1.602526243828548274e-06,2.136701658438064365e-06,2.670877073047580668e-06,3.205052487657096971e-06,3.739227902266613274e-06
0.000000000000000000e+00,6.445635153860936462e-07,1.289127030772187292e-06,1.933690546158280833e-06,2.578254061544374161e-06,3.222817576930467490e-06,3.867381092316560819e-06,4.511944607702654147e-06
0.000000000000000000e+00,3.842455995991827818e-07,7.684911991983655636e-07,1.152736798797548292e-06,1.536982398396730915e-06,1.921227997995913538e-06,2.305473597595096161e-06,2.689719197194278784e-06
0.000000000000000000e+00,3.963713299842471481e-07,7.927426599684942961e-07,1.189113989952741391e-06,1.585485319936988381e-06,1.981856649921235370e-06,2.378227979905482359e-06,2.774599309889729348e-06
0.000000000000000000e+00,5.313266907864121136e-07,1.062653381572824227e-06,1.593980072359236447e-06,2.125306763145648878e-06,2.656633453932061309e-06,3.187960144718473741e-06,3.719286835504886172e-06
0.000000000000000000e+00,6.602398281049884628e-07,1.320479656209976926e-06,1.980719484314965282e-06,2.640959312419953428e-06,3.301199140524941573e-06,3.961438968629929718e-06,4.621678796734917863e-06
0.000000000000000000e+00,5.197026394913109980e-07,1.039405278982621996e-06,1.559107918473932888e-06,2.078810557965243568e-06,2.598513197456554249e-06,3.118215836947864929e-06,3.637918476439175609e-06
0.000000000000000000e+00,3.010533176394444694e-07,6.021066352788889387e-07,9.031599529183334081e-07,1.204213270557777877e-06,1.505266588197222453e-06,1.806319905836667028e-06,2.107373223476111603e-06
0.000000000000000000e+00,5.313266907874512113e-07,1.062653381574902423e-06,1.593980072362353528e-06,2.125306763149804422e-06,2.656633453937255315e-06,3.187960144724706209e-06,3.719286835512157103e-06
0.000000000000000000e+00,6.445635153882209695e-07,1.289127030776441939e-06,1.933690546164662803e-06,2.578254061552883454e-06,3.222817576941104106e-06,3.867381092329324758e-06,4.511944607717545834e-06
0.000000000000000000e+00,3.842455996012909939e-07,7.684911992025819878e-07,1.152736798803873088e-06,1.536982398405164187e-06,1.921227998006455287e-06,2.305473597607746175e-06,2.689719197209037063e-06
0.000000000000000000e+00,3.963713299862996677e-07,7.927426599725993354e-07,1.189113989958898897e-06,1.585485319945198459e-06,1.981856649931498021e-06,2.378227979917797795e-06,2.774599309904097568e-06
0.000000000000000000e+00,2.138208896385771732e-07,4.276417792771543463e-07,6.414626689157315724e-07,8.552835585543087986e-07,1.069104448192886025e-06,1.282925337831463145e-06,1.496746227470040265e-06
0.000000000000000000e+00,2.432130701025032004e-07,4.864261402050064007e-07,7.296392103075096011e-07,9.728522804100128014e-07,1.216065350512515896e-06,1.459278420615018990e-06,1.702491490717522085e-06
0.000000000000000000e+00,3.048834675796927702e-07,6.097669351593855403e-07,9.146504027390783634e-07,1.219533870318771292e-06,1.524417337898464221e-06,1.829300805478157150e-06,2.134184273057850079e-06
0.000000000000000000e+00,2.138208896404906735e-07,4.276417792809813471e-07,6.414626689214720206e-07,8.552835585619626941e-07,1.069104448202453262e-06,1.282925337842943829e-06,1.496746227483434397e-06
0.000000000000000000e+00,2.432130701044793282e-07,4.864261402089586565e-07,7.296392103134379847e-07,9.728522804179173129e-07,1.216065350522396535e-06,1.459278420626875758e-06,1.702491490731354980e-06
0.000000000000000000e+00,3.048834675815796949e-07,6.097669351631593897e-07,9.146504027447390846e-07,1.219533870326318779e-06,1.524417337907898474e-06,1.829300805489478169e-06,2.134184273071057864e-06
0.000000000000000000e+00,1.992687498450922610e-07,3.985374996901845220e-07,5.978062495352767829e-07,7.970749993803690439e-07,9.963437492254614108e-07,1.195612499070553778e-06,1.394881248915646145e-06
0.000000000000000000e+00,1.995541457898064332e-07,3.991082915796128663e-07,5.986624373694193260e-07,7.982165831592258385e-07,9.977707289490323511e-07,1.197324874738838864e-06,1.396879020528645376e-06
0.000000000000000000e+00,2.984829012337615570e-07,5.969658024675231140e-07,8.954487037012847239e-07,1.193931604935046440e-06,1.492414506168808156e-06,1.790897407402569871e-06,2.089380308636331799e-06
0.000000000000000000e+00,1.992687498467932355e-07,3.985374996935864710e-07,5.978062495403797329e-07,7.970749993871730478e-07,9.963437492339664686e-07,1.195612499080759889e-06,1.394881248927553310e-06
0.000000000000000000e+00,1.995541457916225777e-07,3.991082915832451554e-07,5.986624373748677595e-07,7.982165831664904166e-07,9.977707289581129678e-07,1.197324874749735519e-06,1.396879020541358070e-06
0.000000000000000000e+00,2.984829012354277767e-07,5.969658024708555534e-07,8.954487037062832771e-07,1.193931604941710895e-06,1.492414506177138513e-06,1.790897407412566131e-06,2.089380308647993749e-06
0.000000000000000000e+00,2.233131324991581950e-07,4.466262649983163900e-07,6.699393974974745320e-07,8.932525299966326740e-07,1.116565662495790816e-06,1.339878794994949064e-06,1.563191927494107312e-06
0.000000000000000000e+00,2.086116290757325207e-07,4.172232581514650414e-07,6.258348872271975620e-07,8.344465163029300827e-07,1.043058145378662603e-06,1.251669774454395124e-06,1.460281403530127645e-06
0.000000000000000000e+00,3.335157205668094842e-07,6.670314411336189684e-07,1.000547161700428347e-06,1.334062882267237725e-06,1.667578602834047103e-06,2.001094323400856694e-06,2.334610043967666284e-06
0.000000000000000000e+00,2.233131325005547935e-07,4.466262650011095870e-07,6.699393975016643805e-07,8.932525300022191739e-07,1.116565662502773967e-06,1.339878795003328761e-06,1.563191927503883554e-06
0.000000000000000000e+00,2.086116290772831733e-07,4.172232581545663466e-07,6.258348872318494670e-07,8.344465163091325874e-07,1.043058145386415708e-06,1.251669774463698934e-06,1.460281403540982160e-06
0.000000000000000000e+00,3.335157205682233410e-07,6.670314411364466820e-07,1.000547161704670076e-06,1.334062882272893576e-06,1.667578602841117076e-06,2.001094323409340576e-06,2.334610043977563864e-06
0.000000000000000000e+00,2.632149778033535633e-07,5.264299556067071265e-07,7.896449334100606898e-07,1.052859911213414253e-06,1.316074889016767710e-06,1.579289866820121168e-06,1.842504844623474625e-06
0.000000000000000000e+00,2.433473171833688956e-07,4.866946343667377912e-07,7.300419515501066338e-07,9.733892687334753706e-07,1.216736585916844107e-06,1.460083903100212844e-06,1.703431220283581581e-06
0.000000000000000000e+00,3.840030986259438607e-07,7.680061972518877213e-07,1.152009295877831582e-06,1.536012394503775443e-06,1.920015493129719303e-06,2.304018591755663164e-06,2.688021690381607025e-06
0.000000000000000000e+00,2.632149778044410477e-07,5.264299556088820954e-07,7.896449334133231431e-07,1.052859911217764191e-06,1.316074889022205238e-06,1.579289866826646286e-06,1.842504844631087334e-06
0.000000000000000000e+00,2.433473171846089518e-07,4.866946343692179036e-07,7.300419515538268025e-07,9.733892687384355955e-07,1.216736585923044389e-06,1.460083903107653182e-06,1.703431220292261975e-06
0.000000000000000000e+00,3.840030986270507739e-07,7.680061972541015478e-07,1.152009295881152375e-06,1.536012394508203307e-06,1.920015493135254240e-06,2.304018591762305173e-06,2.688021690389356106e-06
0.000000000000000000e+00,3.015143809364295568e-07,6.030287618728591136e-07,9.045431428092887233e-07,1.206057523745718439e-06,1.507571904682148155e-06,1.809086285618577870e-06,2.110600666555007586e-06
0.000000000000000000e+00,2.844843841620023418e-07,5.689687683240046836e-07,8.534531524860070254e-07,1.137937536648009367e-06,1.422421920810011709e-06,1.706906304972014051e-06,1.991390689134016393e-06
0.000000000000000000e+00,4.308582315452150673e-07,8.617164630904301345e-07,1.292574694635645308e-06,1.723432926180860481e-06,2.154291157726075654e-06,2.585149389271290615e-06,3.016007620816505577e-06
0.000000000000000000e+00,3.015143809372373615e-07,6.030287618744747231e-07,9.045431428117120846e-07,1.206057523748949446e-06,1.507571904686186808e-06,1.809086285623424169e-06,2.110600666560661531e-06
0.000000000000000000e+00,2.844843841629534010e-07,5.689687683259068020e-07,8.534531524888602559e-07,1.137937536651813816e-06,1.422421920814767376e-06,1.706906304977720935e-06,1.991390689140674495e-06
0.000000000000000000e+00,4.308582315460253602e-07,8.617164630920507203e-07,1.292574694638076080e-06,1.723432926184101441e-06,2.154291157730127013e-06,2.585149389276152584e-06,3.016007620822178156e-06
0.000000000000000000e+00,3.213413224924120379e-07,6.426826449848240757e-07,9.640239674772361665e-07,1.285365289969648363e-06,1.606706612462060560e-06,1.928047934954472757e-06,2.249389257446884741e-06
0.000000000000000000e+00,3.154941023584042358e-07,6.309882047168084715e-07,9.464823070752127602e-07,1.261976409433617155e-06,1.577470511792021549e-06,1.892964614150425944e-06,2.208458716508830338e-06
0.000000000000000000e+00,4.564741248494729728e-07,9.129482496989459456e-07,1.369422374548418918e-06,1.825896499397891891e-06,2.282370624247364652e-06,2.738844749096837413e-06,3.195318873946310174e-06
0.000000000000000000e+00,3.213413224929394218e-07,6.426826449858788435e-07,9.640239674788182123e-07,1.285365289971757475e-06,1.606706612464696738e-06,1.928047934957636001e-06,2.249389257450575264e-06
0.000000000000000000e+00,3.154941023590859914e-07,6.309882047181719828e-07,9.464823070772579213e-07,1.261976409436343754e-06,1.577470511795429586e-06,1.892964614154515419e-06,2.208458716513601252e-06
0.000000000000000000e+00,4.564741248499761104e-07,9.129482496999522208e-07,1.369422374549928331e-06,1.825896499399904442e-06,2.282370624249880340e-06,2.738844749099856239e-06,3.195318873949832137e-06
0.000000000000000000e+00,3.005694957348751627e-07,6.011389914697503253e-07,9.017084872046255410e-07,1.202277982939500862e-06,1.502847478674376184e-06,1.803416974409251505e-06,2.103986470144126827e-06
0.000000000000000000e+00,3.175396058109953148e-07,6.350792116219906296e-07,9.526188174329859444e-07,1.270158423243981259e-06,1.587698029054976680e-06,1.905237634865972101e-06,2.222777240676967521e-06
0.000000000000000000e+00,4.387224037226966985e-07,8.774448074453933969e-07,1.316167211168090042e-06,1.754889614890786582e-06,2.193612018613482910e-06,2.632334422336179238e-06,3.071056826058875566e-06
0.000000000000000000e+00,3.005694957350783976e-07,6.011389914701567953e-07,9.017084872052351929e-07,1.202277982940313591e-06,1.502847478675391988e-06,1.803416974410470386e-06,2.103986470145548995e-06
0.000000000000000000e+00,3.175396058113382043e-07,6.350792116226764086e-07,9.526188174340145600e-07,1.270158423245352606e-06,1.587698029056690651e-06,1.905237634868028697e-06,2.222777240679366742e-06
0.000000000000000000e+00,4.387224037228465174e-07,8.774448074456930348e-07,1.316167211168539605e-06,1.754889614891386281e-06,2.193612018614232958e-06,2.632334422337079634e-06,3.071056826059926310e-06
0.000000000000000000e+00,2.629448664297963428e-07,5.258897328595926857e-07,7.888345992893890285e-07,1.051779465719185371e-06,1.314724332148981714e-06,1.577669198578778057e-06,1.840614065008574400e-06
0.000000000000000000e+00,1.416394351690573256e-07,2.832788703381146513e-07,4.249183055071719504e-07,5.665577406762291967e-07,7.081971758452864429e-07,8.498366110143436891e-07,9.914760461834009354e-07
0.000000000000000000e+00,2.714835214318010982e-07,5.429670428636021964e-07,8.144505642954032946e-07,1.085934085727204393e-06,1.357417607159005385e-06,1.628901128590806377e-06,1.900384650022607370e-06
0.000000000000000000e+00,3.933889539153807417e-07,7.867779078307614835e-07,1.180166861746142119e-06,1.573555815661522755e-06,1.966944769576903391e-06,2.360333723492284239e-06,2.753722677407665086e-06
0.000000000000000000e+00,1.901510625567091816e-07,3.803021251134183633e-07,5.704531876701275714e-07,7.606042502268368324e-07,9.507553127835460935e-07,1.140906375340255354e-06,1.331057437896964616e-06
0.000000000000000000e+00,2.207613215393518559e-07,4.415226430787037118e-07,6.622839646180555413e-07,8.830452861574073178e-07,1.103806607696758988e-06,1.324567929236110659e-06,1.545329250775462330e-06
0.000000000000000000e+00,2.697931845676579149e-07,5.395863691353158297e-07,8.093795537029736916e-07,1.079172738270631448e-06,1.348965922838289204e-06,1.618759107405946960e-06,1.888552291973604716e-06
0.000000000000000000e+00,4.054236309762342964e-07,8.108472619524685928e-07,1.216270892928702995e-06,1.621694523904937397e-06,2.027118154881171800e-06,2.432541785857405990e-06,2.837965416833640181e-06
0.000000000000000000e+00,2.629448664318858143e-07,5.258897328637716286e-07,7.888345992956574958e-07,1.051779465727543469e-06,1.314724332159429442e-06,1.577669198591315415e-06,1.840614065023201388e-06
0.000000000000000000e+00,1.416394351711104276e-07,2.832788703422208552e-07,4.249183055133312564e-07,5.665577406844416046e-07,7.081971758555519528e-07,8.498366110266623010e-07,9.914760461977727551e-07
0.000000000000000000e+00,2.697931845686869540e-07,5.395863691373739080e-07,8.093795537060609150e-07,1.079172738274748028e-06,1.348965922843435141e-06,1.618759107412122253e-06,1.888552291980809366e-06
0.000000000000000000e+00,3.933889539174793718e-07,7.867779078349587435e-07,1.180166861752438115e-06,1.573555815669917487e-06,1.966944769587396859e-06,2.360333723504876231e-06,2.753722677422355602e-06
0.000000000000000000e+00,1.901510625587981502e-07,3.803021251175963003e-07,5.704531876763944505e-07,7.606042502351926007e-07,9.507553127939907509e-07,1.140906375352788901e-06,1.331057437911586945e-06
0.000000000000000000e+00,2.207613215414032374e-07,4.415226430828064747e-07,6.622839646242097650e-07,8.830452861656130553e-07,1.103806607707016346e-06,1.324567929248419530e-06,1.545329250789822714e-06
0.000000000000000000e+00,8.388667978175822154e-08,1.677733595635164431e-07,2.516600393452746646e-07,3.355467191270328862e-07,4.194333989087911077e-07,5.033200786905493292e-07,5.872067584723074979e-07
0.000000000000000000e+00,1.050451188698786598e-07,2.100902377397573197e-07,3.151353566096359663e-07,4.201804754795145864e-07,5.252255943493932066e-07,6.302707132192718267e-07,7.353158320891504469e-07
0.000000000000000000e+00,1.413649779969499884e-07,2.827299559938999768e-07,4.240949339908499652e-07,5.654599119877999536e-07,7.068248899847499421e-07,8.481898679816999305e-07,9.895548459786498130e-07
0.000000000000000000e+00,8.388667978370390916e-08,1.677733595674078183e-07,2.516600393511117275e-07,3.355467191348156366e-07,4.194333989185195458e-07,5.033200787022234550e-07,5.872067584859273641e-07
0.000000000000000000e+00,1.050451188718845133e-07,2.100902377437690265e-07,3.151353566156535531e-07,4.201804754875381060e-07,5.252255943594227119e-07,6.302707132313073179e-07,7.353158321031919238e-07
0.000000000000000000e+00,1.413649779988793706e-07,2.827299559977587413e-07,4.240949339966381119e-07,5.654599119955174826e-07,7.068248899943969062e-07,8.481898679932763298e-07,9.895548459921557533e-07
0.000000000000000000e+00,6.607387744227901153e-08,1.321477548845580231e-07,1.982216323268370346e-07,2.642955097691160461e-07,3.303693872113950312e-07,3.964432646536740162e-07,4.625171420959530013e-07
0.000000000000000000e+00,7.061189972229143892e-08,1.412237994445828778e-07,2.118356991668743168e-07,2.824475988891657557e-07,3.530594986114571946e-07,4.236713983337486335e-07,4.942832980560400724e-07
0.000000000000000000e+00,1.217015271062543721e-07,2.434030542125087442e-07,3.651045813187631164e-07,4.868061084250174885e-07,6.085076355312718076e-07,7.302091626375261268e-07,8.519106897437804460e-07
0.000000000000000000e+00,6.607387744406901714e-08,1.321477548881380343e-07,1.982216323322070382e-07,2.642955097762760156e-07,3.303693872203449930e-07,3.964432646644139705e-07,4.625171421084829479e-07
0.000000000000000000e+00,7.061189972416528755e-08,1.412237994483305751e-07,2.118356991724958627e-07,2.824475988966611502e-07,3.530594986208264378e-07,4.236713983449917253e-07,4.942832980691570129e-07
0.000000000000000000e+00,1.217015271079871368e-07,2.434030542159742737e-07,3.651045813239614105e-07,4.868061084319485473e-07,6.085076355399356841e-07,7.302091626479228210e-07,8.519106897559099578e-07
0.000000000000000000e+00,7.217370407467799133e-08,1.443474081493559827e-07,2.165211122240339608e-07,2.886948162987119124e-07,3.608685203733898640e-07,4.330422244480678156e-07,5.052159285227457673e-07
0.000000000000000000e+00,6.705770752238356204e-08,1.341154150447671241e-07,2.011731225671506993e-07,2.682308300895343011e-07,3.352885376119179028e-07,4.023462451343015046e-07,4.694039526566851063e-07
0.000000000000000000e+00,1.352878021811948892e-07,2.705756043623897784e-07,4.058634065435846940e-07,5.411512087247796626e-07,6.764390109059746312e-07,8.117268130871695998e-07,9.470146152683645683e-07
0.000000000000000000e+00,7.217370407624107152e-08,1.443474081524821430e-07,2.165211122287232146e-07,2.886948163049642861e-07,3.608685203812053311e-07,4.330422244574463762e-07,5.052159285336874212e-07
0.000000000000000000e+00,6.705770752406279162e-08,1.341154150481255832e-07,2.011731225721883749e-07,2.682308300962511665e-07,3.352885376203139581e-07,4.023462451443767497e-07,4.694039526684395413e-07
0.000000000000000000e+00,1.352878021826788115e-07,2.705756043653576230e-07,4.058634065480364345e-07,5.411512087307152460e-07,6.764390109133940045e-07,8.117268130960727631e-07,9.470146152787515216e-07
0.000000000000000000e+00,8.986634243622752846e-08,1.797326848724550569e-07,2.695990273086825721e-07,3.594653697449100609e-07,4.493317121811375497e-07,5.391980546173650384e-07,6.290643970535925801e-07
0.000000000000000000e+00,8.060610762172029564e-08,1.612122152434405913e-07,2.418183228651608605e-07,3.224244304868811296e-07,4.030305381086013988e-07,4.836366457303217209e-07,5.642427533520420430e-07
0.000000000000000000e+00,1.639155746528218318e-07,3.278311493056436635e-07,4.917467239584654953e-07,6.556622986112873271e-07,8.195778732641091588e-07,9.834934479169309906e-07,1.147409022569752822e-06
0.000000000000000000e+00,8.986634243751773169e-08,1.797326848750354634e-07,2.695990273125531951e-07,3.594653697500709268e-07,4.493317121875886585e-07,5.391980546251063902e-07,6.290643970626240689e-07
0.000000000000000000e+00,8.060610762314902846e-08,1.612122152462980569e-07,2.418183228694470589e-07,3.224244304925960609e-07,4.030305381157450629e-07,4.836366457388941178e-07,5.642427533620431728e-07
0.000000000000000000e+00,1.639155746539777406e-07,3.278311493079554811e-07,4.917467239619332482e-07,6.556622986159110682e-07,8.195778732698888881e-07,9.834934479238667081e-07,1.147409022577844528e-06
0.000000000000000000e+00,1.088510978214994907e-07,2.177021956429989814e-07,3.265532934644984720e-07,4.354043912859979627e-07,5.442554891074974005e-07,6.531065869289968382e-07,7.619576847504962760e-07
0.000000000000000000e+00,1.002535562880726724e-07,2.005071125761453448e-07,3.007606688642180173e-07,4.010142251522906897e-07,5.012677814403634150e-07,6.015213377284361404e-07,7.017748940165088658e-07
0.000000000000000000e+00,1.929358146681369037e-07,3.858716293362738073e-07,5.788074440044106845e-07,7.717432586725475088e-07,9.646790733406843330e-07,1.157614888008821157e-06,1.350550702676957982e-06
0.000000000000000000e+00,1.088510978224288049e-07,2.177021956448576099e-07,3.265532934672864281e-07,4.354043912897152727e-07,5.442554891121441173e-07,6.531065869345729620e-07,7.619576847570018066e-07
0.000000000000000000e+00,1.002535562891697918e-07,2.005071125783395837e-07,3.007606688675093755e-07,4.010142251566791674e-07,5.012677814458490122e-07,6.015213377350188570e-07,7.017748940241887017e-07
0.000000000000000000e+00,1.929358146689942333e-07,3.858716293379884667e-07,5.788074440069827000e-07,7.717432586759769334e-07,9.646790733449711667e-07,1.157614888013965400e-06,1.350550702682959633e-06
0.000000000000000000e+00,1.185127516101298564e-07,2.370255032202597127e-07,3.555382548303895823e-07,4.740510064405194783e-07,5.925637580506493744e-07,7.110765096607792705e-07,8.295892612709091665e-07
0.000000000000000000e+00,1.158140114429588783e-07,2.316280228859177566e-07,3.474420343288766481e-07,4.632560457718355661e-07,5.790700572147944312e-07,6.948840686577532962e-07,8.106980801007121613e-07
0.000000000000000000e+00,2.077470928366783436e-07,4.154941856733566872e-07,6.232412785100350043e-07,8.309883713467132685e-07,1.038735464183391533e-06,1.246482557020069797e-06,1.454229649856748061e-06
0.000000000000000000e+00,1.185127516108013682e-07,2.370255032216027364e-07,3.555382548324040913e-07,4.740510064432054198e-07,5.925637580540066954e-07,7.110765096648079709e-07,8.295892612756092465e-07
0.000000000000000000e+00,1.158140114437470954e-07,2.316280228874941908e-07,3.474420343312412994e-07,4.632560457749884345e-07,5.790700572187355696e-07,6.948840686624827047e-07,8.106980801062298398e-07
0.000000000000000000e+00,2.077470928372504085e-07,4.154941856745008170e-07,6.232412785117511990e-07,8.309883713490015280e-07,1.038735464186251751e-06,1.246482557023501974e-06,1.454229649860752198e-06
0.000000000000000000e+00,1.064095269559755711e-07,2.128190539119511422e-07,3.192285808679267266e-07,4.256381078239023374e-07,5.320476347798780012e-07,6.384571617358536650e-07,7.448666886918293287e-07
0.000000000000000000e+00,1.158049300610950782e-07,2.316098601221901563e-07,3.474147901832852477e-07,4.632197202443803656e-07,5.790246503054754835e-07,6.948295803665706013e-07,8.106345104276657192e-07
0.000000000000000000e+00,1.897517754793327372e-07,3.795035509586654743e-07,5.692553264379982379e-07,7.590071019173310545e-07,9.487588773966638711e-07,1.138510652875996688e-06,1.328262428355329610e-06
0.000000000000000000e+00,1.064095269563478024e-07,2.128190539126956048e-07,3.192285808690433807e-07,4.256381078253911567e-07,5.320476347817389326e-07,6.384571617380867615e-07,7.448666886944345903e-07
0.000000000000000000e+00,1.158049300616081154e-07,2.316098601232162309e-07,3.474147901848243595e-07,4.632197202464325147e-07,5.790246503080406169e-07,6.948295803696487191e-07,8.106345104312568213e-07
0.000000000000000000e+00,1.897517754796149844e-07,3.795035509592299688e-07,5.692553264388449532e-07,7.590071019184599377e-07,9.487588773980749221e-07,1.138510652877689906e-06,1.328262428357304891e-06
0.000000000000000000e+00,-9.771300049612945063e-19,-1.954260009922589013e-18,-2.931390014883883519e-18,-3.908520019845178025e-18,-4.885650024806472146e-18,-5.862780029767766267e-18,-6.839910034729060389e-18
0.000000000000000000e+00,-1.040427395124403090e-18,-2.080854790248806180e-18,-3.121282185373209270e-18,-4.161709580497612360e-18,-5.202136975622015450e-18,-6.242564370746418540e-18,-7.282991765870820860e-18
0.000000000000000000e+00,7.036378352096497745e-20,1.407275670419299549e-19,2.110913505628949323e-19,2.814551340838599098e-19,3.518189176048248632e-19,4.221827011257898165e-19,4.925464846467547699e-19
0.000000000000000000e+00,1.321938461421803793e-07,2.643876922843607585e-07,3.965815384265411113e-07,5.287753845687214112e-07,6.609692307109017110e-07,7.931630768530820109e-07,9.253569229952623107e-07
0.000000000000000000e+00,-1.227404608409927148e-18,-2.454809216819854295e-18,-3.682213825229781250e-18,-4.909618433639707820e-18,-6.137023042049634389e-18,-7.364427650459560959e-18,-8.591832258869487529e-18
0.000000000000000000e+00,7.095621303322675528e-08,1.419124260664535106e-07,2.128686390996802791e-07,2.838248521329070741e-07,3.547810651661338691e-07,4.257372781993606640e-07,4.966934912325874590e-07
0.000000000000000000e+00,-4.480231429165014326e-19,-8.960462858330028652e-19,-1.344069428749504394e-18,-1.792092571666006116e-18,-2.240115714582507837e-18,-2.688138857499009559e-18,-3.136162000415511280e-18
0.000000000000000000e+00,1.366560103350514389e-07,2.733120206701028778e-07,4.099680310051543166e-07,5.466240413402057555e-07,6.832800516752572473e-07,8.199360620103087391e-07,9.565920723453602309e-07
0.000000000000000000e+00,1.089001256425225378e-18,2.178002512850450755e-18,3.267003769275676133e-18,4.356005025700901511e-18,5.445006282126126503e-18,6.534007538551351496e-18,7.623008794976576488e-18
0.000000000000000000e+00,1.016433885650948094e-18,2.032867771301896189e-18,3.049301656952844283e-18,4.065735542603792378e-18,5.082169428254740857e-18,6.098603313905689337e-18,7.115037199556637816e-18
0.000000000000000000e+00,5.742839415257432844e-19,1.148567883051486569e-18,1.722851824577229757e-18,2.297135766102972752e-18,2.871419707628715748e-18,3.445703649154458743e-18,4.019987590680201353e-18
0.000000000000000000e+00,1.321938461442782416e-07,2.643876922885564833e-07,3.965815384328347249e-07,5.287753845771129666e-07,6.609692307213911553e-07,7.931630768656693440e-07,9.253569230099475327e-07
0.000000000000000000e+00,8.501708812852769721e-19,1.700341762570553944e-18,2.550512643855830820e-18,3.400683525141107503e-18,4.250854406426384186e-18,5.101025287711660869e-18,5.951196168996937553e-18
0.000000000000000000e+00,7.095621303529285393e-08,1.419124260705857079e-07,2.128686391058785486e-07,2.838248521411713628e-07,3.547810651764641770e-07,4.257372782117569912e-07,4.966934912470498055e-07
0.000000000000000000e+00,-9.824762419079201194e-19,-1.964952483815840239e-18,-2.947428725723760551e-18,-3.929904967631681248e-18,-4.912381209539601945e-18,-5.894857451447522643e-18,-6.877333693355443340e-18
0.000000000000000000e+00,-1.054575002296162658e-18,-2.109150004592325315e-18,-3.163725006888487973e-18,-4.218300009184650630e-18,-5.272875011480813288e-18,-6.327450013776975945e-18,-7.382025016073137833e-18
0.000000000000000000e+00,3.902095814660220827e-08,7.804191629320441654e-08,1.170628744398066248e-07,1.560838325864088331e-07,1.951047907330110413e-07,2.341257488796132496e-07,2.731467070262154579e-07
0.000000000000000000e+00,9.596707928690300522e-19,1.919341585738060104e-18,2.879012378607090157e-18,3.838683171476120209e-18,4.798353964345150261e-18,5.758024757214180313e-18,6.717695550083210366e-18
0.000000000000000000e+00,9.357298095727004454e-19,1.871459619145400891e-18,2.807189428718101529e-18,3.742919238290802552e-18,4.678649047863503575e-18,5.614378857436204598e-18,6.550108667008905621e-18
0.000000000000000000e+00,3.902095814856156753e-08,7.804191629712313506e-08,1.170628744456847026e-07,1.560838325942462701e-07,1.951047907428078244e-07,2.341257488913693787e-07,2.731467070399309330e-07
0.000000000000000000e+00,-8.496082923839668706e-19,-1.699216584767933741e-18,-2.548824877151900708e-18,-3.398433169535867868e-18,-4.248041461919835027e-18,-5.097649754303802187e-18,-5.947258046687769346e-18
0.000000000000000000e+00,-8.976024024854536612e-19,-1.795204804970907322e-18,-2.692807207456360791e-18,-3.590409609941813874e-18,-4.488012012427266958e-18,-5.385614414912720041e-18,-6.283216817398173125e-18
0.000000000000000000e+00,2.803373392082121563e-08,5.606746784164243126e-08,8.410120176246365019e-08,1.121349356832848757e-07,1.401686696041061013e-07,1.682024035249273269e-07,1.962361374457485524e-07
0.000000000000000000e+00,9.609875822911476319e-19,1.921975164582295264e-18,2.882962746873443088e-18,3.843950329164591298e-18,4.804937911455739508e-18,5.765925493746887717e-18,6.726913076038035927e-18
0.000000000000000000e+00,9.785708105353504220e-19,1.957141621070700844e-18,2.935712431606051266e-18,3.914283242141401688e-18,4.892854052676752110e-18,5.871424863212102532e-18,6.849995673747452954e-18
0.000000000000000000e+00,2.803373392262730163e-08,5.606746784525460326e-08,8.410120176788190820e-08,1.121349356905092198e-07,1.401686696131365313e-07,1.682024035357638429e-07,1.962361374583911544e-07
0.000000000000000000e+00,-7.169292036000019578e-19,-1.433858407200003916e-18,-2.150787610800005873e-18,-2.867716814400007831e-18,-3.584646018000010174e-18,-4.301575221600012517e-18,-5.018504425200014860e-18
0.000000000000000000e+00,-7.289599643712782631e-19,-1.457919928742556526e-18,-2.186879893113834789e-18,-2.915839857485113052e-18,-3.644799821856391316e-18,-4.373759786227669579e-18,-5.102719750598947842e-18
0.000000000000000000e+00,2.981177630268336302e-08,5.962355260536672604e-08,8.943532890805008244e-08,1.192471052107334256e-07,1.490588815134167688e-07,1.788706578161001119e-07,2.086824341187834551e-07
0.000000000000000000e+00,9.375145941647289560e-19,1.875029188329457912e-18,2.812543782494186868e-18,3.750058376658915824e-18,4.687572970823644780e-18,5.625087564988373736e-18,6.562602159153102692e-18
0.000000000000000000e+00,1.007526668669299898e-18,2.015053337338599796e-18,3.022580006007899694e-18,4.030106674677199592e-18,5.037633343346499104e-18,6.045160012015798617e-18,7.052686680685098130e-18
0.000000000000000000e+00,2.981177630430870675e-08,5.962355260861741350e-08,8.943532891292612024e-08,1.192471052172348270e-07,1.490588815215435470e-07,1.788706578258522670e-07,2.086824341301609869e-07
0.000000000000000000e+00,-5.812295555998328428e-19,-1.162459111199665686e-18,-1.743688666799498528e-18,-2.324918222399331371e-18,-2.906147777999164214e-18,-3.487377333598997057e-18,-4.068606889198829515e-18
0.000000000000000000e+00,-5.794846291340179399e-19,-1.158969258268035880e-18,-1.738453887402054012e-18,-2.317938516536072145e-18,-2.897423145670090277e-18,-3.476907774804108024e-18,-4.056392403938125772e-18
0.000000000000000000e+00,3.809207204910998199e-08,7.618414409821996397e-08,1.142762161473299460e-07,1.523682881964399279e-07,1.904603602455499099e-07,2.285524322946598919e-07,2.666445043437699004e-07
0.000000000000000000e+00,8.600944967595652251e-19,1.720188993519130450e-18,2.580283490278695675e-18,3.440377987038260901e-18,4.300472483797826126e-18,5.160566980557391351e-18,6.020661477316956576e-18
0.000000000000000000e+00,9.664680346832373260e-19,1.932936069366474652e-18,2.899404104049711978e-18,3.865872138732949304e-18,4.832340173416187015e-18,5.798808208099424726e-18,6.765276242782662437e-18
0.000000000000000000e+00,3.809207205050317913e-08,7.618414410100635826e-08,1.142762161515095374e-07,1.523682882020127165e-07,1.904603602525158824e-07,2.285524323030190483e-07,2.666445043535222142e-07
0.000000000000000000e+00,-6.051832318755149626e-19,-1.210366463751029925e-18,-1.815549695626544984e-18,-2.420732927502060235e-18,-3.025916159377575487e-18,-3.631099391253090738e-18,-4.236282623128605990e-18
0.000000000000000000e+00,-5.269812411181246202e-19,-1.053962482236249240e-18,-1.580943723354373861e-18,-2.107924964472498481e-18,-2.634906205590623294e-18,-3.161887446708748107e-18,-3.688868687826872919e-18
0.000000000000000000e+00,4.744418570086695063e-08,9.488837140173390126e-08,1.423325571026008519e-07,1.897767428034678025e-07,2.372209285043347531e-07,2.846651142052017038e-07,3.321092999060686279e-07
0.000000000000000000e+00,5.723113449996950426e-19,1.144622689999390085e-18,1.716934034999085224e-18,2.289245379998780556e-18,2.861556724998475887e-18,3.433868069998171218e-18,4.006179414997866550e-18
0.000000000000000000e+00,7.846616389740905635e-19,1.569323277948181127e-18,2.353984916922271594e-18,3.138646555896361869e-18,3.923308194870451758e-18,4.707969833844541648e-18,5.492631472818631537e-18
0.000000000000000000e+00,4.744418570192964610e-08,9.488837140385929221e-08,1.423325571057889515e-07,1.897767428077186109e-07,2.372209285096482702e-07,2.846651142115779031e-07,3.321092999135075360e-07
0.000000000000000000e+00,2.039185082399242412e-19,4.078370164798484824e-19,6.117555247197727236e-19,8.156740329596969649e-19,1.019592541199621206e-18,1.223511049439545447e-18,1.427429557679469689e-18
0.000000000000000000e+00,-2.592615991813789865e-19,-5.185231983627579730e-19,-7.777847975441369114e-19,-1.037046396725515753e-18,-1.296307995906894595e-18,-1.555569595088273438e-18,-1.814831194269652087e-18
0.000000000000000000e+00,5.230289098110730422e-08,1.046057819622146084e-07,1.569086729433218994e-07,2.092115639244291904e-07,2.615144549055364814e-07,3.138173458866437989e-07,3.661202368677511163e-07
0.000000000000000000e+00,1.081545439753522779e-18,2.163090879507045557e-18,3.244636319260568528e-18,4.326181759014091884e-18,5.407727198767615241e-18,6.489272638521138597e-18,7.570818078274661953e-18
0.000000000000000000e+00,7.652233857688565717e-19,1.530446771537713143e-18,2.295670157306569811e-18,3.060893543075426672e-18,3.826116928844283532e-18,4.591340314613140393e-18,5.356563700381997253e-18
0.000000000000000000e+00,5.230289098188102250e-08,1.046057819637620450e-07,1.569086729456430609e-07,2.092115639275240635e-07,2.615144549094050397e-07,3.138173458912860159e-07,3.661202368731669920e-07
0.000000000000000000e+00,-3.449571180631685105e-19,-6.899142361263370210e-19,-1.034871354189505435e-18,-1.379828472252673849e-18,-1.724785590315842264e-18,-2.069742708379010870e-18,-2.414699826442179477e-18
0.000000000000000000e+00,-3.096630926644207334e-19,-6.193261853288414668e-19,-9.289892779932622002e-19,-1.238652370657682934e-18,-1.548315463322103667e-18,-1.857978555986524400e-18,-2.167641648650944941e-18
0.000000000000000000e+00,4.620664031668523310e-08,9.241328063337046621e-08,1.386199209500556927e-07,1.848265612667409059e-07,2.310332015834261192e-07,2.772398419001113325e-07,3.234464822167965457e-07
0.000000000000000000e+00,1.767817374863655172e-19,3.535634749727310343e-19,5.303452124590965996e-19,7.071269499454621649e-19,8.839086874318277302e-19,1.060690424918193199e-18,1.237472162404558668e-18
0.000000000000000000e+00,3.940355490306049739e-19,7.880710980612099478e-19,1.182106647091814970e-18,1.576142196122420088e-18,1.970177745153025399e-18,2.364213294183630710e-18,2.758248843214236021e-18
0.000000000000000000e+00,4.620664031716334350e-08,9.241328063432668700e-08,1.386199209514900371e-07,1.848265612686534005e-07,2.310332015858167638e-07,2.772398419029801272e-07,3.234464822201434905e-07
0.000000000000000000e+00,-1.502115068400576925e-06,-3.004230136801153850e-06,-4.506345205201730987e-06,-6.008460273602308547e-06,-7.510575342002886108e-06,-9.012690410403463668e-06,-1.051480547880404208e-05
0.000000000000000000e+00,-1.412266412163580208e-06,-2.824532824327160416e-06,-4.236799236490740411e-06,-5.649065648654319984e-06,-7.061332060817899556e-06,-8.473598472981479129e-06,-9.885864885145058701e-06
0.000000000000000000e+00,-1.397430988680236196e-06,-2.794861977360472393e-06,-4.192292966040709012e-06,-5.589723954720945632e-06,-6.987154943401182252e-06,-8.384585932081418025e-06,-9.782016920761653798e-06
0.000000000000000000e+00,-1.471022601583059270e-06,-2.942045203166118540e-06,-4.413067804749177598e-06,-5.884090406332236233e-06,-7.355113007915294867e-06,-8.826135609498353502e-06,-1.029715821108141214e-05
0.000000000000000000e+00,-1.436681152080991141e-06,-2.873362304161982282e-06,-4.310043456242973422e-06,-5.746724608323964563e-06,-7.183405760404955704e-06,-8.620086912485946845e-06,-1.005676806456693714e-05
0.000000000000000000e+00,-1.553034603705109876e-06,-3.106069207410219752e-06,-4.659103811115329840e-06,-6.212138414820440351e-06,-7.765173018525550015e-06,-9.318207622230659679e-06,-1.087124222593576934e-05
0.000000000000000000e+00,-1.400682966137040222e-06,-2.801365932274080444e-06,-4.202048898411120877e-06,-5.602731864548161735e-06,-7.003414830685202592e-06,-8.404097796822243449e-06,-9.804780762959284306e-06
0.000000000000000000e+00,-1.419697647758375043e-06,-2.839395295516750085e-06,-4.259092943275125551e-06,-5.678790591033501017e-06,-7.098488238791876483e-06,-8.518185886550251102e-06,-9.937883534308625721e-06
0.000000000000000000e+00,-1.502115068399612155e-06,-3.004230136799224309e-06,-4.506345205198836675e-06,-6.008460273598449465e-06,-7.510575341998062255e-06,-9.012690410397675045e-06,-1.051480547879728783e-05
0.000000000000000000e+00,-1.412266412162672612e-06,-2.824532824325345224e-06,-4.236799236488018048e-06,-5.649065648650691295e-06,-7.061332060813364542e-06,-8.473598472976037789e-06,-9.885864885138711036e-06
0.000000000000000000e+00,-1.400682966136587059e-06,-2.801365932273174119e-06,-4.202048898409761390e-06,-5.602731864546349084e-06,-7.003414830682936779e-06,-8.404097796819524473e-06,-9.804780762956111321e-06
0.000000000000000000e+00,-1.471022601582120334e-06,-2.942045203164240668e-06,-4.413067804746361213e-06,-5.884090406328482183e-06,-7.355113007910603152e-06,-8.826135609492724121e-06,-1.029715821107484594e-05
0.000000000000000000e+00,-1.436681152080071898e-06,-2.873362304160143797e-06,-4.310043456240215483e-06,-5.746724608320286746e-06,-7.183405760400358009e-06,-8.620086912480429272e-06,-1.005676806456049969e-05
0.000000000000000000e+00,-1.553034603704147435e-06,-3.106069207408294869e-06,-4.659103811112442304e-06,-6.212138414816589739e-06,-7.765173018520737174e-06,-9.318207622224884608e-06,-1.087124222592903204e-05
0.000000000000000000e+00,-1.533091685439662401e-06,-3.066183370879324801e-06,-4.599275056318986990e-06,-6.132366741758648755e-06,-7.665458427198310520e-06,-9.198550112637972286e-06,-1.073164179807763405e-05
0.000000000000000000e+00,-1.522711927300462290e-06,-3.045423854600924580e-06,-4.568135781901386658e-06,-6.090847709201848312e-06,-7.613559636502309967e-06,-9.136271563802771621e-06,-1.065898349110323243e-05
0.000000000000000000e+00,-1.602497241047226276e-06,-3.204994482094452552e-06,-4.807491723141678828e-06,-6.409988964188905104e-06,-8.012486205236130532e-06,-9.614983446283355961e-06,-1.121748068733058139e-05
0.000000000000000000e+00,-1.533091685438646173e-06,-3.066183370877292345e-06,-4.599275056315938518e-06,-6.132366741754584691e-06,-7.665458427193231711e-06,-9.198550112631878731e-06,-1.073164179807052575e-05
0.000000000000000000e+00,-1.522711927299459191e-06,-3.045423854598918382e-06,-4.568135781898377150e-06,-6.090847709197835917e-06,-7.613559636497294685e-06,-9.136271563796754299e-06,-1.065898349109621391e-05
0.000000000000000000e+00,-1.602497241046225718e-06,-3.204994482092451436e-06,-4.807491723138676943e-06,-6.409988964184902026e-06,-8.012486205231126262e-06,-9.614983446277350498e-06,-1.121748068732357473e-05
0.000000000000000000e+00,-1.551431766403266368e-06,-3.102863532806532735e-06,-4.654295299209799527e-06,-6.205727065613066318e-06,-7.757158832016333109e-06,-9.308590598419599053e-06,-1.086002236482286500e-05
0.000000000000000000e+00,-1.542475445751273357e-06,-3.084950891502546715e-06,-4.627426337253820284e-06,-6.169901783005094276e-06,-7.712377228756368269e-06,-9.254852674507642261e-06,-1.079732812025891625e-05
0.000000000000000000e+00,-1.630596142495573233e-06,-3.261192284991146466e-06,-4.891788427486719487e-06,-6.522384569982292085e-06,-8.152980712477863836e-06,-9.783576854973435587e-06,-1.141417299746900734e-05
0.000000000000000000e+00,-1.551431766402246328e-06,-3.102863532804492656e-06,-4.654295299206739196e-06,-6.205727065608986160e-06,-7.757158832011233971e-06,-9.308590598413481781e-06,-1.086002236481572959e-05
0.000000000000000000e+00,-1.542475445750256282e-06,-3.084950891500512565e-06,-4.627426337250769271e-06,-6.169901783001025977e-06,-7.712377228751282683e-06,-9.254852674501538542e-06,-1.079732812025179440e-05
0.000000000000000000e+00,-1.630596142494569287e-06,-3.261192284989138575e-06,-4.891788427483708285e-06,-6.522384569978277996e-06,-8.152980712472847707e-06,-9.783576854967416571e-06,-1.141417299746198543e-05
0.000000000000000000e+00,-1.584500961642174878e-06,-3.169001923284349756e-06,-4.753502884926524635e-06,-6.338003846568699513e-06,-7.922504808210874391e-06,-9.507005769853049269e-06,-1.109150673149522415e-05
0.000000000000000000e+00,-1.565828674288732720e-06,-3.131657348577465440e-06,-4.697486022866198584e-06,-6.263314697154931728e-06,-7.829143371443664871e-06,-9.394972045732397168e-06,-1.096080072002112946e-05
0.000000000000000000e+00,-1.667833163252807636e-06,-3.335666326505615272e-06,-5.003499489758422908e-06,-6.671332653011230544e-06,-8.339165816264039027e-06,-1.000699897951684751e-05,-1.167483214276965599e-05
0.000000000000000000e+00,-1.584500961641183850e-06,-3.169001923282367699e-06,-4.753502884923551549e-06,-6.338003846564735399e-06,-7.922504808205919248e-06,-9.507005769847103098e-06,-1.109150673148828695e-05
0.000000000000000000e+00,-1.565828674287716916e-06,-3.131657348575433832e-06,-4.697486022863150959e-06,-6.263314697150868511e-06,-7.829143371438586062e-06,-9.394972045726303613e-06,-1.096080072001402116e-05
0.000000000000000000e+00,-1.667833163251813007e-06,-3.335666326503626015e-06,-5.003499489755438811e-06,-6.671332653007251183e-06,-8.339165816259063555e-06,-1.000699897951087593e-05,-1.167483214276268830e-05
0.000000000000000000e+00,-1.647904917351257656e-06,-3.295809834702515312e-06,-4.943714752053772968e-06,-6.591619669405030625e-06,-8.239524586756287434e-06,-9.887429504107544243e-06,-1.153533442145880105e-05
0.000000000000000000e+00,-1.613177474501200716e-06,-3.226354949002401432e-06,-4.839532423503602148e-06,-6.452709898004802864e-06,-8.065887372506002733e-06,-9.679064847007202603e-06,-1.129224232150840247e-05
0.000000000000000000e+00,-1.733861614646281607e-06,-3.467723229292563213e-06,-5.201584843938845032e-06,-6.935446458585127274e-06,-8.669308073231409516e-06,-1.040316968787769176e-05,-1.213703130252397400e-05
0.000000000000000000e+00,-1.647904917350240581e-06,-3.295809834700481163e-06,-4.943714752050721956e-06,-6.591619669400963172e-06,-8.239524586751205236e-06,-9.887429504101447300e-06,-1.153533442145168936e-05
0.000000000000000000e+00,-1.613177474500191900e-06,-3.226354949000383800e-06,-4.839532423500575700e-06,-6.452709898000767599e-06,-8.065887372500959499e-06,-9.679064847001151399e-06,-1.129224232150134330e-05
0.000000000000000000e+00,-1.733861614645271943e-06,-3.467723229290543887e-06,-5.201584843935816042e-06,-6.935446458581088621e-06,-8.669308073226361200e-06,-1.040316968787163378e-05,-1.213703130251690636e-05
0.000000000000000000e+00,-1.750275603426879947e-06,-3.500551206853759894e-06,-5.250826810280640052e-06,-7.001102413707520634e-06,-8.751378017134401217e-06,-1.050165362056128180e-05,-1.225192922398816238e-05
0.000000000000000000e+00,-1.696214958650350632e-06,-3.392429917300701263e-06,-5.088644875951052106e-06,-6.784859834601403373e-06,-8.481074793251753793e-06,-1.017728975190210421e-05,-1.187350471055245463e-05
0.000000000000000000e+00,-1.841791159453028901e-06,-3.683582318906057801e-06,-5.525373478359086278e-06,-7.367164637812114755e-06,-9.208955797265143232e-06,-1.105074695671817256e-05,-1.289253811617120188e-05
0.000000000000000000e+00,-1.750275603425808874e-06,-3.500551206851617747e-06,-5.250826810277426409e-06,-7.001102413703234648e-06,-8.751378017129042886e-06,-1.050165362055485112e-05,-1.225192922398065936e-05
0.000000000000000000e+00,-1.696214958649308569e-06,-3.392429917298617138e-06,-5.088644875947925708e-06,-6.784859834597234277e-06,-8.481074793246542846e-06,-1.017728975189585142e-05,-1.187350471054515998e-05
0.000000000000000000e+00,-1.841791159451967357e-06,-3.683582318903934713e-06,-5.525373478355902281e-06,-7.367164637807870273e-06,-9.208955797259837418e-06,-1.105074695671180456e-05,-1.289253811616377171e-05
0.000000000000000000e+00,-1.892867098032493868e-06,-3.785734196064987736e-06,-5.678601294097481603e-06,-7.571468392129975471e-06,-9.464335490162468492e-06,-1.135720258819496151e-05,-1.325006968622745453e-05
0.000000000000000000e+00,-1.820109981612614933e-06,-3.640219963225229865e-06,-5.460329944837844586e-06,-7.280439926450458883e-06,-9.100549908063073181e-06,-1.092065988967568748e-05,-1.274076987128830178e-05
0.000000000000000000e+00,-1.998716701588835643e-06,-3.997433403177671286e-06,-5.996150104766506930e-06,-7.994866806355342573e-06,-9.993583507944178216e-06,-1.199230020953301386e-05,-1.399101691112184950e-05
0.000000000000000000e+00,-1.892867098031423006e-06,-3.785734196062846013e-06,-5.678601294094268807e-06,-7.571468392125691178e-06,-9.464335490157113550e-06,-1.135720258818853592e-05,-1.325006968621995829e-05
0.000000000000000000e+00,-1.820109981611545765e-06,-3.640219963223091531e-06,-5.460329944834637719e-06,-7.280439926446183908e-06,-9.100549908057730097e-06,-1.092065988966927544e-05,-1.274076987128082078e-05
0.000000000000000000e+00,-1.998716701587737889e-06,-3.997433403175475777e-06,-5.996150104763213666e-06,-7.994866806350951554e-06,-9.993583507938689443e-06,-1.199230020952642733e-05,-1.399101691111416522e-05
0.000000000000000000e+00,-2.063233106332523983e-06,-4.126466212665047966e-06,-6.189699318997571526e-06,-8.252932425330094238e-06,-1.031616553166261695e-05,-1.237939863799513966e-05,-1.444263174432766238e-05
0.000000000000000000e+00,-2.062298509870941434e-06,-4.124597019741882867e-06,-6.186895529612824301e-06,-8.249194039483765734e-06,-1.031149254935470632e-05,-1.237379105922564691e-05,-1.443608956909658749e-05
0.000000000000000000e+00,-1.979806480837464738e-06,-3.959612961674929477e-06,-5.939419442512394215e-06,-7.919225923349858953e-06,-9.899032404187322844e-06,-1.187883888502478674e-05,-1.385864536586225063e-05
0.000000000000000000e+00,-2.197882719261493313e-06,-4.395765438522986625e-06,-6.593648157784479514e-06,-8.791530877045971557e-06,-1.098941359630746360e-05,-1.318729631556895564e-05,-1.538517903483044768e-05
0.000000000000000000e+00,-2.062541292949966528e-06,-4.125082585899933057e-06,-6.187623878849899585e-06,-8.250165171799866113e-06,-1.031270646474983264e-05,-1.237524775769979917e-05,-1.443778905064976570e-05
0.000000000000000000e+00,-2.196423244435725062e-06,-4.392846488871450125e-06,-6.589269733307174764e-06,-8.785692977742898556e-06,-1.098211622217862235e-05,-1.317853946661434614e-05,-1.537496271105007163e-05
0.000000000000000000e+00,-2.063233106331354654e-06,-4.126466212662709308e-06,-6.189699318994063962e-06,-8.252932425325418617e-06,-1.031616553165677242e-05,-1.237939863798812623e-05,-1.444263174431948004e-05
0.000000000000000000e+00,-2.062541292949378687e-06,-4.125082585898757375e-06,-6.187623878848136062e-06,-8.250165171797514750e-06,-1.031270646474689344e-05,-1.237524775769627212e-05,-1.443778905064565081e-05
0.000000000000000000e+00,-1.979806480836373760e-06,-3.959612961672747520e-06,-5.939419442509121280e-06,-7.919225923345495039e-06,-9.899032404181867952e-06,-1.187883888501824086e-05,-1.385864536585461378e-05
0.000000000000000000e+00,-2.197882719260221916e-06,-4.395765438520443832e-06,-6.593648157780666172e-06,-8.791530877040889359e-06,-1.098941359630111255e-05,-1.318729631556133573e-05,-1.538517903482155723e-05
0.000000000000000000e+00,-1.306875369651077430e-06,-2.613750739302154860e-06,-3.920626108953231866e-06,-5.227501478604308872e-06,-6.534376848255385879e-06,-7.841252217906463732e-06,-9.148127587557541585e-06
0.000000000000000000e+00,-1.319723842528910376e-06,-2.639447685057820753e-06,-3.959171527586731129e-06,-5.278895370115641505e-06,-6.598619212644551881e-06,-7.918343055173462258e-06,-9.238066897702372634e-06
0.000000000000000000e+00,-1.312122616548357046e-06,-2.624245233096714092e-06,-3.936367849645071350e-06,-5.248490466193429031e-06,-6.560613082741786713e-06,-7.872735699290144394e-06,-9.184858315838502076e-06
0.000000000000000000e+00,-1.318091754408982529e-06,-2.636183508817965058e-06,-3.954275263226947375e-06,-5.272367017635929269e-06,-6.590458772044911163e-06,-7.908550526453893056e-06,-9.226642280862874950e-06
0.000000000000000000e+00,-1.374175085356684355e-06,-2.748350170713368711e-06,-4.122525256070053066e-06,-5.496700341426737421e-06,-6.870875426783421777e-06,-8.245050512140106132e-06,-9.619225597496789640e-06
0.000000000000000000e+00,-1.417800348259632534e-06,-2.835600696519265068e-06,-4.253401044778897391e-06,-5.671201393038529290e-06,-7.089001741298161189e-06,-8.506802089557793088e-06,-9.924602437817424140e-06
0.000000000000000000e+00,-1.313905100350728501e-06,-2.627810200701457002e-06,-3.941715301052185080e-06,-5.255620401402913158e-06,-6.569525501753641235e-06,-7.883430602104370160e-06,-9.197335702455099085e-06
0.000000000000000000e+00,-1.362409143773085379e-06,-2.724818287546170759e-06,-4.087227431319255714e-06,-5.449636575092340670e-06,-6.812045718865425626e-06,-8.174454862638511429e-06,-9.536864006411597232e-06
0.000000000000000000e+00,-1.306875369650062049e-06,-2.613750739300124098e-06,-3.920626108950185936e-06,-5.227501478600247349e-06,-6.534376848250308763e-06,-7.841252217900370177e-06,-9.148127587550431591e-06
0.000000000000000000e+00,-1.319723842527976311e-06,-2.639447685055952621e-06,-3.959171527583929144e-06,-5.278895370111906090e-06,-6.598619212639883036e-06,-7.918343055167859982e-06,-9.238066897695836928e-06
0.000000000000000000e+00,-1.313905100350260092e-06,-2.627810200700520184e-06,-3.941715301050780699e-06,-5.255620401401041215e-06,-6.569525501751301730e-06,-7.883430602101561399e-06,-9.197335702451821067e-06
0.000000000000000000e+00,-1.318091754407993830e-06,-2.636183508815987660e-06,-3.954275263223981066e-06,-5.272367017631974472e-06,-6.590458772039967878e-06,-7.908550526447962132e-06,-9.226642280855956385e-06
0.000000000000000000e+00,-1.374175085355782053e-06,-2.748350170711564107e-06,-4.122525256067345949e-06,-5.496700341423127367e-06,-6.870875426778908785e-06,-8.245050512134690203e-06,-9.619225597490470774e-06
0.000000000000000000e+00,-1.417800348258659717e-06,-2.835600696517319434e-06,-4.253401044775979362e-06,-5.671201393034639714e-06,-7.089001741293300067e-06,-8.506802089551960419e-06,-9.924602437810620771e-06
0.000000000000000000e+00,-1.284888255342070268e-06,-2.569776510684140536e-06,-3.854664766026210593e-06,-5.139553021368280225e-06,-6.424441276710349858e-06,-7.709329532052419491e-06,-8.994217787394488277e-06
0.000000000000000000e+00,-1.294584044644727804e-06,-2.589168089289455609e-06,-3.883752133934183202e-06,-5.178336178578910371e-06,-6.472920223223637540e-06,-7.767504267868364709e-06,-9.062088312513091878e-06
0.000000000000000000e+00,-1.422948573363457263e-06,-2.845897146726914527e-06,-4.268845720090372002e-06,-5.691794293453829900e-06,-7.114742866817287799e-06,-8.537691440180745697e-06,-9.960640013544202749e-06
0.000000000000000000e+00,-1.284888255340974631e-06,-2.569776510681949262e-06,-3.854664766022924105e-06,-5.139553021363899371e-06,-6.424441276704874637e-06,-7.709329532045849904e-06,-8.994217787386824323e-06
0.000000000000000000e+00,-1.294584044643649108e-06,-2.589168089287298216e-06,-3.883752133930947536e-06,-5.178336178574597279e-06,-6.472920223218247022e-06,-7.767504267861896766e-06,-9.062088312505546509e-06
0.000000000000000000e+00,-1.422948573362430659e-06,-2.845897146724861319e-06,-4.268845720087292190e-06,-5.691794293449723484e-06,-7.114742866812154779e-06,-8.537691440174586074e-06,-9.960640013537016521e-06
0.000000000000000000e+00,-1.281961870298524831e-06,-2.563923740597049662e-06,-3.845885610895574704e-06,-5.127847481194100171e-06,-6.409809351492625637e-06,-7.691771221791151103e-06,-8.973733092089676569e-06
0.000000000000000000e+00,-1.280013475860896856e-06,-2.560026951721793712e-06,-3.840040427582690780e-06,-5.120053903443588271e-06,-6.400067379304485762e-06,-7.680080855165383254e-06,-8.960094331026280745e-06
0.000000000000000000e+00,-1.429454412015122339e-06,-2.858908824030244679e-06,-4.288363236045366594e-06,-5.717817648060488510e-06,-7.147272060075610426e-06,-8.576726472090733189e-06,-1.000618088410585595e-05
0.000000000000000000e+00,-1.281961870297397642e-06,-2.563923740594795284e-06,-3.845885610892193349e-06,-5.127847481189591414e-06,-6.409809351486989479e-06,-7.691771221784386698e-06,-8.973733092081783916e-06
0.000000000000000000e+00,-1.280013475859780678e-06,-2.560026951719561357e-06,-3.840040427579341611e-06,-5.120053903439121866e-06,-6.400067379298902121e-06,-7.680080855158683223e-06,-8.960094331018464325e-06
0.000000000000000000e+00,-1.429454412014058042e-06,-2.858908824028116085e-06,-4.288363236042174127e-06,-5.717817648056232170e-06,-7.147272060070290212e-06,-8.576726472084348255e-06,-1.000618088409840545e-05
0.000000000000000000e+00,-1.309679416295371835e-06,-2.619358832590743669e-06,-3.929038248886115716e-06,-5.238717665181488186e-06,-6.548397081476860656e-06,-7.858076497772233126e-06,-9.167755914067606443e-06
0.000000000000000000e+00,-1.292305195754073619e-06,-2.584610391508147237e-06,-3.876915587262221068e-06,-5.169220783016295322e-06,-6.461525978770369576e-06,-7.753831174524443830e-06,-9.046136370278518084e-06
0.000000000000000000e+00,-1.458227305185163434e-06,-2.916454610370326868e-06,-4.374681915555490513e-06,-5.832909220740654582e-06,-7.291136525925818651e-06,-8.749363831110982721e-06,-1.020759113629614679e-05
0.000000000000000000e+00,-1.309679416294264551e-06,-2.619358832588529102e-06,-3.929038248882793653e-06,-5.238717665177058204e-06,-6.548397081471322755e-06,-7.858076497765587306e-06,-9.167755914059851009e-06
0.000000000000000000e+00,-1.292305195752961041e-06,-2.584610391505922082e-06,-3.876915587258882911e-06,-5.169220783011843317e-06,-6.461525978764803722e-06,-7.753831174517764128e-06,-9.046136370270725381e-06
0.000000000000000000e+00,-1.458227305184120313e-06,-2.916454610368240625e-06,-4.374681915552360726e-06,-5.832909220736480404e-06,-7.291136525920600081e-06,-8.749363831104719759e-06,-1.020759113628884028e-05
0.000000000000000000e+00,-1.369818505015555227e-06,-2.739637010031110454e-06,-4.109455515046665470e-06,-5.479274020062220062e-06,-6.849092525077774654e-06,-8.218911030093329246e-06,-9.588729535108884684e-06
0.000000000000000000e+00,-1.337148246304252298e-06,-2.674296492608504597e-06,-4.011444738912756471e-06,-5.348592985217008346e-06,-6.685741231521260221e-06,-8.022889477825512943e-06,-9.360037724129765665e-06
0.000000000000000000e+00,-1.519094233011901801e-06,-3.038188466023803602e-06,-4.557282699035705402e-06,-6.076376932047607203e-06,-7.595471165059509004e-06,-9.114565398071410805e-06,-1.063365963108331261e-05
0.000000000000000000e+00,-1.369818505014501730e-06,-2.739637010029003460e-06,-4.109455515043505190e-06,-5.479274020058006920e-06,-6.849092525072508650e-06,-8.218911030087010380e-06,-9.588729535101512110e-06
0.000000000000000000e+00,-1.337148246303172331e-06,-2.674296492606344663e-06,-4.011444738909517417e-06,-5.348592985212690172e-06,-6.685741231515862927e-06,-8.022889477819034835e-06,-9.360037724122206743e-06
0.000000000000000000e+00,-1.519094233010873926e-06,-3.038188466021747853e-06,-4.557282699032622202e-06,-6.076376932043496552e-06,-7.595471165054370902e-06,-9.114565398065244405e-06,-1.063365963107611791e-05
0.000000000000000000e+00,-1.457754658672603343e-06,-2.915509317345206686e-06,-4.373263976017809605e-06,-5.831018634690412525e-06,-7.288773293363015444e-06,-8.746527952035619211e-06,-1.020428261070822298e-05
0.000000000000000000e+00,-1.412879175704920944e-06,-2.825758351409841888e-06,-4.238637527114762620e-06,-5.651516702819682928e-06,-7.064395878524603237e-06,-8.477275054229523545e-06,-9.890154229934443854e-06
0.000000000000000000e+00,-1.614245011475759613e-06,-3.228490022951519226e-06,-4.842735034427279051e-06,-6.456980045903039299e-06,-8.071225057378799547e-06,-9.685470068854559796e-06,-1.129971508033032004e-05
0.000000000000000000e+00,-1.457754658671621632e-06,-2.915509317343243263e-06,-4.373263976014865319e-06,-5.831018634686487374e-06,-7.288773293358109429e-06,-8.746527952029730638e-06,-1.020428261070135185e-05
0.000000000000000000e+00,-1.412879175703896881e-06,-2.825758351407793762e-06,-4.238637527111690431e-06,-5.651516702815586677e-06,-7.064395878519482922e-06,-8.477275054223379168e-06,-9.890154229927276261e-06
0.000000000000000000e+00,-1.614245011474744868e-06,-3.228490022949489735e-06,-4.842735034424234814e-06,-6.456980045898980317e-06,-8.071225057373725820e-06,-9.685470068848471323e-06,-1.129971508032321683e-05
0.000000000000000000e+00,-1.562124847751042166e-06,-3.124249695502084331e-06,-4.686374543253126708e-06,-6.248499391004169509e-06,-7.810624238755211463e-06,-9.372749086506253417e-06,-1.093487393425729537e-05
0.000000000000000000e+00,-1.511287390029934605e-06,-3.022574780059869210e-06,-4.533862170089803815e-06,-6.045149560119738420e-06,-7.556436950149673024e-06,-9.067724340179607629e-06,-1.057901173020954139e-05
0.000000000000000000e+00,-1.737870354468792446e-06,-3.475740708937584893e-06,-5.213611063406377128e-06,-6.951481417875168939e-06,-8.689351772343961597e-06,-1.042722212681275426e-05,-1.216509248128154691e-05
0.000000000000000000e+00,-1.562124847750182004e-06,-3.124249695500364007e-06,-4.686374543250545799e-06,-6.248499391000727167e-06,-7.810624238750908535e-06,-9.372749086501089904e-06,-1.093487393425127127e-05
0.000000000000000000e+00,-1.511287390029022139e-06,-3.022574780058044277e-06,-4.533862170087066204e-06,-6.045149560116087708e-06,-7.556436950145109211e-06,-9.067724340174130714e-06,-1.057901173020315137e-05
0.000000000000000000e+00,-1.737870354467801841e-06,-3.475740708935603683e-06,-5.213611063403405736e-06,-6.951481417871208213e-06,-8.689351772339011537e-06,-1.042722212680681486e-05,-1.216509248127461818e-05
0.000000000000000000e+00,-1.676342024176263028e-06,-3.352684048352526055e-06,-5.029026072528789295e-06,-6.705368096705052958e-06,-8.381710120881317468e-06,-1.005805214505758198e-05,-1.173439416923384649e-05
0.000000000000000000e+00,-1.676693803812043755e-06,-3.353387607624087511e-06,-5.030081411436131266e-06,-6.706775215248175022e-06,-8.383469019060218777e-06,-1.006016282287226253e-05,-1.173685662668430629e-05
0.000000000000000000e+00,-1.619548119357268835e-06,-3.239096238714537670e-06,-4.858644358071806082e-06,-6.478192477429074493e-06,-8.097740596786342905e-06,-9.717288716143612163e-06,-1.133683683550088142e-05
0.000000000000000000e+00,-1.878013288140399505e-06,-3.756026576280799010e-06,-5.634039864421198515e-06,-7.512053152561598020e-06,-9.390066440701996678e-06,-1.126807972884239534e-05,-1.314609301698279399e-05
0.000000000000000000e+00,-1.676594013117711698e-06,-3.353188026235423395e-06,-5.029782039353135093e-06,-6.706376052470846790e-06,-8.382970065588558488e-06,-1.005956407870627019e-05,-1.173615809182398188e-05
0.000000000000000000e+00,-1.877742847712881493e-06,-3.755485695425762985e-06,-5.633228543138644478e-06,-7.510971390851525970e-06,-9.388714238564407463e-06,-1.126645708627728896e-05,-1.314419993399017045e-05
0.000000000000000000e+00,-1.676342024175308422e-06,-3.352684048350616843e-06,-5.029026072525925477e-06,-6.705368096701234533e-06,-8.381710120876543590e-06,-1.005805214505185265e-05,-1.173439416922716170e-05
0.000000000000000000e+00,-1.676594013117233547e-06,-3.353188026234467095e-06,-5.029782039351700219e-06,-6.706376052468933343e-06,-8.382970065586166467e-06,-1.005956407870340044e-05,-1.173615809182063441e-05
0.000000000000000000e+00,-1.619548119356394062e-06,-3.239096238712788124e-06,-4.858644358069181974e-06,-6.478192477425575400e-06,-8.097740596781968827e-06,-9.717288716138362253e-06,-1.133683683549475568e-05
0.000000000000000000e+00,-1.878013288139286504e-06,-3.756026576278573008e-06,-5.634039864417859511e-06,-7.512053152557146015e-06,-9.390066440696433366e-06,-1.126807972883572072e-05,-1.314609301697500807e-05
0.000000000000000000e+00,-1.029358240192665660e-06,-2.058716480385331319e-06,-3.088074720577996979e-06,-4.117432960770662638e-06,-5.146791200963328722e-06,-6.176149441155994805e-06,-7.205507681348660888e-06
0.000000000000000000e+00,-1.172902308809123917e-06,-2.345804617618247834e-06,-3.518706926427371962e-06,-4.691609235236496515e-06,-5.864511544045621067e-06,-7.037413852854745619e-06,-8.210316161663870171e-06
0.000000000000000000e+00,-1.175098759391345347e-06,-2.350197518782690694e-06,-3.525296278174035830e-06,-4.700395037565380542e-06,-5.875493796956725253e-06,-7.050592556348069965e-06,-8.225691315739415524e-06
0.000000000000000000e+00,-1.087406045785866972e-06,-2.174812091571733944e-06,-3.262218137357601127e-06,-4.349624183143468734e-06,-5.437030228929336341e-06,-6.524436274715203948e-06,-7.611842320501071555e-06
0.000000000000000000e+00,-1.253724858409500751e-06,-2.507449716819001502e-06,-3.761174575228502253e-06,-5.014899433638003005e-06,-6.268624292047504179e-06,-7.522349150457005354e-06,-8.776074008866506529e-06
0.000000000000000000e+00,-1.175605512790700917e-06,-2.351211025581401834e-06,-3.526816538372102752e-06,-4.702422051162803669e-06,-5.878027563953504586e-06,-7.053633076744205503e-06,-8.229238589534907267e-06
0.000000000000000000e+00,-1.174826441732388572e-06,-2.349652883464777145e-06,-3.524479325197165717e-06,-4.699305766929554290e-06,-5.874132208661942862e-06,-7.048958650394331434e-06,-8.223785092126720007e-06
0.000000000000000000e+00,-1.250956491046149958e-06,-2.501912982092299915e-06,-3.752869473138449873e-06,-5.003825964184599830e-06,-6.254782455230749788e-06,-7.505738946276899746e-06,-8.756695437323049703e-06
0.000000000000000000e+00,-1.029358240191467320e-06,-2.058716480382934640e-06,-3.088074720574401748e-06,-4.117432960765868432e-06,-5.146791200957335116e-06,-6.176149441148801801e-06,-7.205507681340268485e-06
0.000000000000000000e+00,-1.172902308808053903e-06,-2.345804617616107805e-06,-3.518706926424161708e-06,-4.691609235232215610e-06,-5.864511544040269513e-06,-7.037413852848323415e-06,-8.210316161656377318e-06
0.000000000000000000e+00,-1.174826441731847107e-06,-2.349652883463694213e-06,-3.524479325195541108e-06,-4.699305766927387579e-06,-5.874132208659234051e-06,-7.048958650391080522e-06,-8.223785092122926993e-06
0.000000000000000000e+00,-1.087406045784751218e-06,-2.174812091569502435e-06,-3.262218137354253653e-06,-4.349624183139004871e-06,-5.437030228923756088e-06,-6.524436274708507306e-06,-7.611842320493258524e-06
0.000000000000000000e+00,-1.253724858408510146e-06,-2.507449716817020292e-06,-3.761174575225530438e-06,-5.014899433634040584e-06,-6.268624292042550731e-06,-7.522349150451060877e-06,-8.776074008859571023e-06
0.000000000000000000e+00,-1.175605512789598716e-06,-2.351211025579197431e-06,-3.526816538368795935e-06,-4.702422051158394015e-06,-5.878027563947992096e-06,-7.053633076737590176e-06,-8.229238589527189103e-06
0.000000000000000000e+00,-9.670157995670866991e-07,-1.934031599134173398e-06,-2.901047398701260309e-06,-3.868063198268347644e-06,-4.835078997835434978e-06,-5.802094797402522312e-06,-6.769110596969609647e-06
0.000000000000000000e+00,-9.885150333708462131e-07,-1.977030066741692426e-06,-2.965545100112538851e-06,-3.954060133483385699e-06,-4.942575166854232548e-06,-5.931090200225079396e-06,-6.919605233595926244e-06
0.000000000000000000e+00,-1.128343527951001252e-06,-2.256687055902002504e-06,-3.385030583853003968e-06,-4.513374111804005856e-06,-5.641717639755007743e-06,-6.770061167706009631e-06,-7.898404695657012365e-06
0.000000000000000000e+00,-9.670157995658752303e-07,-1.934031599131750461e-06,-2.901047398697625691e-06,-3.868063198263500921e-06,-4.835078997829376151e-06,-5.802094797395251382e-06,-6.769110596961126612e-06
0.000000000000000000e+00,-9.885150333696643903e-07,-1.977030066739328781e-06,-2.965545100108993171e-06,-3.954060133478657561e-06,-4.942575166848321952e-06,-5.931090200217986342e-06,-6.919605233587650732e-06
0.000000000000000000e+00,-1.128343527949867922e-06,-2.256687055899735844e-06,-3.385030583849603978e-06,-4.513374111799472535e-06,-5.641717639749341093e-06,-6.770061167699209650e-06,-7.898404695649077360e-06
0.000000000000000000e+00,-9.631752218250019924e-07,-1.926350443650003985e-06,-2.889525665475006189e-06,-3.852700887300008817e-06,-4.815876109125011444e-06,-5.779051330950014072e-06,-6.742226552775016700e-06
0.000000000000000000e+00,-9.588452500357613748e-07,-1.917690500071522750e-06,-2.876535750107284124e-06,-3.835381000143045499e-06,-4.794226250178806874e-06,-5.753071500214568249e-06,-6.711916750250329623e-06
0.000000000000000000e+00,-1.121246232765309675e-06,-2.242492465530619349e-06,-3.363738698295928812e-06,-4.484984931061237852e-06,-5.606231163826546891e-06,-6.727477396591855931e-06,-7.848723629357164970e-06
0.000000000000000000e+00,-9.631752218237788768e-07,-1.926350443647557754e-06,-2.889525665471336842e-06,-3.852700887295116354e-06,-4.815876109118895866e-06,-5.779051330942675378e-06,-6.742226552766454890e-06
0.000000000000000000e+00,-9.588452500345344476e-07,-1.917690500069068895e-06,-2.876535750103603343e-06,-3.835381000138137790e-06,-4.794226250172671814e-06,-5.753071500207205838e-06,-6.711916750241739862e-06
0.000000000000000000e+00,-1.121246232764136322e-06,-2.242492465528272645e-06,-3.363738698292408967e-06,-4.484984931056545289e-06,-5.606231163820682035e-06,-6.727477396584818781e-06,-7.848723629348955527e-06
0.000000000000000000e+00,-1.001149056704074649e-06,-2.002298113408149298e-06,-3.003447170112223947e-06,-4.004596226816298595e-06,-5.005745283520373244e-06,-6.006894340224447893e-06,-7.008043396928522542e-06
0.000000000000000000e+00,-9.787399578594483765e-07,-1.957479915718896753e-06,-2.936219873578345130e-06,-3.914959831437793506e-06,-4.893699789297241883e-06,-5.872439747156690259e-06,-6.851179705016138636e-06
0.000000000000000000e+00,-1.152027544542036193e-06,-2.304055089084072387e-06,-3.456082633626108792e-06,-4.608110178168145621e-06,-5.760137722710182449e-06,-6.912165267252219278e-06,-8.064192811794256954e-06
0.000000000000000000e+00,-1.001149056702888167e-06,-2.002298113405776335e-06,-3.003447170108664714e-06,-4.004596226811553517e-06,-5.005745283514442320e-06,-6.006894340217331122e-06,-7.008043396920219925e-06
0.000000000000000000e+00,-9.787399578582386017e-07,-1.957479915716477203e-06,-2.936219873574715593e-06,-3.914959831432953560e-06,-4.893699789291191526e-06,-5.872439747149429493e-06,-6.851179705007667459e-06
0.000000000000000000e+00,-1.152027544540890793e-06,-2.304055089081781586e-06,-3.456082633622672379e-06,-4.608110178163563172e-06,-5.760137722704453966e-06,-6.912165267245344759e-06,-8.064192811786235552e-06
0.000000000000000000e+00,-1.065967548126476268e-06,-2.131935096252952536e-06,-3.197902644379428592e-06,-4.263870192505904224e-06,-5.329837740632379857e-06,-6.395805288758855489e-06,-7.461772836885331122e-06
0.000000000000000000e+00,-1.032619282237599658e-06,-2.065238564475199315e-06,-3.097857846712798761e-06,-4.130477128950397784e-06,-5.163096411187996806e-06,-6.195715693425595829e-06,-7.228334975663194851e-06
0.000000000000000000e+00,-1.213875907622210594e-06,-2.427751815244421188e-06,-3.641627722866631993e-06,-4.855503630488843222e-06,-6.069379538111054451e-06,-7.283255445733265680e-06,-8.497131353355476062e-06
0.000000000000000000e+00,-1.065967548125389525e-06,-2.131935096250779049e-06,-3.197902644376168362e-06,-4.263870192501557251e-06,-5.329837740626946140e-06,-6.395805288752335030e-06,-7.461772836877723919e-06
0.000000000000000000e+00,-1.032619282236451716e-06,-2.065238564472903433e-06,-3.097857846709355149e-06,-4.130477128945806865e-06,-5.163096411182258158e-06,-6.195715693418709451e-06,-7.228334975655160744e-06
0.000000000000000000e+00,-1.213875907621158155e-06,-2.427751815242316311e-06,-3.641627722863474254e-06,-4.855503630484631774e-06,-6.069379538105789295e-06,-7.283255445726946815e-06,-8.497131353348103488e-06
0.000000000000000000e+00,-1.142514749864388123e-06,-2.285029499728776245e-06,-3.427544249593164156e-06,-4.570058999457551644e-06,-5.712573749321939131e-06,-6.855088499186326619e-06,-7.997603249050713259e-06
0.000000000000000000e+00,-1.105480591943779406e-06,-2.210961183887558812e-06,-3.316441775831338006e-06,-4.421922367775116776e-06,-5.527402959718895547e-06,-6.632883551662674317e-06,-7.738364143606452241e-06
0.000000000000000000e+00,-1.295947580846347238e-06,-2.591895161692694476e-06,-3.887842742539041291e-06,-5.183790323385388105e-06,-6.479737904231734920e-06,-7.775685485078082581e-06,-9.071633065924430243e-06
0.000000000000000000e+00,-1.142514749863554007e-06,-2.285029499727108014e-06,-3.427544249590662021e-06,-4.570058999454216028e-06,-5.712573749317770035e-06,-6.855088499181324042e-06,-7.997603249044878896e-06
0.000000000000000000e+00,-1.105480591942822682e-06,-2.210961183885645364e-06,-3.316441775828468258e-06,-4.421922367771291575e-06,-5.527402959714114893e-06,-6.632883551656938210e-06,-7.738364143599760680e-06
0.000000000000000000e+00,-1.295947580845425243e-06,-2.591895161690850485e-06,-3.887842742536275728e-06,-5.183790323381700971e-06,-6.479737904227126213e-06,-7.775685485072551456e-06,-9.071633065917977546e-06
0.000000000000000000e+00,-1.219742155694781181e-06,-2.439484311389562362e-06,-3.659226467084343332e-06,-4.878968622779123878e-06,-6.098710778473904424e-06,-7.318452934168684970e-06,-8.538195089863465515e-06
0.000000000000000000e+00,-1.182816769305150057e-06,-2.365633538610300113e-06,-3.548450307915450170e-06,-4.731267077220600227e-06,-5.914083846525750707e-06,-7.096900615830901187e-06,-8.279717385136051668e-06
0.000000000000000000e+00,-1.385184456793004141e-06,-2.770368913586008282e-06,-4.155553370379012211e-06,-5.540737827172015717e-06,-6.925922283965019222e-06,-8.311106740758022728e-06,-9.696291197551027080e-06
0.000000000000000000e+00,-1.219742155694146754e-06,-2.439484311388293507e-06,-3.659226467082440049e-06,-4.878968622776586167e-06,-6.098710778470732285e-06,-7.318452934164878403e-06,-8.538195089859023675e-06
0.000000000000000000e+00,-1.182816769304431138e-06,-2.365633538608862275e-06,-3.548450307913293201e-06,-4.731267077217723703e-06,-5.914083846522154205e-06,-7.096900615826584708e-06,-8.279717385131015210e-06
0.000000000000000000e+00,-1.385184456792241176e-06,-2.770368913584482352e-06,-4.155553370376723528e-06,-5.540737827168964704e-06,-6.925922283961205880e-06,-8.311106740753447056e-06,-9.696291197545687385e-06
0.000000000000000000e+00,-1.308153235210433801e-06,-2.616306470420867603e-06,-3.924459705631301404e-06,-5.232612940841735205e-06,-6.540766176052169007e-06,-7.848919411262602808e-06,-9.157072646473035762e-06
0.000000000000000000e+00,-1.308500007374317594e-06,-2.617000014748635187e-06,-3.925500022122952992e-06,-5.234000029497271221e-06,-6.542500036871589450e-06,-7.851000044245907679e-06,-9.159500051620226755e-06
0.000000000000000000e+00,-1.262579234653337312e-06,-2.525158469306674624e-06,-3.787737703960012148e-06,-5.050316938613350095e-06,-6.312896173266688042e-06,-7.575475407920025990e-06,-8.838054642573363090e-06
0.000000000000000000e+00,-1.483365839280885146e-06,-2.966731678561770292e-06,-4.450097517842655650e-06,-5.933463357123541432e-06,-7.416829196404427213e-06,-8.900195035685312995e-06,-1.038356087496619878e-05
0.000000000000000000e+00,-1.308453795968865556e-06,-2.616907591937731113e-06,-3.925361387906596669e-06,-5.233815183875462226e-06,-6.542268979844327782e-06,-7.850722775813193338e-06,-9.159176571782058895e-06
0.000000000000000000e+00,-1.483760828145066124e-06,-2.967521656290132248e-06,-4.451282484435198372e-06,-5.935043312580264496e-06,-7.418804140725330620e-06,-8.902564968870396744e-06,-1.038632579701546287e-05
0.000000000000000000e+00,-1.308153235209880054e-06,-2.616306470419760107e-06,-3.924459705629640372e-06,-5.232612940839521061e-06,-6.540766176049401750e-06,-7.848919411259282439e-06,-9.157072646469163128e-06
0.000000000000000000e+00,-1.308453795968587518e-06,-2.616907591937175036e-06,-3.925361387905762342e-06,-5.233815183874349224e-06,-6.542268979842936107e-06,-7.850722775811522989e-06,-9.159176571780110719e-06
0.000000000000000000e+00,-1.262579234652719401e-06,-2.525158469305438803e-06,-3.787737703958157993e-06,-5.050316938610876759e-06,-6.312896173263595525e-06,-7.575475407916314291e-06,-8.838054642569033057e-06
0.000000000000000000e+00,-1.483365839280131287e-06,-2.966731678560262574e-06,-4.450097517840394072e-06,-5.933463357120525995e-06,-7.416829196400657917e-06,-8.900195035680789839e-06,-1.038356087496092176e-05
0.000000000000000000e+00,-7.322736411193141771e-07,-1.464547282238628354e-06,-2.196820923357942637e-06,-2.929094564477257132e-06,-3.661368205596571627e-06,-4.393641846715886122e-06,-5.125915487835201040e-06
0.000000000000000000e+00,-9.831195097035581627e-07,-1.966239019407116325e-06,-2.949358529110674488e-06,-3.932478038814232651e-06,-4.915597548517790390e-06,-5.898717058221348129e-06,-6.881836567924905869e-06
0.000000000000000000e+00,-9.941947006359641821e-07,-1.988389401271928364e-06,-2.982584101907892546e-06,-3.976778802543856728e-06,-4.970973503179820487e-06,-5.965168203815784245e-06,-6.959362904451748004e-06
0.000000000000000000e+00,-8.181639981713234375e-07,-1.636327996342646875e-06,-2.454491994513970207e-06,-3.272655992685293327e-06,-4.090819990856616023e-06,-4.908983989027938719e-06,-5.727147987199261416e-06
0.000000000000000000e+00,-1.083802889328738888e-06,-2.167605778657477776e-06,-3.251408667986216664e-06,-4.335211557314955553e-06,-5.419014446643694441e-06,-6.502817335972433329e-06,-7.586620225301172217e-06
0.000000000000000000e+00,-8.808880053823957880e-07,-1.761776010764791576e-06,-2.642664016147187258e-06,-3.523552021529582729e-06,-4.404440026911978199e-06,-5.285328032294373669e-06,-6.166216037676769140e-06
0.000000000000000000e+00,-9.920092460915713206e-07,-1.984018492183142641e-06,-2.976027738274713962e-06,-3.968036984366285282e-06,-4.960046230457857027e-06,-5.952055476549428771e-06,-6.944064722641000515e-06
0.000000000000000000e+00,-1.090758878988395031e-06,-2.181517757976790062e-06,-3.272276636965185093e-06,-4.363035515953580124e-06,-5.453794394941975155e-06,-6.544553273930370186e-06,-7.635312152918765217e-06
0.000000000000000000e+00,-7.322736411179454778e-07,-1.464547282235890956e-06,-2.196820923353836645e-06,-2.929094564471782335e-06,-3.661368205589728024e-06,-4.393641846707673290e-06,-5.125915487825618556e-06
0.000000000000000000e+00,-9.831195097022624141e-07,-1.966239019404524828e-06,-2.949358529106787031e-06,-3.932478038809048809e-06,-4.915597548511310588e-06,-5.898717058213572367e-06,-6.881836567915834146e-06
0.000000000000000000e+00,-9.920092460909277873e-07,-1.984018492181855575e-06,-2.976027738272783150e-06,-3.968036984363710302e-06,-4.960046230454637454e-06,-5.952055476545564606e-06,-6.944064722636491758e-06
0.000000000000000000e+00,-8.181639981699613027e-07,-1.636327996339922605e-06,-2.454491994509883696e-06,-3.272655992679844787e-06,-4.090819990849805878e-06,-4.908983989019767393e-06,-5.727147987189728907e-06
0.000000000000000000e+00,-1.083802889327570406e-06,-2.167605778655140812e-06,-3.251408667982711219e-06,-4.335211557310281625e-06,-5.419014446637852454e-06,-6.502817335965423284e-06,-7.586620225292994114e-06
0.000000000000000000e+00,-8.808880053811356148e-07,-1.761776010762271230e-06,-2.642664016143406950e-06,-3.523552021524542883e-06,-4.404440026905678815e-06,-5.285328032286814747e-06,-6.166216037667950680e-06
0.000000000000000000e+00,-6.653882441700628685e-07,-1.330776488340125737e-06,-1.996164732510188711e-06,-2.661552976680251898e-06,-3.326941220850315084e-06,-3.992329465020378270e-06,-4.657717709190441880e-06
0.000000000000000000e+00,-6.814052070488184155e-07,-1.362810414097636831e-06,-2.044215621146455035e-06,-2.725620828195273239e-06,-3.407026035244091442e-06,-4.088431242292910070e-06,-4.769836449341728697e-06
0.000000000000000000e+00,-8.099953811152724495e-07,-1.619990762230544899e-06,-2.429986143345817137e-06,-3.239981524461089374e-06,-4.049976905576361612e-06,-4.859972286691634273e-06,-5.669967667806906935e-06
0.000000000000000000e+00,-6.653882441687021101e-07,-1.330776488337404220e-06,-1.996164732506106436e-06,-2.661552976674808864e-06,-3.326941220843511292e-06,-3.992329465012213719e-06,-4.657717709180916147e-06
0.000000000000000000e+00,-6.814052070474356342e-07,-1.362810414094871268e-06,-2.044215621142307114e-06,-2.725620828189742960e-06,-3.407026035237178806e-06,-4.088431242284614229e-06,-4.769836449332049651e-06
0.000000000000000000e+00,-8.099953811139798772e-07,-1.619990762227959754e-06,-2.429986143341939420e-06,-3.239981524455919085e-06,-4.049976905569898751e-06,-4.859972286683878840e-06,-5.669967667797858929e-06
0.000000000000000000e+00,-6.836671623347147127e-07,-1.367334324669429425e-06,-2.051001487004144032e-06,-2.734668649338858427e-06,-3.418335811673572823e-06,-4.102002974008287218e-06,-4.785670136343001613e-06
0.000000000000000000e+00,-6.672998627663980333e-07,-1.334599725532796067e-06,-2.001899588299194100e-06,-2.669199451065592133e-06,-3.336499313831990166e-06,-4.003799176598388200e-06,-4.671099039364786233e-06
0.000000000000000000e+00,-8.148290467831943289e-07,-1.629658093566388658e-06,-2.444487140349582775e-06,-3.259316187132776892e-06,-4.074145233915971009e-06,-4.888974280699165550e-06,-5.703803327482360090e-06
0.000000000000000000e+00,-6.836671623333743890e-07,-1.367334324666748778e-06,-2.051001487000123167e-06,-2.734668649333497556e-06,-3.418335811666871945e-06,-4.102002974000246334e-06,-4.785670136333620723e-06
0.000000000000000000e+00,-6.672998627650529450e-07,-1.334599725530105890e-06,-2.001899588295158835e-06,-2.669199451060211780e-06,-3.336499313825264725e-06,-4.003799176590317670e-06,-4.671099039355370615e-06
0.000000000000000000e+00,-8.148290467819150973e-07,-1.629658093563830195e-06,-2.444487140345745292e-06,-3.259316187127660389e-06,-4.074145233909575063e-06,-4.888974280691489737e-06,-5.703803327473404411e-06
0.000000000000000000e+00,-7.413883359615647641e-07,-1.482776671923129528e-06,-2.224165007884694186e-06,-2.965553343846258633e-06,-3.706941679807823079e-06,-4.448330015769387526e-06,-5.189718351730951972e-06
0.000000000000000000e+00,-7.104966572760589026e-07,-1.420993314552117805e-06,-2.131489971828176708e-06,-2.841986629104235610e-06,-3.552483286380294513e-06,-4.262979943656353416e-06,-4.973476600932411895e-06
0.000000000000000000e+00,-8.623922109795909612e-07,-1.724784421959181922e-06,-2.587176632938772884e-06,-3.449568843918363845e-06,-4.311961054897954806e-06,-5.174353265877545767e-06,-6.036745476857136729e-06
0.000000000000000000e+00,-7.413883359603171904e-07,-1.482776671920634381e-06,-2.224165007880951571e-06,-2.965553343841268762e-06,-3.706941679801585952e-06,-4.448330015761903143e-06,-5.189718351722219909e-06
0.000000000000000000e+00,-7.104966572747437781e-07,-1.420993314549487556e-06,-2.131489971824231228e-06,-2.841986629098974689e-06,-3.552483286373718149e-06,-4.262979943648461610e-06,-4.973476600923204646e-06
0.000000000000000000e+00,-8.623922109783701750e-07,-1.724784421956740350e-06,-2.587176632935110313e-06,-3.449568843913480276e-06,-4.311961054891850240e-06,-5.174353265870220626e-06,-6.036745476848591013e-06
0.000000000000000000e+00,-8.117969982197725640e-07,-1.623593996439545128e-06,-2.435390994659317480e-06,-3.247187992879089833e-06,-4.058984991098862185e-06,-4.870781989318634961e-06,-5.682578987538407736e-06
0.000000000000000000e+00,-7.777520486538023953e-07,-1.555504097307604791e-06,-2.333256145961407186e-06,-3.111008194615209581e-06,-3.888760243269012400e-06,-4.666512291922815219e-06,-5.444264340576618038e-06
0.000000000000000000e+00,-9.307042233913571824e-07,-1.861408446782714365e-06,-2.792112670174071547e-06,-3.722816893565428730e-06,-4.653521116956785912e-06,-5.584225340348143095e-06,-6.514929563739500277e-06
0.000000000000000000e+00,-8.117969982187708417e-07,-1.623593996437541683e-06,-2.435390994656312631e-06,-3.247187992875083790e-06,-4.058984991093855373e-06,-4.870781989312626956e-06,-5.682578987531398539e-06
0.000000000000000000e+00,-7.777520486526670535e-07,-1.555504097305334107e-06,-2.333256145958001266e-06,-3.111008194610668638e-06,-3.888760243263335585e-06,-4.666512291916002533e-06,-5.444264340568669481e-06
0.000000000000000000e+00,-9.307042233903360842e-07,-1.861408446780672168e-06,-2.792112670171008253e-06,-3.722816893561344337e-06,-4.653521116951679998e-06,-5.584225340342015658e-06,-6.514929563732351319e-06
0.000000000000000000e+00,-8.767093843594832800e-07,-1.753418768718966560e-06,-2.630128153078450052e-06,-3.506837537437933543e-06,-4.383546921797417035e-06,-5.260256306156900103e-06,-6.136965690516383171e-06
0.000000000000000000e+00,-8.470866926416868703e-07,-1.694173385283373741e-06,-2.541260077925060399e-06,-3.388346770566747058e-06,-4.235433463208433716e-06,-5.082520155850120798e-06,-5.929606848491807880e-06
0.000000000000000000e+00,-1.002278325170754600e-06,-2.004556650341509201e-06,-3.006834975512263590e-06,-4.009113300683017555e-06,-5.011391625853771520e-06,-6.013669951024525485e-06,-7.015948276195279450e-06
0.000000000000000000e+00,-8.767093843588739456e-07,-1.753418768717747891e-06,-2.630128153076621731e-06,-3.506837537435495359e-06,-4.383546921794369410e-06,-5.260256306153243462e-06,-6.136965690512117514e-06
0.000000000000000000e+00,-8.470866926408693776e-07,-1.694173385281738755e-06,-2.541260077922608239e-06,-3.388346770563477934e-06,-4.235433463204347629e-06,-5.082520155845217324e-06,-5.929606848486087020e-06
0.000000000000000000e+00,-1.002278325170034411e-06,-2.004556650340068821e-06,-3.006834975510103232e-06,-4.009113300680137643e-06,-5.011391625850172477e-06,-6.013669951020207311e-06,-7.015948276190242145e-06
0.000000000000000000e+00,-9.319710714659011758e-07,-1.863942142931802352e-06,-2.795913214397703633e-06,-3.727884285863605127e-06,-4.659855357329506620e-06,-5.591826428795408113e-06,-6.523797500261309607e-06
0.000000000000000000e+00,-9.061775956598454849e-07,-1.812355191319690970e-06,-2.718532786979536455e-06,-3.624710382639381940e-06,-4.530887978299227424e-06,-5.437065573959072909e-06,-6.343243169618918394e-06
0.000000000000000000e+00,-1.069741226606306127e-06,-2.139482453212612253e-06,-3.209223679818918380e-06,-4.278964906425224507e-06,-5.348706133031530210e-06,-6.418447359637835913e-06,-7.488188586244141616e-06
0.000000000000000000e+00,-9.319710714654072497e-07,-1.863942142930814499e-06,-2.795913214396221749e-06,-3.727884285861628999e-06,-4.659855357327036672e-06,-5.591826428792444345e-06,-6.523797500257852018e-06
0.000000000000000000e+00,-9.061775956593556881e-07,-1.812355191318711376e-06,-2.718532786978066853e-06,-3.624710382637422329e-06,-4.530887978296777805e-06,-5.437065573956133705e-06,-6.343243169615489605e-06
0.000000000000000000e+00,-1.069741226605743909e-06,-2.139482453211487817e-06,-3.209223679817231514e-06,-4.278964906422974787e-06,-5.348706133028718060e-06,-6.418447359634461334e-06,-7.488188586240204607e-06
0.000000000000000000e+00,-9.794433129357567744e-07,-1.958886625871513549e-06,-2.938329938807269688e-06,-3.917773251743026251e-06,-4.897216564678782390e-06,-5.876659877614538529e-06,-6.856103190550294668e-06
0.000000000000000000e+00,-9.786345779387221484e-07,-1.957269155877444297e-06,-2.935903733816165810e-06,-3.914538311754888593e-06,-4.893172889693610954e-06,-5.871807467632333314e-06,-6.850442045571055674e-06
0.000000000000000000e+00,-9.581058169702198183e-07,-1.916211633940439637e-06,-2.874317450910659667e-06,-3.832423267880880120e-06,-4.790529084851100574e-06,-5.748634901821321027e-06,-6.706740718791541481e-06
0.000000000000000000e+00,-1.144203381149599013e-06,-2.288406762299198026e-06,-3.432610143448797039e-06,-4.576813524598396051e-06,-5.721016905747995064e-06,-6.865220286897594077e-06,-8.009423668047192243e-06
0.000000000000000000e+00,-9.788174009453881543e-07,-1.957634801890776309e-06,-2.936452202836164463e-06,-3.915269603781552617e-06,-4.894087004726940771e-06,-5.872904405672328926e-06,-6.851721806617717080e-06
0.000000000000000000e+00,-1.144273126607588723e-06,-2.288546253215177446e-06,-3.432819379822765957e-06,-4.577092506430354045e-06,-5.721365633037942133e-06,-6.865638759645530220e-06,-8.009911886253118308e-06
0.000000000000000000e+00,-9.794433129354230434e-07,-1.958886625870846087e-06,-2.938329938806269342e-06,-3.917773251741691327e-06,-4.897216564677113735e-06,-5.876659877612536143e-06,-6.856103190547958551e-06
0.000000000000000000e+00,-9.788174009452287003e-07,-1.957634801890457401e-06,-2.936452202835685466e-06,-3.915269603780913954e-06,-4.894087004726142019e-06,-5.872904405671370084e-06,-6.851721806616598149e-06
0.000000000000000000e+00,-9.581058169697787259e-07,-1.916211633939557452e-06,-2.874317450909336178e-06,-3.832423267879114904e-06,-4.790529084848893206e-06,-5.748634901818671508e-06,-6.706740718788449811e-06
0.000000000000000000e+00,-1.144203381149197307e-06,-2.288406762298394615e-06,-3.432610143447591711e-06,-4.576813524596788383e-06,-5.721016905745985055e-06,-6.865220286895181727e-06,-8.009423668044378400e-06
0.000000000000000000e+00,-4.962206360939512104e-07,-9.924412721879024208e-07,-1.488661908281853737e-06,-1.984882544375805265e-06,-2.481103180469756793e-06,-2.977323816563708321e-06,-3.473544452657659849e-06
0.000000000000000000e+00,-7.636990244985082669e-07,-1.527398048997016534e-06,-2.291097073495524695e-06,-3.054796097994032644e-06,-3.818495122492540170e-06,-4.582194146991047696e-06,-5.345893171489555221e-06
0.000000000000000000e+00,-7.791528884158178768e-07,-1.558305776831635754e-06,-2.337458665247453419e-06,-3.116611553663271084e-06,-3.895764442079088749e-06,-4.674917330494906837e-06,-5.454070218910724926e-06
0.000000000000000000e+00,-5.912370653812349577e-07,-1.182474130762469915e-06,-1.773711196143704873e-06,-2.364948261524939831e-06,-2.956185326906174577e-06,-3.547422392287409323e-06,-4.138659457668644069e-06
0.000000000000000000e+00,-8.770224011001894678e-07,-1.754044802200378936e-06,-2.631067203300568615e-06,-3.508089604400758295e-06,-4.385112005500947974e-06,-5.262134406601137230e-06,-6.139156807701326486e-06
0.000000000000000000e+00,-6.116623460694263136e-07,-1.223324692138852627e-06,-1.834987038208279047e-06,-2.446649384277705678e-06,-3.058311730347132309e-06,-3.669974076416558940e-06,-4.281636422485985148e-06
0.000000000000000000e+00,-7.760663940658285773e-07,-1.552132788131657155e-06,-2.328199182197485520e-06,-3.104265576263313886e-06,-3.880331970329142251e-06,-4.656398364394971040e-06,-5.432464758460799829e-06
0.000000000000000000e+00,-8.908528993365772707e-07,-1.781705798673154541e-06,-2.672558698009731918e-06,-3.563411597346309507e-06,-4.454264496682887095e-06,-5.345117396019464683e-06,-6.235970295356042272e-06
0.000000000000000000e+00,-4.962206360923392008e-07,-9.924412721846784016e-07,-1.488661908277017602e-06,-1.984882544369356803e-06,-2.481103180461696004e-06,-2.977323816554035205e-06,-3.473544452646374406e-06
0.000000000000000000e+00,-7.636990244969146803e-07,-1.527398048993829361e-06,-2.291097073490744041e-06,-3.054796097987658721e-06,-3.818495122484572978e-06,-4.582194146981487235e-06,-5.345893171478401492e-06
0.000000000000000000e+00,-7.760663940650384014e-07,-1.552132788130076803e-06,-2.328199182195115098e-06,-3.104265576260153182e-06,-3.880331970325191689e-06,-4.656398364390230197e-06,-5.432464758455268704e-06
0.000000000000000000e+00,-5.912370653796341713e-07,-1.182474130759268343e-06,-1.773711196138902408e-06,-2.364948261518536262e-06,-2.956185326898170115e-06,-3.547422392277803969e-06,-4.138659457657437823e-06
0.000000000000000000e+00,-8.770224010987391356e-07,-1.754044802197478271e-06,-2.631067203296217407e-06,-3.508089604394956543e-06,-4.385112005493695678e-06,-5.262134406592434814e-06,-6.139156807691173949e-06
0.000000000000000000e+00,-6.116623460679439001e-07,-1.223324692135887800e-06,-1.834987038203831700e-06,-2.446649384271775600e-06,-3.058311730339719500e-06,-3.669974076407663400e-06,-4.281636422475607300e-06
0.000000000000000000e+00,-4.122196641142103956e-07,-8.244393282284207912e-07,-1.236658992342631240e-06,-1.648878656456841794e-06,-2.061098320571052137e-06,-2.473317984685262480e-06,-2.885537648799472822e-06
0.000000000000000000e+00,-4.368975360539517735e-07,-8.737950721079035470e-07,-1.310692608161855373e-06,-1.747590144215807306e-06,-2.184487680269759026e-06,-2.621385216323710747e-06,-3.058282752377662468e-06
0.000000000000000000e+00,-5.343041905204182791e-07,-1.068608381040836558e-06,-1.602912571561254943e-06,-2.137216762081673540e-06,-2.671520952602092137e-06,-3.205825143122510734e-06,-3.740129333642929330e-06
0.000000000000000000e+00,-4.122196641126507433e-07,-8.244393282253014865e-07,-1.236658992337952230e-06,-1.648878656450602973e-06,-2.061098320563253505e-06,-2.473317984675904036e-06,-2.885537648788554568e-06
0.000000000000000000e+00,-4.368975360523661808e-07,-8.737950721047323616e-07,-1.310692608157098648e-06,-1.747590144209464935e-06,-2.184487680261831222e-06,-2.621385216314197296e-06,-3.058282752366563371e-06
0.000000000000000000e+00,-5.343041905189624413e-07,-1.068608381037924883e-06,-1.602912571556887218e-06,-2.137216762075849342e-06,-2.671520952594811465e-06,-3.205825143113773589e-06,-3.740129333632735712e-06
0.000000000000000000e+00,-4.161307208759856178e-07,-8.322614417519712356e-07,-1.248392162627956906e-06,-1.664522883503942683e-06,-2.080653604379928248e-06,-2.496784325255913813e-06,-2.912915046131899378e-06
0.000000000000000000e+00,-4.070109005191112079e-07,-8.140218010382224157e-07,-1.221032701557333677e-06,-1.628043602076445043e-06,-2.035054502595556198e-06,-2.442065403114667353e-06,-2.849076303633778508e-06
0.000000000000000000e+00,-5.464440541415442910e-07,-1.092888108283088582e-06,-1.639332162424632979e-06,-2.185776216566177588e-06,-2.732220270707722196e-06,-3.278664324849266805e-06,-3.825108378990811414e-06
0.000000000000000000e+00,-4.161307208745216802e-07,-8.322614417490433604e-07,-1.248392162623565041e-06,-1.664522883498086721e-06,-2.080653604372608189e-06,-2.496784325247129658e-06,-2.912915046121651126e-06
0.000000000000000000e+00,-4.070109005176029598e-07,-8.140218010352059196e-07,-1.221032701552808827e-06,-1.628043602070411628e-06,-2.035054502588014217e-06,-2.442065403105616806e-06,-2.849076303623219395e-06
0.000000000000000000e+00,-5.464440541401272049e-07,-1.092888108280254410e-06,-1.639332162420381721e-06,-2.185776216560509243e-06,-2.732220270700636766e-06,-3.278664324840764288e-06,-3.825108378980891811e-06
0.000000000000000000e+00,-4.612568366701135987e-07,-9.225136733402271974e-07,-1.383770510010340743e-06,-1.845027346680454183e-06,-2.306284183350567623e-06,-2.767541020020681063e-06,-3.228797856690794503e-06
0.000000000000000000e+00,-4.366886649723905932e-07,-8.733773299447811864e-07,-1.310065994917171780e-06,-1.746754659889562373e-06,-2.183443324861952754e-06,-2.620131989834343136e-06,-3.056820654806733517e-06
0.000000000000000000e+00,-5.990362478881850776e-07,-1.198072495776370155e-06,-1.797108743664555127e-06,-2.396144991552739887e-06,-2.995181239440924647e-06,-3.594217487329109407e-06,-4.193253735217294167e-06
0.000000000000000000e+00,-4.612568366686415613e-07,-9.225136733372831227e-07,-1.383770510005924737e-06,-1.845027346674566457e-06,-2.306284183343208177e-06,-2.767541020011849897e-06,-3.228797856680491618e-06
0.000000000000000000e+00,-4.366886649709254909e-07,-8.733773299418509818e-07,-1.310065994912776526e-06,-1.746754659883702175e-06,-2.183443324854627613e-06,-2.620131989825553051e-06,-3.056820654796478489e-06
0.000000000000000000e+00,-5.990362478868470832e-07,-1.198072495773694166e-06,-1.797108743660541249e-06,-2.396144991547388333e-06,-2.995181239434235628e-06,-3.594217487321082923e-06,-4.193253735207930217e-06
0.000000000000000000e+00,-5.203301417132472530e-07,-1.040660283426494506e-06,-1.560990425139741653e-06,-2.081320566852988588e-06,-2.601650708566235524e-06,-3.121980850279482459e-06,-3.642310991992729394e-06
0.000000000000000000e+00,-4.918135515199260003e-07,-9.836271030398520006e-07,-1.475440654559778001e-06,-1.967254206079704001e-06,-2.459067757599630001e-06,-2.950881309119556002e-06,-3.442694860639482002e-06
0.000000000000000000e+00,-6.646827453803591375e-07,-1.329365490760718275e-06,-1.994048236141077518e-06,-2.658730981521436973e-06,-3.323413726901796428e-06,-3.988096472282155884e-06,-4.652779217662515339e-06
0.000000000000000000e+00,-5.203301417119854915e-07,-1.040660283423970983e-06,-1.560990425135956474e-06,-2.081320566847941966e-06,-2.601650708559927246e-06,-3.121980850271912525e-06,-3.642310991983897805e-06
0.000000000000000000e+00,-4.918135515185598420e-07,-9.836271030371196841e-07,-1.475440654555679632e-06,-1.967254206074239792e-06,-2.459067757592799951e-06,-2.950881309111360111e-06,-3.442694860629920271e-06
0.000000000000000000e+00,-6.646827453791925613e-07,-1.329365490758385123e-06,-1.994048236137577578e-06,-2.658730981516769822e-06,-3.323413726895962066e-06,-3.988096472275154309e-06,-4.652779217654346553e-06
0.000000000000000000e+00,-5.739341360147820746e-07,-1.147868272029564149e-06,-1.721802408044346224e-06,-2.295736544059128298e-06,-2.869670680073910585e-06,-3.443604816088692871e-06,-4.017538952103475157e-06
0.000000000000000000e+00,-5.501650458084863650e-07,-1.100330091616972730e-06,-1.650495137425459095e-06,-2.200660183233945460e-06,-2.750825229042432037e-06,-3.300990274850918613e-06,-3.851155320659405190e-06
0.000000000000000000e+00,-7.246182209416800262e-07,-1.449236441883360052e-06,-2.173854662825040290e-06,-2.898472883766720528e-06,-3.623091104708400766e-06,-4.347709325650080581e-06,-5.072327546591760395e-06
0.000000000000000000e+00,-5.739341360137786582e-07,-1.147868272027557316e-06,-1.721802408041336080e-06,-2.295736544055115056e-06,-2.869670680068894032e-06,-3.443604816082673008e-06,-4.017538952096451560e-06
0.000000000000000000e+00,-5.501650458073597053e-07,-1.100330091614719411e-06,-1.650495137422079222e-06,-2.200660183229439245e-06,-2.750825229036799268e-06,-3.300990274844159291e-06,-3.851155320651519313e-06
0.000000000000000000e+00,-7.246182209408824388e-07,-1.449236441881764878e-06,-2.173854662822647422e-06,-2.898472883763530179e-06,-3.623091104704412935e-06,-4.347709325645295691e-06,-5.072327546586178448e-06
0.000000000000000000e+00,-6.067141888503287089e-07,-1.213428377700657418e-06,-1.820142566550986233e-06,-2.426856755401315259e-06,-3.033570944251644286e-06,-3.640285133101973312e-06,-4.246999321952302762e-06
0.000000000000000000e+00,-5.947970410407336743e-07,-1.189594082081467349e-06,-1.784391123122200917e-06,-2.379188164162934274e-06,-2.973985205203667630e-06,-3.568782246244400987e-06,-4.163579287285134344e-06
0.000000000000000000e+00,-7.662710443113172922e-07,-1.532542088622634584e-06,-2.298813132933951771e-06,-3.065084177245268745e-06,-3.831355221556585720e-06,-4.597626265867902694e-06,-5.363897310179219669e-06
0.000000000000000000e+00,-6.067141888498096895e-07,-1.213428377699619379e-06,-1.820142566549428963e-06,-2.426856755399238334e-06,-3.033570944249047706e-06,-3.640285133098857078e-06,-4.246999321948666450e-06
0.000000000000000000e+00,-5.947970410399960145e-07,-1.189594082079992029e-06,-1.784391123119988043e-06,-2.379188164159984058e-06,-2.973985205199980072e-06,-3.568782246239976087e-06,-4.163579287279971678e-06
0.000000000000000000e+00,-7.662710443107600504e-07,-1.532542088621520101e-06,-2.298813132932280151e-06,-3.065084177243040202e-06,-3.831355221553800675e-06,-4.597626265864561149e-06,-5.363897310175321623e-06
0.000000000000000000e+00,-5.991854289641359858e-07,-1.198370857928271972e-06,-1.797556286892408063e-06,-2.396741715856544367e-06,-2.995927144820680670e-06,-3.595112573784816974e-06,-4.194298002748953277e-06
0.000000000000000000e+00,-6.096414242880253768e-07,-1.219282848576050754e-06,-1.828924272864076024e-06,-2.438565697152101084e-06,-3.048207121440126143e-06,-3.657848545728151202e-06,-4.267489970016175838e-06
0.000000000000000000e+00,-7.886153697988555261e-07,-1.577230739597711052e-06,-2.365846109396566578e-06,-3.154461479195422104e-06,-3.943076848994278054e-06,-4.731692218793134003e-06,-5.520307588591989953e-06
0.000000000000000000e+00,-5.991854289636822938e-07,-1.198370857927364588e-06,-1.797556286891046881e-06,-2.396741715854729175e-06,-2.995927144818411469e-06,-3.595112573782093763e-06,-4.194298002745776057e-06
0.000000000000000000e+00,-6.096414242875390740e-07,-1.219282848575078148e-06,-1.828924272862617222e-06,-2.438565697150156296e-06,-3.048207121437695582e-06,-3.657848545725234867e-06,-4.267489970012774153e-06
0.000000000000000000e+00,-7.886153697984810316e-07,-1.577230739596962063e-06,-2.365846109395442989e-06,-3.154461479193923703e-06,-3.943076848992404417e-06,-4.731692218790885131e-06,-5.520307588589365845e-06
0.000000000000000000e+00,-3.010533176468600840e-07,-6.021066352937201680e-07,-9.031599529405801991e-07,-1.204213270587440124e-06,-1.505266588234300049e-06,-1.806319905881159975e-06,-2.107373223528019900e-06
0.000000000000000000e+00,-5.197026394909165982e-07,-1.039405278981833196e-06,-1.559107918472749795e-06,-2.078810557963666393e-06,-2.598513197454583203e-06,-3.118215836945500013e-06,-3.637918476436416823e-06
0.000000000000000000e+00,-5.341754146096933329e-07,-1.068350829219386666e-06,-1.602526243829079999e-06,-2.136701658438773331e-06,-2.670877073048466664e-06,-3.205052487658159997e-06,-3.739227902267853330e-06
0.000000000000000000e+00,-3.842455996012054436e-07,-7.684911992024108871e-07,-1.152736798803616437e-06,-1.536982398404821986e-06,-1.921227998006027535e-06,-2.305473597607232873e-06,-2.689719197208438211e-06
0.000000000000000000e+00,-6.445635153883368012e-07,-1.289127030776673602e-06,-1.933690546165010510e-06,-2.578254061553347628e-06,-3.222817576941684747e-06,-3.867381092330021866e-06,-4.511944607718358985e-06
0.000000000000000000e+00,-3.963713299920177224e-07,-7.927426599840354449e-07,-1.189113989976053220e-06,-1.585485319968071102e-06,-1.981856649960089195e-06,-2.378227979952107288e-06,-2.774599309944125381e-06
0.000000000000000000e+00,-5.313266907874736577e-07,-1.062653381574947315e-06,-1.593980072362420867e-06,-2.125306763149894207e-06,-2.656633453937367547e-06,-3.187960144724840887e-06,-3.719286835512314227e-06
0.000000000000000000e+00,-6.602398281058454484e-07,-1.320479656211690897e-06,-1.980719484317536451e-06,-2.640959312423382217e-06,-3.301199140529227983e-06,-3.961438968635073749e-06,-4.621678796740919938e-06
0.000000000000000000e+00,-3.010533176450322398e-07,-6.021066352900644797e-07,-9.031599529350967195e-07,-1.204213270580128959e-06,-1.505266588225161199e-06,-1.806319905870193439e-06,-2.107373223515225891e-06
0.000000000000000000e+00,-5.197026394890853130e-07,-1.039405278978170626e-06,-1.559107918467255939e-06,-2.078810557956341252e-06,-2.598513197445426777e-06,-3.118215836934512302e-06,-3.637918476423597826e-06
0.000000000000000000e+00,-5.313266907865825790e-07,-1.062653381573165158e-06,-1.593980072359747631e-06,-2.125306763146329893e-06,-2.656633453932912154e-06,-3.187960144719494415e-06,-3.719286835506076677e-06
0.000000000000000000e+00,-3.842455995993683879e-07,-7.684911991987367758e-07,-1.152736798798105217e-06,-1.536982398397473763e-06,-1.921227997996842310e-06,-2.305473597596210857e-06,-2.689719197195579404e-06
0.000000000000000000e+00,-6.445635153866187008e-07,-1.289127030773237402e-06,-1.933690546159856314e-06,-2.578254061546475227e-06,-3.222817576933094139e-06,-3.867381092319712628e-06,-4.511944607706331117e-06
0.000000000000000000e+00,-3.963713299902644172e-07,-7.927426599805288344e-07,-1.189113989970793357e-06,-1.585485319961057880e-06,-1.981856649951322404e-06,-2.378227979941586715e-06,-2.774599309931851026e-06
0.000000000000000000e+00,-2.138208896829154040e-07,-4.276417793658308079e-07,-6.414626690487462383e-07,-8.552835587316617217e-07,-1.069104448414577205e-06,-1.282925338097492688e-06,-1.496746227780408172e-06
0.000000000000000000e+00,-2.432130701283595163e-07,-4.864261402567190327e-07,-7.296392103850785490e-07,-9.728522805134380654e-07,-1.216065350641797688e-06,-1.459278420770157310e-06,-1.702491490898516932e-06
0.000000000000000000e+00,-3.048834676432444346e-07,-6.097669352864888692e-07,-9.146504029297333038e-07,-1.219533870572977738e-06,-1.524417338216222279e-06,-1.829300805859466819e-06,-2.134184273502711360e-06
0.000000000000000000e+00,-2.138208896811479109e-07,-4.276417793622958218e-07,-6.414626690434437062e-07,-8.552835587245915377e-07,-1.069104448405739475e-06,-1.282925338086887412e-06,-1.496746227768035350e-06
0.000000000000000000e+00,-2.432130701265682005e-07,-4.864261402531364010e-07,-7.296392103797046544e-07,-9.728522805062730137e-07,-1.216065350632841373e-06,-1.459278420759409732e-06,-1.702491490885978092e-06
0.000000000000000000e+00,-3.048834676415769444e-07,-6.097669352831538887e-07,-9.146504029247308331e-07,-1.219533870566307777e-06,-1.524417338207884722e-06,-1.829300805849461666e-06,-2.134184273491038399e-06
0.000000000000000000e+00,-1.992687499390803868e-07,-3.985374998781607735e-07,-5.978062498172411338e-07,-7.970749997563214412e-07,-9.963437496954016427e-07,-1.195612499634481844e-06,-1.394881249573562046e-06
0.000000000000000000e+00,-1.995541458595633551e-07,-3.991082917191267102e-07,-5.986624375786900388e-07,-7.982165834382533144e-07,-9.977707292978165901e-07,-1.197324875157379866e-06,-1.396879021016943141e-06
0.000000000000000000e+00,-2.984829013713272251e-07,-5.969658027426544501e-07,-8.954487041139816222e-07,-1.193931605485308688e-06,-1.492414506856635755e-06,-1.790897408227962821e-06,-2.089380309599289675e-06
0.000000000000000000e+00,-1.992687499374203610e-07,-3.985374998748407220e-07,-5.978062498122611095e-07,-7.970749997496815499e-07,-9.963437496871019903e-07,-1.195612499624522431e-06,-1.394881249561942871e-06
0.000000000000000000e+00,-1.995541458578497545e-07,-3.991082917156995090e-07,-5.986624375735492899e-07,-7.982165834313991238e-07,-9.977707292892490636e-07,-1.197324875147099003e-06,-1.396879021004948943e-06
0.000000000000000000e+00,-2.984829013697379265e-07,-5.969658027394758531e-07,-8.954487041092137796e-07,-1.193931605478951706e-06,-1.492414506848689527e-06,-1.790897408218427348e-06,-2.089380309588165168e-06
0.000000000000000000e+00,-2.233131326498852727e-07,-4.466262652997705454e-07,-6.699393979496558711e-07,-8.932525305995411968e-07,-1.116565663249426522e-06,-1.339878795899311742e-06,-1.563191928549196962e-06
0.000000000000000000e+00,-2.086116291998114654e-07,-4.172232583996229309e-07,-6.258348875994344493e-07,-8.344465167992459677e-07,-1.043058145999057486e-06,-1.251669775198868899e-06,-1.460281404398680311e-06
0.000000000000000000e+00,-3.335157207819561705e-07,-6.670314415639123409e-07,-1.000547162345868511e-06,-1.334062883127824682e-06,-1.667578603909780852e-06,-2.001094324691737023e-06,-2.334610045473693405e-06
0.000000000000000000e+00,-2.233131326483079915e-07,-4.466262652966159830e-07,-6.699393979449239215e-07,-8.932525305932318601e-07,-1.116565663241539799e-06,-1.339878795889847843e-06,-1.563191928538155888e-06
0.000000000000000000e+00,-2.086116291981974706e-07,-4.172232583963949413e-07,-6.258348875945923854e-07,-8.344465167927897767e-07,-1.043058145990987168e-06,-1.251669775189184559e-06,-1.460281404387381950e-06
0.000000000000000000e+00,-3.335157207804188586e-07,-6.670314415608377172e-07,-1.000547162341256629e-06,-1.334062883121675646e-06,-1.667578603902094664e-06,-2.001094324682513681e-06,-2.334610045462932698e-06
0.000000000000000000e+00,-2.632149780112630941e-07,-5.264299560225261883e-07,-7.896449340337892824e-07,-1.052859912045052377e-06,-1.316074890056315577e-06,-1.579289868067578777e-06,-1.842504846078841977e-06
0.000000000000000000e+00,-2.433473173653242252e-07,-4.866946347306484504e-07,-7.300419520959726756e-07,-9.733892694612969008e-07,-1.216736586826621232e-06,-1.460083904191945563e-06,-1.703431221557269894e-06
0.000000000000000000e+00,-3.840030989143706494e-07,-7.680061978287412989e-07,-1.152009296743111948e-06,-1.536012395657482598e-06,-1.920015494571853035e-06,-2.304018593486223473e-06,-2.688021692400593911e-06
0.000000000000000000e+00,-2.632149780097863981e-07,-5.264299560195727961e-07,-7.896449340293591942e-07,-1.052859912039145592e-06,-1.316074890048931990e-06,-1.579289868058718388e-06,-1.842504846068504786e-06
0.000000000000000000e+00,-2.433473173637888721e-07,-4.866946347275777442e-07,-7.300419520913666163e-07,-9.733892694551554885e-07,-1.216736586818944361e-06,-1.460083904182733233e-06,-1.703431221546522105e-06
0.000000000000000000e+00,-3.840030989129782331e-07,-7.680061978259564663e-07,-1.152009296738934594e-06,-1.536012395651912721e-06,-1.920015494564890848e-06,-2.304018593477869187e-06,-2.688021692390847526e-06
0.000000000000000000e+00,-3.015143811942738504e-07,-6.030287623885477008e-07,-9.045431435828215512e-07,-1.206057524777095402e-06,-1.507571905971369146e-06,-1.809086287165642891e-06,-2.110600668359916635e-06
0.000000000000000000e+00,-2.844843843986263955e-07,-5.689687687972527909e-07,-8.534531531958791864e-07,-1.137937537594505582e-06,-1.422421921993132083e-06,-1.706906306391758584e-06,-1.991390690790385086e-06
0.000000000000000000e+00,-4.308582318960912659e-07,-8.617164637921825318e-07,-1.292574695688273904e-06,-1.723432927584365275e-06,-2.154291159480456647e-06,-2.585149391376547807e-06,-3.016007623272638967e-06
0.000000000000000000e+00,-3.015143811931545493e-07,-6.030287623863090986e-07,-9.045431435794635950e-07,-1.206057524772617986e-06,-1.507571905965772376e-06,-1.809086287158926766e-06,-2.110600668352081157e-06
0.000000000000000000e+00,-2.844843843973035947e-07,-5.689687687946071894e-07,-8.534531531919107311e-07,-1.137937537589214167e-06,-1.422421921986517603e-06,-1.706906306383821039e-06,-1.991390690781124475e-06
0.000000000000000000e+00,-4.308582318949892760e-07,-8.617164637899785521e-07,-1.292574695684967934e-06,-1.723432927579957316e-06,-2.154291159474946698e-06,-2.585149391369935868e-06,-3.016007623264925038e-06
0.000000000000000000e+00,-3.213413227847271314e-07,-6.426826455694542627e-07,-9.640239683541814470e-07,-1.285365291138908737e-06,-1.606706613923636027e-06,-1.928047936708363318e-06,-2.249389259493090608e-06
0.000000000000000000e+00,-3.154941026385373544e-07,-6.309882052770747087e-07,-9.464823079156120631e-07,-1.261976410554149417e-06,-1.577470513192686666e-06,-1.892964615831223914e-06,-2.208458718469761163e-06
0.000000000000000000e+00,-4.564741252450266124e-07,-9.129482504900532249e-07,-1.369422375735079890e-06,-1.825896500980106662e-06,-2.282370626225133221e-06,-2.738844751470159781e-06,-3.195318876715186340e-06
0.000000000000000000e+00,-3.213413227840515167e-07,-6.426826455681030334e-07,-9.640239683521544972e-07,-1.285365291136205855e-06,-1.606706613920257213e-06,-1.928047936704308571e-06,-2.249389259488359929e-06
0.000000000000000000e+00,-3.154941026376145120e-07,-6.309882052752290239e-07,-9.464823079128435359e-07,-1.261976410550458048e-06,-1.577470513188072454e-06,-1.892964615825686860e-06,-2.208458718463301266e-06
0.000000000000000000e+00,-4.564741252443080638e-07,-9.129482504886161276e-07,-1.369422375732924191e-06,-1.825896500977232255e-06,-2.282370626221540107e-06,-2.738844751465847959e-06,-3.195318876710155811e-06
0.000000000000000000e+00,-3.005694957350065587e-07,-6.011389914700131173e-07,-9.017084872050196230e-07,-1.202277982940026023e-06,-1.502847478675032423e-06,-1.803416974410038823e-06,-2.103986470145045011e-06
0.000000000000000000e+00,-3.175396059357227162e-07,-6.350792118714454324e-07,-9.526188178071681487e-07,-1.270158423742890865e-06,-1.587698029678613581e-06,-1.905237635614336297e-06,-2.222777241550059014e-06
0.000000000000000000e+00,-4.387224037217210753e-07,-8.774448074434421506e-07,-1.316167211165163332e-06,-1.754889614886884513e-06,-2.193612018608605694e-06,-2.632334422330326664e-06,-3.071056826052047633e-06
0.000000000000000000e+00,-3.005694957346765334e-07,-6.011389914693530669e-07,-9.017084872040296533e-07,-1.202277982938706346e-06,-1.502847478673383038e-06,-1.803416974408059730e-06,-2.103986470142736422e-06
0.000000000000000000e+00,-3.175396059352596010e-07,-6.350792118705192019e-07,-9.526188178057788029e-07,-1.270158423741038404e-06,-1.587698029676298005e-06,-1.905237635611557606e-06,-2.222777241546817418e-06
0.000000000000000000e+00,-4.387224037213872914e-07,-8.774448074427745828e-07,-1.316167211164161927e-06,-1.754889614885549377e-06,-2.193612018606937039e-06,-2.632334422328324701e-06,-3.071056826049712363e-06
0.000000000000000000e+00,-1.416394351801508632e-07,-2.832788703603017264e-07,-4.249183055404526161e-07,-5.665577407206035587e-07,-7.081971759007545013e-07,-8.498366110809054440e-07,-9.914760462610562807e-07
0.000000000000000000e+00,-2.629448664320564385e-07,-5.258897328641128770e-07,-7.888345992961693155e-07,-1.051779465728225754e-06,-1.314724332160282192e-06,-1.577669198592338631e-06,-1.840614065024395069e-06
0.000000000000000000e+00,-2.714835214320259854e-07,-5.429670428640519709e-07,-8.144505642960779563e-07,-1.085934085728103942e-06,-1.357417607160129821e-06,-1.628901128592155701e-06,-1.900384650024181580e-06
0.000000000000000000e+00,-1.901510625655346032e-07,-3.803021251310692064e-07,-5.704531876966038096e-07,-7.606042502621384128e-07,-9.507553128276730160e-07,-1.140906375393207619e-06,-1.331057437958742117e-06
0.000000000000000000e+00,-3.933889539181989262e-07,-7.867779078363978525e-07,-1.180166861754596779e-06,-1.573555815672795705e-06,-1.966944769590994631e-06,-2.360333723509193557e-06,-2.753722677427392484e-06
0.000000000000000000e+00,-2.207613215507548517e-07,-4.415226431015097033e-07,-6.622839646522645550e-07,-8.830452862030194067e-07,-1.103806607753774258e-06,-1.324567929304529110e-06,-1.545329250855283962e-06
0.000000000000000000e+00,-2.697931845688937359e-07,-5.395863691377874718e-07,-8.093795537066811548e-07,-1.079172738275574732e-06,-1.348965922844468309e-06,-1.618759107413361886e-06,-1.888552291982255463e-06
0.000000000000000000e+00,-4.054236309773096576e-07,-8.108472619546193153e-07,-1.216270892931928920e-06,-1.621694523909238419e-06,-2.027118154886547918e-06,-2.432541785863857416e-06,-2.837965416841166915e-06
0.000000000000000000e+00,-1.416394351781949583e-07,-2.832788703563899165e-07,-4.249183055345849012e-07,-5.665577407127799389e-07,-7.081971758909749766e-07,-8.498366110691700142e-07,-9.914760462473650519e-07
0.000000000000000000e+00,-2.629448664300415589e-07,-5.258897328600831177e-07,-7.888345992901246766e-07,-1.051779465720166235e-06,-1.314724332150207794e-06,-1.577669198580249353e-06,-1.840614065010290912e-06
0.000000000000000000e+00,-2.697931845679237244e-07,-5.395863691358474488e-07,-8.093795537037711731e-07,-1.079172738271694898e-06,-1.348965922839618622e-06,-1.618759107407542346e-06,-1.888552291975466071e-06
0.000000000000000000e+00,-1.901510625635131326e-07,-3.803021251270262652e-07,-5.704531876905393713e-07,-7.606042502540524245e-07,-9.507553128175654777e-07,-1.140906375381078531e-06,-1.331057437944591584e-06
0.000000000000000000e+00,-3.933889539162817201e-07,-7.867779078325634402e-07,-1.180166861748845213e-06,-1.573555815665127092e-06,-1.966944769581409183e-06,-2.360333723497691274e-06,-2.753722677413973364e-06
0.000000000000000000e+00,-2.207613215488391014e-07,-4.415226430976782028e-07,-6.622839646465173306e-07,-8.830452861953565114e-07,-1.103806607744195798e-06,-1.324567929293035085e-06,-1.545329250841874371e-06
0.000000000000000000e+00,-8.388667979898684522e-08,-1.677733595979736904e-07,-2.516600393969605621e-07,-3.355467191959474338e-07,-4.194333989949343055e-07,-5.033200787939211243e-07,-5.872067585929079430e-07
0.000000000000000000e+00,-1.050451188843662320e-07,-2.100902377687324639e-07,-3.151353566530987091e-07,-4.201804755374649808e-07,-5.252255944218312525e-07,-6.302707133061975241e-07,-7.353158321905637958e-07
0.000000000000000000e+00,-1.413649780251605795e-07,-2.827299560503211591e-07,-4.240949340754817386e-07,-5.654599121006423182e-07,-7.068248901258028447e-07,-8.481898681509633713e-07,-9.895548461761238979e-07
0.000000000000000000e+00,-8.388667979711716557e-08,-1.677733595942343311e-07,-2.516600393913515099e-07,-3.355467191884687152e-07,-4.194333989855859205e-07,-5.033200787827031258e-07,-5.872067585798203311e-07
0.000000000000000000e+00,-1.050451188824304043e-07,-2.100902377648608087e-07,-3.151353566472912395e-07,-4.201804755297216703e-07,-5.252255944121521011e-07,-6.302707132945824790e-07,-7.353158321770128568e-07
0.000000000000000000e+00,-1.413649780233338206e-07,-2.827299560466676413e-07,-4.240949340700014884e-07,-5.654599120933353884e-07,-7.068248901166692885e-07,-8.481898681400031885e-07,-9.895548461633370886e-07
0.000000000000000000e+00,-6.607387746958906105e-08,-1.321477549391781221e-07,-1.982216324087671699e-07,-2.642955098783561913e-07,-3.303693873479452126e-07,-3.964432648175342339e-07,-4.625171422871232553e-07
0.000000000000000000e+00,-7.061189974434370347e-08,-1.412237994886874069e-07,-2.118356992330311104e-07,-2.824475989773748139e-07,-3.530594987217185438e-07,-4.236713984660622738e-07,-4.942832982104060037e-07
0.000000000000000000e+00,-1.217015271614421685e-07,-2.434030543228843370e-07,-3.651045814843265056e-07,-4.868061086457686741e-07,-6.085076358072107897e-07,-7.302091629686529052e-07,-8.519106901300950208e-07
0.000000000000000000e+00,-6.607387746783743662e-08,-1.321477549356748732e-07,-1.982216324035123099e-07,-2.642955098713497465e-07,-3.303693873391872096e-07,-3.964432648070246726e-07,-4.625171422748621357e-07
0.000000000000000000e+00,-7.061189974252541490e-08,-1.412237994850508298e-07,-2.118356992275762447e-07,-2.824475989701016596e-07,-3.530594987126270745e-07,-4.236713984551524894e-07,-4.942832981976778514e-07
0.000000000000000000e+00,-1.217015271597303414e-07,-2.434030543194606828e-07,-3.651045814791909977e-07,-4.868061086389212597e-07,-6.085076357986515217e-07,-7.302091629583817837e-07,-8.519106901181120457e-07
0.000000000000000000e+00,-7.217370411809880603e-08,-1.443474082361976121e-07,-2.165211123542964049e-07,-2.886948164723951712e-07,-3.608685205904939375e-07,-4.330422247085927038e-07,-5.052159288266914702e-07
0.000000000000000000e+00,-6.705770755760497869e-08,-1.341154151152099574e-07,-2.011731226728149361e-07,-2.682308302304199148e-07,-3.352885377880248935e-07,-4.023462453456298722e-07,-4.694039529032348509e-07
0.000000000000000000e+00,-1.352878022711938074e-07,-2.705756045423876148e-07,-4.058634068135814223e-07,-5.411512090847752297e-07,-6.764390113559690371e-07,-8.117268136271628445e-07,-9.470146158983566519e-07
0.000000000000000000e+00,-7.217370411647702910e-08,-1.443474082329540582e-07,-2.165211123494311005e-07,-2.886948164659081694e-07,-3.608685205823852382e-07,-4.330422246988623070e-07,-5.052159288153393228e-07
0.000000000000000000e+00,-6.705770755591500238e-08,-1.341154151118300048e-07,-2.011731226677450204e-07,-2.682308302236600625e-07,-3.352885377795751045e-07,-4.023462453354901466e-07,-4.694039528914051887e-07
0.000000000000000000e+00,-1.352878022695804744e-07,-2.705756045391609487e-07,-4.058634068087414231e-07,-5.411512090783218974e-07,-6.764390113479024247e-07,-8.117268136174829520e-07,-9.470146158870634793e-07
0.000000000000000000e+00,-8.986634250042019830e-08,-1.797326850008403966e-07,-2.695990275012605949e-07,-3.594653700016807932e-07,-4.493317125021009915e-07,-5.391980550025211898e-07,-6.290643975029414410e-07
0.000000000000000000e+00,-8.060610767583128818e-08,-1.612122153516625764e-07,-2.418183230274938778e-07,-3.224244307033252056e-07,-4.030305383791565335e-07,-4.836366460549878614e-07,-5.642427537308191893e-07
0.000000000000000000e+00,-1.639155747813584727e-07,-3.278311495627169454e-07,-4.917467243440754446e-07,-6.556622991254339967e-07,-8.195778739067925488e-07,-9.834934486881511009e-07,-1.147409023469509547e-06
0.000000000000000000e+00,-8.986634249896073406e-08,-1.797326849979214681e-07,-2.695990274968822287e-07,-3.594653699958429892e-07,-4.493317124948037497e-07,-5.391980549937644573e-07,-6.290643974927251649e-07
0.000000000000000000e+00,-8.060610767428461925e-08,-1.612122153485692385e-07,-2.418183230228538313e-07,-3.224244306971384241e-07,-4.030305383714230168e-07,-4.836366460457076626e-07,-5.642427537199923083e-07
0.000000000000000000e+00,-1.639155747798951174e-07,-3.278311495597902348e-07,-4.917467243396853787e-07,-6.556622991195805755e-07,-8.195778738994757723e-07,-9.834934486793709692e-07,-1.147409023459266166e-06
0.000000000000000000e+00,-1.088510979072303687e-07,-2.177021958144607374e-07,-3.265532937216910797e-07,-4.354043916289214219e-07,-5.442554895361517642e-07,-6.531065874433821594e-07,-7.619576853506125546e-07
0.000000000000000000e+00,-1.002535563640584629e-07,-2.005071127281169257e-07,-3.007606690921753886e-07,-4.010142254562338515e-07,-5.012677818202923144e-07,-6.015213381843507772e-07,-7.017748945484092401e-07
0.000000000000000000e+00,-1.929358148328680830e-07,-3.858716296657361660e-07,-5.788074444986042225e-07,-7.717432593314722261e-07,-9.646790741643402297e-07,-1.157614888997208233e-06,-1.350550703830076237e-06
0.000000000000000000e+00,-1.088510979059521166e-07,-2.177021958119042332e-07,-3.265532937178563498e-07,-4.354043916238084664e-07,-5.442554895297605830e-07,-6.531065874357126996e-07,-7.619576853416648162e-07
0.000000000000000000e+00,-1.002535563626723067e-07,-2.005071127253446134e-07,-3.007606690880169333e-07,-4.010142254506892797e-07,-5.012677818133615731e-07,-6.015213381760338666e-07,-7.017748945387061601e-07
0.000000000000000000e+00,-1.929358148316868426e-07,-3.858716296633736852e-07,-5.788074444950605543e-07,-7.717432593267474763e-07,-9.646790741584345042e-07,-1.157614888990121532e-06,-1.350550703821808560e-06
0.000000000000000000e+00,-1.185127517101826454e-07,-2.370255034203652908e-07,-3.555382551305479362e-07,-4.740510068407305816e-07,-5.925637585509132799e-07,-7.110765102610959783e-07,-8.295892619712786766e-07
0.000000000000000000e+00,-1.158140115380264152e-07,-2.316280230760528304e-07,-3.474420346140792589e-07,-4.632560461521057138e-07,-5.790700576901321688e-07,-6.948840692281586237e-07,-8.106980807661850786e-07
0.000000000000000000e+00,-2.077470930238867069e-07,-4.154941860477734137e-07,-6.232412790716600941e-07,-8.309883720955467216e-07,-1.038735465119433455e-06,-1.246482558143320188e-06,-1.454229651167206922e-06
0.000000000000000000e+00,-1.185127517093468224e-07,-2.370255034186936448e-07,-3.555382551280404540e-07,-4.740510068373872367e-07,-5.925637585467340194e-07,-7.110765102560808020e-07,-8.295892619654275847e-07
0.000000000000000000e+00,-1.158140115369556729e-07,-2.316280230739113459e-07,-3.474420346108669923e-07,-4.632560461478226388e-07,-5.790700576847782853e-07,-6.948840692217339847e-07,-8.106980807586896841e-07
0.000000000000000000e+00,-2.077470930231390944e-07,-4.154941860462781888e-07,-6.232412790694172568e-07,-8.309883720925562718e-07,-1.038735465115695287e-06,-1.246482558138834302e-06,-1.454229651161973317e-06
0.000000000000000000e+00,-1.064095269558678524e-07,-2.128190539117357047e-07,-3.192285808676035306e-07,-4.256381078234713565e-07,-5.320476347793391824e-07,-6.384571617352070612e-07,-7.448666886910749400e-07
0.000000000000000000e+00,-1.158049301037539073e-07,-2.316098602075078146e-07,-3.474147903112617087e-07,-4.632197204150155763e-07,-5.790246505187694969e-07,-6.948295806225234175e-07,-8.106345107262773380e-07
0.000000000000000000e+00,-1.897517754801080370e-07,-3.795035509602160740e-07,-5.692553264403240845e-07,-7.590071019204320421e-07,-9.487588774005399997e-07,-1.138510652880647957e-06,-1.328262428360755915e-06
0.000000000000000000e+00,-1.064095269554818833e-07,-2.128190539109637665e-07,-3.192285808664456366e-07,-4.256381078219274801e-07,-5.320476347774093237e-07,-6.384571617328911672e-07,-7.448666886883730108e-07
0.000000000000000000e+00,-1.158049301031803204e-07,-2.316098602063606409e-07,-3.474147903095409613e-07,-4.632197204127212817e-07,-5.790246505159016551e-07,-6.948295806190820285e-07,-8.106345107222624018e-07
0.000000000000000000e+00,-1.897517754797681915e-07,-3.795035509595363830e-07,-5.692553264393045745e-07,-7.590071019190727660e-07,-9.487588773988409575e-07,-1.138510652878609149e-06,-1.328262428358377235e-06
0.000000000000000000e+00,-1.321938461448558387e-07,-2.643876922897116774e-07,-3.965815384345674896e-07,-5.287753845794232489e-07,-6.609692307242790082e-07,-7.931630768691347675e-07,-9.253569230139905268e-07
0.000000000000000000e+00,-7.095621304185754456e-08,-1.419124260837150891e-07,-2.128686391255726469e-07,-2.838248521674302312e-07,-3.547810652092878154e-07,-4.257372782511453997e-07,-4.966934912930029310e-07
0.000000000000000000e+00,-1.366560103356516147e-07,-2.733120206713032293e-07,-4.099680310069548440e-07,-5.466240413426064586e-07,-6.832800516782580733e-07,-8.199360620139096879e-07,-9.565920723495613026e-07
0.000000000000000000e+00,-1.321938461428189892e-07,-2.643876922856379783e-07,-3.965815384284569940e-07,-5.287753845712760625e-07,-6.609692307140951311e-07,-7.931630768569141997e-07,-9.253569229997332683e-07
0.000000000000000000e+00,-7.095621303984378990e-08,-1.419124260796875798e-07,-2.128686391195313697e-07,-2.838248521593751596e-07,-3.547810651992189760e-07,-4.257372782390627924e-07,-4.966934912789066087e-07
0.000000000000000000e+00,-3.902095815584118044e-08,-7.804191631168236087e-08,-1.170628744675235413e-07,-1.560838326233647217e-07,-1.951047907792058889e-07,-2.341257489350470561e-07,-2.731467070908882233e-07
0.000000000000000000e+00,-3.902095815393665994e-08,-7.804191630787331988e-08,-1.170628744618099732e-07,-1.560838326157466133e-07,-1.951047907696832534e-07,-2.341257489236198935e-07,-2.731467070775565600e-07
0.000000000000000000e+00,-2.803373393146672902e-08,-5.606746786293345804e-08,-8.410120179440018044e-08,-1.121349357258669028e-07,-1.401686696573336252e-07,-1.682024035888003609e-07,-1.962361375202670965e-07
0.000000000000000000e+00,-2.803373392967461906e-08,-5.606746785934923812e-08,-8.410120178902385056e-08,-1.121349357186984630e-07,-1.401686696483730754e-07,-1.682024035780477011e-07,-1.962361375077223268e-07
0.000000000000000000e+00,-2.981177631792100928e-08,-5.962355263584201857e-08,-8.943532895376302123e-08,-1.192471052716840107e-07,-1.490588815896050001e-07,-1.788706579075259895e-07,-2.086824342254469790e-07
0.000000000000000000e+00,-2.981177631626680026e-08,-5.962355263253360052e-08,-8.943532894880040078e-08,-1.192471052650672010e-07,-1.490588815813340145e-07,-1.788706578976008280e-07,-2.086824342138676415e-07
0.000000000000000000e+00,-3.809207207224422525e-08,-7.618414414448845050e-08,-1.142762162167326758e-07,-1.523682882889769010e-07,-1.904603603612211263e-07,-2.285524324334653515e-07,-2.666445045057095768e-07
0.000000000000000000e+00,-3.809207207079809516e-08,-7.618414414159619033e-08,-1.142762162123942789e-07,-1.523682882831923542e-07,-1.904603603539904295e-07,-2.285524324247885048e-07,-2.666445044955865801e-07
0.000000000000000000e+00,-4.744418573326839608e-08,-9.488837146653679216e-08,-1.423325571998051882e-07,-1.897767429330735843e-07,-2.372209286663419804e-07,-2.846651143996103765e-07,-3.321093001328787461e-07
0.000000000000000000e+00,-4.744418573201733503e-08,-9.488837146403467007e-08,-1.423325571960520117e-07,-1.897767429280693666e-07,-2.372209286600867215e-07,-2.846651143921040764e-07,-3.321093001241214313e-07
0.000000000000000000e+00,-5.230289102133761051e-08,-1.046057820426752210e-07,-1.569086730640128183e-07,-2.092115640853504156e-07,-2.615144551066880128e-07,-3.138173461280256366e-07,-3.661202371493632603e-07
0.000000000000000000e+00,-5.230289102044227021e-08,-1.046057820408845404e-07,-1.569086730613268239e-07,-2.092115640817691073e-07,-2.615144551022113908e-07,-3.138173461226536477e-07,-3.661202371430959047e-07
0.000000000000000000e+00,-4.620664031754678473e-08,-9.241328063509356945e-08,-1.386199209526403608e-07,-1.848265612701871654e-07,-2.310332015877339700e-07,-2.772398419052807745e-07,-3.234464822228275791e-07
0.000000000000000000e+00,-4.620664031709738081e-08,-9.241328063419476162e-08,-1.386199209512921490e-07,-1.848265612683895497e-07,-2.310332015854869504e-07,-2.772398419025843510e-07,-3.234464822196817517e-07
0.000000000000000000e+00,3.249275462056512124e-07,6.498550924113024249e-07,9.747826386169536903e-07,1.299710184822605062e-06,1.624637731028256433e-06,1.949565277233907804e-06,2.274492823439559175e-06
0.000000000000000000e+00,6.535788945050136078e-07,1.307157789010027216e-06,1.960736683515040824e-06,2.614315578020054431e-06,3.267894472525068039e-06,3.921473367030081647e-06,4.575052261535095255e-06
0.000000000000000000e+00,6.531133228668019385e-07,1.306226645733603877e-06,1.959339968600405921e-06,2.612453291467208177e-06,3.265566614334010434e-06,3.918679937200812690e-06,4.571793260067614946e-06
0.000000000000000000e+00,4.683217371272450499e-07,9.366434742544900999e-07,1.404965211381735097e-06,1.873286948508979988e-06,2.341608685636224879e-06,2.809930422763469770e-06,3.278252159890714661e-06
0.000000000000000000e+00,4.545005348012942053e-07,9.090010696025884106e-07,1.363501604403882722e-06,1.818002139205177033e-06,2.272502674006471344e-06,2.727003208807765444e-06,3.181503743609059543e-06
0.000000000000000000e+00,8.390846235108212792e-07,1.678169247021642558e-06,2.517253870532463732e-06,3.356338494043284693e-06,4.195423117554105655e-06,5.034507741064926617e-06,5.873592364575747578e-06
0.000000000000000000e+00,6.533511137776567912e-07,1.306702227555313582e-06,1.960053341332970479e-06,2.613404455110627588e-06,3.266755568888284697e-06,3.920106682665941806e-06,4.573457796443598914e-06
0.000000000000000000e+00,8.381754467550933999e-07,1.676350893510186800e-06,2.514526340265280200e-06,3.352701787020373600e-06,4.190877233775467000e-06,5.029052680530560399e-06,5.867228127285653799e-06
0.000000000000000000e+00,3.249275462056093902e-07,6.498550924112187804e-07,9.747826386168281176e-07,1.299710184822437349e-06,1.624637731028046580e-06,1.949565277233655812e-06,2.274492823439265255e-06
0.000000000000000000e+00,6.535788945048185785e-07,1.307157789009637157e-06,1.960736683514455524e-06,2.614315578019273891e-06,3.267894472524092257e-06,3.921473367028911048e-06,4.575052261533729838e-06
0.000000000000000000e+00,6.533511137775628764e-07,1.306702227555125753e-06,1.960053341332688417e-06,2.613404455110251082e-06,3.266755568887813747e-06,3.920106682665376835e-06,4.573457796442939923e-06
0.000000000000000000e+00,4.683217371272339326e-07,9.366434742544678653e-07,1.404965211381701851e-06,1.873286948508935942e-06,2.341608685636169822e-06,2.809930422763403702e-06,3.278252159890637581e-06
0.000000000000000000e+00,4.545005348011884850e-07,9.090010696023769700e-07,1.363501604403565508e-06,1.818002139204754152e-06,2.272502674005942796e-06,2.727003208807131439e-06,3.181503743608320083e-06
0.000000000000000000e+00,8.390846235106560019e-07,1.678169247021312004e-06,2.517253870531968218e-06,3.356338494042624431e-06,4.195423117553280645e-06,5.034507741063936435e-06,5.873592364574592225e-06
0.000000000000000000e+00,0.000000000000000000e+00,0.000000000000000000e+00,0.000000000000000000e+00,0.000000000000000000e+00,0.000000000000000000e+00,0.000000000000000000e+00,0.000000000000000000e+00
0.000000000000000000e+00,0.000000000000000000e+00,0.000000000000000000e+00,0.000000000000000000e+00,0.000000000000000000e+00,0.000000000000000000e+00,0.000000000000000000e+00,0.000000000000000000e+00
0.000000000000000000e+00,0.000000000000000000e+00,0.000000000000000000e+00,0.000000000000000000e+00,0.000000000000000000e+00,0.000000000000000000e+00,0.000000000000000000e+00,0.000000000000000000e+00
0.000000000000000000e+00,0.000000000000000000e+00,0.000000000000000000e+00,0.000000000000000000e+00,0.000000000000000000e+00,0.000000000000000000e+00,0.000000000000000000e+00,0.000000000000000000e+00
0.000000000000000000e+00,1.475582266680859373e-07,2.951164533361718746e-07,4.426746800042577855e-07,5.902329066723436434e-07,7.377911333404295012e-07,8.853493600085153591e-07,1.032907586676601111e-06
0.000000000000000000e+00,0.000000000000000000e+00,0.000000000000000000e+00,0.000000000000000000e+00,0.000000000000000000e+00,0.000000000000000000e+00,0.000000000000000000e+00,0.000000000000000000e+00
0.000000000000000000e+00,3.910876385845388115e-07,7.821752771690776230e-07,1.173262915753616329e-06,1.564350554338155034e-06,1.955438192922693740e-06,2.346525831507232657e-06,2.737613470091771575e-06
0.000000000000000000e+00,0.000000000000000000e+00,0.000000000000000000e+00,0.000000000000000000e+00,0.000000000000000000e+00,0.000000000000000000e+00,0.000000000000000000e+00,0.000000000000000000e+00
0.000000000000000000e+00,0.000000000000000000e+00,0.000000000000000000e+00,0.000000000000000000e+00,0.000000000000000000e+00,0.000000000000000000e+00,0.000000000000000000e+00,0.000000000000000000e+00
0.000000000000000000e+00,0.000000000000000000e+00,0.000000000000000000e+00,0.000000000000000000e+00,0.000000000000000000e+00,0.000000000000000000e+00,0.000000000000000000e+00,0.000000000000000000e+00
0.000000000000000000e+00,3.928270724914423989e-07,7.856541449828847979e-07,1.178481217474327197e-06,1.571308289965769596e-06,1.964135362457211995e-06,2.356962434948654394e-06,2.749789507440096793e-06
0.000000000000000000e+00,0.000000000000000000e+00,0.000000000000000000e+00,0.000000000000000000e+00,0.000000000000000000e+00,0.000000000000000000e+00,0.000000000000000000e+00,0.000000000000000000e+00
0.000000000000000000e+00,0.000000000000000000e+00,0.000000000000000000e+00,0.000000000000000000e+00,0.000000000000000000e+00,0.000000000000000000e+00,0.000000000000000000e+00,0.000000000000000000e+00
0.000000000000000000e+00,0.000000000000000000e+00,0.000000000000000000e+00,0.000000000000000000e+00,0.000000000000000000e+00,0.000000000000000000e+00,0.000000000000000000e+00,0.000000000000000000e+00
0.000000000000000000e+00,0.000000000000000000e+00,0.000000000000000000e+00,0.000000000000000000e+00,0.000000000000000000e+00,0.000000000000000000e+00,0.000000000000000000e+00,0.000000000000000000e+00
0.000000000000000000e+00,1.475582266680562117e-07,2.951164533361124235e-07,4.426746800041686352e-07,5.902329066722248470e-07,7.377911333402810587e-07,8.853493600083372705e-07,1.032907586676393588e-06
0.000000000000000000e+00,0.000000000000000000e+00,0.000000000000000000e+00,0.000000000000000000e+00,0.000000000000000000e+00,0.000000000000000000e+00,0.000000000000000000e+00,0.000000000000000000e+00
0.000000000000000000e+00,3.910876385844383852e-07,7.821752771688767704e-07,1.173262915753315208e-06,1.564350554337753752e-06,1.955438192922192296e-06,2.346525831506630840e-06,2.737613470091069384e-06
0.000000000000000000e+00,1.359599326406802094e-07,2.719198652813604187e-07,4.078797979220406016e-07,5.438397305627207315e-07,6.797996632034008615e-07,8.157595958440809914e-07,9.517195284847611214e-07
0.000000000000000000e+00,2.193421531133107791e-07,4.386843062266215582e-07,6.580264593399323638e-07,8.773686124532432224e-07,1.096710765566554081e-06,1.316052918679864939e-06,1.535395071793175798e-06
0.000000000000000000e+00,2.137303174823133787e-07,4.274606349646267574e-07,6.411909524469401096e-07,8.549212699292534089e-07,1.068651587411566814e-06,1.282381904893880219e-06,1.496112222376193624e-06
0.000000000000000000e+00,1.359599326406965941e-07,2.719198652813931883e-07,4.078797979220897824e-07,5.438397305627863766e-07,6.797996632034829178e-07,8.157595958441794590e-07,9.517195284848760002e-07
0.000000000000000000e+00,2.193421531133906384e-07,4.386843062267812769e-07,6.580264593401718624e-07,8.773686124535624479e-07,1.096710765566953033e-06,1.316052918680343725e-06,1.535395071793734416e-06
0.000000000000000000e+00,2.137303174822949822e-07,4.274606349645899644e-07,6.411909524468849466e-07,8.549212699291799288e-07,1.068651587411474911e-06,1.282381904893769893e-06,1.496112222376064875e-06
0.000000000000000000e+00,0.000000000000000000e+00,0.000000000000000000e+00,0.000000000000000000e+00,0.000000000000000000e+00,0.000000000000000000e+00,0.000000000000000000e+00,0.000000000000000000e+00
0.000000000000000000e+00,0.000000000000000000e+00,0.000000000000000000e+00,0.000000000000000000e+00,0.000000000000000000e+00,0.000000000000000000e+00,0.000000000000000000e+00,0.000000000000000000e+00
0.000000000000000000e+00,6.025043878717039009e-08,1.205008775743407802e-07,1.807513163615111570e-07,2.410017551486815074e-07,3.012521939358518578e-07,3.615026327230222082e-07,4.217530715101925586e-07
0.000000000000000000e+00,0.000000000000000000e+00,0.000000000000000000e+00,0.000000000000000000e+00,0.000000000000000000e+00,0.000000000000000000e+00,0.000000000000000000e+00,0.000000000000000000e+00
0.000000000000000000e+00,0.000000000000000000e+00,0.000000000000000000e+00,0.000000000000000000e+00,0.000000000000000000e+00,0.000000000000000000e+00,0.000000000000000000e+00,0.000000000000000000e+00
0.000000000000000000e+00,0.000000000000000000e+00,0.000000000000000000e+00,0.000000000000000000e+00,0.000000000000000000e+00,0.000000000000000000e+00,0.000000000000000000e+00,0.000000000000000000e+00
0.000000000000000000e+00,0.000000000000000000e+00,0.000000000000000000e+00,0.000000000000000000e+00,0.000000000000000000e+00,0.000000000000000000e+00,0.000000000000000000e+00,0.000000000000000000e+00
0.000000000000000000e+00,0.000000000000000000e+00,0.000000000000000000e+00,0.000000000000000000e+00,0.000000000000000000e+00,0.000000000000000000e+00,0.000000000000000000e+00,0.000000000000000000e+00
0.000000000000000000e+00,6.025043878716876220e-08,1.205008775743375244e-07,1.807513163615062866e-07,2.410017551486750488e-07,3.012521939358438110e-07,3.615026327230125732e-07,4.217530715101813354e-07
0.000000000000000000e+00,0.000000000000000000e+00,0.000000000000000000e+00,0.000000000000000000e+00,0.000000000000000000e+00,0.000000000000000000e+00,0.000000000000000000e+00,0.000000000000000000e+00
0.000000000000000000e+00,4.386116568928938719e-08,8.772233137857877437e-08,1.315834970678681682e-07,1.754446627571575752e-07,2.193058284464469822e-07,2.631669941357363893e-07,3.070281598250258228e-07
0.000000000000000000e+00,7.449757502629173390e-08,1.489951500525834678e-07,2.234927250788752149e-07,2.979903001051669886e-07,3.724878751314587622e-07,4.469854501577505358e-07,5.214830251840423094e-07
0.000000000000000000e+00,8.156733416632467233e-08,1.631346683326493447e-07,2.447020024989740038e-07,3.262693366652986364e-07,4.078366708316232690e-07,4.894040049979479016e-07,5.709713391642725343e-07
0.000000000000000000e+00,4.386116568942603080e-08,8.772233137885206161e-08,1.315834970682781056e-07,1.754446627577041497e-07,2.193058284471301937e-07,2.631669941365562113e-07,3.070281598259822289e-07
0.000000000000000000e+00,7.449757502654207185e-08,1.489951500530841437e-07,2.234927250796262155e-07,2.979903001061682874e-07,3.724878751327103592e-07,4.469854501592524311e-07,5.214830251857945029e-07
0.000000000000000000e+00,8.156733416640191115e-08,1.631346683328038223e-07,2.447020024992057202e-07,3.262693366656075917e-07,4.078366708320094631e-07,4.894040049984113345e-07,5.709713391648131530e-07
0.000000000000000000e+00,0.000000000000000000e+00,0.000000000000000000e+00,0.000000000000000000e+00,0.000000000000000000e+00,0.000000000000000000e+00,0.000000000000000000e+00,0.000000000000000000e+00
0.000000000000000000e+00,0.000000000000000000e+00,0.000000000000000000e+00,0.000000000000000000e+00,0.000000000000000000e+00,0.000000000000000000e+00,0.000000000000000000e+00,0.000000000000000000e+00
0.000000000000000000e+00,1.688105343244896655e-08,3.376210686489793310e-08,5.064316029734690295e-08,6.752421372979587943e-08,8.440526716224485590e-08,1.012863205946938324e-07,1.181673740271428089e-07
0.000000000000000000e+00,0.000000000000000000e+00,0.000000000000000000e+00,0.000000000000000000e+00,0.000000000000000000e+00,0.000000000000000000e+00,0.000000000000000000e+00,0.000000000000000000e+00
0.000000000000000000e+00,0.000000000000000000e+00,0.000000000000000000e+00,0.000000000000000000e+00,0.000000000000000000e+00,0.000000000000000000e+00,0.000000000000000000e+00,0.000000000000000000e+00
0.000000000000000000e+00,0.000000000000000000e+00,0.000000000000000000e+00,0.000000000000000000e+00,0.000000000000000000e+00,0.000000000000000000e+00,0.000000000000000000e+00,0.000000000000000000e+00
0.000000000000000000e+00,0.000000000000000000e+00,0.000000000000000000e+00,0.000000000000000000e+00,0.000000000000000000e+00,0.000000000000000000e+00,0.000000000000000000e+00,0.000000000000000000e+00
0.000000000000000000e+00,0.000000000000000000e+00,0.000000000000000000e+00,0.000000000000000000e+00,0.000000000000000000e+00,0.000000000000000000e+00,0.000000000000000000e+00,0.000000000000000000e+00
0.000000000000000000e+00,1.688105343249464677e-08,3.376210686498929354e-08,5.064316029748393700e-08,6.752421372997857385e-08,8.440526716247321069e-08,1.012863205949678475e-07,1.181673740274624844e-07
0.000000000000000000e+00,0.000000000000000000e+00,0.000000000000000000e+00,0.000000000000000000e+00,0.000000000000000000e+00,0.000000000000000000e+00,0.000000000000000000e+00,0.000000000000000000e+00
0.000000000000000000e+00,-2.021953694948428024e-19,-4.043907389896856048e-19,-6.065861084845284072e-19,-8.087814779793712095e-19,-1.010976847474214012e-18,-1.213172216969056814e-18,-1.415367586463899617e-18
0.000000000000000000e+00,-1.808616235034644338e-19,-3.617232470069288676e-19,-5.425848705103933255e-19,-7.234464940138578316e-19,-9.043081175173222413e-19,-1.085169741020786651e-18,-1.266031364524251061e-18
0.000000000000000000e+00,1.832664360669895012e-08,3.665328721339790025e-08,5.497993082009685368e-08,7.330657442679581373e-08,9.163321803349477378e-08,1.099598616401937338e-07,1.282865052468927071e-07
0.000000000000000000e+00,-5.539301371867479535e-20,-1.107860274373495907e-19,-1.661790411560243861e-19,-2.215720548746991814e-19,-2.769650685933739768e-19,-3.323580823120487721e-19,-3.877510960307235675e-19
0.000000000000000000e+00,1.271827379178436715e-19,2.543654758356873431e-19,3.815482137535310146e-19,5.087309516713746862e-19,6.359136895892183577e-19,7.630964275070620293e-19,8.902791654249057008e-19
0.000000000000000000e+00,1.832664360685463875e-08,3.665328721370927750e-08,5.497993082056391294e-08,7.330657442741854177e-08,9.163321803427317059e-08,1.099598616411277994e-07,1.282865052479824150e-07
0.000000000000000000e+00,0.000000000000000000e+00,0.000000000000000000e+00,0.000000000000000000e+00,0.000000000000000000e+00,0.000000000000000000e+00,0.000000000000000000e+00,0.000000000000000000e+00
0.000000000000000000e+00,0.000000000000000000e+00,0.000000000000000000e+00,0.000000000000000000e+00,0.000000000000000000e+00,0.000000000000000000e+00,0.000000000000000000e+00,0.000000000000000000e+00
0.000000000000000000e+00,-6.631215145659455943e-20,-1.326243029131891189e-19,-1.989364543697836783e-19,-2.652486058263782377e-19,-3.315607572829727731e-19,-3.978729087395673084e-19,-4.641850601961618438e-19
0.000000000000000000e+00,0.000000000000000000e+00,0.000000000000000000e+00,0.000000000000000000e+00,0.000000000000000000e+00,0.000000000000000000e+00,0.000000000000000000e+00,0.000000000000000000e+00
0.000000000000000000e+00,0.000000000000000000e+00,0.000000000000000000e+00,0.000000000000000000e+00,0.000000000000000000e+00,0.000000000000000000e+00,0.000000000000000000e+00,0.000000000000000000e+00
0.000000000000000000e+00,0.000000000000000000e+00,0.000000000000000000e+00,0.000000000000000000e+00,0.000000000000000000e+00,0.000000000000000000e+00,0.000000000000000000e+00,0.000000000000000000e+00
0.000000000000000000e+00,0.000000000000000000e+00,0.000000000000000000e+00,0.000000000000000000e+00,0.000000000000000000e+00,0.000000000000000000e+00,0.000000000000000000e+00,0.000000000000000000e+00
0.000000000000000000e+00,0.000000000000000000e+00,0.000000000000000000e+00,0.000000000000000000e+00,0.000000000000000000e+00,0.000000000000000000e+00,0.000000000000000000e+00,0.000000000000000000e+00
0.000000000000000000e+00,-1.295280400919195697e-20,-2.590560801838391394e-20,-3.885841202757587091e-20,-5.181121603676782788e-20,-6.476402004595979087e-20,-7.771682405515175386e-20,-9.066962806434371685e-20
0.000000000000000000e+00,0.000000000000000000e+00,0.000000000000000000e+00,0.000000000000000000e+00,0.000000000000000000e+00,0.000000000000000000e+00,0.000000000000000000e+00,0.000000000000000000e+00
0.000000000000000000e+00,-4.386116568961126632e-08,-8.772233137922253264e-08,-1.315834970688338122e-07,-1.754446627584450918e-07,-2.193058284480563713e-07,-2.631669941376676244e-07,-3.070281598272788775e-07
0.000000000000000000e+00,-7.449757502661271969e-08,-1.489951500532254394e-07,-2.234927250798381591e-07,-2.979903001064508787e-07,-3.724878751330635720e-07,-4.469854501596762652e-07,-5.214830251862889584e-07
0.000000000000000000e+00,-1.832664360693023313e-08,-3.665328721386046626e-08,-5.497993082079069940e-08,-7.330657442772093253e-08,-9.163321803465117228e-08,-1.099598616415814120e-07,-1.282865052485116518e-07
0.000000000000000000e+00,-4.386116568949892196e-08,-8.772233137899784392e-08,-1.315834970684967725e-07,-1.754446627579957143e-07,-2.193058284474946561e-07,-2.631669941369935979e-07,-3.070281598264925662e-07
0.000000000000000000e+00,-7.449757502637330053e-08,-1.489951500527466011e-07,-2.234927250791199016e-07,-2.979903001054932021e-07,-3.724878751318665027e-07,-4.469854501582398032e-07,-5.214830251846131037e-07
0.000000000000000000e+00,-1.832664360681338891e-08,-3.665328721362677781e-08,-5.497993082044016672e-08,-7.330657442725355563e-08,-9.163321803406694454e-08,-1.099598616408803334e-07,-1.282865052476937356e-07
0.000000000000000000e+00,0.000000000000000000e+00,0.000000000000000000e+00,0.000000000000000000e+00,0.000000000000000000e+00,0.000000000000000000e+00,0.000000000000000000e+00,0.000000000000000000e+00
0.000000000000000000e+00,0.000000000000000000e+00,0.000000000000000000e+00,0.000000000000000000e+00,0.000000000000000000e+00,0.000000000000000000e+00,0.000000000000000000e+00,0.000000000000000000e+00
0.000000000000000000e+00,-1.688105343258812480e-08,-3.376210686517624960e-08,-5.064316029776437108e-08,-6.752421373035248596e-08,-8.440526716294060083e-08,-1.012863205955287157e-07,-1.181673740281168306e-07
0.000000000000000000e+00,0.000000000000000000e+00,0.000000000000000000e+00,0.000000000000000000e+00,0.000000000000000000e+00,0.000000000000000000e+00,0.000000000000000000e+00,0.000000000000000000e+00
0.000000000000000000e+00,0.000000000000000000e+00,0.000000000000000000e+00,0.000000000000000000e+00,0.000000000000000000e+00,0.000000000000000000e+00,0.000000000000000000e+00,0.000000000000000000e+00
0.000000000000000000e+00,0.000000000000000000e+00,0.000000000000000000e+00,0.000000000000000000e+00,0.000000000000000000e+00,0.000000000000000000e+00,0.000000000000000000e+00,0.000000000000000000e+00
0.000000000000000000e+00,0.000000000000000000e+00,0.000000000000000000e+00,0.000000000000000000e+00,0.000000000000000000e+00,0.000000000000000000e+00,0.000000000000000000e+00,0.000000000000000000e+00
0.000000000000000000e+00,0.000000000000000000e+00,0.000000000000000000e+00,0.000000000000000000e+00,0.000000000000000000e+00,0.000000000000000000e+00,0.000000000000000000e+00,0.000000000000000000e+00
0.000000000000000000e+00,-1.688105343256031499e-08,-3.376210686512062997e-08,-5.064316029768094496e-08,-6.752421373024125994e-08,-8.440526716280156831e-08,-1.012863205953618767e-07,-1.181673740279221850e-07
0.000000000000000000e+00,0.000000000000000000e+00,0.000000000000000000e+00,0.000000000000000000e+00,0.000000000000000000e+00,0.000000000000000000e+00,0.000000000000000000e+00,0.000000000000000000e+00
0.000000000000000000e+00,-1.359599326408112612e-07,-2.719198652816225225e-07,-4.078797979224337837e-07,-5.438397305632450449e-07,-6.797996632040563591e-07,-8.157595958448676733e-07,-9.517195284856789874e-07
0.000000000000000000e+00,-2.193421531133167878e-07,-4.386843062266335755e-07,-6.580264593399503633e-07,-8.773686124532671511e-07,-1.096710765566583939e-06,-1.316052918679900727e-06,-1.535395071793217514e-06
0.000000000000000000e+00,-8.156733416637705603e-08,-1.631346683327541121e-07,-2.447020024991311813e-07,-3.262693366655082770e-07,-4.078366708318853728e-07,-4.894040049982624685e-07,-5.709713391646395113e-07
0.000000000000000000e+00,-1.359599326407008558e-07,-2.719198652814017116e-07,-4.078797979221025409e-07,-5.438397305628033172e-07,-6.797996632035040936e-07,-8.157595958442048700e-07,-9.517195284849056464e-07
0.000000000000000000e+00,-2.193421531131030178e-07,-4.386843062262060356e-07,-6.580264593393090535e-07,-8.773686124524120713e-07,-1.096710765565515195e-06,-1.316052918678618319e-06,-1.535395071791721442e-06
0.000000000000000000e+00,-8.156733416626203160e-08,-1.631346683325240632e-07,-2.447020024987860683e-07,-3.262693366650480735e-07,-4.078366708313100786e-07,-4.894040049975721366e-07,-5.709713391638341947e-07
0.000000000000000000e+00,0.000000000000000000e+00,0.000000000000000000e+00,0.000000000000000000e+00,0.000000000000000000e+00,0.000000000000000000e+00,0.000000000000000000e+00,0.000000000000000000e+00
0.000000000000000000e+00,0.000000000000000000e+00,0.000000000000000000e+00,0.000000000000000000e+00,0.000000000000000000e+00,0.000000000000000000e+00,0.000000000000000000e+00,0.000000000000000000e+00
0.000000000000000000e+00,-6.025043878740574614e-08,-1.205008775748114923e-07,-1.807513163622172384e-07,-2.410017551496229845e-07,-3.012521939370287042e-07,-3.615026327244344239e-07,-4.217530715118401435e-07
0.000000000000000000e+00,0.000000000000000000e+00,0.000000000000000000e+00,0.000000000000000000e+00,0.000000000000000000e+00,0.000000000000000000e+00,0.000000000000000000e+00,0.000000000000000000e+00
0.000000000000000000e+00,0.000000000000000000e+00,0.000000000000000000e+00,0.000000000000000000e+00,0.000000000000000000e+00,0.000000000000000000e+00,0.000000000000000000e+00,0.000000000000000000e+00
0.000000000000000000e+00,0.000000000000000000e+00,0.000000000000000000e+00,0.000000000000000000e+00,0.000000000000000000e+00,0.000000000000000000e+00,0.000000000000000000e+00,0.000000000000000000e+00
0.000000000000000000e+00,0.000000000000000000e+00,0.000000000000000000e+00,0.000000000000000000e+00,0.000000000000000000e+00,0.000000000000000000e+00,0.000000000000000000e+00,0.000000000000000000e+00
0.000000000000000000e+00,0.000000000000000000e+00,0.000000000000000000e+00,0.000000000000000000e+00,0.000000000000000000e+00,0.000000000000000000e+00,0.000000000000000000e+00,0.000000000000000000e+00
0.000000000000000000e+00,-6.025043878735309774e-08,-1.205008775747061955e-07,-1.807513163620592932e-07,-2.410017551494123910e-07,-3.012521939367654887e-07,-3.615026327241185865e-07,-4.217530715114716842e-07
0.000000000000000000e+00,0.000000000000000000e+00,0.000000000000000000e+00,0.000000000000000000e+00,0.000000000000000000e+00,0.000000000000000000e+00,0.000000000000000000e+00,0.000000000000000000e+00
0.000000000000000000e+00,-3.249275462060391006e-07,-6.498550924120782012e-07,-9.747826386181173018e-07,-1.299710184824156402e-06,-1.624637731030195503e-06,-1.949565277236234604e-06,-2.274492823442273916e-06
0.000000000000000000e+00,-4.683217371283203053e-07,-9.366434742566406107e-07,-1.404965211384961022e-06,-1.873286948513281433e-06,-2.341608685641601844e-06,-2.809930422769922044e-06,-3.278252159898242243e-06
0.000000000000000000e+00,-2.137303174830898697e-07,-4.274606349661797394e-07,-6.411909524492695561e-07,-8.549212699323593728e-07,-1.068651587415449190e-06,-1.282381904898539112e-06,-1.496112222381629035e-06
0.000000000000000000e+00,-3.249275462059093987e-07,-6.498550924118187974e-07,-9.747826386177283019e-07,-1.299710184823637806e-06,-1.624637731029547311e-06,-1.949565277235456604e-06,-2.274492823441365897e-06
0.000000000000000000e+00,-4.683217371280567193e-07,-9.366434742561134385e-07,-1.404965211384170105e-06,-1.873286948512226665e-06,-2.341608685640283014e-06,-2.809930422768339363e-06,-3.278252159896395711e-06
0.000000000000000000e+00,-2.137303174829498181e-07,-4.274606349658996362e-07,-6.411909524488494278e-07,-8.549212699317991664e-07,-1.068651587414748905e-06,-1.282381904897698644e-06,-1.496112222380648382e-06
0.000000000000000000e+00,0.000000000000000000e+00,0.000000000000000000e+00,0.000000000000000000e+00,0.000000000000000000e+00,0.000000000000000000e+00,0.000000000000000000e+00,0.000000000000000000e+00
0.000000000000000000e+00,0.000000000000000000e+00,0.000000000000000000e+00,0.000000000000000000e+00,0.000000000000000000e+00,0.000000000000000000e+00,0.000000000000000000e+00,0.000000000000000000e+00
0.000000000000000000e+00,-1.475582266681791109e-07,-2.951164533363582219e-07,-4.426746800045373063e-07,-5.902329066727163378e-07,-7.377911333408953694e-07,-8.853493600090744009e-07,-1.032907586677253327e-06
0.000000000000000000e+00,0.000000000000000000e+00,0.000000000000000000e+00,0.000000000000000000e+00,0.000000000000000000e+00,0.000000000000000000e+00,0.000000000000000000e+00,0.000000000000000000e+00
0.000000000000000000e+00,0.000000000000000000e+00,0.000000000000000000e+00,0.000000000000000000e+00,0.000000000000000000e+00,0.000000000000000000e+00,0.000000000000000000e+00,0.000000000000000000e+00
0.000000000000000000e+00,0.000000000000000000e+00,0.000000000000000000e+00,0.000000000000000000e+00,0.000000000000000000e+00,0.000000000000000000e+00,0.000000000000000000e+00,0.000000000000000000e+00
0.000000000000000000e+00,0.000000000000000000e+00,0.000000000000000000e+00,0.000000000000000000e+00,0.000000000000000000e+00,0.000000000000000000e+00,0.000000000000000000e+00,0.000000000000000000e+00
0.000000000000000000e+00,0.000000000000000000e+00,0.000000000000000000e+00,0.000000000000000000e+00,0.000000000000000000e+00,0.000000000000000000e+00,0.000000000000000000e+00,0.000000000000000000e+00
0.000000000000000000e+00,-1.475582266680963664e-07,-2.951164533361927328e-07,-4.426746800042891257e-07,-5.902329066723855715e-07,-7.377911333404820173e-07,-8.853493600085784631e-07,-1.032907586676674803e-06
0.000000000000000000e+00,0.000000000000000000e+00,0.000000000000000000e+00,0.000000000000000000e+00,0.000000000000000000e+00,0.000000000000000000e+00,0.000000000000000000e+00,0.000000000000000000e+00
0.000000000000000000e+00,-6.535788945049645858e-07,-1.307157789009929172e-06,-1.960736683514893863e-06,-2.614315578019858767e-06,-3.267894472524823670e-06,-3.921473367029788574e-06,-4.575052261534753054e-06
0.000000000000000000e+00,-6.531133228670421782e-07,-1.306226645734084356e-06,-1.959339968601126746e-06,-2.612453291468169136e-06,-3.265566614335211526e-06,-3.918679937202253493e-06,-4.571793260069295459e-06
0.000000000000000000e+00,-8.390846235109940739e-07,-1.678169247021988148e-06,-2.517253870532982116e-06,-3.356338494043975872e-06,-4.195423117554969629e-06,-5.034507741065963385e-06,-5.873592364576957141e-06
0.000000000000000000e+00,-4.545005348006805829e-07,-9.090010696013611657e-07,-1.363501604402041696e-06,-1.818002139202722120e-06,-2.272502674003402544e-06,-2.727003208804082968e-06,-3.181503743604763392e-06
0.000000000000000000e+00,-6.533511137778686553e-07,-1.306702227555737311e-06,-1.960053341333605754e-06,-2.613404455111474198e-06,-3.266755568889342641e-06,-3.920106682667211508e-06,-4.573457796445080375e-06
0.000000000000000000e+00,-8.381754467550369663e-07,-1.676350893510073933e-06,-2.514526340265110793e-06,-3.352701787020147442e-06,-4.190877233775184091e-06,-5.029052680530220739e-06,-5.867228127285257388e-06
0.000000000000000000e+00,-6.535788945049606683e-07,-1.307157789009921337e-06,-1.960736683514882005e-06,-2.614315578019842673e-06,-3.267894472524803341e-06,-3.921473367029764010e-06,-4.575052261534724254e-06
0.000000000000000000e+00,-6.533511137778672788e-07,-1.306702227555734558e-06,-1.960053341333601942e-06,-2.613404455111469539e-06,-3.266755568889337135e-06,-3.920106682667204732e-06,-4.573457796445071905e-06
0.000000000000000000e+00,-8.390846235108268908e-07,-1.678169247021653782e-06,-2.517253870532480672e-06,-3.356338494043307563e-06,-4.195423117554134454e-06,-5.034507741064961345e-06,-5.873592364575788236e-06
0.000000000000000000e+00,-4.545005348005537926e-07,-9.090010696011075852e-07,-1.363501604401661378e-06,-1.818002139202215170e-06,-2.272502674002768963e-06,-2.727003208803322756e-06,-3.181503743603876548e-06
0.000000000000000000e+00,0.000000000000000000e+00,0.000000000000000000e+00,0.000000000000000000e+00,0.000000000000000000e+00,0.000000000000000000e+00,0.000000000000000000e+00,0.000000000000000000e+00
0.000000000000000000e+00,0.000000000000000000e+00,0.000000000000000000e+00,0.000000000000000000e+00,0.000000000000000000e+00,0.000000000000000000e+00,0.000000000000000000e+00,0.000000000000000000e+00
0.000000000000000000e+00,-3.910876385841985160e-07,-7.821752771683970321e-07,-1.173262915752595654e-06,-1.564350554336794276e-06,-1.955438192920992898e-06,-2.346525831505191308e-06,-2.737613470089389718e-06
0.000000000000000000e+00,0.000000000000000000e+00,0.000000000000000000e+00,0.000000000000000000e+00,0.000000000000000000e+00,0.000000000000000000e+00,0.000000000000000000e+00,0.000000000000000000e+00
0.000000000000000000e+00,0.000000000000000000e+00,0.000000000000000000e+00,0.000000000000000000e+00,0.000000000000000000e+00,0.000000000000000000e+00,0.000000000000000000e+00,0.000000000000000000e+00
0.000000000000000000e+00,-3.928270724913527193e-07,-7.856541449827054387e-07,-1.178481217474058264e-06,-1.571308289965411089e-06,-1.964135362456763914e-06,-2.356962434948116528e-06,-2.749789507439469141e-06
0.000000000000000000e+00,0.000000000000000000e+00,0.000000000000000000e+00,0.000000000000000000e+00,0.000000000000000000e+00,0.000000000000000000e+00,0.000000000000000000e+00,0.000000000000000000e+00
0.000000000000000000e+00,0.000000000000000000e+00,0.000000000000000000e+00,0.000000000000000000e+00,0.000000000000000000e+00,0.000000000000000000e+00,0.000000000000000000e+00,0.000000000000000000e+00
0.000000000000000000e+00,0.000000000000000000e+00,0.000000000000000000e+00,0.000000000000000000e+00,0.000000000000000000e+00,0.000000000000000000e+00,0.000000000000000000e+00,0.000000000000000000e+00
0.000000000000000000e+00,-3.910876385843025423e-07,-7.821752771686050845e-07,-1.173262915752907574e-06,-1.564350554337209957e-06,-1.955438192921512129e-06,-2.346525831505814301e-06,-2.737613470090116472e-06
0.000000000000000000e+00,0.000000000000000000e+00,0.000000000000000000e+00,0.000000000000000000e+00,0.000000000000000000e+00,0.000000000000000000e+00,0.000000000000000000e+00,0.000000000000000000e+00
