2.616147555246215450e-01,9.999999999999997780e-02
3.212110666434662698e-01,9.999999999999997780e-02
3.212110666434662143e-01,1.571428571428572507e-01
2.616147555246215450e-01,1.571428571428572507e-01
2.616147555246215450e-01,9.999999999999997780e-02
3.212110666434662698e-01,9.999999999999997780e-02
2.616147555246215450e-01,1.571428571428572507e-01
2.914129110840439352e-01,9.999999999999997780e-02
3.212110666434662143e-01,1.285714285714285587e-01
2.914129110840438797e-01,1.571428571428572507e-01
2.616147555246215450e-01,1.285714285714285587e-01
2.616147555246215450e-01,9.999999999999997780e-02
3.212110666434662698e-01,9.999999999999997780e-02
2.616147555246215450e-01,1.571428571428572507e-01
2.914129110840439352e-01,9.999999999999997780e-02
2.616147555246215450e-01,1.285714285714285587e-01
2.616147555246215450e-01,9.999999999999997780e-02
3.212110666434662698e-01,9.999999999999997780e-02
3.212110666434662143e-01,1.571428571428572507e-01
2.616147555246215450e-01,1.571428571428572507e-01
2.616147555246215450e-01,9.999999999999997780e-02
3.212110666434662698e-01,9.999999999999997780e-02
2.616147555246215450e-01,1.571428571428572507e-01
2.914129110840439352e-01,9.999999999999997780e-02
3.212110666434662143e-01,1.285714285714285587e-01
2.914129110840438797e-01,1.571428571428572507e-01
2.616147555246215450e-01,1.285714285714285587e-01
3.212110666434661033e-01,2.142857142857143016e-01
2.616147555246215450e-01,2.142857142857143016e-01
2.616147555246215450e-01,2.142857142857143016e-01
3.212110666434661588e-01,1.857142857142858317e-01
2.914129110840438242e-01,2.142857142857143016e-01
2.616147555246215450e-01,1.857142857142858317e-01
2.616147555246215450e-01,2.142857142857143016e-01
2.616147555246215450e-01,1.857142857142858317e-01
3.212110666434661033e-01,2.142857142857143016e-01
2.616147555246215450e-01,2.142857142857143016e-01
2.616147555246215450e-01,2.142857142857143016e-01
3.212110666434661588e-01,1.857142857142858317e-01
2.914129110840438242e-01,2.142857142857143016e-01
2.616147555246215450e-01,1.857142857142858317e-01
3.808073777623108835e-01,9.999999999999997780e-02
3.808073777623107725e-01,1.571428571428572507e-01
3.808073777623108835e-01,9.999999999999997780e-02
3.510092222028885489e-01,9.999999999999997780e-02
3.808073777623108280e-01,1.285714285714285587e-01
3.510092222028884934e-01,1.571428571428572507e-01
3.808073777623108835e-01,9.999999999999997780e-02
3.510092222028885489e-01,9.999999999999997780e-02
3.808073777623108835e-01,9.999999999999997780e-02
3.808073777623107725e-01,1.571428571428572507e-01
3.808073777623108835e-01,9.999999999999997780e-02
3.510092222028885489e-01,9.999999999999997780e-02
3.808073777623108280e-01,1.285714285714285587e-01
3.510092222028884934e-01,1.571428571428572507e-01
3.808073777623107170e-01,2.142857142857143016e-01
3.808073777623107170e-01,1.857142857142858317e-01
3.510092222028883269e-01,2.142857142857143016e-01
3.808073777623107170e-01,2.142857142857143016e-01
3.808073777623107170e-01,1.857142857142858317e-01
3.510092222028883269e-01,2.142857142857143016e-01
4.404036888811554973e-01,9.999999999999997780e-02
4.404036888811553863e-01,1.571428571428572507e-01
4.404036888811554973e-01,9.999999999999997780e-02
4.106055333217331627e-01,9.999999999999997780e-02
4.404036888811553863e-01,1.285714285714285587e-01
4.106055333217330516e-01,1.571428571428572507e-01
4.404036888811554973e-01,9.999999999999997780e-02
4.106055333217331627e-01,9.999999999999997780e-02
4.404036888811554973e-01,9.999999999999997780e-02
4.404036888811553863e-01,1.571428571428572507e-01
4.404036888811554973e-01,9.999999999999997780e-02
4.106055333217331627e-01,9.999999999999997780e-02
4.404036888811553863e-01,1.285714285714285587e-01
4.106055333217330516e-01,1.571428571428572507e-01
4.404036888811552197e-01,2.142857142857143016e-01
4.404036888811553307e-01,1.857142857142858317e-01
4.106055333217329961e-01,2.142857142857143016e-01
4.404036888811552197e-01,2.142857142857143016e-01
4.404036888811553307e-01,1.857142857142858317e-01
4.106055333217329961e-01,2.142857142857143016e-01
5.000000000000000000e-01,9.999999999999997780e-02
5.000000000000000000e-01,1.571428571428572507e-01
5.000000000000000000e-01,9.999999999999997780e-02
4.702018444405777209e-01,9.999999999999997780e-02
5.000000000000000000e-01,1.285714285714285587e-01
4.702018444405777209e-01,1.571428571428572507e-01
5.000000000000000000e-01,9.999999999999997780e-02
4.702018444405777209e-01,9.999999999999997780e-02
5.000000000000000000e-01,9.999999999999997780e-02
5.000000000000000000e-01,1.571428571428572507e-01
5.000000000000000000e-01,9.999999999999997780e-02
4.702018444405777209e-01,9.999999999999997780e-02
5.000000000000000000e-01,1.285714285714285587e-01
4.702018444405777209e-01,1.571428571428572507e-01
5.000000000000000000e-01,2.142857142857143016e-01
5.000000000000000000e-01,1.857142857142857206e-01
4.702018444405777209e-01,2.142857142857143016e-01
5.000000000000000000e-01,2.142857142857143016e-01
5.000000000000000000e-01,1.857142857142857206e-01
4.702018444405777209e-01,2.142857142857143016e-01
5.595963111188447803e-01,9.999999999999997780e-02
5.595963111188445582e-01,1.571428571428572507e-01
5.595963111188447803e-01,9.999999999999997780e-02
5.297981555594223346e-01,9.999999999999997780e-02
5.595963111188445582e-01,1.285714285714285587e-01
5.297981555594223346e-01,1.571428571428572507e-01
5.595963111188447803e-01,9.999999999999997780e-02
5.297981555594223346e-01,9.999999999999997780e-02
5.595963111188447803e-01,9.999999999999997780e-02
5.595963111188445582e-01,1.571428571428572507e-01
5.595963111188447803e-01,9.999999999999997780e-02
5.297981555594223346e-01,9.999999999999997780e-02
5.595963111188447803e-01,1.285714285714285587e-01
5.297981555594223346e-01,1.571428571428572507e-01
5.595963111188445582e-01,2.142857142857143016e-01
5.595963111188445582e-01,1.857142857142858317e-01
5.297981555594223346e-01,2.142857142857143016e-01
5.595963111188445582e-01,2.142857142857143016e-01
5.595963111188445582e-01,1.857142857142858317e-01
5.297981555594223346e-01,2.142857142857143016e-01
6.191926222376893385e-01,9.999999999999997780e-02
6.191926222376892275e-01,1.571428571428572507e-01
6.191926222376893385e-01,9.999999999999997780e-02
5.893944666782671149e-01,9.999999999999997780e-02
6.191926222376892275e-01,1.285714285714285587e-01
5.893944666782670039e-01,1.571428571428572507e-01
6.191926222376893385e-01,9.999999999999997780e-02
5.893944666782671149e-01,9.999999999999997780e-02
6.191926222376893385e-01,9.999999999999997780e-02
6.191926222376892275e-01,1.571428571428572507e-01
6.191926222376893385e-01,9.999999999999997780e-02
5.893944666782671149e-01,9.999999999999997780e-02
6.191926222376892275e-01,1.285714285714285587e-01
5.893944666782670039e-01,1.571428571428572507e-01
6.191926222376892275e-01,2.142857142857143016e-01
6.191926222376892275e-01,1.857142857142858317e-01
5.893944666782666708e-01,2.142857142857143016e-01
6.191926222376892275e-01,2.142857142857143016e-01
6.191926222376892275e-01,1.857142857142858317e-01
5.893944666782666708e-01,2.142857142857143016e-01
6.787889333565338967e-01,9.999999999999997780e-02
6.787889333565337857e-01,1.571428571428572507e-01
6.787889333565338967e-01,9.999999999999997780e-02
6.489907777971115621e-01,9.999999999999997780e-02
6.787889333565337857e-01,1.285714285714285587e-01
6.489907777971115621e-01,1.571428571428572507e-01
6.787889333565338967e-01,9.999999999999997780e-02
6.489907777971115621e-01,9.999999999999997780e-02
6.787889333565338967e-01,9.999999999999997780e-02
6.787889333565337857e-01,1.571428571428572507e-01
6.787889333565338967e-01,9.999999999999997780e-02
6.489907777971115621e-01,9.999999999999997780e-02
6.787889333565338967e-01,1.285714285714285587e-01
6.489907777971115621e-01,1.571428571428572507e-01
6.787889333565337857e-01,2.142857142857143016e-01
6.787889333565337857e-01,1.857142857142858317e-01
6.489907777971115621e-01,2.142857142857143016e-01
6.787889333565337857e-01,2.142857142857143016e-01
6.787889333565337857e-01,1.857142857142858317e-01
6.489907777971115621e-01,2.142857142857143016e-01
7.383852444753784550e-01,9.999999999999997780e-02
7.383852444753784550e-01,1.571428571428572507e-01
7.383852444753784550e-01,9.999999999999997780e-02
7.383852444753784550e-01,1.571428571428572507e-01
7.085870889159561203e-01,9.999999999999997780e-02
7.383852444753784550e-01,1.285714285714285587e-01
7.085870889159561203e-01,1.571428571428572507e-01
7.383852444753784550e-01,9.999999999999997780e-02
7.383852444753784550e-01,1.571428571428572507e-01
7.085870889159561203e-01,9.999999999999997780e-02
7.383852444753784550e-01,1.285714285714285587e-01
7.383852444753784550e-01,9.999999999999997780e-02
7.383852444753784550e-01,1.571428571428572507e-01
7.383852444753784550e-01,9.999999999999997780e-02
7.383852444753784550e-01,1.571428571428572507e-01
7.085870889159561203e-01,9.999999999999997780e-02
7.383852444753784550e-01,1.285714285714285587e-01
7.085870889159561203e-01,1.571428571428572507e-01
7.383852444753784550e-01,2.142857142857143016e-01
7.383852444753784550e-01,2.142857142857143016e-01
7.383852444753784550e-01,1.857142857142857206e-01
7.085870889159561203e-01,2.142857142857143016e-01
7.383852444753784550e-01,2.142857142857143016e-01
7.383852444753784550e-01,1.857142857142858317e-01
7.383852444753784550e-01,2.142857142857143016e-01
7.383852444753784550e-01,2.142857142857143016e-01
7.383852444753784550e-01,1.857142857142857206e-01
7.085870889159561203e-01,2.142857142857143016e-01
4.306431157494889361e-01,4.825803262011070238e-01
4.415488152883058071e-01,4.860649769988477642e-01
4.404036888811553863e-01,4.999999999999942268e-01
4.295673947936801684e-01,5.000000000000000000e-01
4.415488152883058071e-01,4.860649769988477642e-01
4.404036888811553863e-01,4.999999999999942268e-01
4.360959655188973438e-01,4.843226515999773385e-01
4.406906614085214779e-01,4.929987756907454610e-01
4.349855418374177218e-01,5.000000000000000000e-01
4.301052552715845523e-01,4.912901631005535119e-01
4.415488152883058071e-01,4.860649769988477642e-01
4.404036888811553863e-01,4.999999999999942268e-01
4.406906614085216445e-01,4.929987756907427965e-01
4.306431157494889361e-01,4.825803262011070238e-01
4.415488152883058071e-01,4.860649769988477642e-01
4.404036888811553863e-01,4.999999999999942268e-01
4.295673947936801684e-01,5.000000000000000000e-01
4.415488152883058071e-01,4.860649769988477642e-01
4.404036888811553863e-01,4.999999999999942268e-01
4.360959655188973438e-01,4.843226515999773385e-01
4.406906614085214779e-01,4.929987756907454610e-01
4.349855418374177218e-01,5.000000000000000000e-01
4.301052552715845523e-01,4.912901631005535119e-01
4.175562763628076768e-01,4.783987452625945158e-01
4.165638419483377874e-01,5.000000000000000000e-01
4.240996960561482787e-01,4.804895357318507143e-01
4.230656183710088669e-01,5.000000000000000000e-01
4.170600591555727044e-01,4.891993726312972024e-01
4.175562763628076768e-01,4.783987452625945158e-01
4.165638419483377874e-01,5.000000000000000000e-01
4.240996960561482787e-01,4.804895357318507143e-01
4.230656183710088669e-01,5.000000000000000000e-01
4.170600591555727044e-01,4.891993726312972024e-01
4.018520691219192864e-01,4.733808481433343651e-01
4.009595785570411186e-01,5.000000000000000000e-01
4.097041727423634816e-01,4.758897967029646070e-01
4.087617102526894808e-01,5.000000000000000000e-01
4.014058238394802025e-01,4.866904240716672936e-01
4.018520691219192864e-01,4.733808481433343651e-01
4.009595785570411186e-01,5.000000000000000000e-01
4.097041727423634816e-01,4.758897967029643850e-01
4.087617102526894808e-01,5.000000000000000000e-01
4.014058238394802025e-01,4.866904240716672936e-01
3.830070205581072584e-01,4.673593716397219655e-01
3.822344626121009781e-01,5.000000000000000000e-01
3.924295448400133002e-01,4.703701098915281653e-01
3.915970205845710206e-01,5.000000000000000000e-01
3.826207415851040627e-01,4.836796858198609828e-01
3.830070205581072584e-01,4.673593716397219655e-01
3.822344626121009781e-01,5.000000000000000000e-01
3.924295448400133002e-01,4.703701098915281653e-01
3.915970205845710206e-01,5.000000000000000000e-01
3.826207415851040627e-01,4.836796858198609828e-01
3.603929622953386813e-01,4.601335998391713478e-01
3.597643234920813726e-01,5.000000000000000000e-01
3.716999914267229976e-01,4.637464857394465456e-01
3.709993930520911753e-01,5.000000000000000000e-01
3.600786428937099992e-01,4.800667999195855629e-01
3.603929622953386813e-01,4.601335998391713478e-01
3.597643234920813726e-01,5.000000000000000000e-01
3.716999914267229976e-01,4.637464857394465456e-01
3.709993930520911753e-01,5.000000000000000000e-01
3.600786428937100547e-01,4.800667999195855629e-01
3.332560924160836713e-01,4.514626736892827230e-01
3.328001565841243736e-01,5.000000000000000000e-01
3.468245273557111208e-01,4.557981367642269799e-01
3.462822400381028731e-01,5.000000000000000000e-01
3.330281245001039947e-01,4.757313368446414170e-01
3.332560924160836713e-01,4.514626736892827230e-01
3.328001565841243736e-01,5.000000000000000000e-01
3.468245273557111208e-01,4.557981367642269799e-01
3.462822400381028731e-01,5.000000000000000000e-01
3.330281245001039947e-01,4.757313368446414170e-01
3.006918484385095458e-01,4.410575622693816422e-01
3.004431561731619182e-01,5.000000000000000000e-01
3.169739704272965808e-01,4.462601179793322936e-01
3.166216563786430904e-01,5.000000000000000000e-01
3.005675023058357320e-01,4.705287811346908766e-01
3.006918484385095458e-01,4.410575622693816422e-01
3.004431561731619182e-01,5.000000000000000000e-01
3.169739704272965808e-01,4.462601179793322936e-01
3.166216563786430904e-01,5.000000000000000000e-01
3.005675023058357320e-01,4.705287811346908766e-01
2.616147555246215450e-01,4.285714285714286031e-01
2.616147555246215450e-01,5.000000000000000000e-01
2.616147555246215450e-01,4.285714285714286031e-01
2.616147555246215450e-01,5.000000000000000000e-01
2.811533019815655732e-01,4.348144954204050672e-01
2.810289558488917594e-01,5.000000000000000000e-01
2.616147555246215450e-01,4.642857142857143016e-01
2.616147555246215450e-01,4.285714285714286031e-01
2.616147555246215450e-01,5.000000000000000000e-01
2.616147555246215450e-01,4.642857142857143016e-01
2.616147555246215450e-01,4.285714285714286031e-01
2.616147555246215450e-01,5.000000000000000000e-01
2.616147555246215450e-01,4.285714285714286031e-01
2.616147555246215450e-01,5.000000000000000000e-01
2.811533019815655732e-01,4.348144954204050672e-01
2.810289558488917594e-01,5.000000000000000000e-01
2.616147555246215450e-01,4.642857142857143016e-01
4.338289392648910781e-01,4.656637102589153976e-01
4.449401879441248209e-01,4.726654691167786471e-01
4.449401879441248209e-01,4.726654691167786471e-01
4.393845636045080050e-01,4.691645896878471333e-01
4.429698860295317453e-01,4.792653801961094251e-01
4.322360275071899793e-01,4.741220182300110997e-01
4.449401879441248209e-01,4.726654691167786471e-01
4.429698860295317453e-01,4.792653801961094251e-01
4.338289392648910781e-01,4.656637102589153976e-01
4.449401879441248209e-01,4.726654691167786471e-01
4.449401879441248209e-01,4.726654691167786471e-01
4.393845636045080050e-01,4.691645896878471333e-01
4.429698860295317453e-01,4.792653801961094251e-01
4.322360275071899793e-01,4.741220182300110997e-01
4.204954409107196089e-01,4.572615996672082517e-01
4.271621900878053713e-01,4.614626549630616026e-01
4.190258586367636706e-01,4.678301724649012172e-01
4.204954409107196089e-01,4.572615996672082517e-01
4.271621900878053713e-01,4.614626549630616026e-01
4.190258586367636706e-01,4.678301724649012172e-01
4.044952429091352442e-01,4.471790669711357413e-01
4.124953419099274265e-01,4.522203333191719965e-01
4.031736560155272930e-01,4.602799575572351642e-01
4.044952429091352442e-01,4.471790669711357413e-01
4.124953419099274265e-01,4.522203333191719965e-01
4.031736560155272930e-01,4.602799575572351642e-01
3.852950054346767073e-01,4.350800278152173739e-01
3.948951241719059757e-01,4.411295473931764466e-01
3.841510129963919273e-01,4.512196997274696697e-01
3.852950054346767073e-01,4.350800278152173739e-01
3.948951241719059757e-01,4.411295473931764466e-01
3.841510129963919273e-01,4.512196997274696697e-01
3.622547204791859432e-01,4.205611808357213599e-01
3.737748629569313530e-01,4.278206043254692004e-01
3.613238413872623123e-01,4.403473903374462983e-01
3.622547204791859432e-01,4.205611808357213599e-01
3.737748629569313530e-01,4.278206043254692004e-01
3.613238413872623123e-01,4.403473903374462983e-01
3.346063785690961967e-01,4.031385644819730496e-01
3.484305495241410422e-01,4.118498726588470937e-01
3.339312354925899062e-01,4.273006190856278863e-01
3.346063785690961967e-01,4.031385644819730496e-01
3.484305495241410422e-01,4.118498726588470937e-01
3.339312354925899062e-01,4.273006190856278863e-01
3.014283681519147606e-01,3.822314247770360884e-01
3.180173733605054509e-01,3.926849946295044580e-01
3.010601082952121810e-01,4.116444935232088653e-01
3.014283681519147606e-01,3.822314247770360884e-01
3.180173733605054509e-01,3.926849946295044580e-01
3.010601082952121810e-01,4.116444935232088653e-01
2.616147555246215450e-01,3.571428571428570953e-01
2.616147555246215450e-01,3.571428571428570953e-01
2.815215618382681528e-01,3.696871409599464808e-01
2.616147555246215450e-01,3.928571428571427937e-01
2.616147555246215450e-01,3.571428571428570953e-01
2.616147555246215450e-01,3.928571428571427937e-01
2.616147555246215450e-01,3.571428571428570953e-01
2.616147555246215450e-01,3.571428571428570953e-01
2.815215618382681528e-01,3.696871409599464808e-01
2.616147555246215450e-01,3.928571428571427937e-01
4.390024359288000055e-01,4.497338777988116876e-01
4.504474782993528881e-01,4.603164119271705434e-01
4.504474782993528881e-01,4.603164119271705434e-01
4.447249571140763913e-01,4.550251448629910600e-01
4.474407459475709392e-01,4.663288045124280856e-01
4.364156875968455140e-01,4.576987940288634871e-01
4.504474782993528881e-01,4.603164119271705434e-01
4.474407459475709392e-01,4.663288045124280856e-01
4.390024359288000055e-01,4.497338777988116876e-01
4.504474782993528881e-01,4.603164119271705434e-01
4.504474782993528881e-01,4.603164119271705434e-01
4.447249571140763913e-01,4.550251448629910600e-01
4.474407459475709392e-01,4.663288045124280856e-01
4.364156875968455140e-01,4.576987940288634871e-01
4.252683851467508602e-01,4.370348369018079993e-01
4.321354105377754329e-01,4.433843573503097879e-01
4.228819130287352346e-01,4.471482182845080144e-01
4.252683851467508602e-01,4.370348369018079993e-01
4.321354105377754329e-01,4.433843573503097879e-01
4.228819130287352346e-01,4.471482182845080144e-01
4.087875242322674962e-01,4.217959878465304957e-01
4.170279546895092060e-01,4.294154123741691365e-01
4.066413835707013424e-01,4.344875274088331185e-01
4.087875242322674962e-01,4.217959878465304957e-01
4.170279546895092060e-01,4.294154123741691365e-01
4.066413835707013424e-01,4.344875274088331185e-01
3.890104912659790859e-01,4.035093691001602201e-01
3.988990077491232911e-01,4.126526784733453024e-01
3.871527483503279243e-01,4.192946984576886305e-01
3.890104912659790859e-01,4.035093691001602201e-01
3.988990077491232911e-01,4.126526784733453024e-01
3.871527483503278688e-01,4.192946984576886305e-01
3.652780517204935462e-01,3.815654266160166674e-01
3.771442714932363161e-01,3.925373978580884993e-01
3.637663860998396892e-01,4.010633037258689582e-01
3.652780517204935462e-01,3.815654266160166674e-01
3.771442714932363161e-01,3.925373978580884993e-01
3.637663860998396892e-01,4.010633037258689582e-01
3.367991243032479320e-01,3.552326956677679393e-01
3.510385880118707669e-01,3.683990611418922478e-01
3.357027514361720644e-01,3.791856300748703834e-01
3.367991243032479320e-01,3.552326956677679393e-01
3.510385880118707114e-01,3.683990611418922478e-01
3.357027514361720644e-01,3.791856300748703834e-01
3.026244112734120528e-01,3.236334184083002885e-01
3.197117677883300479e-01,3.394330570380340584e-01
3.020263897126633790e-01,3.529324215926683550e-01
3.026244112734120528e-01,3.236334184083002885e-01
3.197117677883299924e-01,3.394330570380340584e-01
3.020263897126633790e-01,3.529324215926683550e-01
2.616147555246215450e-01,2.857142857142855874e-01
2.616147555246215450e-01,2.857142857142855874e-01
2.821195833990167712e-01,3.046738520612929380e-01
2.616147555246215450e-01,3.214285714285713969e-01
2.616147555246215450e-01,2.857142857142855874e-01
2.616147555246215450e-01,3.214285714285713969e-01
2.616147555246215450e-01,2.857142857142855874e-01
2.616147555246215450e-01,2.857142857142855874e-01
2.821195833990167712e-01,3.046738520612929380e-01
2.616147555246215450e-01,3.214285714285713969e-01
4.459647911657315111e-01,4.352366329103605214e-01
4.578590442741624633e-01,4.494923727723885154e-01
4.578590442741624633e-01,4.494923727723885154e-01
4.519119177199469872e-01,4.423645028413746294e-01
4.539314285232758373e-01,4.546861939883101167e-01
4.424836135472657306e-01,4.424852553545860490e-01
4.578590442741624633e-01,4.494923727723885154e-01
4.539314285232758373e-01,4.546861939883101167e-01
4.459647911657315111e-01,4.352366329103605214e-01
4.578590442741624633e-01,4.494923727723885154e-01
4.578590442741624633e-01,4.494923727723885154e-01
4.519119177199469872e-01,4.423645028413746294e-01
4.539314285232758373e-01,4.546861939883101167e-01
4.424836135472657306e-01,4.424852553545860490e-01
4.316916875005601395e-01,4.181297451527526965e-01
4.388282393331458531e-01,4.266831890315564424e-01
4.284800363236554999e-01,4.275822910272801813e-01
4.316916875005601395e-01,4.181297451527526965e-01
4.388282393331458531e-01,4.266831890315564424e-01
4.284800363236554999e-01,4.275822910272801813e-01
4.145639631271195169e-01,3.976014798720900467e-01
4.231278253138398560e-01,4.078656125124212606e-01
4.116757436796935066e-01,4.096987338593101047e-01
4.145639631271195169e-01,3.976014798720900467e-01
4.231278253138398560e-01,4.078656125124212606e-01
4.116757436796935066e-01,4.096987338593101047e-01
3.940106940150457926e-01,3.729675616969038154e-01
4.042873285710826825e-01,3.852845207844969311e-01
3.915105926405124670e-01,3.882384653985320178e-01
3.940106940150457926e-01,3.729675616969038154e-01
4.042873285710826825e-01,3.852845207844969311e-01
3.915105926405124670e-01,3.882384653985320178e-01
3.693467710949513427e-01,3.434068599021825596e-01
3.816787325549985121e-01,3.581872107995432986e-01
3.673124114077224167e-01,3.624861432590995580e-01
3.693467710949513427e-01,3.434068599021825596e-01
3.816787325549985121e-01,3.581872107995432986e-01
3.673124114077224167e-01,3.624861432590995580e-01
3.397500636293785403e-01,3.079340177926095379e-01
3.545484173621649693e-01,3.256704388473961043e-01
3.382745939663132639e-01,3.315833567301886831e-01
3.397500636293785403e-01,3.079340177926095379e-01
3.545484173621649693e-01,3.256704388473961043e-01
3.382745939663132639e-01,3.315833567301886831e-01
3.042340145361668857e-01,2.653666070973691449e-01
3.219920390827726853e-01,2.866503124449893969e-01
3.034292129047894138e-01,2.945000127528346612e-01
3.042340145361668857e-01,2.653666070973691449e-01
3.219920390827726853e-01,2.866503124449892859e-01
3.034292129047894138e-01,2.945000127528346612e-01
2.829243850303941876e-01,2.398261606915417232e-01
2.616147555246215450e-01,2.500000000000000000e-01
2.616147555246215450e-01,2.500000000000000000e-01
2.829243850303941876e-01,2.398261606915417232e-01
2.616147555246215450e-01,2.500000000000000000e-01
4.580605435990104390e-01,4.268919706470205577e-01
4.668900635445958902e-01,4.406093134069601902e-01
4.668900635445958902e-01,4.406093134069601902e-01
4.624753035718032201e-01,4.337506420269904295e-01
4.621925004652787661e-01,4.447849676169464139e-01
4.520126673823710584e-01,4.310643017786904840e-01
4.668900635445958902e-01,4.406093134069601902e-01
4.621925004652787661e-01,4.447849676169464139e-01
4.580605435990104390e-01,4.268919706470205577e-01
4.668900635445958902e-01,4.406093134069601902e-01
4.668900635445958902e-01,4.406093134069601902e-01
4.624753035718032201e-01,4.337506420269904295e-01
4.621925004652787661e-01,4.447849676169464139e-01
4.520126673823710584e-01,4.310643017786904840e-01
4.474651197125234514e-01,4.104311594088717596e-01
4.527628316557669730e-01,4.186615650279462697e-01
4.395784036065418787e-01,4.142804522808124501e-01
4.474651197125234514e-01,4.104311594088717596e-01
4.527628316557669730e-01,4.186615650279462697e-01
4.395784036065418787e-01,4.142804522808124501e-01
4.347506110671268131e-01,3.906781859503100085e-01
4.411078653898251600e-01,4.005546726795908841e-01
4.246572870971231373e-01,3.941398329111999166e-01
4.347506110671268131e-01,3.906781859503100085e-01
4.411078653898251600e-01,4.005546726795908841e-01
4.246572870971231373e-01,3.941398329111999166e-01
4.194932007936538754e-01,3.669746179553315946e-01
4.271219059303903998e-01,3.788264019528208015e-01
4.067519474043498340e-01,3.699710898261177050e-01
4.194932007936538754e-01,3.669746179553315946e-01
4.271219059303903998e-01,3.788264019528208015e-01
4.067519474043498340e-01,3.699710898261177050e-01
4.011843084761771983e-01,3.385303363760223672e-01
4.103387546349155368e-01,3.527524771656769254e-01
3.852655397855642705e-01,3.409685981391024079e-01
4.011843084761771983e-01,3.385303363760223672e-01
4.103387546349155368e-01,3.527524771656769254e-01
3.852655397855642705e-01,3.409685981391024079e-01
3.792136377238218836e-01,3.043971985229763089e-01
3.901989730999995132e-01,3.214637674494993380e-01
3.594818506766002120e-01,3.061656081577929234e-01
3.792136377238218836e-01,3.043971985229763089e-01
3.901989730999995132e-01,3.214637674494993380e-01
3.594818506766002120e-01,3.061656081577929234e-01
3.528488327211414255e-01,2.634374329413903260e-01
3.660312352224816546e-01,2.839173157321832619e-01
3.285414236286541834e-01,2.644020200193797354e-01
3.528488327211414255e-01,2.634374329413903260e-01
3.660312352224816546e-01,2.839173157321832619e-01
3.285414236286541834e-01,2.644020200193797354e-01
3.370299496823037644e-01,2.388615736135523138e-01
3.370299496823037644e-01,2.388615736135523138e-01
4.713515731170420664e-01,4.206913271989384251e-01
4.771934791047441893e-01,4.340086048206217573e-01
4.771934791047441893e-01,4.340086048206217573e-01
4.742725261108932111e-01,4.273499660097800357e-01
4.719064934117110921e-01,4.370056239751167748e-01
4.647060583580262527e-01,4.237916489229796024e-01
4.771934791047441893e-01,4.340086048206217573e-01
4.719064934117110921e-01,4.370056239751167748e-01
4.713515731170420664e-01,4.206913271989384251e-01
4.771934791047441893e-01,4.340086048206217573e-01
4.771934791047441893e-01,4.340086048206217573e-01
4.742725261108932111e-01,4.273499660097800357e-01
4.719064934117110921e-01,4.370056239751167748e-01
4.647060583580262527e-01,4.237916489229796024e-01
4.643412859637027212e-01,4.047105941244009131e-01
4.678464295403723106e-01,4.127009606616697246e-01
4.559032028381131973e-01,4.075708767666362808e-01
4.643412859637027212e-01,4.047105941244009131e-01
4.678464295403723106e-01,4.127009606616697246e-01
4.559032028381131973e-01,4.075708767666362808e-01
4.559289413918635181e-01,3.855337144612044353e-01
4.601351136777830919e-01,3.951221542928025077e-01
4.453397762294951101e-01,3.881059502057569999e-01
4.559289413918635181e-01,3.855337144612044353e-01
4.601351136777830919e-01,3.951221542928025077e-01
4.453397762294951101e-01,3.881059502057572219e-01
4.458341279724856721e-01,3.625214590159263617e-01
4.508815346821745673e-01,3.740275867385655095e-01
4.326636643830697460e-01,3.647480384856289781e-01
4.458341279724856721e-01,3.625214590159263617e-01
4.508815346821745673e-01,3.740275867385655095e-01
4.326636643830697460e-01,3.647480384856289781e-01
4.337203518763083077e-01,3.349067524955794406e-01
4.397772399243969899e-01,3.487141057557529011e-01
4.174523301762427807e-01,3.367185444358009594e-01
4.337203518763083077e-01,3.349067524955794406e-01
4.397772399243969899e-01,3.487141057557529011e-01
4.174523301762427807e-01,3.367185444358009594e-01
4.191838205798327222e-01,3.017691047117585512e-01
4.264520862280705149e-01,3.183379286036689404e-01
3.991987291518273029e-01,3.030831516173675411e-01
4.191838205798327222e-01,3.017691047117585512e-01
4.264520862280705149e-01,3.183379286036689404e-01
3.991987291518273029e-01,3.030831516173675411e-01
4.017399829579992310e-01,2.620039272174879974e-01
4.104619017689159488e-01,2.818865159646233298e-01
3.772944078395702450e-01,2.627206800794391617e-01
4.017399829579992310e-01,2.620039272174879974e-01
4.104619017689159488e-01,2.818865159646233298e-01
3.772944078395702450e-01,2.627206800794391617e-01
3.912736803601549185e-01,2.381448207516012605e-01
3.912736803601549185e-01,2.381448207516012605e-01
4.854659238107496555e-01,4.168729898164388326e-01
4.883733364728529702e-01,4.299439085426260965e-01
4.883733364728529702e-01,4.299439085426260965e-01
4.869196301418012296e-01,4.234084491795325755e-01
4.827001040613112526e-01,4.316471188762701638e-01
4.784087484638958054e-01,4.187821585076887398e-01
4.883733364728529702e-01,4.299439085426260965e-01
4.827001040613112526e-01,4.316471188762701638e-01
4.854659238107496555e-01,4.168729898164388326e-01
4.883733364728529702e-01,4.299439085426260965e-01
4.883733364728529702e-01,4.299439085426260965e-01
4.869196301418012296e-01,4.234084491795325755e-01
4.827001040613112526e-01,4.316471188762701638e-01
4.784087484638958054e-01,4.187821585076887398e-01
4.819770286321052311e-01,4.011878874150335283e-01
4.837214762214273600e-01,4.090304386157361805e-01
4.731591572979040872e-01,4.029492407697172762e-01
4.819770286321052311e-01,4.011878874150335283e-01
4.837214762214273600e-01,4.090304386157361805e-01
4.731591572979040872e-01,4.029492407697172762e-01
4.777903544237881439e-01,3.823657645589415566e-01
4.798836915279466875e-01,3.917768259869877090e-01
4.668596479078257477e-01,3.839497395100729404e-01
4.777903544237881439e-01,3.823657645589415566e-01
4.798836915279466875e-01,3.917768259869877090e-01
4.668596479078257477e-01,3.839497395100729404e-01
4.727663454070681892e-01,3.597792172792011467e-01
4.752783499154281666e-01,3.710724909190713516e-01
4.593002366897767641e-01,3.611503381475639207e-01
4.727663454070681892e-01,3.597792172792011467e-01
4.752783499154281666e-01,3.710724909190713516e-01
4.593002366897767641e-01,3.611503381475639207e-01
4.667375345905267481e-01,3.326753605569976457e-01
4.697519399987974409e-01,3.462272889180993962e-01
4.502289432334175556e-01,3.337910565262884877e-01
4.667375345905267481e-01,3.326753605569976457e-01
4.697519399987974409e-01,3.462272889180993962e-01
4.502289432334175556e-01,3.337910565262884877e-01
4.595029616201024569e-01,3.001507325299064277e-01
4.631202481053146025e-01,3.164130465434519257e-01
4.393433910999676173e-01,3.009599186208326005e-01
4.595029616201024569e-01,3.001507325299064277e-01
4.631202481053146025e-01,3.164130465434519257e-01
4.393433910999677283e-01,3.009599186208326005e-01
4.508214740227165507e-01,2.611211787462043299e-01
4.551622178214094760e-01,2.806359556380553233e-01
4.262807284903578631e-01,2.615625529818461636e-01
4.508214740227165507e-01,2.611211787462043299e-01
4.551622178214094760e-01,2.806359556380553233e-01
4.262807284903578631e-01,2.615625529818461636e-01
4.456125814519358852e-01,2.377034465159593157e-01
4.456125814519358852e-01,2.377034465159593157e-01
5.000000000000000000e-01,4.155836950637585847e-01
5.000000000000021094e-01,4.285714285714286031e-01
5.000000000000021094e-01,4.285714285714286031e-01
5.000000000000000000e-01,4.220775618175935939e-01
4.941585400099420267e-01,4.289153766662714418e-01
4.927329619053748555e-01,4.162283424400987641e-01
5.000000000000021094e-01,4.285714285714286031e-01
4.941585400099420267e-01,4.289153766662714418e-01
5.000000000000000000e-01,4.155836950637585847e-01
5.000000000000021094e-01,4.285714285714286031e-01
5.000000000000021094e-01,4.285714285714286031e-01
5.000000000000000000e-01,4.220775618175935939e-01
4.941585400099420267e-01,4.289153766662714418e-01
4.927329619053748555e-01,4.162283424400987641e-01
5.000000000000000000e-01,3.999984149239959041e-01
5.000000000000000000e-01,4.077910549938772444e-01
4.909885143160526710e-01,4.005931511695146607e-01
5.000000000000000000e-01,3.999984149239959041e-01
5.000000000000000000e-01,4.077910549938772444e-01
4.909885143160526710e-01,4.005931511695146607e-01
5.000000000000000000e-01,3.812960787815535824e-01
5.000000000000000000e-01,3.906472468527748543e-01
4.888951772118941275e-01,3.818309216702475695e-01
5.000000000000000000e-01,3.812960787815535824e-01
5.000000000000000000e-01,3.906472468527748543e-01
4.888951772118941275e-01,3.818309216702475695e-01
5.000000000000000000e-01,3.588532755570634780e-01
5.000000000000000000e-01,3.700746771693085302e-01
4.863831727035342056e-01,3.593162464181323124e-01
5.000000000000000000e-01,3.588532755570634780e-01
5.000000000000000000e-01,3.700746771693085302e-01
4.863831727035342056e-01,3.593162464181323124e-01
5.000000000000000000e-01,3.319219117008457287e-01
5.000000000000000000e-01,3.453875936289545479e-01
4.833687672952634018e-01,3.322986361289215207e-01
5.000000000000000000e-01,3.319219117008457287e-01
5.000000000000000000e-01,3.453875936289545479e-01
4.833687672952634018e-01,3.322986361289215207e-01
5.000000000000000000e-01,2.996042751124115000e-01
5.000000000000000000e-01,3.157630934066285588e-01
4.797514808100513672e-01,2.998775038211588528e-01
5.000000000000000000e-01,2.996042751124115000e-01
5.000000000000000000e-01,3.157630934066285588e-01
4.797514808100513672e-01,2.998775038211588528e-01
5.000000000000000000e-01,2.608231110557309718e-01
5.000000000000000000e-01,2.802136930840712914e-01
4.754107370113583864e-01,2.609721449009677618e-01
5.000000000000000000e-01,2.608231110557309718e-01
5.000000000000000000e-01,2.802136930840712914e-01
4.754107370113583864e-01,2.609721449009677618e-01
5.000000000000000000e-01,2.375544126707226367e-01
5.000000000000000000e-01,2.375544126707226367e-01
5.145340761909134031e-01,4.168729898157744751e-01
5.116266635271506935e-01,4.299439085426267626e-01
5.116266635271506935e-01,4.299439085426267626e-01
5.130803698590319373e-01,4.234084491792006189e-01
5.058414599900619146e-01,4.289153766662718859e-01
5.072670380954568126e-01,4.162283424397665854e-01
5.116266635271506935e-01,4.299439085426267626e-01
5.058414599900619146e-01,4.289153766662718859e-01
5.145340761909134031e-01,4.168729898157744751e-01
5.116266635271506935e-01,4.299439085426267626e-01
5.116266635271506935e-01,4.299439085426267626e-01
5.130803698590319373e-01,4.234084491792006189e-01
5.058414599900619146e-01,4.289153766662718859e-01
5.072670380954568126e-01,4.162283424397665854e-01
5.180229713718840223e-01,4.011878874134374717e-01
5.162785237813987127e-01,4.090304386146059734e-01
5.090114856859419001e-01,4.005931511687167434e-01
5.180229713718840223e-01,4.011878874134374717e-01
5.162785237813987127e-01,4.090304386146059734e-01
5.090114856859419001e-01,4.005931511687167434e-01
5.222096455833908912e-01,3.823657645560678553e-01
5.201163084776374568e-01,3.917768259847527190e-01
5.111048227916954456e-01,3.818309216688107188e-01
5.222096455833908912e-01,3.823657645560678553e-01
5.201163084776374568e-01,3.917768259847527190e-01
5.111048227916954456e-01,3.818309216688107188e-01
5.272336546044174010e-01,3.597792172746029360e-01
5.247216500939041461e-01,3.710724909153355622e-01
5.136168273022087005e-01,3.593162464158331515e-01
5.272336546044174010e-01,3.597792172746029360e-01
5.247216500939041461e-01,3.710724909153355622e-01
5.136168273022087005e-01,3.593162464158331515e-01
5.332624654267008601e-01,3.326753605500999411e-01
5.302480600155592416e-01,3.462272889123515496e-01
5.166312327133504301e-01,3.322986361254726129e-01
5.332624654267008601e-01,3.326753605500999411e-01
5.302480600155592416e-01,3.462272889123515496e-01
5.166312327133504301e-01,3.322986361254726129e-01
5.404970384047044218e-01,3.001507325199733733e-01
5.368797519157025855e-01,3.164130465350365462e-01
5.202485192023520444e-01,2.998775038161922701e-01
5.404970384047044218e-01,3.001507325199733733e-01
5.368797519157025855e-01,3.164130465350366572e-01
5.202485192023520444e-01,2.998775038161922701e-01
5.491785260120125578e-01,2.611211787322976763e-01
5.448377822083584343e-01,2.806359556261354138e-01
5.245892630060063899e-01,2.609721448940144350e-01
5.491785260120125578e-01,2.611211787322976763e-01
5.448377822083584343e-01,2.806359556261354138e-01
5.245892630060063899e-01,2.609721448940144350e-01
5.543874185654287245e-01,2.377034465090059889e-01
5.543874185654287245e-01,2.377034465090059889e-01
5.286484268862928770e-01,4.206913271975456503e-01
5.228065208952586973e-01,4.340086048206230895e-01
5.228065208952586973e-01,4.340086048206230895e-01
5.257274738907756761e-01,4.273499660090842589e-01
5.172998959386919671e-01,4.316471188762714961e-01
5.215912515386031956e-01,4.187821585066601182e-01
5.228065208952586973e-01,4.340086048206230895e-01
5.172998959386919671e-01,4.316471188762714961e-01
5.286484268862928770e-01,4.206913271975456503e-01
5.228065208952586973e-01,4.340086048206230895e-01
5.228065208952586973e-01,4.340086048206230895e-01
5.257274738907756761e-01,4.273499660090842589e-01
5.172998959386919671e-01,4.316471188762714961e-01
5.215912515386031956e-01,4.187821585066601182e-01
5.356587140442992112e-01,4.047105941210557001e-01
5.321535704652958776e-01,4.127009606593008417e-01
5.268408427080915057e-01,4.029492407672465859e-01
5.356587140442992112e-01,4.047105941210557001e-01
5.321535704652958776e-01,4.127009606593008417e-01
5.268408427080915057e-01,4.029492407672465859e-01
5.440710586225387946e-01,3.855337144551821416e-01
5.398648863334190029e-01,3.951221542881189208e-01
5.331403521029648429e-01,3.839497395056251650e-01
5.440710586225387946e-01,3.855337144551821416e-01
5.398648863334190029e-01,3.951221542881189208e-01
5.331403521029648429e-01,3.839497395056251650e-01
5.541658720505572289e-01,3.625214590062899589e-01
5.491184653365478452e-01,3.740275867307359947e-01
5.406997633274873705e-01,3.611503381404463919e-01
5.541658720505572289e-01,3.625214590062899589e-01
5.491184653365478452e-01,3.740275867307359947e-01
5.406997633274873705e-01,3.611503381404463919e-01
5.662796481582551555e-01,3.349067524811241148e-01
5.602227601044060812e-01,3.487141057437069813e-01
5.497710567924779523e-01,3.337910565156121390e-01
5.662796481582551555e-01,3.349067524811241148e-01
5.602227601044060812e-01,3.487141057437069813e-01
5.497710567924779523e-01,3.337910565156121390e-01
5.808161794699383540e-01,3.017691046909425356e-01
5.735479138140967548e-01,3.183379285860333807e-01
5.606566089373213879e-01,3.009599186054578990e-01
5.808161794699383540e-01,3.017691046909425356e-01
5.735479138140967548e-01,3.183379285860333807e-01
5.606566089373213879e-01,3.009599186054578990e-01
5.982600171116796428e-01,2.620039271883449761e-01
5.895380982908089429e-01,2.818865159396438669e-01
5.737192715618462113e-01,2.615625529603213817e-01
5.982600171116796428e-01,2.620039271883449761e-01
5.895380982908089429e-01,2.818865159396438669e-01
5.737192715618462113e-01,2.615625529603213817e-01
6.087263196746844907e-01,2.381448207370295833e-01
6.087263196746844907e-01,2.381448207370295833e-01
5.419394564060168173e-01,4.268919706448390805e-01
5.331099364554063857e-01,4.406093134069619666e-01
5.331099364554063857e-01,4.406093134069619666e-01
5.375246964307115460e-01,4.337506420259005235e-01
5.280935065882915724e-01,4.370056239751183291e-01
5.352939416461548472e-01,4.237916489211924764e-01
5.331099364554063857e-01,4.406093134069619666e-01
5.280935065882915724e-01,4.370056239751183291e-01
5.419394564060168173e-01,4.268919706448390805e-01
5.331099364554063857e-01,4.406093134069619666e-01
5.331099364554063857e-01,4.406093134069619666e-01
5.375246964307115460e-01,4.337506420259005235e-01
5.280935065882915724e-01,4.370056239751183291e-01
5.352939416461548472e-01,4.237916489211924764e-01
5.525348802995407871e-01,4.104311594036335054e-01
5.472371683527785802e-01,4.186615650242363484e-01
5.440967971719199436e-01,4.075708767623446027e-01
5.525348802995407871e-01,4.104311594036335054e-01
5.472371683527785802e-01,4.186615650242363484e-01
5.440967971719199436e-01,4.075708767623446027e-01
5.652493889545878725e-01,3.906781859408799962e-01
5.588921346270643298e-01,4.005546726722569728e-01
5.546602237885632780e-01,3.881059501980310689e-01
5.652493889545878725e-01,3.906781859408799962e-01
5.588921346270643298e-01,4.005546726722569728e-01
5.546602237885632780e-01,3.881059501980310689e-01
5.805067992410892774e-01,3.669746179402426645e-01
5.728780940978386305e-01,3.788264019405613858e-01
5.673363356458231976e-01,3.647480384732662007e-01
5.805067992410892774e-01,3.669746179402426645e-01
5.728780940978386305e-01,3.788264019405613858e-01
5.673363356458231976e-01,3.647480384732662007e-01
5.988156915759369481e-01,3.385303363533883614e-01
5.896612454085129462e-01,3.527524771468155684e-01
5.825476698670960518e-01,3.367185444172562381e-01
5.988156915759369481e-01,3.385303363533883614e-01
5.896612454085129462e-01,3.527524771468155684e-01
5.825476698670960518e-01,3.367185444172562381e-01
6.207863623512220874e-01,3.043971984903824923e-01
6.098010269635795177e-01,3.214637674218854269e-01
6.008012709105801097e-01,3.030831515906624585e-01
6.207863623512220874e-01,3.043971984903824923e-01
6.098010269635795177e-01,3.214637674218854269e-01
6.008012709105801097e-01,3.030831515906624585e-01
6.471511673839198675e-01,2.634374328957582723e-01
6.339687648675711440e-01,2.839173156930704378e-01
6.227055922477997552e-01,2.627206800420516242e-01
6.471511673839198675e-01,2.634374328957582723e-01
6.339687648675709220e-01,2.839173156930704378e-01
6.227055922477997552e-01,2.627206800420516242e-01
6.629700503702267156e-01,2.388615735907363424e-01
6.629700503702267156e-01,2.388615735907363424e-01
5.540352088410180897e-01,4.352366329073361628e-01
5.421409557258389800e-01,4.494923727723904028e-01
5.421409557258389800e-01,4.494923727723904028e-01
5.480880822834285349e-01,4.423645028398632828e-01
5.378074995347230658e-01,4.447849676169483013e-01
5.479873326235175091e-01,4.310643017760874551e-01
5.421409557258389800e-01,4.494923727723904028e-01
5.378074995347230658e-01,4.447849676169483013e-01
5.540352088410180897e-01,4.352366329073361628e-01
5.421409557258389800e-01,4.494923727723904028e-01
5.421409557258389800e-01,4.494923727723904028e-01
5.480880822834285349e-01,4.423645028398632828e-01
5.378074995347230658e-01,4.447849676169483013e-01
5.479873326235175091e-01,4.310643017760874551e-01
5.683083125156384030e-01,4.181297451454918379e-01
5.611717606783283019e-01,4.266831890264140004e-01
5.604215964075894840e-01,4.142804522745627827e-01
5.683083125156384030e-01,4.181297451454918379e-01
5.611717606783283019e-01,4.266831890264140004e-01
5.604215964075894840e-01,4.142804522745627827e-01
5.854360369020377153e-01,3.976014798590191690e-01
5.768721747088380036e-01,4.078656125022555035e-01
5.753427129283127384e-01,3.941398328999494716e-01
5.854360369020377153e-01,3.976014798590191690e-01
5.768721747088380036e-01,4.078656125022555035e-01
5.753427129283127384e-01,3.941398328999494716e-01
6.059893060316052793e-01,3.729675616759895451e-01
5.957126714668214973e-01,3.852845207675041905e-01
5.932480526363472784e-01,3.699710898081159938e-01
6.059893060316052793e-01,3.729675616759895451e-01
5.957126714668214973e-01,3.852845207675041905e-01
5.932480526363472784e-01,3.699710898081159938e-01
6.306532289750251818e-01,3.434068598708102105e-01
6.183212675033150640e-01,3.581872107733997668e-01
6.147344602754809539e-01,3.409685981120991194e-01
6.306532289750251818e-01,3.434068598708102105e-01
6.183212675033150640e-01,3.581872107733997668e-01
6.147344602754809539e-01,3.409685981120991194e-01
6.602499364713874108e-01,3.079340177474327866e-01
6.454515827232062408e-01,3.256704388091214986e-01
6.405181494113048046e-01,3.061656081189075840e-01
6.602499364713874108e-01,3.079340177474327866e-01
6.454515827232064629e-01,3.256704388091214986e-01
6.405181494113048046e-01,3.061656081189075840e-01
6.957659856049055458e-01,2.653666070341209604e-01
6.780079610381465338e-01,2.866503123907767625e-01
6.714585764944127622e-01,2.644020199649395053e-01
6.957659856049055458e-01,2.653666070341209604e-01
6.780079610381465338e-01,2.866503123907767625e-01
6.714585764944127622e-01,2.644020199649395053e-01
7.170756150401420559e-01,2.398261606599175755e-01
7.170756150401420559e-01,2.398261606599175755e-01
5.609975640783022577e-01,4.497338777965862455e-01
5.495525217006481666e-01,4.603164119271720978e-01
5.495525217006481666e-01,4.603164119271720978e-01
5.552750428894750456e-01,4.550251448618792827e-01
5.460685714767252730e-01,4.546861939883120041e-01
5.575163864596602847e-01,4.424852553519610376e-01
5.495525217006481666e-01,4.603164119271720978e-01
5.460685714767252730e-01,4.546861939883120041e-01
5.609975640783022577e-01,4.497338777965862455e-01
5.495525217006481666e-01,4.603164119271720978e-01
5.495525217006481666e-01,4.603164119271720978e-01
5.552750428894750456e-01,4.550251448618792827e-01
5.460685714767252730e-01,4.546861939883120041e-01
5.575163864596602847e-01,4.424852553519610376e-01
5.747316148702944494e-01,4.370348368964649399e-01
5.678645894742984090e-01,4.433843573465257037e-01
5.715199636929664262e-01,4.275822910209782224e-01
5.747316148702944494e-01,4.370348368964649399e-01
5.678645894742984090e-01,4.433843573465257037e-01
5.715199636929664262e-01,4.275822910209782224e-01
5.912124757984140722e-01,4.217959878369116344e-01
5.829720453343543163e-01,4.294154123666882317e-01
5.883242563502257827e-01,4.096987338479655127e-01
5.912124757984140722e-01,4.217959878369116344e-01
5.829720453343543163e-01,4.294154123666882317e-01
5.883242563502257827e-01,4.096987338479655127e-01
6.109895087831114235e-01,4.035093690847691983e-01
6.011009922907626368e-01,4.126526784608404164e-01
6.084894074073583514e-01,3.882384653803792052e-01
6.109895087831114235e-01,4.035093690847691983e-01
6.011009922907626368e-01,4.126526784608404164e-01
6.084894074073583514e-01,3.882384653803792052e-01
6.347219483531419959e-01,3.815654265929292466e-01
6.228557285681265432e-01,3.925373978388493335e-01
6.326875886640836999e-01,3.624861432318698951e-01
6.347219483531419959e-01,3.815654265929292466e-01
6.228557285681265432e-01,3.925373978388493335e-01
6.326875886640836999e-01,3.624861432318698951e-01
6.632008758027873041e-01,3.552326956345216447e-01
6.489614120779647610e-01,3.683990611137255566e-01
6.617254061370873019e-01,3.315833566909771601e-01
6.632008758027873041e-01,3.552326956345216447e-01
6.489614120779647610e-01,3.683990611137255566e-01
6.617254061370873019e-01,3.315833566909771601e-01
6.973755888750374776e-01,3.236334183617548543e-01
6.802882323389124464e-01,3.394330569981380830e-01
6.965707872399715672e-01,2.945000126979377963e-01
6.973755888750374776e-01,3.236334183617548543e-01
6.802882323389124464e-01,3.394330569981383050e-01
6.965707872399715672e-01,2.945000126979377963e-01
7.383852444753784550e-01,2.857142857142858094e-01
7.383852444753784550e-01,2.857142857142858094e-01
7.178804166752079663e-01,3.046738520380203319e-01
7.383852444753784550e-01,2.500000000000001110e-01
7.383852444753784550e-01,2.857142857142858094e-01
7.383852444753784550e-01,2.500000000000001110e-01
7.383852444753784550e-01,2.857142857142858094e-01
7.383852444753784550e-01,2.857142857142858094e-01
7.178804166752079663e-01,3.046738520380203319e-01
7.383852444753784550e-01,2.500000000000001110e-01
5.661710607426089226e-01,4.656637102574527898e-01
5.550598120558755122e-01,4.726654691167798683e-01
5.550598120558755122e-01,4.726654691167798683e-01
5.606154363992422729e-01,4.691645896871162735e-01
5.525592540524296714e-01,4.663288045124295289e-01
5.635843124104555901e-01,4.576987940270194066e-01
5.550598120558755122e-01,4.726654691167798683e-01
5.525592540524296714e-01,4.663288045124295289e-01
5.661710607426089226e-01,4.656637102574527898e-01
5.550598120558755122e-01,4.726654691167798683e-01
5.550598120558755122e-01,4.726654691167798683e-01
5.606154363992422729e-01,4.691645896871162735e-01
5.525592540524296714e-01,4.663288045124295289e-01
5.635843124104555901e-01,4.576987940270196287e-01
5.795045591072806035e-01,4.572615996636961722e-01
5.728378099249448185e-01,4.614626549605743699e-01
5.771180869887875264e-01,4.471482182800803340e-01
5.795045591072806035e-01,4.572615996636961722e-01
5.728378099249445965e-01,4.614626549605743699e-01
5.771180869887875264e-01,4.471482182800803340e-01
5.955047571232652270e-01,4.471790669648130212e-01
5.875046581152729708e-01,4.522203333142545967e-01
5.933586164608397606e-01,4.344875274008623833e-01
5.955047571232652270e-01,4.471790669648130212e-01
5.875046581152729708e-01,4.522203333142545967e-01
5.933586164608397606e-01,4.344875274008623833e-01
6.147049946171641022e-01,4.350800278051000225e-01
6.051048758702146646e-01,4.411295473849565774e-01
6.128472517001377629e-01,4.192946984449346104e-01
6.147049946171641022e-01,4.350800278051000225e-01
6.051048758702146646e-01,4.411295473849565774e-01
6.128472517001378739e-01,4.192946984449346104e-01
6.377452795985754097e-01,4.205611808205450552e-01
6.262251371078698670e-01,4.278206043128225389e-01
6.362336139758586473e-01,4.010633037067373730e-01
6.377452795985754097e-01,4.205611808205450552e-01
6.262251371078698670e-01,4.278206043128225389e-01
6.362336139758586473e-01,4.010633037067373730e-01
6.653936215428800649e-01,4.031385644601188645e-01
6.515694505707276818e-01,4.118498726403321264e-01
6.642972486728337955e-01,3.791856300473201991e-01
6.653936215428800649e-01,4.031385644601188645e-01
6.515694505707276818e-01,4.118498726403319043e-01
6.642972486728337955e-01,3.791856300473201991e-01
6.985716320048523942e-01,3.822314247464396741e-01
6.819826267738663406e-01,3.926849946032792138e-01
6.979736104399447694e-01,3.529324215540974308e-01
6.985716320048523942e-01,3.822314247464396741e-01
6.819826267738663406e-01,3.926849946032792138e-01
6.979736104399447694e-01,3.529324215540974308e-01
7.383852444753784550e-01,3.571428571428573173e-01
7.383852444753784550e-01,3.571428571428573173e-01
7.184784382401153691e-01,3.696871409446487178e-01
7.383852444753784550e-01,3.214285714285716189e-01
7.383852444753784550e-01,3.571428571428573173e-01
7.383852444753784550e-01,3.214285714285716189e-01
7.383852444753784550e-01,3.571428571428573173e-01
7.383852444753784550e-01,3.571428571428573173e-01
7.184784382401153691e-01,3.696871409446487178e-01
7.383852444753784550e-01,3.214285714285716189e-01
5.693568842584589840e-01,4.825803262003819372e-01
5.584511847116943040e-01,4.860649769988483193e-01
5.584511847116943040e-01,4.860649769988483193e-01
5.639040344850764219e-01,4.843226515996150727e-01
5.570301139704684212e-01,4.792653801961103133e-01
5.677639725005341198e-01,4.741220182289171969e-01
5.584511847116943040e-01,4.860649769988483193e-01
5.570301139704684212e-01,4.792653801961102022e-01
5.693568842584589840e-01,4.825803262003819372e-01
5.584511847116943040e-01,4.860649769988483193e-01
5.584511847116943040e-01,4.860649769988483193e-01
5.639040344850764219e-01,4.843226515996150727e-01
5.570301139704684212e-01,4.792653801961103133e-01
5.677639725005341198e-01,4.741220182289171969e-01
5.824437236562675091e-01,4.783987452608536861e-01
5.759003039573632465e-01,4.804895357306178116e-01
5.809741413817740563e-01,4.678301724622749846e-01
5.824437236562675091e-01,4.783987452608536861e-01
5.759003039573632465e-01,4.804895357306178116e-01
5.809741413817740563e-01,4.678301724622749846e-01
5.981479309124163590e-01,4.733808481402006496e-01
5.902958272843419341e-01,4.758897967005271123e-01
5.968263440178407375e-01,4.602799575525067244e-01
5.981479309124163590e-01,4.733808481402006496e-01
5.902958272843419341e-01,4.758897967005271123e-01
5.968263440178407375e-01,4.602799575525067244e-01
6.169929794968297410e-01,4.673593716347071991e-01
6.075704552046229390e-01,4.703701098874538689e-01
6.158489870569969771e-01,4.512196997199037218e-01
6.169929794968297410e-01,4.673593716347071991e-01
6.075704552046229390e-01,4.703701098874538689e-01
6.158489870569969771e-01,4.512196997199037218e-01
6.396070377870668455e-01,4.601335998316489206e-01
6.283000086419482377e-01,4.637464857331780044e-01
6.386761586928210166e-01,4.403473903260971545e-01
6.396070377870668455e-01,4.601335998316489206e-01
6.283000086419482377e-01,4.637464857331780044e-01
6.386761586928210166e-01,4.403473903260971545e-01
6.667439077025802963e-01,4.514626736784502770e-01
6.531754727448234599e-01,4.557981367550495433e-01
6.660687646227302361e-01,4.273006190692845152e-01
6.667439077025802963e-01,4.514626736784502770e-01
6.531754727448234599e-01,4.557981367550495433e-01
6.660687646227302361e-01,4.273006190692845152e-01
6.993081517276201753e-01,4.410575622542159957e-01
6.830260297151001803e-01,4.462601179663330253e-01
6.989398918662362847e-01,4.116444935003279459e-01
6.993081517276201753e-01,4.410575622542159957e-01
6.830260297151001803e-01,4.462601179663330253e-01
6.989398918662362847e-01,4.116444935003279459e-01
7.383852444753784550e-01,4.285714285714287142e-01
7.383852444753784550e-01,4.285714285714287142e-01
7.188466981014992596e-01,4.348144954128223549e-01
7.383852444753784550e-01,3.928571428571430157e-01
7.383852444753784550e-01,4.285714285714287142e-01
7.383852444753784550e-01,3.928571428571430157e-01
7.383852444753784550e-01,4.285714285714287142e-01
7.383852444753784550e-01,4.285714285714287142e-01
7.188466981014992596e-01,4.348144954128223549e-01
7.383852444753784550e-01,3.928571428571430157e-01
5.704326052147689063e-01,5.000000000000000000e-01
5.595963111188445582e-01,5.000000000000000000e-01
5.595963111188445582e-01,5.000000000000000000e-01
5.650144581668068433e-01,5.000000000000000000e-01
5.593093385914786886e-01,4.929987756907456831e-01
5.698947447366139452e-01,4.912901631001910241e-01
5.595963111188445582e-01,5.000000000000000000e-01
5.593093385914786886e-01,4.929987756907456831e-01
5.704326052147689063e-01,5.000000000000000000e-01
5.595963111188445582e-01,5.000000000000000000e-01
5.595963111188445582e-01,5.000000000000000000e-01
5.650144581668068433e-01,5.000000000000000000e-01
5.593093385914786886e-01,4.929987756907456831e-01
5.698947447366140562e-01,4.912901631001910241e-01
5.834361580719401585e-01,5.000000000000000000e-01
5.769343816433545324e-01,5.000000000000000000e-01
5.829399408641037228e-01,4.891993726304268986e-01
5.834361580719401585e-01,5.000000000000000000e-01
5.769343816433545324e-01,5.000000000000000000e-01
5.829399408641037228e-01,4.891993726304268986e-01
5.990404214794589066e-01,5.000000000000000000e-01
5.912382897756993660e-01,5.000000000000000000e-01
5.985941761959376883e-01,4.866904240701002138e-01
5.990404214794589066e-01,5.000000000000000000e-01
5.912382897756993660e-01,5.000000000000000000e-01
5.985941761959376883e-01,4.866904240701002138e-01
6.177655374462991400e-01,5.000000000000000000e-01
6.084029794628789123e-01,5.000000000000000000e-01
6.173792584715644960e-01,4.836796858173535441e-01
6.177655374462991400e-01,5.000000000000000000e-01
6.084029794628789123e-01,5.000000000000000000e-01
6.173792584715644960e-01,4.836796858173535441e-01
6.402356765955187212e-01,5.000000000000000000e-01
6.290006070209087641e-01,5.000000000000000000e-01
6.399213571912927279e-01,4.800667999158243493e-01
6.402356765955187212e-01,5.000000000000000000e-01
6.290006070209087641e-01,5.000000000000000000e-01
6.399213571912927279e-01,4.800667999158243493e-01
6.671998435420196660e-01,5.000000000000000000e-01
6.537177600687691381e-01,5.000000000000000000e-01
6.669718756222999811e-01,4.757313368392250830e-01
6.671998435420196660e-01,5.000000000000000000e-01
6.537177600687691381e-01,5.000000000000000000e-01
6.669718756222999811e-01,4.757313368392250830e-01
6.995568440034399815e-01,5.000000000000000000e-01
6.833783437727297683e-01,5.000000000000000000e-01
6.994324978655299674e-01,4.705287811271080534e-01
6.995568440034399815e-01,5.000000000000000000e-01
6.833783437727297683e-01,5.000000000000000000e-01
6.994324978655299674e-01,4.705287811271080534e-01
7.383852444753784550e-01,5.000000000000000000e-01
7.383852444753784550e-01,5.000000000000000000e-01
7.189710442394092738e-01,5.000000000000000000e-01
7.383852444753784550e-01,4.642857142857143016e-01
7.383852444753784550e-01,5.000000000000000000e-01
7.383852444753784550e-01,4.642857142857143016e-01
7.383852444753784550e-01,5.000000000000000000e-01
7.383852444753784550e-01,5.000000000000000000e-01
7.189710442394092738e-01,5.000000000000000000e-01
7.383852444753784550e-01,4.642857142857143016e-01
4.415488152883058071e-01,5.139350230011523468e-01
4.306431157500443252e-01,5.174196737969016802e-01
4.415488152883058071e-01,5.139350230011523468e-01
4.406906614085214779e-01,5.070012243092543169e-01
4.360959655191751216e-01,5.156773483990271245e-01
4.301052552718622191e-01,5.087098368984509511e-01
4.415488152883058071e-01,5.139350230011523468e-01
4.406906614085212004e-01,5.070012243092516524e-01
4.415488152883058071e-01,5.139350230011523468e-01
4.306431157500443252e-01,5.174196737969016802e-01
4.415488152883058071e-01,5.139350230011523468e-01
4.406906614085214779e-01,5.070012243092543169e-01
4.360959655191751216e-01,5.156773483990271245e-01
4.301052552718622191e-01,5.087098368984509511e-01
4.175562763641402775e-01,5.216012547326260851e-01
4.240996960570923013e-01,5.195104642647638826e-01
4.170600591562390047e-01,5.108006273663130425e-01
4.175562763641402775e-01,5.216012547326260851e-01
4.240996960570923013e-01,5.195104642647638826e-01
4.170600591562390047e-01,5.108006273663130425e-01
4.018520691243176457e-01,5.266191518480625167e-01
4.097041727442289338e-01,5.241102032903441899e-01
4.014058238406794099e-01,5.133095759240312583e-01
4.018520691243176457e-01,5.266191518480625167e-01
4.097041727442289338e-01,5.241102032903441899e-01
4.014058238406794099e-01,5.133095759240312583e-01
3.830070205619444668e-01,5.326406283465132674e-01
3.924295448431310285e-01,5.296298900972878920e-01
3.826207415870226947e-01,5.163203141732566337e-01
3.830070205619444668e-01,5.326406283465132674e-01
3.924295448431310285e-01,5.296298900972878920e-01
3.826207415870226947e-01,5.163203141732566337e-01
3.603929623010942995e-01,5.398664001401816126e-01
3.716999914315193831e-01,5.362535142433476620e-01
3.600786428965878638e-01,5.199332000700909173e-01
3.603929623010942995e-01,5.398664001401816126e-01
3.716999914315193831e-01,5.362535142433473290e-01
3.600786428965878638e-01,5.199332000700909173e-01
3.332560924243717082e-01,5.485373262809858375e-01
3.468245273627330594e-01,5.442018632105837250e-01
3.330281245042480132e-01,5.242686631404926967e-01
3.332560924243717082e-01,5.485373262809858375e-01
3.468245273627330594e-01,5.442018632105837250e-01
3.330281245042480132e-01,5.242686631404926967e-01
3.006918484501128197e-01,5.589424376889937651e-01
3.169739704372422917e-01,5.537398819849896903e-01
3.005675023116374245e-01,5.294712188444968826e-01
3.006918484501128197e-01,5.589424376889937651e-01
3.169739704372422917e-01,5.537398819849896903e-01
3.005675023116374245e-01,5.294712188444968826e-01
2.616147555246215450e-01,5.714285714285713969e-01
2.616147555246215450e-01,5.714285714285713969e-01
2.811533019873672101e-01,5.651855045587825810e-01
2.616147555246215450e-01,5.357142857142855874e-01
2.616147555246215450e-01,5.714285714285713969e-01
2.616147555246215450e-01,5.357142857142855874e-01
2.616147555246215450e-01,5.714285714285713969e-01
2.616147555246215450e-01,5.714285714285713969e-01
2.811533019873672101e-01,5.651855045587825810e-01
2.616147555246215450e-01,5.357142857142855874e-01
4.449401879441248209e-01,5.273345308832212419e-01
4.338289392660549804e-01,5.343362897370891318e-01
4.449401879441248209e-01,5.273345308832212419e-01
4.429698860295317453e-01,5.207346198038906859e-01
4.393845636050898729e-01,5.308354103101551313e-01
4.322360275080496250e-01,5.258779817669954060e-01
4.449401879441248209e-01,5.273345308832212419e-01
4.429698860295317453e-01,5.207346198038906859e-01
4.449401879441248209e-01,5.273345308832212419e-01
4.338289392660549804e-01,5.343362897370891318e-01
4.449401879441248209e-01,5.273345308832212419e-01
4.429698860295317453e-01,5.207346198038906859e-01
4.393845636050898729e-01,5.308354103101551313e-01
4.322360275080496250e-01,5.258779817669954060e-01
4.204954409135120974e-01,5.427384003232027521e-01
4.271621900897835111e-01,5.385373450301460529e-01
4.190258586388261874e-01,5.321698275279145296e-01
4.204954409135120974e-01,5.427384003232027521e-01
4.271621900897835111e-01,5.385373450301458309e-01
4.190258586388261874e-01,5.321698275279143076e-01
4.044952429141612238e-01,5.528209330116038434e-01
4.124953419138366328e-01,5.477796666674030757e-01
4.031736560192394347e-01,5.397200424298331800e-01
4.044952429141612238e-01,5.528209330116038434e-01
4.124953419138365773e-01,5.477796666674030757e-01
4.031736560192394347e-01,5.397200424298331800e-01
3.852950054427179971e-01,5.649199721571658284e-01
3.948951241784395827e-01,5.588704525843848359e-01
3.841510130023311764e-01,5.487803002518396589e-01
3.852950054427179971e-01,5.649199721571658284e-01
3.948951241784395827e-01,5.588704525843848359e-01
3.841510130023311764e-01,5.487803002518396589e-01
3.622547204912475727e-01,5.794388191228536655e-01
3.737748629669827571e-01,5.721793956400098580e-01
3.613238413961709639e-01,5.596526096315177501e-01
3.622547204912475727e-01,5.794388191228536655e-01
3.737748629669827571e-01,5.721793956400098580e-01
3.613238413961709639e-01,5.596526096315177501e-01
3.346063785864647477e-01,5.968614354583750004e-01
3.484305495388561602e-01,5.881501272906143329e-01
3.339312355054182557e-01,5.726993808696804189e-01
3.346063785864647477e-01,5.968614354583750004e-01
3.484305495388561602e-01,5.881501272906143329e-01
3.339312355054182557e-01,5.726993808696804189e-01
3.014283681762305878e-01,6.177685751394508262e-01
3.180173733813477233e-01,6.073150052989129133e-01
3.010601083131717037e-01,5.883555064142222957e-01
3.014283681762305878e-01,6.177685751394508262e-01
3.180173733813477233e-01,6.073150052989129133e-01
3.010601083131717037e-01,5.883555064142222957e-01
2.616147555246215450e-01,6.428571428571427937e-01
2.616147555246215450e-01,6.428571428571427937e-01
2.815215618504260386e-01,6.303128589982969210e-01
2.616147555246215450e-01,6.071428571428570953e-01
2.616147555246215450e-01,6.428571428571427937e-01
2.616147555246215450e-01,6.071428571428570953e-01
2.616147555246215450e-01,6.428571428571427937e-01
2.616147555246215450e-01,6.428571428571427937e-01
2.815215618504260386e-01,6.303128589982969210e-01
2.616147555246215450e-01,6.071428571428570953e-01
4.504474782993528881e-01,5.396835880728294566e-01
4.390024359306223256e-01,5.502661221951639092e-01
4.504474782993528881e-01,5.396835880728294566e-01
4.474407459475709392e-01,5.336711954875721364e-01
4.447249571149875513e-01,5.449748551339967939e-01
4.364156875983386530e-01,5.423012059661266315e-01
4.504474782993528881e-01,5.396835880728294566e-01
4.474407459475709392e-01,5.336711954875721364e-01
4.504474782993528881e-01,5.396835880728294566e-01
4.390024359306223256e-01,5.502661221951639092e-01
4.504474782993528881e-01,5.396835880728294566e-01
4.474407459475709392e-01,5.336711954875721364e-01
4.447249571149875513e-01,5.449748551339967939e-01
4.364156875983386530e-01,5.423012059661266315e-01
4.252683851511231961e-01,5.629651630837335663e-01
4.321354105408727886e-01,5.566156426394488488e-01
4.228819130323176467e-01,5.528517817034681592e-01
4.252683851511231961e-01,5.629651630837335663e-01
4.321354105408727886e-01,5.566156426394488488e-01
4.228819130323176467e-01,5.528517817034681592e-01
4.087875242401370901e-01,5.782040121274443223e-01
4.170279546956301986e-01,5.705845876055889443e-01
4.066413835771491847e-01,5.655124725695240828e-01
4.087875242401370901e-01,5.782040121274443223e-01
4.170279546956301986e-01,5.705845876055889443e-01
4.066413835771491292e-01,5.655124725695240828e-01
3.890104912785700697e-01,5.964906308581994221e-01
3.988990077593536077e-01,5.873473214928218722e-01
3.871527483606439501e-01,5.807053015076826252e-01
3.890104912785700697e-01,5.964906308581994221e-01
3.988990077593536077e-01,5.873473214928218722e-01
3.871527483606439501e-01,5.807053015076826252e-01
3.652780517393794946e-01,6.184345733215228513e-01
3.771442715089747821e-01,6.074626020898612477e-01
3.637663861153135891e-01,5.989366962221882584e-01
3.652780517393794946e-01,6.184345733215228513e-01
3.771442715089747821e-01,6.074626020898612477e-01
3.637663861153135891e-01,5.989366962221882584e-01
3.367991243304435112e-01,6.447673042422890077e-01
3.510385880349115029e-01,6.316009387819059295e-01
3.357027514584541850e-01,6.208143698503321151e-01
3.367991243304435112e-01,6.447673042422890077e-01
3.510385880349115029e-01,6.316009387819059295e-01
3.357027514584541850e-01,6.208143698503321151e-01
3.026244113114855416e-01,6.763665814657793263e-01
3.197117678209644986e-01,6.605669428540341670e-01
3.020263897438580369e-01,6.470675783026149652e-01
3.026244113114855416e-01,6.763665814657793263e-01
3.197117678209644986e-01,6.605669428540341670e-01
3.020263897438580369e-01,6.470675783026149652e-01
2.616147555246215450e-01,7.142857142857141906e-01
2.616147555246215450e-01,7.142857142857141906e-01
2.821195834180535433e-01,6.953261478757466474e-01
2.616147555246215450e-01,6.785714285714282701e-01
2.616147555246215450e-01,7.142857142857141906e-01
2.616147555246215450e-01,6.785714285714282701e-01
2.616147555246215450e-01,7.142857142857141906e-01
2.616147555246215450e-01,7.142857142857141906e-01
2.821195834180535433e-01,6.953261478757466474e-01
2.616147555246215450e-01,6.785714285714282701e-01
4.578590442741624633e-01,5.505076272276113736e-01
4.459647911682572685e-01,5.647633670815503937e-01
4.578590442741624633e-01,5.505076272276113736e-01
4.539314285232758373e-01,5.453138060116897723e-01
4.519119177212098659e-01,5.576354971545807171e-01
4.424836135494397693e-01,5.575147446383570404e-01
4.578590442741624633e-01,5.505076272276113736e-01
4.539314285232758373e-01,5.453138060116897723e-01
4.578590442741624633e-01,5.505076272276113736e-01
4.459647911682572685e-01,5.647633670815503937e-01
4.578590442741624633e-01,5.505076272276113736e-01
4.539314285232758373e-01,5.453138060116897723e-01
4.519119177212098659e-01,5.576354971545807171e-01
4.424836135494397693e-01,5.575147446383570404e-01
4.316916875066204029e-01,5.818702548278331665e-01
4.388282393374388080e-01,5.733168109546917801e-01
4.284800363288718272e-01,5.724177089557832554e-01
4.316916875066204029e-01,5.818702548278331665e-01
4.388282393374388080e-01,5.733168109546917801e-01
4.284800363288718272e-01,5.724177089557835885e-01
4.145639631380271806e-01,6.023985200929644623e-01
4.231278253223237917e-01,5.921343874603988144e-01
4.116757436890821631e-01,5.903012661102045033e-01
4.145639631380271806e-01,6.023985200929644623e-01
4.231278253223237917e-01,5.921343874603988144e-01
4.116757436890821631e-01,5.903012661102045033e-01
3.940106940324973328e-01,6.270324382471832436e-01
4.042873285852622289e-01,6.147154791700739640e-01
3.915105926555336735e-01,6.117615345526914439e-01
3.940106940324973328e-01,6.270324382471832436e-01
4.042873285852622289e-01,6.147154791700739640e-01
3.915105926555336735e-01,6.117615345526914439e-01
3.693467711211281257e-01,6.565931400139480845e-01
3.816787325768127292e-01,6.418127891305656085e-01
3.673124114302537824e-01,6.375138566677355234e-01
3.693467711211281257e-01,6.565931400139480845e-01
3.816787325768127292e-01,6.418127891305656085e-01
3.673124114302537824e-01,6.375138566677355234e-01
3.397500636670727769e-01,6.920659820866186251e-01
3.545484173941004236e-01,6.743295610502832993e-01
3.382745939987581441e-01,6.684166431644538164e-01
3.397500636670727769e-01,6.920659820866186251e-01
3.545484173941004236e-01,6.743295610502832993e-01
3.382745939987581996e-01,6.684166431644538164e-01
3.042340145889384506e-01,7.346333927335501057e-01
3.219920391280056693e-01,7.133496874100841989e-01
3.034292129502120239e-01,7.054999870996646605e-01
3.042340145889384506e-01,7.346333927335501057e-01
3.219920391280056693e-01,7.133496874100841989e-01
3.034292129502120239e-01,7.054999870996646605e-01
2.616147555246215450e-01,7.857142857142855874e-01
2.616147555246215450e-01,7.857142857142855874e-01
2.829243850567800811e-01,7.601738392239179021e-01
2.616147555246215450e-01,7.500000000000000000e-01
2.616147555246215450e-01,7.857142857142855874e-01
2.616147555246215450e-01,7.500000000000000000e-01
2.616147555246215450e-01,7.857142857142855874e-01
2.616147555246215450e-01,7.857142857142855874e-01
2.829243850567800811e-01,7.601738392239179021e-01
2.616147555246215450e-01,7.500000000000000000e-01
4.668900635445958902e-01,5.593906865930398098e-01
4.580605436008697851e-01,5.731080293444671403e-01
4.668900635445958902e-01,5.593906865930398098e-01
4.621925004652787661e-01,5.552150323830533640e-01
4.624753035727327544e-01,5.662493579687535306e-01
4.520126673845635268e-01,5.689356982130087115e-01
4.668900635445958902e-01,5.593906865930398098e-01
4.621925004652787661e-01,5.552150323830535861e-01
4.668900635445958902e-01,5.593906865930398098e-01
4.580605436008697851e-01,5.731080293444671403e-01
4.668900635445958902e-01,5.593906865930398098e-01
4.621925004652787661e-01,5.552150323830533640e-01
4.624753035727327544e-01,5.662493579687535306e-01
4.520126673845635268e-01,5.689356982130087115e-01
4.474651197169837724e-01,5.895688405706986934e-01
4.527628316589268342e-01,5.813384349575829724e-01
4.395784036118021154e-01,5.857195476992660410e-01
4.474651197169837724e-01,5.895688405706986934e-01
4.527628316589268342e-01,5.813384349575829724e-01
4.395784036118021154e-01,5.857195476992660410e-01
4.347506110751543362e-01,6.093218140129169624e-01
4.411078653960691098e-01,5.994453272918078834e-01
4.246572871065906751e-01,6.058601670529407679e-01
4.347506110751543362e-01,6.093218140129169624e-01
4.411078653960691098e-01,5.994453272918078834e-01
4.246572871065906751e-01,6.058601670529407679e-01
4.194932008064972129e-01,6.330253819858316922e-01
4.271219059408257746e-01,6.211735979993743273e-01
4.067519474194972728e-01,6.300289101165073014e-01
4.194932008064972129e-01,6.330253819858316922e-01
4.271219059408257746e-01,6.211735979993743273e-01
4.067519474194972728e-01,6.300289101165073014e-01
4.011843084954415661e-01,6.614696635357226739e-01
4.103387546509693617e-01,6.472475227607770165e-01
3.852655398082848182e-01,6.590314017748353237e-01
4.011843084954415661e-01,6.614696635357226739e-01
4.103387546509693617e-01,6.472475227607770165e-01
3.852655398082848182e-01,6.590314017748353237e-01
3.792136377515621382e-01,6.956028013499361284e-01
3.901989731235018244e-01,6.785362324428294567e-01
3.594818507093174298e-01,6.938343917182774323e-01
3.792136377515621382e-01,6.956028013499361284e-01
3.901989731235018244e-01,6.785362324428294567e-01
3.594818507093174298e-01,6.938343917182774323e-01
3.528488327599773600e-01,7.365625668806869975e-01
3.660312352557697491e-01,7.160826841153113964e-01
3.285414236744579330e-01,7.355979798071186071e-01
3.528488327599773600e-01,7.365625668806869975e-01
3.660312352557697491e-01,7.160826841153113964e-01
3.285414236744579330e-01,7.355979798071186071e-01
3.212110666434661033e-01,7.857142857142855874e-01
3.370299497017217316e-01,7.611384262974862924e-01
2.914129110840438242e-01,7.857142857142855874e-01
3.212110666434661033e-01,7.857142857142855874e-01
3.370299497017217316e-01,7.611384262974862924e-01
2.914129110840438242e-01,7.857142857142855874e-01
4.771934791047441893e-01,5.659913951793782427e-01
4.713515731182646995e-01,5.793086727920722101e-01
4.771934791047441893e-01,5.659913951793782427e-01
4.719064934117109256e-01,5.629943760248834472e-01
4.742725261115046109e-01,5.726500339857252264e-01
4.647060583595674088e-01,5.762083510682696197e-01
4.771934791047441893e-01,5.659913951793782427e-01
4.719064934117109256e-01,5.629943760248834472e-01
4.771934791047441893e-01,5.659913951793782427e-01
4.713515731182646995e-01,5.793086727920722101e-01
4.771934791047441893e-01,5.659913951793782427e-01
4.719064934117109256e-01,5.629943760248834472e-01
4.742725261115046109e-01,5.726500339857252264e-01
4.647060583595674088e-01,5.762083510682696197e-01
4.643412859666352088e-01,5.952894058540250111e-01
4.678464295424500374e-01,5.872990393230486106e-01
4.559032028418095184e-01,5.924291232123620743e-01
4.643412859666352088e-01,5.952894058540250111e-01
4.678464295424500374e-01,5.872990393230486106e-01
4.559032028418095184e-01,5.924291232123620743e-01
4.559289413971407412e-01,6.144662854999621837e-01
4.601351136818879750e-01,6.048778456769938749e-01
4.453397762361475665e-01,6.118940497564397951e-01
4.559289413971407412e-01,6.144662854999621837e-01
4.601351136818879750e-01,6.048778456769938749e-01
4.453397762361475665e-01,6.118940497564397951e-01
4.458341279809285851e-01,6.374785409219401178e-01
4.508815346890346354e-01,6.259724132109512063e-01
4.326636643937129545e-01,6.352519614538858495e-01
4.458341279809285851e-01,6.374785409219401178e-01
4.508815346890346354e-01,6.259724132109512063e-01
4.326636643937129545e-01,6.352519614538858495e-01
4.337203518889720111e-01,6.650932474112205561e-01
4.397772399349503258e-01,6.512858941665804480e-01
4.174523301922067331e-01,6.632814554734715040e-01
4.337203518889720111e-01,6.650932474112205561e-01
4.397772399349502703e-01,6.512858941665802259e-01
4.174523301922067331e-01,6.632814554734715040e-01
4.191838205980678578e-01,6.982308951540330266e-01
4.264520862435199344e-01,6.816620712826269024e-01
3.991987291748149147e-01,6.969168482519847441e-01
4.191838205980678578e-01,6.982308951540330266e-01
4.264520862435199344e-01,6.816620712826269024e-01
3.991987291748149147e-01,6.969168482519847441e-01
4.017399829835278657e-01,7.379960725946203004e-01
4.104619017907978340e-01,7.181134838743268300e-01
3.772944078717526128e-01,7.372793197376537044e-01
4.017399829835278657e-01,7.379960725946203004e-01
4.104619017907978340e-01,7.181134838743268300e-01
3.772944078717526128e-01,7.372793197376537044e-01
3.808073777623107170e-01,7.857142857142855874e-01
3.912736803729192636e-01,7.618551791544529994e-01
3.510092222028883269e-01,7.857142857142855874e-01
3.808073777623107170e-01,7.857142857142855874e-01
3.912736803729192636e-01,7.618551791544529994e-01
3.510092222028883269e-01,7.857142857142855874e-01
4.883733364728529702e-01,5.700560914573741256e-01
4.854659238113569475e-01,5.831270101740348988e-01
4.883733364728529702e-01,5.700560914573741256e-01
4.827001040613112526e-01,5.683528811237297251e-01
4.869196301421050421e-01,5.765915508157044567e-01
4.784087484648107957e-01,5.812178414830536655e-01
4.883733364728529702e-01,5.700560914573741256e-01
4.827001040613112526e-01,5.683528811237297251e-01
4.883733364728529702e-01,5.700560914573741256e-01
4.854659238113569475e-01,5.831270101740348988e-01
4.883733364728529702e-01,5.700560914573741256e-01
4.827001040613112526e-01,5.683528811237297251e-01
4.869196301421050421e-01,5.765915508157044567e-01
4.784087484648107957e-01,5.812178414830536655e-01
4.819770286335597897e-01,5.988121125621039820e-01
4.837214762224583686e-01,5.909695613680694404e-01
4.731591573000976103e-01,5.970507592080643855e-01
4.819770286335597897e-01,5.988121125621039820e-01
4.837214762224583686e-01,5.909695613680694404e-01
4.731591573000976103e-01,5.970507592080643855e-01
4.777903544264049951e-01,6.176342353999058066e-01
4.798836915299822259e-01,6.082231739810046722e-01
4.668596479117729237e-01,6.160502604499340507e-01
4.777903544264049951e-01,6.176342353999058066e-01
4.798836915299822259e-01,6.082231739810046722e-01
4.668596479117729237e-01,6.160502604499340507e-01
4.727663454112538410e-01,6.402207826549544123e-01
4.752783499188294458e-01,6.289275090274301094e-01
4.593002366960911576e-01,6.388496617884473761e-01
4.727663454112538410e-01,6.402207826549544123e-01
4.752783499188294458e-01,6.289275090274301094e-01
4.593002366960911576e-01,6.388496617884473761e-01
4.667375345968045042e-01,6.673246393442360258e-01
4.697519400040291448e-01,6.537727109995954411e-01
4.502289432428882576e-01,6.662089433777282910e-01
4.667375345968045042e-01,6.673246393442360258e-01
4.697519400040291448e-01,6.537727109995954411e-01
4.502289432428881466e-01,6.662089433777282910e-01
4.595029616291416708e-01,6.998492673278701171e-01
4.631202481129730875e-01,6.835869533360530159e-01
4.393433911136048198e-01,6.990400812409514053e-01
4.595029616291416708e-01,6.998492673278701171e-01
4.631202481129730875e-01,6.835869533360530159e-01
4.393433911136048198e-01,6.990400812409514053e-01
4.508214740353708172e-01,7.388788210546823887e-01
4.551622178322561885e-01,7.193640441912763084e-01
4.262807285094493137e-01,7.384374468246514001e-01
4.508214740353708172e-01,7.388788210546823887e-01
4.551622178322561885e-01,7.193640441912763084e-01
4.262807285094493137e-01,7.384374468246514001e-01
4.404036888811552197e-01,7.857142857142855874e-01
4.456125814582630462e-01,7.622965533844839880e-01
4.106055333217329961e-01,7.857142857142855874e-01
4.404036888811552197e-01,7.857142857142855874e-01
4.456125814582630462e-01,7.622965533844839880e-01
4.106055333217329961e-01,7.857142857142855874e-01
5.000000000000021094e-01,5.714285714285713969e-01
5.000000000000000000e-01,5.844163049261146270e-01
5.000000000000021094e-01,5.714285714285713969e-01
4.941585400099420267e-01,5.710846233337285582e-01
5.000000000000000000e-01,5.779224381773430119e-01
4.927329619056783905e-01,5.837716575500748739e-01
5.000000000000021094e-01,5.714285714285713969e-01
4.941585400099420267e-01,5.710846233337285582e-01
5.000000000000021094e-01,5.714285714285713969e-01
5.000000000000000000e-01,5.844163049261146270e-01
5.000000000000021094e-01,5.714285714285713969e-01
4.941585400099420267e-01,5.710846233337285582e-01
5.000000000000000000e-01,5.779224381773430119e-01
4.927329619056783905e-01,5.837716575500746519e-01
5.000000000000000000e-01,6.000015850517002036e-01
5.000000000000000000e-01,5.922089449889076374e-01
4.909885143167798671e-01,5.994068488069020928e-01
5.000000000000000000e-01,6.000015850517002036e-01
5.000000000000000000e-01,5.922089449889076374e-01
4.909885143167798671e-01,5.994068488069020928e-01
5.000000000000000000e-01,6.187039211746996337e-01
5.000000000000000000e-01,6.093527531131999186e-01
4.888951772132024143e-01,6.181690782873026091e-01
5.000000000000000000e-01,6.187039211746996337e-01
5.000000000000000000e-01,6.093527531131999186e-01
4.888951772132024143e-01,6.181690782873028311e-01
5.000000000000000000e-01,6.411467243729418453e-01
5.000000000000000000e-01,6.299253227738208505e-01
4.863831727056270315e-01,6.406837535139481288e-01
5.000000000000000000e-01,6.411467243729418453e-01
5.000000000000000000e-01,6.299253227738208505e-01
4.863831727056270315e-01,6.406837535139481288e-01
5.000000000000000000e-01,6.680780881941623672e-01
5.000000000000000000e-01,6.546124062835518842e-01
4.833687672984021688e-01,6.677013637691993075e-01
5.000000000000000000e-01,6.680780881941623672e-01
5.000000000000000000e-01,6.546124062835518842e-01
4.833687672984021688e-01,6.677013637691993075e-01
5.000000000000000000e-01,7.003957247363996608e-01
5.000000000000000000e-01,6.842369064652811250e-01
4.797514808145709742e-01,7.001224960321348334e-01
5.000000000000000000e-01,7.003957247363996608e-01
5.000000000000000000e-01,6.842369064652811250e-01
4.797514808145709742e-01,7.001224960321348334e-01
5.000000000000000000e-01,7.391768887326045645e-01
5.000000000000000000e-01,7.197863067345020571e-01
4.754107370176854919e-01,7.390278548936433101e-01
5.000000000000000000e-01,7.391768887326045645e-01
5.000000000000000000e-01,7.197863067345020571e-01
4.754107370176854919e-01,7.390278548936433101e-01
5.000000000000000000e-01,7.857142857142855874e-01
5.000000000000000000e-01,7.624455872234452425e-01
4.702018444405777209e-01,7.857142857142855874e-01
5.000000000000000000e-01,7.857142857142855874e-01
5.000000000000000000e-01,7.624455872234452425e-01
4.702018444405777209e-01,7.857142857142855874e-01
5.693568842579037614e-01,5.174196737976266558e-01
5.584511847116943040e-01,5.139350230011516807e-01
5.584511847116943040e-01,5.139350230011516807e-01
5.639040344847989772e-01,5.156773483993892793e-01
5.593093385914786886e-01,5.070012243092540949e-01
5.698947447363363894e-01,5.087098368988134389e-01
5.584511847116943040e-01,5.139350230011516807e-01
5.593093385914786886e-01,5.070012243092540949e-01
5.693568842579037614e-01,5.174196737976266558e-01
5.584511847116943040e-01,5.139350230011516807e-01
5.584511847116943040e-01,5.139350230011516807e-01
5.639040344847989772e-01,5.156773483993892793e-01
5.593093385914786886e-01,5.070012243092540949e-01
5.698947447363363894e-01,5.087098368988134389e-01
5.824437236549352415e-01,5.216012547343671368e-01
5.759003039564195570e-01,5.195104642659967853e-01
5.829399408634377000e-01,5.108006273671834574e-01
5.824437236549352415e-01,5.216012547343671368e-01
5.759003039564195570e-01,5.195104642659967853e-01
5.829399408634377000e-01,5.108006273671834574e-01
5.981479309100181663e-01,5.266191518511965652e-01
5.902958272824766484e-01,5.241102032927816845e-01
5.985941761947384254e-01,5.133095759255983381e-01
5.981479309100181663e-01,5.266191518511965652e-01
5.902958272824766484e-01,5.241102032927819065e-01
5.985941761947384254e-01,5.133095759255983381e-01
6.169929794929926992e-01,5.326406283515281448e-01
6.075704552015054327e-01,5.296298901013624105e-01
6.173792584696460306e-01,5.163203141757639614e-01
6.169929794929926992e-01,5.326406283515281448e-01
6.075704552015054327e-01,5.296298901013624105e-01
6.173792584696460306e-01,5.163203141757639614e-01
6.396070377813112273e-01,5.398664001477044838e-01
6.283000086371519632e-01,5.362535142496162033e-01
6.399213571884149188e-01,5.199332000738521309e-01
6.396070377813112273e-01,5.398664001477044838e-01
6.283000086371519632e-01,5.362535142496162033e-01
6.399213571884149188e-01,5.199332000738521309e-01
6.667439076942923704e-01,5.485373262918185056e-01
6.531754727378018544e-01,5.442018632197613837e-01
6.669718756181560737e-01,5.242686631459092528e-01
6.667439076942923704e-01,5.485373262918185056e-01
6.531754727378018544e-01,5.442018632197613837e-01
6.669718756181560737e-01,5.242686631459092528e-01
6.993081517160171234e-01,5.589424377041600778e-01
6.830260297051548024e-01,5.537398819979891806e-01
6.994324978597283859e-01,5.294712188520800389e-01
6.993081517160171234e-01,5.589424377041600778e-01
6.830260297051548024e-01,5.537398819979891806e-01
6.994324978597286080e-01,5.294712188520800389e-01
7.383852444753784550e-01,5.714285714285716189e-01
7.383852444753784550e-01,5.714285714285716189e-01
7.188466980956977892e-01,5.651855045663658483e-01
7.383852444753784550e-01,5.357142857142855874e-01
7.383852444753784550e-01,5.714285714285716189e-01
7.383852444753784550e-01,5.357142857142855874e-01
7.383852444753784550e-01,5.714285714285716189e-01
7.383852444753784550e-01,5.714285714285716189e-01
7.188466980956977892e-01,5.651855045663658483e-01
7.383852444753784550e-01,5.357142857142855874e-01
5.661710607414455199e-01,5.343362897385519616e-01
5.550598120558755122e-01,5.273345308832200207e-01
5.550598120558755122e-01,5.273345308832200207e-01
5.606154363986605160e-01,5.308354103108858801e-01
5.570301139704684212e-01,5.207346198038897978e-01
5.677639724996746962e-01,5.258779817680893087e-01
5.550598120558755122e-01,5.273345308832200207e-01
5.570301139704684212e-01,5.207346198038897978e-01
5.661710607414455199e-01,5.343362897385519616e-01
5.550598120558755122e-01,5.273345308832200207e-01
5.550598120558755122e-01,5.273345308832200207e-01
5.606154363986605160e-01,5.308354103108858801e-01
5.570301139704684212e-01,5.207346198038897978e-01
5.677639724996746962e-01,5.258779817680893087e-01
5.795045591044886146e-01,5.427384003267148316e-01
5.728378099229671783e-01,5.385373450326332856e-01
5.809741413797119280e-01,5.321698275305409842e-01
5.795045591044886146e-01,5.427384003267148316e-01
5.728378099229671783e-01,5.385373450326332856e-01
5.809741413797119280e-01,5.321698275305409842e-01
5.955047571182395805e-01,5.528209330179265635e-01
5.875046581113640976e-01,5.477796666723205865e-01
5.968263440141289289e-01,5.397200424345616199e-01
5.955047571182395805e-01,5.528209330179265635e-01
5.875046581113640976e-01,5.477796666723209196e-01
5.968263440141289289e-01,5.397200424345616199e-01
6.147049946091233119e-01,5.649199721672830687e-01
6.051048758636814462e-01,5.588704525926049271e-01
6.158489870510579500e-01,5.487803002594056068e-01
6.147049946091233119e-01,5.649199721672830687e-01
6.051048758636814462e-01,5.588704525926049271e-01
6.158489870510579500e-01,5.487803002594056068e-01
6.377452795865138357e-01,5.794388191380301922e-01
6.262251370978186849e-01,5.721793956526566305e-01
6.386761586839125870e-01,5.596526096428671160e-01
6.377452795865138357e-01,5.794388191380301922e-01
6.262251370978186849e-01,5.721793956526566305e-01
6.386761586839125870e-01,5.596526096428671160e-01
6.653936215255117359e-01,5.968614354802295185e-01
6.515694505560128968e-01,5.881501273091297444e-01
6.660687646099020531e-01,5.726993808860239010e-01
6.653936215255117359e-01,5.968614354802295185e-01
6.515694505560128968e-01,5.881501273091297444e-01
6.660687646099020531e-01,5.726993808860239010e-01
6.985716319805366226e-01,6.177685751700475736e-01
6.819826267530243458e-01,6.073150053251383795e-01
6.989398918482769840e-01,5.883555064371037702e-01
6.985716319805366226e-01,6.177685751700475736e-01
6.819826267530243458e-01,6.073150053251383795e-01
6.989398918482769840e-01,5.883555064371037702e-01
7.383852444753784550e-01,6.428571428571430157e-01
7.383852444753784550e-01,6.428571428571430157e-01
7.184784382279575388e-01,6.303128590135951281e-01
7.383852444753784550e-01,6.071428571428573173e-01
7.383852444753784550e-01,6.428571428571430157e-01
7.383852444753784550e-01,6.071428571428573173e-01
7.383852444753784550e-01,6.428571428571430157e-01
7.383852444753784550e-01,6.428571428571430157e-01
7.184784382279575388e-01,6.303128590135951281e-01
7.383852444753784550e-01,6.071428571428573173e-01
5.609975640764807148e-01,5.502661221973894623e-01
5.495525217006481666e-01,5.396835880728279022e-01
5.495525217006481666e-01,5.396835880728279022e-01
5.552750428885644407e-01,5.449748551351085712e-01
5.525592540524296714e-01,5.336711954875706931e-01
5.635843124089631173e-01,5.423012059679706010e-01
5.495525217006481666e-01,5.396835880728279022e-01
5.525592540524296714e-01,5.336711954875706931e-01
5.609975640764807148e-01,5.502661221973894623e-01
5.495525217006481666e-01,5.396835880728279022e-01
5.495525217006481666e-01,5.396835880728279022e-01
5.552750428885644407e-01,5.449748551351085712e-01
5.525592540524296714e-01,5.336711954875706931e-01
5.635843124089631173e-01,5.423012059679706010e-01
5.747316148659228352e-01,5.629651630890767366e-01
5.678645894712017750e-01,5.566156426432330440e-01
5.771180869852057249e-01,5.528517817078957286e-01
5.747316148659228352e-01,5.629651630890767366e-01
5.678645894712017750e-01,5.566156426432330440e-01
5.771180869852057249e-01,5.528517817078957286e-01
5.912124757905451444e-01,5.782040121370632946e-01
5.829720453282338788e-01,5.705845876130699601e-01
5.933586164543922514e-01,5.655124725774950400e-01
5.912124757905451444e-01,5.782040121370632946e-01
5.829720453282338788e-01,5.705845876130699601e-01
5.933586164543922514e-01,5.655124725774950400e-01
6.109895087705210504e-01,5.964906308735908880e-01
6.011009922805330419e-01,5.873473215053270913e-01
6.128472516898221256e-01,5.807053015204369784e-01
6.109895087705210504e-01,5.964906308735908880e-01
6.011009922805330419e-01,5.873473215053270913e-01
6.128472516898221256e-01,5.807053015204369784e-01
6.347219483342565471e-01,6.184345733446103832e-01
6.228557285523887987e-01,6.074626021091005246e-01
6.362336139603851359e-01,5.989366962413201767e-01
6.347219483342565471e-01,6.184345733446103832e-01
6.228557285523887987e-01,6.074626021091005246e-01
6.362336139603851359e-01,5.989366962413201767e-01
6.632008757755921691e-01,6.447673042755357464e-01
6.489614120549243026e-01,6.316009388100731758e-01
6.642972486505518415e-01,6.208143698778825215e-01
6.632008757755921691e-01,6.447673042755357464e-01
6.489614120549243026e-01,6.316009388100731758e-01
6.642972486505518415e-01,6.208143698778825215e-01
6.973755888369641553e-01,6.763665815123252045e-01
6.802882323062782177e-01,6.605669428939304755e-01
6.979736104087503890e-01,6.470675783411864446e-01
6.973755888369641553e-01,6.763665815123252045e-01
6.802882323062782177e-01,6.605669428939304755e-01
6.979736104087503890e-01,6.470675783411861115e-01
7.383852444753784550e-01,7.142857142857144126e-01
7.383852444753784550e-01,7.142857142857144126e-01
7.178804166561711941e-01,6.953261478990198086e-01
7.383852444753784550e-01,6.785714285714287142e-01
7.383852444753784550e-01,7.142857142857144126e-01
7.383852444753784550e-01,6.785714285714287142e-01
7.383852444753784550e-01,7.142857142857144126e-01
7.383852444753784550e-01,7.142857142857144126e-01
7.178804166561711941e-01,6.953261478990198086e-01
7.383852444753784550e-01,6.785714285714287142e-01
5.540352088384934426e-01,5.647633670845746412e-01
5.421409557258389800e-01,5.505076272276095972e-01
5.421409557258389800e-01,5.505076272276095972e-01
5.480880822821662113e-01,5.576354971560921747e-01
5.460685714767252730e-01,5.453138060116882180e-01
5.575163864574870232e-01,5.575147446409819407e-01
5.421409557258389800e-01,5.505076272276095972e-01
5.460685714767252730e-01,5.453138060116882180e-01
5.540352088384934426e-01,5.647633670845746412e-01
5.421409557258389800e-01,5.505076272276095972e-01
5.421409557258389800e-01,5.505076272276095972e-01
5.480880822821662113e-01,5.576354971560921747e-01
5.460685714767252730e-01,5.453138060116882180e-01
5.575163864574872452e-01,5.575147446409819407e-01
5.683083125095790278e-01,5.818702548350938031e-01
5.611717606740361797e-01,5.733168109598342221e-01
5.715199636877509315e-01,5.724177089620854364e-01
5.683083125095790278e-01,5.818702548350938031e-01
5.611717606740361797e-01,5.733168109598342221e-01
5.715199636877509315e-01,5.724177089620854364e-01
5.854360368911308843e-01,6.023985201060353400e-01
5.768721747003550115e-01,5.921343874705646826e-01
5.883242563408380699e-01,5.903012661215492063e-01
5.854360368911308843e-01,6.023985201060353400e-01
5.768721747003550115e-01,5.921343874705646826e-01
5.883242563408380699e-01,5.903012661215492063e-01
6.059893060141545718e-01,6.270324382680975139e-01
5.957126714526426170e-01,6.147154791870663715e-01
6.084894073923378111e-01,6.117615345708440344e-01
6.059893060141545718e-01,6.270324382680975139e-01
5.957126714526426170e-01,6.147154791870663715e-01
6.084894073923378111e-01,6.117615345708440344e-01
6.306532289488490095e-01,6.565931400453204336e-01
6.183212674815017351e-01,6.418127891567090293e-01
6.326875886415526118e-01,6.375138566949654084e-01
6.306532289488490095e-01,6.565931400453204336e-01
6.183212674815017351e-01,6.418127891567090293e-01
6.326875886415526118e-01,6.375138566949654084e-01
6.602499364336935628e-01,6.920659821317953764e-01
6.454515826912711196e-01,6.743295610885577940e-01
6.617254061046429214e-01,6.684166432036655614e-01
6.602499364336935628e-01,6.920659821317953764e-01
6.454515826912713417e-01,6.743295610885577940e-01
6.617254061046429214e-01,6.684166432036655614e-01
6.957659855521340919e-01,7.346333927967980681e-01
6.780079609929139384e-01,7.133496874642968333e-01
6.965707871945491236e-01,7.054999871545617474e-01
6.957659855521340919e-01,7.346333927967980681e-01
6.780079609929139384e-01,7.133496874642968333e-01
6.965707871945491236e-01,7.054999871545617474e-01
7.383852444753784550e-01,7.857142857142855874e-01
7.383852444753784550e-01,7.857142857142855874e-01
7.170756150137562734e-01,7.601738392555419388e-01
7.383852444753784550e-01,7.500000000000000000e-01
7.383852444753784550e-01,7.857142857142855874e-01
7.383852444753784550e-01,7.500000000000000000e-01
7.383852444753784550e-01,7.857142857142855874e-01
7.383852444753784550e-01,7.857142857142855874e-01
7.170756150137562734e-01,7.601738392555419388e-01
7.383852444753784550e-01,7.500000000000000000e-01
5.419394564041587481e-01,5.731080293466486175e-01
5.331099364554062747e-01,5.593906865930380334e-01
5.331099364554062747e-01,5.593906865930380334e-01
5.375246964297825114e-01,5.662493579698434365e-01
5.378074995347230658e-01,5.552150323830518097e-01
5.479873326213260398e-01,5.689356982156116294e-01
5.331099364554062747e-01,5.593906865930380334e-01
5.378074995347230658e-01,5.552150323830518097e-01
5.419394564041587481e-01,5.731080293466486175e-01
5.331099364554062747e-01,5.593906865930380334e-01
5.331099364554062747e-01,5.593906865930380334e-01
5.375246964297825114e-01,5.662493579698434365e-01
5.378074995347230658e-01,5.552150323830518097e-01
5.479873326213260398e-01,5.689356982156116294e-01
5.525348802950814653e-01,5.895688405759369477e-01
5.472371683496201067e-01,5.813384349612927826e-01
5.604215964023303576e-01,5.857195477055153754e-01
5.525348802950814653e-01,5.895688405759369477e-01
5.472371683496201067e-01,5.813384349612927826e-01
5.604215964023303576e-01,5.857195477055153754e-01
5.652493889465614041e-01,6.093218140223468637e-01
5.588921346208214347e-01,5.994453272991419057e-01
5.753427129188461997e-01,6.058601670641912129e-01
5.652493889465614041e-01,6.093218140223468637e-01
5.588921346208214347e-01,5.994453272991419057e-01
5.753427129188461997e-01,6.058601670641912129e-01
5.805067992282466616e-01,6.330253820009204002e-01
5.728780940874039773e-01,6.211735980116337430e-01
5.932480526212005056e-01,6.300289101345090126e-01
5.805067992282466616e-01,6.330253820009204002e-01
5.728780940874039773e-01,6.211735980116337430e-01
5.932480526212005056e-01,6.300289101345090126e-01
5.988156915566731353e-01,6.614696635583567907e-01
5.896612453924600095e-01,6.472475227796385955e-01
6.147344602527611279e-01,6.590314018018386122e-01
5.988156915566731353e-01,6.614696635583567907e-01
5.896612453924600095e-01,6.472475227796385955e-01
6.147344602527611279e-01,6.590314018018386122e-01
6.207863623234823880e-01,6.956028013825300560e-01
6.098010269400777617e-01,6.785362324704433679e-01
6.405181493785880864e-01,6.938343917571626607e-01
6.207863623234823880e-01,6.956028013825300560e-01
6.098010269400777617e-01,6.785362324704433679e-01
6.405181493785880864e-01,6.938343917571626607e-01
6.471511673450842661e-01,7.365625669263190511e-01
6.339687648342833270e-01,7.160826841544243315e-01
6.714585764486091790e-01,7.355979798615585041e-01
6.471511673450842661e-01,7.365625669263190511e-01
6.339687648342833270e-01,7.160826841544243315e-01
6.714585764486091790e-01,7.355979798615585041e-01
6.787889333565337857e-01,7.857142857142855874e-01
6.629700503508090259e-01,7.611384263203023748e-01
7.085870889159561203e-01,7.857142857142855874e-01
6.787889333565337857e-01,7.857142857142855874e-01
6.629700503508090259e-01,7.611384263203023748e-01
7.085870889159561203e-01,7.857142857142855874e-01
5.286484268850715207e-01,5.793086727934653180e-01
5.228065208952586973e-01,5.659913951793767994e-01
5.228065208952586973e-01,5.659913951793767994e-01
5.257274738901650535e-01,5.726500339864208922e-01
5.280935065882915724e-01,5.629943760248817819e-01
5.352939416446153009e-01,5.762083510700568567e-01
5.228065208952586973e-01,5.659913951793767994e-01
5.280935065882915724e-01,5.629943760248817819e-01
5.286484268850715207e-01,5.793086727934653180e-01
5.228065208952586973e-01,5.659913951793767994e-01
5.228065208952586973e-01,5.659913951793767994e-01
5.257274738901650535e-01,5.726500339864208922e-01
5.280935065882915724e-01,5.629943760248817819e-01
5.352939416446153009e-01,5.762083510700568567e-01
5.356587140413677783e-01,5.952894058573701130e-01
5.321535704632196495e-01,5.872990393254178265e-01
5.440967971682245663e-01,5.924291232166534193e-01
5.356587140413677783e-01,5.952894058573701130e-01
5.321535704632196495e-01,5.872990393254178265e-01
5.440967971682245663e-01,5.924291232166534193e-01
5.440710586172626817e-01,6.144662855059843665e-01
5.398648863293150635e-01,6.048778456816774618e-01
5.546602237819120429e-01,6.118940497641656151e-01
5.440710586172626817e-01,6.144662855059843665e-01
5.398648863293150635e-01,6.048778456816771287e-01
5.546602237819120429e-01,6.118940497641656151e-01
5.541658720421154261e-01,6.374785409315764095e-01
5.491184653296888873e-01,6.259724132187804990e-01
5.673363356351808218e-01,6.352519614662486269e-01
5.541658720421154261e-01,6.374785409315764095e-01
5.491184653296888873e-01,6.259724132187804990e-01
5.673363356351808218e-01,6.352519614662486269e-01
5.662796481455922848e-01,6.650932474256758820e-01
5.602227600938538554e-01,6.512858941786262568e-01
5.825476698511327101e-01,6.632814554920161143e-01
5.662796481455922848e-01,6.650932474256758820e-01
5.602227600938538554e-01,6.512858941786262568e-01
5.825476698511327101e-01,6.632814554920161143e-01
5.808161794517037180e-01,6.982308951748492643e-01
5.735479137986480014e-01,6.816620713002625731e-01
6.008012708875930530e-01,6.969168482786896046e-01
5.808161794517037180e-01,6.982308951748492643e-01
5.735479137986480014e-01,6.816620713002625731e-01
6.008012708875930530e-01,6.969168482786896046e-01
5.982600170861513966e-01,7.379960726237630997e-01
5.895380982689276683e-01,7.181134838993061820e-01
6.227055922156179424e-01,7.372793197750411309e-01
5.982600170861513966e-01,7.379960726237630997e-01
5.895380982689274463e-01,7.181134838993061820e-01
6.227055922156179424e-01,7.372793197750411309e-01
6.191926222376892275e-01,7.857142857142855874e-01
6.087263196619201455e-01,7.618551791690244546e-01
6.489907777971115621e-01,7.857142857142855874e-01
6.191926222376892275e-01,7.857142857142855874e-01
6.087263196619201455e-01,7.618551791690244546e-01
6.489907777971115621e-01,7.857142857142855874e-01
5.145340761903081095e-01,5.831270101746993673e-01
5.116266635271506935e-01,5.700560914573731264e-01
5.116266635271506935e-01,5.700560914573731264e-01
5.130803698587292905e-01,5.765915508160364134e-01
5.172998959386919671e-01,5.683528811237286149e-01
5.215912515376897041e-01,5.812178414840822871e-01
5.116266635271506935e-01,5.700560914573731264e-01
5.172998959386919671e-01,5.683528811237286149e-01
5.145340761903081095e-01,5.831270101746993673e-01
5.116266635271506935e-01,5.700560914573731264e-01
5.116266635271506935e-01,5.700560914573731264e-01
5.130803698587292905e-01,5.765915508160364134e-01
5.172998959386919671e-01,5.683528811237286149e-01
5.215912515376897041e-01,5.812178414840822871e-01
5.180229713704309624e-01,5.988121125637000386e-01
5.162785237803694249e-01,5.909695613691996474e-01
5.268408427058994814e-01,5.970507592105349648e-01
5.180229713704309624e-01,5.988121125637000386e-01
5.162785237803694249e-01,5.909695613691996474e-01
5.268408427058994814e-01,5.970507592105349648e-01
5.222096455807756499e-01,6.176342354027792858e-01
5.201163084756033061e-01,6.082231739832397732e-01
5.331403520990191103e-01,6.160502604543818261e-01
5.222096455807756499e-01,6.176342354027792858e-01
5.201163084756033061e-01,6.082231739832397732e-01
5.331403520990191103e-01,6.160502604543818261e-01
5.272336546002329705e-01,6.402207826595526230e-01
5.247216500905043102e-01,6.289275090311661209e-01
5.406997633211739762e-01,6.388496617955645718e-01
5.272336546002329705e-01,6.402207826595526230e-01
5.247216500905043102e-01,6.289275090311661209e-01
5.406997633211739762e-01,6.388496617955645718e-01
5.332624654204239922e-01,6.673246393511338415e-01
5.302480600103285369e-01,6.537727110053432877e-01
5.497710567830081940e-01,6.662089433884047507e-01
5.332624654204239922e-01,6.673246393511338415e-01
5.302480600103285369e-01,6.537727110053432877e-01
5.497710567830083050e-01,6.662089433884050838e-01
5.404970383956659852e-01,6.998492673378030604e-01
5.368797519080450442e-01,6.835869533444685064e-01
5.606566089236847406e-01,6.990400812563261068e-01
5.404970383956659852e-01,6.998492673378030604e-01
5.368797519080450442e-01,6.835869533444685064e-01
5.606566089236847406e-01,6.990400812563264399e-01
5.491785259993589019e-01,7.388788210685892643e-01
5.448377821975123325e-01,7.193640442031961069e-01
5.737192715427550382e-01,7.384374468461760710e-01
5.491785259993589019e-01,7.388788210685892643e-01
5.448377821975123325e-01,7.193640442031961069e-01
5.737192715427550382e-01,7.384374468461760710e-01
5.595963111188445582e-01,7.857142857142855874e-01
5.543874185591017856e-01,7.622965533914374259e-01
5.893944666782666708e-01,7.857142857142855874e-01
5.595963111188445582e-01,7.857142857142855874e-01
5.543874185591017856e-01,7.622965533914374259e-01
5.893944666782666708e-01,7.857142857142855874e-01
5.058414599900619146e-01,5.710846233337281141e-01
5.072670380951539437e-01,5.837716575504072747e-01
5.058414599900619146e-01,5.710846233337281141e-01
5.058414599900619146e-01,5.710846233337281141e-01
5.072670380951539437e-01,5.837716575504070526e-01
5.090114856852154812e-01,5.994068488077000101e-01
5.090114856852154812e-01,5.994068488077000101e-01
5.111048227903878249e-01,6.181690782887396818e-01
5.111048227903878249e-01,6.181690782887396818e-01
5.136168273001164852e-01,6.406837535162472896e-01
5.136168273001164852e-01,6.406837535162472896e-01
5.166312327102121627e-01,6.677013637726482154e-01
5.166312327102121627e-01,6.677013637726482154e-01
5.202485191978328816e-01,7.001224960371014161e-01
5.202485191978328816e-01,7.001224960371014161e-01
5.245892629996794509e-01,7.390278549005966369e-01
5.245892629996794509e-01,7.390278549005966369e-01
5.297981555594223346e-01,7.857142857142855874e-01
5.297981555594223346e-01,7.857142857142855874e-01
3.212110666434661033e-01,8.428571428571427493e-01
2.616147555246215450e-01,8.428571428571427493e-01
2.616147555246215450e-01,8.428571428571427493e-01
3.212110666434661033e-01,8.142857142857141683e-01
2.914129110840438242e-01,8.428571428571427493e-01
2.616147555246215450e-01,8.142857142857141683e-01
2.616147555246215450e-01,8.428571428571427493e-01
2.616147555246215450e-01,8.142857142857141683e-01
3.212110666434661033e-01,8.428571428571427493e-01
2.616147555246215450e-01,8.428571428571427493e-01
2.616147555246215450e-01,8.428571428571427493e-01
3.212110666434661033e-01,8.142857142857141683e-01
2.914129110840438242e-01,8.428571428571427493e-01
2.616147555246215450e-01,8.142857142857141683e-01
3.212110666434661033e-01,9.000000000000000222e-01
2.616147555246215450e-01,9.000000000000000222e-01
3.212110666434661033e-01,9.000000000000000222e-01
2.616147555246215450e-01,9.000000000000000222e-01
3.212110666434661033e-01,8.714285714285714413e-01
2.914129110840438242e-01,9.000000000000000222e-01
2.616147555246215450e-01,8.714285714285714413e-01
3.212110666434661033e-01,9.000000000000000222e-01
2.616147555246215450e-01,9.000000000000000222e-01
2.914129110840438242e-01,9.000000000000000222e-01
2.616147555246215450e-01,8.714285714285714413e-01
3.212110666434661033e-01,9.000000000000000222e-01
2.616147555246215450e-01,9.000000000000000222e-01
3.212110666434661033e-01,9.000000000000000222e-01
2.616147555246215450e-01,9.000000000000000222e-01
3.212110666434661033e-01,8.714285714285714413e-01
2.914129110840438242e-01,9.000000000000000222e-01
2.616147555246215450e-01,8.714285714285714413e-01
3.808073777623107170e-01,8.428571428571427493e-01
3.808073777623107170e-01,8.142857142857141683e-01
3.510092222028883269e-01,8.428571428571427493e-01
3.808073777623107170e-01,8.428571428571427493e-01
3.808073777623107170e-01,8.142857142857141683e-01
3.510092222028883269e-01,8.428571428571427493e-01
3.808073777623107170e-01,9.000000000000000222e-01
3.808073777623107170e-01,9.000000000000000222e-01
3.808073777623107170e-01,8.714285714285714413e-01
3.510092222028883269e-01,9.000000000000000222e-01
3.808073777623107170e-01,9.000000000000000222e-01
3.510092222028883269e-01,9.000000000000000222e-01
3.808073777623107170e-01,9.000000000000000222e-01
3.808073777623107170e-01,9.000000000000000222e-01
3.808073777623107170e-01,8.714285714285714413e-01
3.510092222028883269e-01,9.000000000000000222e-01
4.404036888811552197e-01,8.428571428571427493e-01
4.404036888811552197e-01,8.142857142857141683e-01
4.106055333217329961e-01,8.428571428571427493e-01
4.404036888811552197e-01,8.428571428571427493e-01
4.404036888811552197e-01,8.142857142857141683e-01
4.106055333217329961e-01,8.428571428571427493e-01
4.404036888811552197e-01,9.000000000000000222e-01
4.404036888811552197e-01,9.000000000000000222e-01
4.404036888811552197e-01,8.714285714285714413e-01
4.106055333217329961e-01,9.000000000000000222e-01
4.404036888811552197e-01,9.000000000000000222e-01
4.106055333217329961e-01,9.000000000000000222e-01
4.404036888811552197e-01,9.000000000000000222e-01
4.404036888811552197e-01,9.000000000000000222e-01
4.404036888811552197e-01,8.714285714285714413e-01
4.106055333217329961e-01,9.000000000000000222e-01
5.000000000000000000e-01,8.428571428571427493e-01
5.000000000000000000e-01,8.142857142857141683e-01
4.702018444405777209e-01,8.428571428571427493e-01
5.000000000000000000e-01,8.428571428571427493e-01
5.000000000000000000e-01,8.142857142857141683e-01
4.702018444405777209e-01,8.428571428571427493e-01
5.000000000000000000e-01,9.000000000000000222e-01
5.000000000000000000e-01,9.000000000000000222e-01
5.000000000000000000e-01,8.714285714285714413e-01
4.702018444405777209e-01,9.000000000000000222e-01
5.000000000000000000e-01,9.000000000000000222e-01
4.702018444405777209e-01,9.000000000000000222e-01
5.000000000000000000e-01,9.000000000000000222e-01
5.000000000000000000e-01,9.000000000000000222e-01
5.000000000000000000e-01,8.714285714285714413e-01
4.702018444405777209e-01,9.000000000000000222e-01
5.595963111188445582e-01,8.428571428571427493e-01
5.595963111188445582e-01,8.142857142857141683e-01
5.297981555594223346e-01,8.428571428571427493e-01
5.595963111188445582e-01,8.428571428571427493e-01
5.595963111188445582e-01,8.142857142857141683e-01
5.297981555594223346e-01,8.428571428571427493e-01
5.595963111188445582e-01,9.000000000000000222e-01
5.595963111188445582e-01,9.000000000000000222e-01
5.595963111188445582e-01,8.714285714285714413e-01
5.297981555594223346e-01,9.000000000000000222e-01
5.595963111188445582e-01,9.000000000000000222e-01
5.297981555594223346e-01,9.000000000000000222e-01
5.595963111188445582e-01,9.000000000000000222e-01
5.595963111188445582e-01,9.000000000000000222e-01
5.595963111188445582e-01,8.714285714285714413e-01
5.297981555594223346e-01,9.000000000000000222e-01
6.191926222376892275e-01,8.428571428571427493e-01
6.191926222376892275e-01,8.142857142857141683e-01
5.893944666782666708e-01,8.428571428571427493e-01
6.191926222376892275e-01,8.428571428571427493e-01
6.191926222376892275e-01,8.142857142857141683e-01
5.893944666782666708e-01,8.428571428571427493e-01
6.191926222376892275e-01,9.000000000000000222e-01
6.191926222376892275e-01,9.000000000000000222e-01
6.191926222376892275e-01,8.714285714285714413e-01
5.893944666782666708e-01,9.000000000000000222e-01
6.191926222376892275e-01,9.000000000000000222e-01
5.893944666782666708e-01,9.000000000000000222e-01
6.191926222376892275e-01,9.000000000000000222e-01
6.191926222376892275e-01,9.000000000000000222e-01
6.191926222376892275e-01,8.714285714285714413e-01
5.893944666782666708e-01,9.000000000000000222e-01
6.787889333565337857e-01,8.428571428571427493e-01
6.787889333565337857e-01,8.142857142857141683e-01
6.489907777971115621e-01,8.428571428571427493e-01
6.787889333565337857e-01,8.428571428571427493e-01
6.787889333565337857e-01,8.142857142857141683e-01
6.489907777971115621e-01,8.428571428571427493e-01
6.787889333565337857e-01,9.000000000000000222e-01
6.787889333565337857e-01,9.000000000000000222e-01
6.787889333565337857e-01,8.714285714285714413e-01
6.489907777971115621e-01,9.000000000000000222e-01
6.787889333565337857e-01,9.000000000000000222e-01
6.489907777971115621e-01,9.000000000000000222e-01
6.787889333565337857e-01,9.000000000000000222e-01
6.787889333565337857e-01,9.000000000000000222e-01
6.787889333565337857e-01,8.714285714285714413e-01
6.489907777971115621e-01,9.000000000000000222e-01
7.383852444753784550e-01,8.428571428571427493e-01
7.383852444753784550e-01,8.428571428571427493e-01
7.383852444753784550e-01,8.142857142857141683e-01
7.085870889159561203e-01,8.428571428571427493e-01
7.383852444753784550e-01,8.428571428571427493e-01
7.383852444753784550e-01,8.142857142857141683e-01
7.383852444753784550e-01,8.428571428571427493e-01
7.383852444753784550e-01,8.428571428571427493e-01
7.383852444753784550e-01,8.142857142857141683e-01
7.085870889159561203e-01,8.428571428571427493e-01
7.383852444753784550e-01,9.000000000000000222e-01
7.383852444753784550e-01,9.000000000000000222e-01
7.383852444753784550e-01,8.714285714285714413e-01
7.085870889159561203e-01,9.000000000000000222e-01
7.383852444753784550e-01,9.000000000000000222e-01
7.383852444753784550e-01,8.714285714285714413e-01
7.085870889159561203e-01,9.000000000000000222e-01
7.383852444753784550e-01,9.000000000000000222e-01
7.383852444753784550e-01,9.000000000000000222e-01
7.383852444753784550e-01,8.714285714285714413e-01
7.085870889159561203e-01,9.000000000000000222e-01
